ISO-10303-21;
HEADER;
FILE_DESCRIPTION (( 'STEP AP214' ),
    '1' );
FILE_NAME ('ebb36-strain-relief-cover.STEP',
    '2026-08-10T04:46:07',
    ( '' ),
    ( '' ),
    'SwSTEP 2.0',
    'SolidWorks 2018',
    '' );
FILE_SCHEMA (( 'AUTOMOTIVE_DESIGN' ));
ENDSEC;

DATA;
#1 = CARTESIAN_POINT ( 'NONE',  ( 0.5000000000000000000, 26.95128041827299015, -2.399999999999983036 ) ) ;
#2 = ADVANCED_FACE ( 'NONE', ( #4587 ), #3346, .F. ) ;
#3 = EDGE_CURVE ( 'NONE', #4255, #2252, #1431, .T. ) ;
#4 = VECTOR ( 'NONE', #7063, 1000.000000000000000 ) ;
#5 = AXIS2_PLACEMENT_3D ( 'NONE', #603, #1192, #125 ) ;
#6 = CARTESIAN_POINT ( 'NONE',  ( 4.608111174242981889, 40.16348612848383226, -1.848263540004800420 ) ) ;
#7 = ORIENTED_EDGE ( 'NONE', *, *, #2459, .T. ) ;
#8 = DIRECTION ( 'NONE',  ( 0.000000000000000000, -1.000000000000000000, 0.000000000000000000 ) ) ;
#9 = CARTESIAN_POINT ( 'NONE',  ( 4.109579494053025250, 39.75124840526977010, -2.205314172905060932 ) ) ;
#10 = ORIENTED_EDGE ( 'NONE', *, *, #4618, .T. ) ;
#11 = EDGE_CURVE ( 'NONE', #765, #3708, #122, .T. ) ;
#12 = AXIS2_PLACEMENT_3D ( 'NONE', #2452, #1274, #2401 ) ;
#13 = CARTESIAN_POINT ( 'NONE',  ( -0.5000000000000000000, 23.95128041827299015, -2.399999999999983036 ) ) ;
#14 = CIRCLE ( 'NONE', #4549, 1.500000000000000000 ) ;
#15 = PLANE ( 'NONE',  #228 ) ;
#16 = DIRECTION ( 'NONE',  ( 0.000000000000000000, 0.000000000000000000, 1.000000000000000000 ) ) ;
#17 = DIRECTION ( 'NONE',  ( 0.000000000000000000, 0.000000000000000000, 1.000000000000000000 ) ) ;
#18 = ORIENTED_EDGE ( 'NONE', *, *, #7067, .F. ) ;
#19 = LINE ( 'NONE', #2921, #3607 ) ;
#20 = ORIENTED_EDGE ( 'NONE', *, *, #1644, .F. ) ;
#21 = AXIS2_PLACEMENT_3D ( 'NONE', #5903, #7082, #358 ) ;
#23 = EDGE_CURVE ( 'NONE', #3810, #1764, #2131, .T. ) ;
#22 = DIRECTION ( 'NONE',  ( 1.000000000000000000, 0.000000000000000000, 0.000000000000000000 ) ) ;
#24 = CIRCLE ( 'NONE', #6847, 3.749999999999989342 ) ;
#25 = CARTESIAN_POINT ( 'NONE',  ( 5.554459406813272437, 39.77122900608632250, -0.9455196855166986269 ) ) ;
#26 = AXIS2_PLACEMENT_3D ( 'NONE', #7100, #7177, #2629 ) ;
#27 = FACE_OUTER_BOUND ( 'NONE', #3254, .T. ) ;
#28 = EDGE_CURVE ( 'NONE', #2475, #6432, #5120, .T. ) ;
#29 = ORIENTED_EDGE ( 'NONE', *, *, #5216, .F. ) ;
#30 = ADVANCED_FACE ( 'NONE', ( #395 ), #6589, .F. ) ;
#31 = ORIENTED_EDGE ( 'NONE', *, *, #508, .T. ) ;
#32 = DIRECTION ( 'NONE',  ( -1.000000000000000000, 0.000000000000000000, 0.000000000000000000 ) ) ;
#33 = DIRECTION ( 'NONE',  ( 0.000000000000000000, 0.000000000000000000, -1.000000000000000000 ) ) ;
#34 = FACE_OUTER_BOUND ( 'NONE', #6116, .T. ) ;
#35 = EDGE_LOOP ( 'NONE', ( #5107, #3247, #7133, #566 ) ) ;
#36 = ORIENTED_EDGE ( 'NONE', *, *, #1770, .F. ) ;
#37 = DIRECTION ( 'NONE',  ( 0.000000000000000000, 0.000000000000000000, -1.000000000000000000 ) ) ;
#38 = VERTEX_POINT ( 'NONE', #1178 ) ;
#39 = ORIENTED_EDGE ( 'NONE', *, *, #5086, .T. ) ;
#40 = AXIS2_PLACEMENT_3D ( 'NONE', #3897, #6665, #3919 ) ;
#41 = DIRECTION ( 'NONE',  ( 0.000000000000000000, 0.000000000000000000, 1.000000000000000000 ) ) ;
#42 = ORIENTED_EDGE ( 'NONE', *, *, #6215, .T. ) ;
#43 = ORIENTED_EDGE ( 'NONE', *, *, #6242, .T. ) ;
#44 = ORIENTED_EDGE ( 'NONE', *, *, #5949, .T. ) ;
#45 = CARTESIAN_POINT ( 'NONE',  ( 5.118521460733600925, 39.78487547416342807, -1.429334638332200980 ) ) ;
#46 = CARTESIAN_POINT ( 'NONE',  ( -1.807106781186547551, 42.25128029631820681, 3.257106781186548172 ) ) ;
#47 = EDGE_CURVE ( 'NONE', #2413, #904, #6144, .T. ) ;
#48 = ADVANCED_FACE ( 'NONE', ( #3440 ), #4767, .F. ) ;
#49 = AXIS2_PLACEMENT_3D ( 'NONE', #6629, #6064, #1544 ) ;
#50 = ORIENTED_EDGE ( 'NONE', *, *, #5516, .T. ) ;
#51 = ORIENTED_EDGE ( 'NONE', *, *, #5122, .T. ) ;
#52 = CARTESIAN_POINT ( 'NONE',  ( -3.378679656440342072, 41.75128029631820681, -1.500000000000000000 ) ) ;
#53 = ORIENTED_EDGE ( 'NONE', *, *, #4250, .F. ) ;
#54 = DIRECTION ( 'NONE',  ( -1.000000000000000000, 0.000000000000000000, 0.000000000000000000 ) ) ;
#55 = CARTESIAN_POINT ( 'NONE',  ( 7.000000000000002665, 28.75128029631820681, -0.1315914118774413055 ) ) ;
#56 = VERTEX_POINT ( 'NONE', #5472 ) ;
#57 = CARTESIAN_POINT ( 'NONE',  ( -4.620218033846062333, 30.25128029631820326, -1.839592552672425718 ) ) ;
#58 = CARTESIAN_POINT ( 'NONE',  ( -2.599999999999992095, 35.25128029631821391, -3.000000000000000000 ) ) ;
#59 = EDGE_CURVE ( 'NONE', #4868, #6752, #1598, .T. ) ;
#60 = ORIENTED_EDGE ( 'NONE', *, *, #4840, .T. ) ;
#61 = AXIS2_PLACEMENT_3D ( 'NONE', #6572, #992, #6008 ) ;
#62 = CARTESIAN_POINT ( 'NONE',  ( 25.11750068664548863, 5.391643985941803052, -3.000000000000000000 ) ) ;
#63 = CIRCLE ( 'NONE', #5341, 2.999999999999999112 ) ;
#64 = ORIENTED_EDGE ( 'NONE', *, *, #6983, .F. ) ;
#65 = ORIENTED_EDGE ( 'NONE', *, *, #280, .F. ) ;
#66 = DIRECTION ( 'NONE',  ( 0.7071067811865470176, 0.000000000000000000, -0.7071067811865480168 ) ) ;
#67 = ORIENTED_EDGE ( 'NONE', *, *, #3941, .F. ) ;
#68 = VERTEX_POINT ( 'NONE', #5495 ) ;
#69 = SURFACE_STYLE_FILL_AREA ( #1440 ) ;
#70 = ADVANCED_FACE ( 'NONE', ( #6424 ), #1842, .T. ) ;
#71 = FACE_OUTER_BOUND ( 'NONE', #6768, .T. ) ;
#72 = ORIENTED_EDGE ( 'NONE', *, *, #4164, .F. ) ;
#73 = CARTESIAN_POINT ( 'NONE',  ( 5.721467857306461902, 40.25128029631819970, -1.278532142693509677 ) ) ;
#74 = CARTESIAN_POINT ( 'NONE',  ( -25.71750068664550781, -12.71147595840164435, -2.399999999999989697 ) ) ;
#75 = VECTOR ( 'NONE', #4080, 1000.000000000000114 ) ;
#76 = CARTESIAN_POINT ( 'NONE',  ( 0.001479088665831894108, -18.88868673148682120, -3.000000000000000000 ) ) ;
#77 = EDGE_CURVE ( 'NONE', #4880, #1925, #4674, .T. ) ;
#78 = CARTESIAN_POINT ( 'NONE',  ( -5.400000000000009237, -4.691166140300482290, 0.000000000000000000 ) ) ;
#79 = LINE ( 'NONE', #2524, #610 ) ;
#80 = CARTESIAN_POINT ( 'NONE',  ( 3.000000000000000888, 25.20863973115370982, 0.7911935534078327059 ) ) ;
#81 = DIRECTION ( 'NONE',  ( -1.000000000000000000, 0.000000000000000000, 0.000000000000000000 ) ) ;
#82 = VECTOR ( 'NONE', #4346, 1000.000000000000000 ) ;
#83 = VERTEX_POINT ( 'NONE', #4025 ) ;
#84 = DIRECTION ( 'NONE',  ( 0.000000000000000000, 0.000000000000000000, 1.000000000000000000 ) ) ;
#85 = VECTOR ( 'NONE', #396, 1000.000000000000000 ) ;
#86 = VERTEX_POINT ( 'NONE', #6803 ) ;
#87 = EDGE_CURVE ( 'NONE', #1824, #1443, #5965, .T. ) ;
#88 = LINE ( 'NONE', #917, #3135 ) ;
#89 = AXIS2_PLACEMENT_3D ( 'NONE', #6799, #1202, #37 ) ;
#90 = DIRECTION ( 'NONE',  ( 1.000000000000000000, 0.000000000000000000, 0.000000000000000000 ) ) ;
#91 = DIRECTION ( 'NONE',  ( 0.000000000000000000, 1.000000000000000000, 0.000000000000000000 ) ) ;
#92 = CARTESIAN_POINT ( 'NONE',  ( -5.500000000000007105, 1.022247762629191163E-15, 4.999999999999999112 ) ) ;
#93 = ORIENTED_EDGE ( 'NONE', *, *, #3862, .T. ) ;
#94 = CARTESIAN_POINT ( 'NONE',  ( 7.000000000000002665, 30.25128029631820326, -22.79898987322333781 ) ) ;
#95 = LINE ( 'NONE', #3419, #7002 ) ;
#96 = VERTEX_POINT ( 'NONE', #4614 ) ;
#97 = EDGE_CURVE ( 'NONE', #1764, #1076, #7025, .T. ) ;
#98 = AXIS2_PLACEMENT_3D ( 'NONE', #6758, #4493, #1121 ) ;
#99 = FACE_OUTER_BOUND ( 'NONE', #6127, .T. ) ;
#100 = ADVANCED_FACE ( 'NONE', ( #3165 ), #5210, .T. ) ;
#101 = CARTESIAN_POINT ( 'NONE',  ( 2.995413396210627965, 23.87517330176375197, 1.213305949543588724 ) ) ;
#102 = CARTESIAN_POINT ( 'NONE',  ( -9.000000000000001776, -4.691166140300482290, -2.400000000000003908 ) ) ;
#103 = CARTESIAN_POINT ( 'NONE',  ( -1.131370849898428954, 22.24051552248577934, 0.000000000000000000 ) ) ;
#104 = CARTESIAN_POINT ( 'NONE',  ( -4.336808689942017736E-16, 23.45128041827299015, 0.8452906471850267778 ) ) ;
#105 = FACE_OUTER_BOUND ( 'NONE', #7246, .T. ) ;
#106 = CARTESIAN_POINT ( 'NONE',  ( 4.100000000000017408, 13.20128041827298659, -3.000000000000000000 ) ) ;
#107 = CARTESIAN_POINT ( 'NONE',  ( 3.000000000000000000, 20.95128041827298659, -2.168404344971008868E-16 ) ) ;
#108 = VECTOR ( 'NONE', #637, 1000.000000000000000 ) ;
#109 = CARTESIAN_POINT ( 'NONE',  ( -6.000000000000000888, 9.280717547841103254, -3.000000000000000000 ) ) ;
#110 = AXIS2_PLACEMENT_3D ( 'NONE', #704, #3506, #4607 ) ;
#111 =( BOUNDED_CURVE ( )  B_SPLINE_CURVE ( 3, ( #3589, #5800, #2960, #1357 ),
 .UNSPECIFIED., .F., .F. ) 
 B_SPLINE_CURVE_WITH_KNOTS ( ( 4, 4 ),
 ( 4.642037334968171614, 4.712388980384687898 ),
 .UNSPECIFIED. ) 
 CURVE ( )  GEOMETRIC_REPRESENTATION_ITEM ( )  RATIONAL_B_SPLINE_CURVE ( ( 1.000000000000000000, 0.9995875963584719415, 0.9995875963584719415, 1.000000000000000000 ) ) 
 REPRESENTATION_ITEM ( '' )  );
#112 = VERTEX_POINT ( 'NONE', #2407 ) ;
#113 = EDGE_CURVE ( 'NONE', #698, #7080, #4059, .T. ) ;
#114 = EDGE_CURVE ( 'NONE', #6880, #5131, #4246, .T. ) ;
#115 = EDGE_LOOP ( 'NONE', ( #2935, #5124, #5261, #3638 ) ) ;
#116 = DIRECTION ( 'NONE',  ( 1.000000000000000000, 0.000000000000000000, 0.000000000000000000 ) ) ;
#117 = LINE ( 'NONE', #3565, #306 ) ;
#118 = CARTESIAN_POINT ( 'NONE',  ( 5.500000000000000000, 42.25128029631820681, 0.6213203435596476032 ) ) ;
#119 = DIRECTION ( 'NONE',  ( 1.000000000000000000, -1.858632295689435363E-16, 0.000000000000000000 ) ) ;
#120 = CIRCLE ( 'NONE', #4797, 9.999999999999998224 ) ;
#121 = ORIENTED_EDGE ( 'NONE', *, *, #6422, .F. ) ;
#122 = CIRCLE ( 'NONE', #1573, 0.5000000000000000000 ) ;
#123 = EDGE_CURVE ( 'NONE', #1922, #56, #5380, .T. ) ;
#124 = FACE_OUTER_BOUND ( 'NONE', #2079, .T. ) ;
#125 = DIRECTION ( 'NONE',  ( -1.000000000000000000, 0.000000000000000000, 0.000000000000000000 ) ) ;
#126 = VERTEX_POINT ( 'NONE', #1761 ) ;
#127 = CARTESIAN_POINT ( 'NONE',  ( -14.30049912664548728, -4.691166140300482290, -3.000000000000000000 ) ) ;
#128 = VERTEX_POINT ( 'NONE', #3309 ) ;
#129 = LINE ( 'NONE', #1302, #4501 ) ;
#130 = CARTESIAN_POINT ( 'NONE',  ( 0.000000000000000000, 30.25128029631820326, 1.670150133734640052 ) ) ;
#131 = ORIENTED_EDGE ( 'NONE', *, *, #4490, .T. ) ;
#132 = AXIS2_PLACEMENT_3D ( 'NONE', #7192, #7119, #3785 ) ;
#133 = ORIENTED_EDGE ( 'NONE', *, *, #3047, .F. ) ;
#134 = DIRECTION ( 'NONE',  ( -1.000000000000000000, 0.000000000000000000, 0.000000000000000000 ) ) ;
#135 = EDGE_LOOP ( 'NONE', ( #4448, #4159, #5406, #5725 ) ) ;
#136 = DIRECTION ( 'NONE',  ( 0.5822706741880129266, 0.000000000000000000, -0.8129949950526367264 ) ) ;
#137 = DIRECTION ( 'NONE',  ( 0.000000000000000000, 1.000000000000000000, 0.000000000000000000 ) ) ;
#138 = ADVANCED_FACE ( 'NONE', ( #3893 ), #6289, .T. ) ;
#139 = EDGE_LOOP ( 'NONE', ( #2334, #359, #5755, #192 ) ) ;
#140 = DIRECTION ( 'NONE',  ( -4.001029970875857235E-16, -1.000000000000000000, 0.000000000000000000 ) ) ;
#141 = CARTESIAN_POINT ( 'NONE',  ( 4.747590588916565046, 30.25251712457007258, 6.500000000000000000 ) ) ;
#142 = CARTESIAN_POINT ( 'NONE',  ( -5.400000000000009237, 9.280717547841103254, 0.000000000000000000 ) ) ;
#143 = ORIENTED_EDGE ( 'NONE', *, *, #794, .T. ) ;
#144 = CARTESIAN_POINT ( 'NONE',  ( -3.631946009244122475, 28.75128029631820681, 6.000000000000000000 ) ) ;
#145 = EDGE_CURVE ( 'NONE', #5995, #460, #3570, .T. ) ;
#146 = AXIS2_PLACEMENT_3D ( 'NONE', #3509, #4101, #5207 ) ;
#147 = LINE ( 'NONE', #3428, #3655 ) ;
#148 = ORIENTED_EDGE ( 'NONE', *, *, #722, .F. ) ;
#149 = ORIENTED_EDGE ( 'NONE', *, *, #3101, .T. ) ;
#150 = EDGE_LOOP ( 'NONE', ( #1181, #1903, #2363, #3805 ) ) ;
#151 = DIRECTION ( 'NONE',  ( 0.000000000000000000, 0.000000000000000000, -1.000000000000000000 ) ) ;
#152 = CARTESIAN_POINT ( 'NONE',  ( -25.71750068664550781, 5.391643985941802164, -0.6000000000000033085 ) ) ;
#153 = DIRECTION ( 'NONE',  ( -0.000000000000000000, 1.000000000000000000, 0.000000000000000000 ) ) ;
#154 = DIRECTION ( 'NONE',  ( 0.000000000000000000, 0.000000000000000000, 1.000000000000000000 ) ) ;
#155 = DIRECTION ( 'NONE',  ( -0.000000000000000000, 1.000000000000000000, 0.000000000000000000 ) ) ;
#156 = CIRCLE ( 'NONE', #1078, 1.000000000000000000 ) ;
#157 = VERTEX_POINT ( 'NONE', #6265 ) ;
#158 = DIRECTION ( 'NONE',  ( -1.000000000000000000, 0.000000000000000000, 0.000000000000000000 ) ) ;
#159 = AXIS2_PLACEMENT_3D ( 'NONE', #4543, #1115, #2870 ) ;
#160 = EDGE_CURVE ( 'NONE', #5485, #2579, #147, .T. ) ;
#161 = VERTEX_POINT ( 'NONE', #2988 ) ;
#162 = DIRECTION ( 'NONE',  ( -1.000000000000000000, 0.000000000000000000, 0.000000000000000000 ) ) ;
#163 = CARTESIAN_POINT ( 'NONE',  ( 2.931980055915179850, 28.25128029631820681, 5.722912504225715402 ) ) ;
#164 = VECTOR ( 'NONE', #1804, 1000.000000000000000 ) ;
#165 = DIRECTION ( 'NONE',  ( 0.000000000000000000, 0.000000000000000000, 1.000000000000000000 ) ) ;
#166 = FACE_OUTER_BOUND ( 'NONE', #4771, .T. ) ;
#167 = DIRECTION ( 'NONE',  ( 0.000000000000000000, 0.000000000000000000, 1.000000000000000000 ) ) ;
#168 = EDGE_CURVE ( 'NONE', #7041, #4372, #6972, .T. ) ;
#169 = LINE ( 'NONE', #3917, #5665 ) ;
#170 = DIRECTION ( 'NONE',  ( 4.001029970875857235E-16, 1.000000000000000000, 0.000000000000000000 ) ) ;
#171 = CYLINDRICAL_SURFACE ( 'NONE', #5243, 9.999999999999998224 ) ;
#172 = DIRECTION ( 'NONE',  ( -0.7071067811865473507, -4.389654110804635605E-17, -0.7071067811865476838 ) ) ;
#173 = FACE_OUTER_BOUND ( 'NONE', #2621, .T. ) ;
#174 = ORIENTED_EDGE ( 'NONE', *, *, #2894, .F. ) ;
#175 = DIRECTION ( 'NONE',  ( 0.7229125042257158462, 0.000000000000000000, -0.6909395858062442608 ) ) ;
#176 = CARTESIAN_POINT ( 'NONE',  ( 6.500000000000000888, 42.25128029631820681, 5.000000000000000000 ) ) ;
#177 = ADVANCED_FACE ( 'NONE', ( #5324 ), #3566, .F. ) ;
#178 = CARTESIAN_POINT ( 'NONE',  ( 0.3887049631811795858, 26.45128041826986376, 0.8452906471854957360 ) ) ;
#179 = CIRCLE ( 'NONE', #252, 10.60000000000000853 ) ;
#180 = CARTESIAN_POINT ( 'NONE',  ( -5.400000000000005684, 5.391643985941802164, -3.000000000000000000 ) ) ;
#181 = VERTEX_POINT ( 'NONE', #6875 ) ;
#183 = AXIS2_PLACEMENT_3D ( 'NONE', #1095, #6055, #3239 ) ;
#182 = CARTESIAN_POINT ( 'NONE',  ( 3.000000000000000444, 13.20128041827298659, -1.661437827766145015 ) ) ;
#184 = FACE_OUTER_BOUND ( 'NONE', #6662, .T. ) ;
#185 = ORIENTED_EDGE ( 'NONE', *, *, #6102, .F. ) ;
#186 = DIRECTION ( 'NONE',  ( -1.000000000000000000, -0.000000000000000000, 0.000000000000000000 ) ) ;
#187 = VECTOR ( 'NONE', #1195, 1000.000000000000000 ) ;
#188 = ADVANCED_FACE ( 'NONE', ( #2242 ), #3286, .T. ) ;
#189 = CARTESIAN_POINT ( 'NONE',  ( -11.53949928283222981, -15.11147595840165536, 0.000000000000000000 ) ) ;
#190 = DIRECTION ( 'NONE',  ( 0.7071067811865431318, 8.659560562354878624E-17, -0.7071067811865520136 ) ) ;
#191 = CARTESIAN_POINT ( 'NONE',  ( 4.470871137383122473, 39.75698714837967884, -1.946555472026846978 ) ) ;
#192 = ORIENTED_EDGE ( 'NONE', *, *, #145, .T. ) ;
#193 = EDGE_CURVE ( 'NONE', #4249, #7135, #5192, .T. ) ;
#194 = VECTOR ( 'NONE', #3273, 1000.000000000000114 ) ;
#195 = VERTEX_POINT ( 'NONE', #2506 ) ;
#196 = DIRECTION ( 'NONE',  ( 1.000000000000000000, 0.000000000000000000, 0.000000000000000000 ) ) ;
#197 = DIRECTION ( 'NONE',  ( 0.000000000000000000, 0.000000000000000000, -1.000000000000000000 ) ) ;
#198 = EDGE_LOOP ( 'NONE', ( #5060, #3730, #3901, #3151 ) ) ;
#199 = ORIENTED_EDGE ( 'NONE', *, *, #6595, .F. ) ;
#200 = FACE_OUTER_BOUND ( 'NONE', #3363, .T. ) ;
#201 = EDGE_CURVE ( 'NONE', #1681, #6582, #1898, .T. ) ;
#202 = EDGE_CURVE ( 'NONE', #3060, #7221, #5648, .T. ) ;
#203 = AXIS2_PLACEMENT_3D ( 'NONE', #820, #1341, #1367 ) ;
#204 = CARTESIAN_POINT ( 'NONE',  ( 0.000000000000000000, 28.75128029631820681, 6.000000000000000000 ) ) ;
#205 = CARTESIAN_POINT ( 'NONE',  ( 0.000000000000000000, 35.25128029631821391, 1.950000000000000400 ) ) ;
#206 = CARTESIAN_POINT ( 'NONE',  ( 2.199083811041986802, 25.17663924281622201, 1.027382243678850449 ) ) ;
#207 = DIRECTION ( 'NONE',  ( -1.000000000000000000, -6.207908377626726342E-17, 0.000000000000000000 ) ) ;
#208 = CARTESIAN_POINT ( 'NONE',  ( -11.12132034355964016, 11.40203789140074875, -2.400000000000003908 ) ) ;
#209 = CIRCLE ( 'NONE', #6704, 1.474258476847184030 ) ;
#210 = ORIENTED_EDGE ( 'NONE', *, *, #2135, .F. ) ;
#211 = ORIENTED_EDGE ( 'NONE', *, *, #638, .F. ) ;
#212 = DIRECTION ( 'NONE',  ( 1.000000000000000000, -0.000000000000000000, -0.000000000000000000 ) ) ;
#213 = AXIS2_PLACEMENT_3D ( 'NONE', #3859, #7240, #6068 ) ;
#214 = VECTOR ( 'NONE', #1301, 1000.000000000000000 ) ;
#215 = ORIENTED_EDGE ( 'NONE', *, *, #5336, .T. ) ;
#217 = EDGE_CURVE ( 'NONE', #2298, #5310, #4438, .T. ) ;
#216 = DIRECTION ( 'NONE',  ( 0.000000000000000000, 0.000000000000000000, 1.000000000000000000 ) ) ;
#218 = ORIENTED_EDGE ( 'NONE', *, *, #2367, .F. ) ;
#219 = ADVANCED_FACE ( 'NONE', ( #429 ), #7149, .F. ) ;
#220 = EDGE_LOOP ( 'NONE', ( #2329, #3351, #7045, #3157 ) ) ;
#221 = VECTOR ( 'NONE', #2449, 1000.000000000000000 ) ;
#222 = DIRECTION ( 'NONE',  ( -0.000000000000000000, 0.000000000000000000, -1.000000000000000000 ) ) ;
#223 = CARTESIAN_POINT ( 'NONE',  ( 14.30049912664548728, -4.691166140300482290, 0.000000000000000000 ) ) ;
#224 = ORIENTED_EDGE ( 'NONE', *, *, #4760, .F. ) ;
#225 = DIRECTION ( 'NONE',  ( -1.000000000000000000, 0.000000000000000000, 0.000000000000000000 ) ) ;
#226 = ADVANCED_FACE ( 'NONE', ( #2933 ), #6394, .F. ) ;
#227 = ORIENTED_EDGE ( 'NONE', *, *, #3637, .T. ) ;
#228 = AXIS2_PLACEMENT_3D ( 'NONE', #3928, #1702, #1752 ) ;
#229 = DIRECTION ( 'NONE',  ( 1.000000000000000000, 0.000000000000000000, -0.000000000000000000 ) ) ;
#230 = CARTESIAN_POINT ( 'NONE',  ( 9.000000000000001776, -7.691166140300482290, -3.000000000000000000 ) ) ;
#231 = DIRECTION ( 'NONE',  ( -1.000000000000000000, 0.000000000000000000, 0.000000000000000000 ) ) ;
#232 = DIRECTION ( 'NONE',  ( -0.5842645500517749113, 0.000000000000000000, -0.8115632665127205936 ) ) ;
#233 = EDGE_LOOP ( 'NONE', ( #93, #509, #3626, #1549 ) ) ;
#234 = CARTESIAN_POINT ( 'NONE',  ( 22.78856849851096911, 12.46271179780728566, -3.000000000000000000 ) ) ;
#235 = CARTESIAN_POINT ( 'NONE',  ( -1.600000000000000311, 29.25128029631821036, 1.950000000000000844 ) ) ;
#236 = ORIENTED_EDGE ( 'NONE', *, *, #87, .F. ) ;
#237 = LINE ( 'NONE', #558, #4876 ) ;
#238 = ORIENTED_EDGE ( 'NONE', *, *, #6849, .T. ) ;
#239 = EDGE_CURVE ( 'NONE', #6815, #6789, #3834, .T. ) ;
#240 = AXIS2_PLACEMENT_3D ( 'NONE', #3246, #5486, #3807 ) ;
#241 = ORIENTED_EDGE ( 'NONE', *, *, #3721, .T. ) ;
#242 = CARTESIAN_POINT ( 'NONE',  ( -15.71750068664550604, 5.391643985941802164, -2.399999999999989697 ) ) ;
#243 = ORIENTED_EDGE ( 'NONE', *, *, #3984, .F. ) ;
#244 = CARTESIAN_POINT ( 'NONE',  ( -7.000000000000002665, 30.25128029631820326, -0.6000000000000033085 ) ) ;
#245 = VECTOR ( 'NONE', #928, 1000.000000000000000 ) ;
#246 = ORIENTED_EDGE ( 'NONE', *, *, #2603, .F. ) ;
#247 = ORIENTED_EDGE ( 'NONE', *, *, #5852, .T. ) ;
#248 = EDGE_CURVE ( 'NONE', #4856, #4426, #63, .T. ) ;
#249 = ORIENTED_EDGE ( 'NONE', *, *, #4281, .F. ) ;
#250 = ORIENTED_EDGE ( 'NONE', *, *, #6485, .T. ) ;
#251 = VECTOR ( 'NONE', #5435, 1000.000000000000000 ) ;
#252 = AXIS2_PLACEMENT_3D ( 'NONE', #6546, #3141, #7058 ) ;
#253 = PLANE ( 'NONE',  #203 ) ;
#254 = LINE ( 'NONE', #6202, #6711 ) ;
#255 = ORIENTED_EDGE ( 'NONE', *, *, #5493, .T. ) ;
#256 = LINE ( 'NONE', #2353, #6013 ) ;
#257 = CARTESIAN_POINT ( 'NONE',  ( 22.71750068664549005, -15.71147595840165501, -0.6000000000000033085 ) ) ;
#258 = DIRECTION ( 'NONE',  ( -1.000000000000000000, -2.891205793294678622E-15, 0.000000000000000000 ) ) ;
#259 = ADVANCED_FACE ( 'NONE', ( #1187 ), #6533, .T. ) ;
#260 = DIRECTION ( 'NONE',  ( -1.000000000000000000, 0.000000000000000000, 0.000000000000000000 ) ) ;
#261 = DIRECTION ( 'NONE',  ( -0.000000000000000000, -0.000000000000000000, -1.000000000000000000 ) ) ;
#262 = DIRECTION ( 'NONE',  ( -0.7071067811865434649, 0.000000000000000000, 0.7071067811865515695 ) ) ;
#263 = LINE ( 'NONE', #1325, #6275 ) ;
#264 = DIRECTION ( 'NONE',  ( 0.5842645500517741342, -0.000000000000000000, -0.8115632665127210377 ) ) ;
#265 = CARTESIAN_POINT ( 'NONE',  ( 3.000000000000000000, 14.71521244077319501, -2.000000000000000000 ) ) ;
#266 = TOROIDAL_SURFACE ( 'NONE', #4272, 5.000000000000000888, 0.5000000000000000000 ) ;
#267 = ORIENTED_EDGE ( 'NONE', *, *, #7230, .F. ) ;
#268 = AXIS2_PLACEMENT_3D ( 'NONE', #1180, #1711, #3430 ) ;
#269 = CARTESIAN_POINT ( 'NONE',  ( -3.378679656440349177, 5.391643985941805717, -3.000000000000000000 ) ) ;
#270 = EDGE_CURVE ( 'NONE', #862, #5236, #320, .T. ) ;
#271 = EDGE_CURVE ( 'NONE', #4858, #5236, #2072, .T. ) ;
#272 = B_SPLINE_CURVE_WITH_KNOTS ( 'NONE', 3,
 ( #321, #975, #3661, #6488 ),
 .UNSPECIFIED., .F., .F.,
 ( 4, 4 ),
 ( 1.174498706426505833E-19, 0.0002621520200056578630 ),
 .UNSPECIFIED. ) ;
#273 = CIRCLE ( 'NONE', #5962, 9.999999999999998224 ) ;
#274 = ADVANCED_FACE ( 'NONE', ( #3198 ), #1617, .T. ) ;
#275 = DIRECTION ( 'NONE',  ( 0.000000000000000000, 0.000000000000000000, 1.000000000000000000 ) ) ;
#276 = CARTESIAN_POINT ( 'NONE',  ( -4.100000000000016520, 23.95128041827299015, -3.000000000000000000 ) ) ;
#277 = ORIENTED_EDGE ( 'NONE', *, *, #2587, .T. ) ;
#278 = CARTESIAN_POINT ( 'NONE',  ( 15.71750068664550604, 5.391643985941802164, -3.000000000000000000 ) ) ;
#279 = DIRECTION ( 'NONE',  ( 1.000000000000000000, 1.858632295689435856E-16, -0.000000000000000000 ) ) ;
#280 = EDGE_CURVE ( 'NONE', #6815, #3370, #6176, .T. ) ;
#281 = VECTOR ( 'NONE', #2390, 1000.000000000000000 ) ;
#282 = ORIENTED_EDGE ( 'NONE', *, *, #3579, .F. ) ;
#283 = CYLINDRICAL_SURFACE ( 'NONE', #6225, 1.499999999999999556 ) ;
#284 = CARTESIAN_POINT ( 'NONE',  ( 2.000000000000000000, 30.25128029631820326, 1.818884925064438551 ) ) ;
#285 = EDGE_LOOP ( 'NONE', ( #1696, #7065, #2824, #1591 ) ) ;
#286 = DIRECTION ( 'NONE',  ( -1.000000000000000000, 0.000000000000000000, 0.000000000000000000 ) ) ;
#287 = ORIENTED_EDGE ( 'NONE', *, *, #2194, .F. ) ;
#288 = CARTESIAN_POINT ( 'NONE',  ( -10.45977694124987245, -15.36032446427471498, -3.000000000000000000 ) ) ;
#289 = DIRECTION ( 'NONE',  ( -0.8115632665127211487, 0.000000000000000000, 0.5842645500517742452 ) ) ;
#290 = FACE_OUTER_BOUND ( 'NONE', #1113, .T. ) ;
#291 = DIRECTION ( 'NONE',  ( 1.000000000000000000, 0.000000000000000000, 0.000000000000000000 ) ) ;
#292 = ORIENTED_EDGE ( 'NONE', *, *, #6909, .T. ) ;
#293 = CIRCLE ( 'NONE', #4820, 0.4999999999999998335 ) ;
#294 = CARTESIAN_POINT ( 'NONE',  ( 7.000000000000002665, 28.25128029631820681, 6.000000000000001776 ) ) ;
#295 = CIRCLE ( 'NONE', #2500, 17.39969003592084817 ) ;
#296 = DIRECTION ( 'NONE',  ( 6.207908377626726342E-17, -1.000000000000000000, 0.000000000000000000 ) ) ;
#297 = ORIENTED_EDGE ( 'NONE', *, *, #7036, .F. ) ;
#298 = ADVANCED_FACE ( 'NONE', ( #1979 ), #2552, .T. ) ;
#299 = EDGE_CURVE ( 'NONE', #6949, #7055, #5488, .T. ) ;
#300 = VECTOR ( 'NONE', #1009, 1000.000000000000000 ) ;
#301 = VERTEX_POINT ( 'NONE', #1425 ) ;
#302 = ORIENTED_EDGE ( 'NONE', *, *, #4127, .F. ) ;
#303 = ORIENTED_EDGE ( 'NONE', *, *, #3047, .T. ) ;
#304 = CARTESIAN_POINT ( 'NONE',  ( 15.71750068664550604, -15.11147595840166247, -3.000000000000000000 ) ) ;
#305 = ADVANCED_FACE ( 'NONE', ( #1796 ), #951, .T. ) ;
#306 = VECTOR ( 'NONE', #3536, 1000.000000000000000 ) ;
#307 = EDGE_CURVE ( 'NONE', #5701, #5036, #3029, .T. ) ;
#308 = CIRCLE ( 'NONE', #6521, 1.000000000000000000 ) ;
#309 = AXIS2_PLACEMENT_3D ( 'NONE', #1375, #264, #828 ) ;
#310 = VERTEX_POINT ( 'NONE', #4324 ) ;
#311 = DIRECTION ( 'NONE',  ( 0.000000000000000000, 1.000000000000000000, -3.061276722311949875E-15 ) ) ;
#312 = DIRECTION ( 'NONE',  ( 0.7071067811865497932, 8.659560562354961208E-17, -0.7071067811865452413 ) ) ;
#313 = DIRECTION ( 'NONE',  ( 0.000000000000000000, 0.000000000000000000, 1.000000000000000000 ) ) ;
#314 = DIRECTION ( 'NONE',  ( 0.7071067811865491270, -0.000000000000000000, 0.7071067811865459074 ) ) ;
#315 = ORIENTED_EDGE ( 'NONE', *, *, #5585, .F. ) ;
#316 = DIRECTION ( 'NONE',  ( 1.000000000000000000, 0.000000000000000000, 0.000000000000000000 ) ) ;
#317 = DIRECTION ( 'NONE',  ( -0.000000000000000000, 1.000000000000000000, -0.000000000000000000 ) ) ;
#318 = VECTOR ( 'NONE', #3642, 1000.000000000000000 ) ;
#319 = ORIENTED_EDGE ( 'NONE', *, *, #2502, .T. ) ;
#320 = B_SPLINE_CURVE_WITH_KNOTS ( 'NONE', 3,
 ( #5895, #7018, #1494, #5444, #3688, #1990, #2060, #2087 ),
 .UNSPECIFIED., .F., .F.,
 ( 4, 2, 2, 4 ),
 ( 2.157985334140607765E-06, 0.0002278068491939978020, 0.0004534557130538549629, 0.0009047534407735693387 ),
 .UNSPECIFIED. ) ;
#321 = CARTESIAN_POINT ( 'NONE',  ( -6.949102955666232262, 28.53149281894095424, 0.000000000000000000 ) ) ;
#322 = EDGE_LOOP ( 'NONE', ( #5476, #2016, #3840, #4597 ) ) ;
#323 = CARTESIAN_POINT ( 'NONE',  ( 22.36430442979903788, 12.03844772909535088, 0.000000000000000000 ) ) ;
#324 = AXIS2_PLACEMENT_3D ( 'NONE', #3905, #516, #2224 ) ;
#326 = EDGE_CURVE ( 'NONE', #3008, #6130, #512, .T. ) ;
#325 = DIRECTION ( 'NONE',  ( 0.5842645500517741342, 1.013537431155837980E-15, -0.8115632665127210377 ) ) ;
#327 = ORIENTED_EDGE ( 'NONE', *, *, #3227, .F. ) ;
#328 = EDGE_LOOP ( 'NONE', ( #3989, #5879, #4298, #5298 ) ) ;
#329 = CARTESIAN_POINT ( 'NONE',  ( 1.599999999999999423, 29.25128029631821036, 1.950000000000000844 ) ) ;
#330 = DIRECTION ( 'NONE',  ( -0.000000000000000000, -0.000000000000000000, 1.000000000000000000 ) ) ;
#331 = EDGE_LOOP ( 'NONE', ( #6756, #2835, #3656 ) ) ;
#332 = AXIS2_PLACEMENT_3D ( 'NONE', #1073, #1624, #4010 ) ;
#333 = ORIENTED_EDGE ( 'NONE', *, *, #1126, .T. ) ;
#334 = ORIENTED_EDGE ( 'NONE', *, *, #3721, .F. ) ;
#335 = CARTESIAN_POINT ( 'NONE',  ( -22.36430442979903432, 12.03844772909534910, 0.000000000000000000 ) ) ;
#336 = DIRECTION ( 'NONE',  ( -0.000000000000000000, 1.000000000000000000, -0.000000000000000000 ) ) ;
#337 = DIRECTION ( 'NONE',  ( 0.000000000000000000, 0.000000000000000000, 1.000000000000000000 ) ) ;
#338 = DIRECTION ( 'NONE',  ( 0.7071067811865492381, -2.829155424136940160E-16, -0.7071067811865457964 ) ) ;
#339 = CARTESIAN_POINT ( 'NONE',  ( -3.000000000000000888, 23.45128041827299015, 1.021323939618402399 ) ) ;
#340 = FACE_OUTER_BOUND ( 'NONE', #1895, .T. ) ;
#341 = ORIENTED_EDGE ( 'NONE', *, *, #4056, .T. ) ;
#342 = DIRECTION ( 'NONE',  ( 0.7071067811865430208, 0.000000000000000000, 0.7071067811865521247 ) ) ;
#343 = ORIENTED_EDGE ( 'NONE', *, *, #5586, .T. ) ;
#344 = ORIENTED_EDGE ( 'NONE', *, *, #3691, .T. ) ;
#345 = EDGE_CURVE ( 'NONE', #7001, #1993, #780, .T. ) ;
#346 = FACE_OUTER_BOUND ( 'NONE', #1393, .T. ) ;
#347 = ORIENTED_EDGE ( 'NONE', *, *, #6733, .F. ) ;
#348 = ADVANCED_FACE ( 'NONE', ( #5912 ), #4888, .F. ) ;
#349 = CARTESIAN_POINT ( 'NONE',  ( 0.5000000000000000000, 23.95128041827299015, 0.000000000000000000 ) ) ;
#350 = LINE ( 'NONE', #734, #6095 ) ;
#351 = CIRCLE ( 'NONE', #5682, 1.499999999999999556 ) ;
#352 = VECTOR ( 'NONE', #1168, 1000.000000000000114 ) ;
#353 = EDGE_LOOP ( 'NONE', ( #4328, #674, #4351, #1529 ) ) ;
#354 = CARTESIAN_POINT ( 'NONE',  ( -4.439339828220161266, 42.25128029631820681, -2.560660171779824079 ) ) ;
#355 = EDGE_CURVE ( 'NONE', #2485, #4142, #4710, .T. ) ;
#356 = AXIS2_PLACEMENT_3D ( 'NONE', #5627, #2327, #2887 ) ;
#357 = TOROIDAL_SURFACE ( 'NONE', #1519, 1.000000000000000000, 0.5000000000000000000 ) ;
#358 = DIRECTION ( 'NONE',  ( -1.000000000000000000, 0.000000000000000000, 0.000000000000000000 ) ) ;
#359 = ORIENTED_EDGE ( 'NONE', *, *, #4420, .T. ) ;
#360 = CARTESIAN_POINT ( 'NONE',  ( 3.000000000000000000, 22.95128041827299015, 1.345290647185026334 ) ) ;
#361 = DIRECTION ( 'NONE',  ( -0.000000000000000000, 1.000000000000000000, -0.000000000000000000 ) ) ;
#362 = ORIENTED_EDGE ( 'NONE', *, *, #3665, .T. ) ;
#363 = AXIS2_PLACEMENT_3D ( 'NONE', #1981, #5393, #1442 ) ;
#364 = CIRCLE ( 'NONE', #3261, 9.399999999999980815 ) ;
#365 = ORIENTED_EDGE ( 'NONE', *, *, #4855, .T. ) ;
#366 = EDGE_CURVE ( 'NONE', #1982, #2641, #2324, .T. ) ;
#367 = EDGE_CURVE ( 'NONE', #656, #2229, #5835, .T. ) ;
#368 = FACE_OUTER_BOUND ( 'NONE', #5386, .T. ) ;
#369 = ORIENTED_EDGE ( 'NONE', *, *, #2124, .F. ) ;
#370 = DIRECTION ( 'NONE',  ( 0.000000000000000000, 0.000000000000000000, 1.000000000000000000 ) ) ;
#371 = VECTOR ( 'NONE', #2265, 1000.000000000000000 ) ;
#372 = ORIENTED_EDGE ( 'NONE', *, *, #7036, .T. ) ;
#373 = ADVANCED_FACE ( 'NONE', ( #340 ), #5998, .F. ) ;
#374 = FACE_OUTER_BOUND ( 'NONE', #1584, .T. ) ;
#375 = AXIS2_PLACEMENT_3D ( 'NONE', #5536, #2179, #5002 ) ;
#376 = ORIENTED_EDGE ( 'NONE', *, *, #573, .F. ) ;
#377 = CARTESIAN_POINT ( 'NONE',  ( -4.336808689942017736E-16, 26.20128041827299015, 0.6284667967612598272 ) ) ;
#378 = ADVANCED_FACE ( 'NONE', ( #4788 ), #4527, .F. ) ;
#379 = LINE ( 'NONE', #7152, #194 ) ;
#380 = CARTESIAN_POINT ( 'NONE',  ( -3.378679656440342072, 41.75128029631820681, -1.500000000000000000 ) ) ;
#381 = PLANE ( 'NONE',  #3171 ) ;
#382 = ORIENTED_EDGE ( 'NONE', *, *, #3364, .T. ) ;
#383 = CARTESIAN_POINT ( 'NONE',  ( 4.100000000000016520, 23.95128041827299015, -3.000000000000000000 ) ) ;
#384 = CARTESIAN_POINT ( 'NONE',  ( 3.378679656440342072, 41.75128029631820681, -2.500000000000000000 ) ) ;
#385 = EDGE_CURVE ( 'NONE', #126, #4864, #1542, .T. ) ;
#386 = CONICAL_SURFACE ( 'NONE', #6897, 3.599999999999995648, 0.7853981633974482790 ) ;
#387 = ORIENTED_EDGE ( 'NONE', *, *, #4786, .F. ) ;
#388 = PLANE ( 'NONE',  #4559 ) ;
#389 = DIRECTION ( 'NONE',  ( 0.000000000000000000, -1.000000000000000000, 0.000000000000000000 ) ) ;
#390 = VECTOR ( 'NONE', #5295, 1000.000000000000000 ) ;
#391 = DIRECTION ( 'NONE',  ( 0.000000000000000000, -1.734723475976807094E-15, -1.000000000000000000 ) ) ;
#392 = ORIENTED_EDGE ( 'NONE', *, *, #4746, .F. ) ;
#393 = EDGE_CURVE ( 'NONE', #2677, #6531, #973, .T. ) ;
#394 = AXIS2_PLACEMENT_3D ( 'NONE', #4291, #2567, #2668 ) ;
#395 = FACE_OUTER_BOUND ( 'NONE', #501, .T. ) ;
#396 = DIRECTION ( 'NONE',  ( -0.7071067811865491270, 0.000000000000000000, 0.7071067811865459074 ) ) ;
#397 = FACE_OUTER_BOUND ( 'NONE', #233, .T. ) ;
#398 = ORIENTED_EDGE ( 'NONE', *, *, #2731, .F. ) ;
#399 = VERTEX_POINT ( 'NONE', #4422 ) ;
#400 = ORIENTED_EDGE ( 'NONE', *, *, #6317, .F. ) ;
#401 = LINE ( 'NONE', #2350, #1608 ) ;
#402 = AXIS2_PLACEMENT_3D ( 'NONE', #5588, #6753, #22 ) ;
#403 = CARTESIAN_POINT ( 'NONE',  ( 6.000000000000000000, 9.280717547841103254, -3.000000000000000000 ) ) ;
#404 = DIRECTION ( 'NONE',  ( -0.4999999999999996114, 0.5000000000000036637, 0.7071067811865452413 ) ) ;
#405 = CARTESIAN_POINT ( 'NONE',  ( 3.355688153924909489, 30.25128029631820326, -3.000000000000000000 ) ) ;
#406 = CARTESIAN_POINT ( 'NONE',  ( 15.71750068664550604, 5.391643985941802164, -0.6000000000000033085 ) ) ;
#407 = DIRECTION ( 'NONE',  ( 0.000000000000000000, 0.000000000000000000, 1.000000000000000000 ) ) ;
#408 = EDGE_CURVE ( 'NONE', #3154, #1922, #3374, .T. ) ;
#409 = EDGE_LOOP ( 'NONE', ( #5491, #2559, #6677, #39 ) ) ;
#410 = CARTESIAN_POINT ( 'NONE',  ( -14.30049912664548728, -8.291166140300475718, 0.000000000000000000 ) ) ;
#411 = DIRECTION ( 'NONE',  ( -0.7071067811865466846, 0.000000000000000000, -0.7071067811865485719 ) ) ;
#412 = ORIENTED_EDGE ( 'NONE', *, *, #6468, .F. ) ;
#413 = DIRECTION ( 'NONE',  ( -1.858632295689435856E-16, 1.000000000000000000, 0.000000000000000000 ) ) ;
#414 = EDGE_LOOP ( 'NONE', ( #2159, #344, #6266, #6074, #3909, #5578, #657, #1022 ) ) ;
#415 = ADVANCED_FACE ( 'NONE', ( #4610 ), #5468, .F. ) ;
#416 = CARTESIAN_POINT ( 'NONE',  ( 5.500000000000002665, 28.75128029631820681, 6.500000000000000000 ) ) ;
#417 = CARTESIAN_POINT ( 'NONE',  ( 0.000000000000000000, 0.000000000000000000, 6.500000000000000000 ) ) ;
#418 = AXIS2_PLACEMENT_3D ( 'NONE', #1496, #2061, #3202 ) ;
#419 = CARTESIAN_POINT ( 'NONE',  ( 3.378679656440342072, 42.25128029631820681, -2.499999999999998668 ) ) ;
#420 = ORIENTED_EDGE ( 'NONE', *, *, #6636, .F. ) ;
#422 = EDGE_CURVE ( 'NONE', #4419, #4856, #4185, .T. ) ;
#421 = CARTESIAN_POINT ( 'NONE',  ( 2.896446609406725603, 22.95128041827299015, 1.345290647185027444 ) ) ;
#423 = FACE_OUTER_BOUND ( 'NONE', #3732, .T. ) ;
#424 = EDGE_LOOP ( 'NONE', ( #292, #6924, #2811, #6833 ) ) ;
#425 = ORIENTED_EDGE ( 'NONE', *, *, #3783, .F. ) ;
#426 = CARTESIAN_POINT ( 'NONE',  ( -0.04437249225549069753, -1.489057109605489870, -2.399999999999989697 ) ) ;
#427 = ORIENTED_EDGE ( 'NONE', *, *, #6468, .T. ) ;
#428 = DIRECTION ( 'NONE',  ( -0.000000000000000000, -0.000000000000000000, -1.000000000000000000 ) ) ;
#429 = FACE_OUTER_BOUND ( 'NONE', #6586, .T. ) ;
#430 = VERTEX_POINT ( 'NONE', #1611 ) ;
#431 = AXIS2_PLACEMENT_3D ( 'NONE', #3472, #6254, #4017 ) ;
#432 = ORIENTED_EDGE ( 'NONE', *, *, #4802, .T. ) ;
#433 = CARTESIAN_POINT ( 'NONE',  ( 7.000000000000002665, 28.25128029631820681, -22.79898987322333781 ) ) ;
#434 = CARTESIAN_POINT ( 'NONE',  ( 4.075974153824395430, 39.75128029631820681, 6.500000000000000000 ) ) ;
#435 = DIRECTION ( 'NONE',  ( 1.000000000000000000, 0.000000000000000000, 0.000000000000000000 ) ) ;
#436 = EDGE_LOOP ( 'NONE', ( #7049, #1504, #3437, #376 ) ) ;
#437 = CARTESIAN_POINT ( 'NONE',  ( -25.71750068664550781, 5.391643985941802164, -3.000000000000000000 ) ) ;
#438 = CARTESIAN_POINT ( 'NONE',  ( 6.057816332563604078, 40.25128029631820681, 4.740207675323312664 ) ) ;
#439 = FACE_OUTER_BOUND ( 'NONE', #672, .T. ) ;
#440 = ORIENTED_EDGE ( 'NONE', *, *, #5548, .F. ) ;
#441 = FACE_OUTER_BOUND ( 'NONE', #5982, .T. ) ;
#442 = EDGE_CURVE ( 'NONE', #6177, #5540, #5053, .T. ) ;
#443 = CYLINDRICAL_SURFACE ( 'NONE', #2915, 3.000000000000000888 ) ;
#444 = AXIS2_PLACEMENT_3D ( 'NONE', #5724, #2377, #6845 ) ;
#445 = DIRECTION ( 'NONE',  ( 0.000000000000000000, 0.000000000000000000, 1.000000000000000000 ) ) ;
#446 = DIRECTION ( 'NONE',  ( -1.000000000000000000, 0.000000000000000000, 0.000000000000000000 ) ) ;
#447 = CARTESIAN_POINT ( 'NONE',  ( 3.000000000000000000, 39.75128029631820681, -2.999999999999999112 ) ) ;
#448 = LINE ( 'NONE', #5986, #2616 ) ;
#449 =( BOUNDED_CURVE ( )  B_SPLINE_CURVE ( 3, ( #4073, #1785, #6210, #6780 ),
 .UNSPECIFIED., .F., .F. ) 
 B_SPLINE_CURVE_WITH_KNOTS ( ( 4, 4 ),
 ( 4.642037334968167173, 4.712388980384687898 ),
 .UNSPECIFIED. ) 
 CURVE ( )  GEOMETRIC_REPRESENTATION_ITEM ( )  RATIONAL_B_SPLINE_CURVE ( ( 1.000000000000000000, 0.9995875963584719415, 0.9995875963584719415, 1.000000000000000000 ) ) 
 REPRESENTATION_ITEM ( '' )  );
#450 = ADVANCED_FACE ( 'NONE', ( #2509 ), #4885, .T. ) ;
#451 = FACE_OUTER_BOUND ( 'NONE', #285, .T. ) ;
#452 = CARTESIAN_POINT ( 'NONE',  ( 4.085786437626888201, 41.75128029631820681, -2.207106781186548794 ) ) ;
#453 = VECTOR ( 'NONE', #459, 1000.000000000000227 ) ;
#454 = EDGE_CURVE ( 'NONE', #5014, #1323, #5146, .T. ) ;
#455 = AXIS2_PLACEMENT_3D ( 'NONE', #2672, #4368, #4930 ) ;
#456 = CARTESIAN_POINT ( 'NONE',  ( 3.622919641721424000, 28.75128029631821036, 5.999999999999998224 ) ) ;
#457 = ORIENTED_EDGE ( 'NONE', *, *, #5227, .T. ) ;
#458 = ADVANCED_FACE ( 'NONE', ( #2852 ), #2680, .T. ) ;
#459 = DIRECTION ( 'NONE',  ( -0.000000000000000000, 0.9899494936611664686, -0.1414213562373093647 ) ) ;
#460 = VERTEX_POINT ( 'NONE', #1545 ) ;
#461 = DIRECTION ( 'NONE',  ( 0.8129949950526367264, -0.000000000000000000, 0.5822706741880129266 ) ) ;
#462 = CARTESIAN_POINT ( 'NONE',  ( 17.90049912664548160, 3.980218421195628409, 0.000000000000000000 ) ) ;
#463 = DIRECTION ( 'NONE',  ( 0.000000000000000000, -1.000000000000000000, -0.000000000000000000 ) ) ;
#464 = AXIS2_PLACEMENT_3D ( 'NONE', #6175, #1077, #3321 ) ;
#465 = EDGE_CURVE ( 'NONE', #1119, #4050, #2688, .T. ) ;
#466 = ORIENTED_EDGE ( 'NONE', *, *, #1670, .F. ) ;
#467 = FACE_OUTER_BOUND ( 'NONE', #4273, .T. ) ;
#468 = CARTESIAN_POINT ( 'NONE',  ( -2.595536630534756029, 41.75128029631820681, 6.084368756338572659 ) ) ;
#469 = FACE_BOUND ( 'NONE', #1883, .T. ) ;
#470 = DIRECTION ( 'NONE',  ( 0.000000000000000000, -1.000000000000000000, 0.000000000000000000 ) ) ;
#471 = CIRCLE ( 'NONE', #3234, 0.5000000000000000000 ) ;
#472 = CARTESIAN_POINT ( 'NONE',  ( -22.71750068664549005, -15.71147595840166566, -0.6000000000000033085 ) ) ;
#473 = VECTOR ( 'NONE', #6166, 1000.000000000000000 ) ;
#474 = DIRECTION ( 'NONE',  ( 0.000000000000000000, 0.000000000000000000, 1.000000000000000000 ) ) ;
#475 = ORIENTED_EDGE ( 'NONE', *, *, #4403, .T. ) ;
#476 = DIRECTION ( 'NONE',  ( 0.000000000000000000, 0.000000000000000000, 1.000000000000000000 ) ) ;
#477 = CARTESIAN_POINT ( 'NONE',  ( 6.500000000000002665, 28.75128029631820681, 5.000000000000000000 ) ) ;
#478 = CARTESIAN_POINT ( 'NONE',  ( -3.000000000000000000, 14.71521244077319501, -2.000000000000000000 ) ) ;
#479 = EDGE_CURVE ( 'NONE', #5105, #4858, #6787, .T. ) ;
#480 = ORIENTED_EDGE ( 'NONE', *, *, #6526, .T. ) ;
#482 = AXIS2_PLACEMENT_3D ( 'NONE', #3014, #5289, #815 ) ;
#481 = CARTESIAN_POINT ( 'NONE',  ( -14.30049912664548728, -7.691166140300482290, -2.400000000000003908 ) ) ;
#483 = VECTOR ( 'NONE', #1964, 1000.000000000000000 ) ;
#484 = DIRECTION ( 'NONE',  ( 0.000000000000000000, 0.000000000000000000, 1.000000000000000000 ) ) ;
#485 = VECTOR ( 'NONE', #3920, 1000.000000000000000 ) ;
#486 = ORIENTED_EDGE ( 'NONE', *, *, #4943, .T. ) ;
#487 = ORIENTED_EDGE ( 'NONE', *, *, #786, .F. ) ;
#488 = ADVANCED_FACE ( 'NONE', ( #1376 ), #2231, .F. ) ;
#489 = DIRECTION ( 'NONE',  ( 0.6909395858062439277, 0.000000000000000000, -0.7229125042257161793 ) ) ;
#490 = EDGE_LOOP ( 'NONE', ( #250, #1142, #1715, #870 ) ) ;
#491 = CARTESIAN_POINT ( 'NONE',  ( 5.652034699307244558, 39.75128029631820681, 4.448075400297424764 ) ) ;
#492 = DIRECTION ( 'NONE',  ( -1.000000000000000000, 0.000000000000000000, 0.000000000000000000 ) ) ;
#493 = CARTESIAN_POINT ( 'NONE',  ( -5.500000000000000000, 42.25128029631820681, 6.000000000000000000 ) ) ;
#494 = EDGE_CURVE ( 'NONE', #2677, #1996, #7148, .T. ) ;
#495 = LINE ( 'NONE', #2505, #6229 ) ;
#496 = ORIENTED_EDGE ( 'NONE', *, *, #1275, .T. ) ;
#497 = VERTEX_POINT ( 'NONE', #2251 ) ;
#498 = DIRECTION ( 'NONE',  ( 0.000000000000000000, -1.734723475976807686E-15, -1.000000000000000000 ) ) ;
#499 = ORIENTED_EDGE ( 'NONE', *, *, #1724, .F. ) ;
#500 = ORIENTED_EDGE ( 'NONE', *, *, #1172, .T. ) ;
#501 = EDGE_LOOP ( 'NONE', ( #4677, #246, #5327, #7215 ) ) ;
#502 = DIRECTION ( 'NONE',  ( -0.000000000000000000, 1.000000000000000000, -0.000000000000000000 ) ) ;
#503 = AXIS2_PLACEMENT_3D ( 'NONE', #803, #1270, #158 ) ;
#504 = DIRECTION ( 'NONE',  ( 0.000000000000000000, -0.000000000000000000, -1.000000000000000000 ) ) ;
#505 = DIRECTION ( 'NONE',  ( 1.000000000000000000, 0.000000000000000000, 0.000000000000000000 ) ) ;
#506 = DIRECTION ( 'NONE',  ( -1.000000000000000000, 0.000000000000000000, 0.000000000000000000 ) ) ;
#507 = EDGE_CURVE ( 'NONE', #1705, #4766, #3107, .T. ) ;
#508 = EDGE_CURVE ( 'NONE', #1606, #3746, #7048, .T. ) ;
#509 = ORIENTED_EDGE ( 'NONE', *, *, #454, .T. ) ;
#510 = DIRECTION ( 'NONE',  ( -0.000000000000000000, -0.000000000000000000, -1.000000000000000000 ) ) ;
#511 = EDGE_LOOP ( 'NONE', ( #553, #5766 ) ) ;
#512 = LINE ( 'NONE', #976, #864 ) ;
#513 = ORIENTED_EDGE ( 'NONE', *, *, #5034, .T. ) ;
#514 = CARTESIAN_POINT ( 'NONE',  ( -1.131370849898428954, 22.24051552248578290, -3.000000000000000000 ) ) ;
#515 = ORIENTED_EDGE ( 'NONE', *, *, #1452, .T. ) ;
#516 = DIRECTION ( 'NONE',  ( -0.7071067811865470176, -0.000000000000000000, -0.7071067811865481278 ) ) ;
#518 = EDGE_CURVE ( 'NONE', #1982, #1800, #1698, .T. ) ;
#517 = CARTESIAN_POINT ( 'NONE',  ( -0.004513183761349496073, 28.75128029631821036, 5.045290647185011856 ) ) ;
#519 = ORIENTED_EDGE ( 'NONE', *, *, #5292, .F. ) ;
#520 = VECTOR ( 'NONE', #4030, 1000.000000000000000 ) ;
#521 = ORIENTED_EDGE ( 'NONE', *, *, #3771, .T. ) ;
#522 = VECTOR ( 'NONE', #5658, 1000.000000000000114 ) ;
#523 = ORIENTED_EDGE ( 'NONE', *, *, #2556, .T. ) ;
#524 = VECTOR ( 'NONE', #314, 1000.000000000000000 ) ;
#525 = DIRECTION ( 'NONE',  ( -1.000000000000000000, 0.000000000000000000, -0.000000000000000000 ) ) ;
#526 = ADVANCED_FACE ( 'NONE', ( #423 ), #4697, .F. ) ;
#527 = AXIS2_PLACEMENT_3D ( 'NONE', #2613, #3155, #4898 ) ;
#528 = EDGE_LOOP ( 'NONE', ( #6802, #652, #1268, #2384, #6614, #1523, #7205, #5608, #5294, #1353, #2406, #1594 ) ) ;
#529 = CARTESIAN_POINT ( 'NONE',  ( 6.099036765321232068, 40.25128029631819970, -0.9009632346787220802 ) ) ;
#530 = DIRECTION ( 'NONE',  ( 1.000000000000000000, 0.000000000000000000, 0.000000000000000000 ) ) ;
#531 = VECTOR ( 'NONE', #2728, 1000.000000000000000 ) ;
#532 = DIRECTION ( 'NONE',  ( -1.000000000000000000, 0.000000000000000000, -1.734723475976805517E-15 ) ) ;
#533 = CARTESIAN_POINT ( 'NONE',  ( -3.000000000000000000, 13.20128041827298482, -2.399999999999983036 ) ) ;
#534 = VECTOR ( 'NONE', #2784, 1000.000000000000000 ) ;
#535 = CARTESIAN_POINT ( 'NONE',  ( 3.250000000000000888, 12.95128041827298837, -0.9999999999999983347 ) ) ;
#536 = CIRCLE ( 'NONE', #5483, 1.499999999999999556 ) ;
#537 = ORIENTED_EDGE ( 'NONE', *, *, #4369, .F. ) ;
#538 = EDGE_CURVE ( 'NONE', #2927, #5554, #1276, .T. ) ;
#539 = DIRECTION ( 'NONE',  ( 0.000000000000000000, 1.000000000000000000, 0.000000000000000000 ) ) ;
#540 = ORIENTED_EDGE ( 'NONE', *, *, #4672, .T. ) ;
#541 = CARTESIAN_POINT ( 'NONE',  ( -5.400000000000009237, 5.391643985941802164, 0.000000000000000000 ) ) ;
#542 = CYLINDRICAL_SURFACE ( 'NONE', #2008, 2.999999999999999112 ) ;
#543 = ORIENTED_EDGE ( 'NONE', *, *, #3227, .T. ) ;
#544 = ORIENTED_EDGE ( 'NONE', *, *, #2358, .T. ) ;
#545 = VECTOR ( 'NONE', #909, 1000.000000000000000 ) ;
#546 = ORIENTED_EDGE ( 'NONE', *, *, #2017, .F. ) ;
#548 = EDGE_CURVE ( 'NONE', #2579, #5350, #6693, .T. ) ;
#547 = DIRECTION ( 'NONE',  ( -1.000000000000000000, 0.000000000000000000, 0.000000000000000000 ) ) ;
#549 = LINE ( 'NONE', #7009, #6299 ) ;
#550 = CARTESIAN_POINT ( 'NONE',  ( 1.599999999999998090, 37.04013467831804718, 1.950000000000000400 ) ) ;
#551 = ORIENTED_EDGE ( 'NONE', *, *, #2855, .T. ) ;
#552 = AXIS2_PLACEMENT_3D ( 'NONE', #1635, #1657, #2809 ) ;
#553 = ORIENTED_EDGE ( 'NONE', *, *, #114, .T. ) ;
#554 = EDGE_CURVE ( 'NONE', #5727, #4249, #6167, .T. ) ;
#555 = ORIENTED_EDGE ( 'NONE', *, *, #3912, .F. ) ;
#556 = ADVANCED_FACE ( 'NONE', ( #5238 ), #15, .T. ) ;
#557 = DIRECTION ( 'NONE',  ( 0.000000000000000000, 0.000000000000000000, 1.000000000000000000 ) ) ;
#558 = CARTESIAN_POINT ( 'NONE',  ( -17.30049912664549083, -4.691166140300481402, -0.5999999999999894307 ) ) ;
#559 = DIRECTION ( 'NONE',  ( 0.000000000000000000, -1.000000000000000000, 0.000000000000000000 ) ) ;
#560 = FACE_OUTER_BOUND ( 'NONE', #6178, .T. ) ;
#561 = EDGE_LOOP ( 'NONE', ( #986, #5187, #6537, #2789 ) ) ;
#562 = AXIS2_PLACEMENT_3D ( 'NONE', #5669, #5232, #1244 ) ;
#563 = LINE ( 'NONE', #304, #6321 ) ;
#564 = ORIENTED_EDGE ( 'NONE', *, *, #6007, .T. ) ;
#565 = CARTESIAN_POINT ( 'NONE',  ( -6.500000000000001776, 42.25128029631820681, -22.79898987322333781 ) ) ;
#566 = ORIENTED_EDGE ( 'NONE', *, *, #1365, .F. ) ;
#567 = CARTESIAN_POINT ( 'NONE',  ( 5.460505698768605143, 40.13565328507142738, -1.062711559924536475 ) ) ;
#568 = DIRECTION ( 'NONE',  ( 1.000000000000000000, 0.000000000000000000, 0.000000000000000000 ) ) ;
#569 = CYLINDRICAL_SURFACE ( 'NONE', #4842, 0.5000000000000000000 ) ;
#570 = ORIENTED_EDGE ( 'NONE', *, *, #1962, .F. ) ;
#571 = VERTEX_POINT ( 'NONE', #1729 ) ;
#572 = CARTESIAN_POINT ( 'NONE',  ( 4.057247172272729685, 39.75128029314439004, -2.242794817275896690 ) ) ;
#573 = EDGE_CURVE ( 'NONE', #7001, #2641, #237, .T. ) ;
#575 = AXIS2_PLACEMENT_3D ( 'NONE', #1609, #1802, #5717 ) ;
#574 = DIRECTION ( 'NONE',  ( 0.000000000000000000, 0.000000000000000000, -1.000000000000000000 ) ) ;
#576 = ORIENTED_EDGE ( 'NONE', *, *, #4909, .T. ) ;
#577 = ORIENTED_EDGE ( 'NONE', *, *, #7078, .T. ) ;
#578 = CARTESIAN_POINT ( 'NONE',  ( 3.250000000000000888, 12.35128041827296741, -3.000000000000000000 ) ) ;
#579 = CARTESIAN_POINT ( 'NONE',  ( -5.500000000000002665, 28.75128029631820681, 4.999999999999999112 ) ) ;
#580 = DIRECTION ( 'NONE',  ( 0.000000000000000000, 0.000000000000000000, 1.000000000000000000 ) ) ;
#581 = ORIENTED_EDGE ( 'NONE', *, *, #6317, .T. ) ;
#582 = DIRECTION ( 'NONE',  ( -1.000000000000000000, 0.000000000000000000, 0.000000000000000000 ) ) ;
#583 = EDGE_CURVE ( 'NONE', #753, #2674, #588, .T. ) ;
#584 = EDGE_CURVE ( 'NONE', #1451, #1630, #7223, .T. ) ;
#585 = AXIS2_PLACEMENT_3D ( 'NONE', #5253, #6404, #6378 ) ;
#586 = ORIENTED_EDGE ( 'NONE', *, *, #3216, .T. ) ;
#587 = ORIENTED_EDGE ( 'NONE', *, *, #5596, .T. ) ;
#588 = CIRCLE ( 'NONE', #7105, 1.500000000000000000 ) ;
#589 = ORIENTED_EDGE ( 'NONE', *, *, #1987, .F. ) ;
#590 = ADVANCED_FACE ( 'NONE', ( #2757 ), #771, .T. ) ;
#591 = VERTEX_POINT ( 'NONE', #2782 ) ;
#592 = AXIS2_PLACEMENT_3D ( 'NONE', #235, #782, #2473 ) ;
#593 = CARTESIAN_POINT ( 'NONE',  ( -1.600000000000000311, 41.75128029631820681, 3.050000000000000711 ) ) ;
#594 = ORIENTED_EDGE ( 'NONE', *, *, #3111, .T. ) ;
#595 = DIRECTION ( 'NONE',  ( -1.000000000000000000, 0.000000000000000000, 0.000000000000000000 ) ) ;
#596 = EDGE_CURVE ( 'NONE', #5520, #5391, #2490, .T. ) ;
#597 = CARTESIAN_POINT ( 'NONE',  ( -2.100000000000000089, 41.75128029631820681, 1.950000000000000844 ) ) ;
#598 = CARTESIAN_POINT ( 'NONE',  ( -3.000000000000000000, 13.95128041827298837, -1.000000000000000000 ) ) ;
#599 = VECTOR ( 'NONE', #296, 1000.000000000000000 ) ;
#600 = EDGE_LOOP ( 'NONE', ( #1786, #6995, #2228, #2141 ) ) ;
#601 = ORIENTED_EDGE ( 'NONE', *, *, #2233, .F. ) ;
#602 = VERTEX_POINT ( 'NONE', #3555 ) ;
#603 = CARTESIAN_POINT ( 'NONE',  ( 14.30049912664548728, 3.980218421195628409, -3.000000000000000000 ) ) ;
#604 = DIRECTION ( 'NONE',  ( -0.000000000000000000, -0.000000000000000000, -1.000000000000000000 ) ) ;
#605 = DIRECTION ( 'NONE',  ( 0.000000000000000000, 0.000000000000000000, 1.000000000000000000 ) ) ;
#606 = EDGE_LOOP ( 'NONE', ( #3085, #589, #5047, #2920 ) ) ;
#607 = CARTESIAN_POINT ( 'NONE',  ( -5.500000000000002665, 30.25128029631820326, 4.999999999999999112 ) ) ;
#608 = PLANE ( 'NONE',  #7174 ) ;
#609 = CIRCLE ( 'NONE', #4206, 3.749999999999989342 ) ;
#610 = VECTOR ( 'NONE', #5940, 1000.000000000000000 ) ;
#611 = EDGE_CURVE ( 'NONE', #1847, #2313, #4083, .T. ) ;
#612 = LINE ( 'NONE', #6298, #6377 ) ;
#613 = AXIS2_PLACEMENT_3D ( 'NONE', #5666, #6156, #623 ) ;
#614 = CARTESIAN_POINT ( 'NONE',  ( 5.830819581109332184, 39.75128031484931768, -0.5477365529372016928 ) ) ;
#615 = VECTOR ( 'NONE', #6498, 1000.000000000000114 ) ;
#616 = CARTESIAN_POINT ( 'NONE',  ( -3.134319537728099458, 12.97103619103098104, -1.230743161000344532 ) ) ;
#617 = CARTESIAN_POINT ( 'NONE',  ( -2.861803398874990911, 18.89849401377294669, -0.02639320225002227127 ) ) ;
#618 = PLANE ( 'NONE',  #1790 ) ;
#619 = FACE_OUTER_BOUND ( 'NONE', #6741, .T. ) ;
#620 = EDGE_LOOP ( 'NONE', ( #2220, #333, #5239, #737 ) ) ;
#621 = EDGE_CURVE ( 'NONE', #6250, #6531, #2596, .T. ) ;
#622 = AXIS2_PLACEMENT_3D ( 'NONE', #6901, #3614, #4105 ) ;
#623 = DIRECTION ( 'NONE',  ( -1.000000000000000000, 0.000000000000000000, 0.000000000000000000 ) ) ;
#624 = CARTESIAN_POINT ( 'NONE',  ( -3.500000000000000000, 23.95128041827299015, -2.399999999999983036 ) ) ;
#625 = ADVANCED_FACE ( 'NONE', ( #3562 ), #1103, .F. ) ;
#626 = CARTESIAN_POINT ( 'NONE',  ( -11.54558441227156607, 11.82630196011267465, -3.000000000000000000 ) ) ;
#627 = CYLINDRICAL_SURFACE ( 'NONE', #213, 0.5000000000000004441 ) ;
#628 = DIRECTION ( 'NONE',  ( 0.000000000000000000, 0.000000000000000000, 1.000000000000000000 ) ) ;
#629 = CARTESIAN_POINT ( 'NONE',  ( 2.000000000000000000, 30.25128029631820326, 1.818884925064438551 ) ) ;
#630 = ORIENTED_EDGE ( 'NONE', *, *, #786, .T. ) ;
#631 = CARTESIAN_POINT ( 'NONE',  ( 22.71750068664549005, -15.11147595840163937, -3.000000000000000000 ) ) ;
#632 = TOROIDAL_SURFACE ( 'NONE', #6786, 1.000000000000000000, 0.5000000000000000000 ) ;
#633 = ORIENTED_EDGE ( 'NONE', *, *, #5729, .F. ) ;
#634 = DIRECTION ( 'NONE',  ( 1.243218491116711804E-14, 0.000000000000000000, 1.000000000000000000 ) ) ;
#635 = VERTEX_POINT ( 'NONE', #1776 ) ;
#636 = EDGE_LOOP ( 'NONE', ( #3541, #2575, #1618, #6233, #1812, #1475, #6569, #4468, #4824 ) ) ;
#638 = EDGE_CURVE ( 'NONE', #6587, #664, #1449, .T. ) ;
#637 = DIRECTION ( 'NONE',  ( -1.000000000000000000, -0.000000000000000000, -0.000000000000000000 ) ) ;
#639 = EDGE_CURVE ( 'NONE', #4416, #1974, #2417, .T. ) ;
#640 = CIRCLE ( 'NONE', #4541, 0.4999999999999997224 ) ;
#641 = LINE ( 'NONE', #5400, #5789 ) ;
#642 = VERTEX_POINT ( 'NONE', #2926 ) ;
#643 = CARTESIAN_POINT ( 'NONE',  ( 17.90049912664548515, -4.691166140300482290, 0.000000000000000000 ) ) ;
#644 = DIRECTION ( 'NONE',  ( 1.000000000000000000, 0.000000000000000000, 0.000000000000000000 ) ) ;
#645 = EDGE_LOOP ( 'NONE', ( #5404, #1610, #1368, #5218 ) ) ;
#646 = DIRECTION ( 'NONE',  ( -0.000000000000000000, -0.000000000000000000, -1.000000000000000000 ) ) ;
#647 = LINE ( 'NONE', #6710, #5291 ) ;
#648 = EDGE_CURVE ( 'NONE', #6634, #3154, #6348, .T. ) ;
#649 = ORIENTED_EDGE ( 'NONE', *, *, #6122, .F. ) ;
#650 = DIRECTION ( 'NONE',  ( -0.000000000000000000, 1.000000000000000000, -0.000000000000000000 ) ) ;
#651 = CARTESIAN_POINT ( 'NONE',  ( 3.500000000000000000, 13.20128041827299015, 0.000000000000000000 ) ) ;
#652 = ORIENTED_EDGE ( 'NONE', *, *, #2812, .T. ) ;
#653 = CARTESIAN_POINT ( 'NONE',  ( -2.941006423437877881, 28.25128029631820681, 5.722912504225716290 ) ) ;
#654 = CARTESIAN_POINT ( 'NONE',  ( 22.71750068664549005, -15.11147595840164293, 0.000000000000000000 ) ) ;
#655 = VECTOR ( 'NONE', #5866, 1000.000000000000114 ) ;
#656 = VERTEX_POINT ( 'NONE', #727 ) ;
#657 = ORIENTED_EDGE ( 'NONE', *, *, #6766, .T. ) ;
#658 = EDGE_LOOP ( 'NONE', ( #2923, #1190, #2005, #3575, #1213, #3092, #755, #4327 ) ) ;
#659 = DIRECTION ( 'NONE',  ( 0.7071067811865520136, 4.389654110804664571E-17, -0.7071067811865431318 ) ) ;
#660 = CARTESIAN_POINT ( 'NONE',  ( -5.500000000000000000, 40.25128029631820681, 0.6213203435596476032 ) ) ;
#661 =( BOUNDED_CURVE ( )  B_SPLINE_CURVE ( 3, ( #6244, #3490, #2892, #141 ),
 .UNSPECIFIED., .F., .F. ) 
 B_SPLINE_CURVE_WITH_KNOTS ( ( 4, 4 ),
 ( 4.712388980384691450, 4.782740625801212175 ),
 .UNSPECIFIED. ) 
 CURVE ( )  GEOMETRIC_REPRESENTATION_ITEM ( )  RATIONAL_B_SPLINE_CURVE ( ( 1.000000000000000000, 0.9995875963584719415, 0.9995875963584719415, 1.000000000000000000 ) ) 
 REPRESENTATION_ITEM ( '' )  );
#662 = LINE ( 'NONE', #1894, #318 ) ;
#663 = CARTESIAN_POINT ( 'NONE',  ( 17.30049912664549083, -4.691166140300482290, -0.5999999999999963141 ) ) ;
#664 = VERTEX_POINT ( 'NONE', #6792 ) ;
#665 = ADVANCED_FACE ( 'NONE', ( #3367 ), #5402, .F. ) ;
#666 = ORIENTED_EDGE ( 'NONE', *, *, #5686, .T. ) ;
#667 = DIRECTION ( 'NONE',  ( -0.000000000000000000, 1.000000000000000000, -0.000000000000000000 ) ) ;
#668 = DIRECTION ( 'NONE',  ( 0.5842645500517741342, 0.000000000000000000, 0.8115632665127210377 ) ) ;
#669 = EDGE_CURVE ( 'NONE', #3411, #195, #4268, .T. ) ;
#671 = AXIS2_PLACEMENT_3D ( 'NONE', #3587, #5798, #6286 ) ;
#670 = CARTESIAN_POINT ( 'NONE',  ( -11.55619151688099322, -15.11147595840166247, -3.000000000000000000 ) ) ;
#672 = EDGE_LOOP ( 'NONE', ( #143, #6905, #4354, #4001 ) ) ;
#673 = VERTEX_POINT ( 'NONE', #5792 ) ;
#674 = ORIENTED_EDGE ( 'NONE', *, *, #5216, .T. ) ;
#675 = ORIENTED_EDGE ( 'NONE', *, *, #5179, .F. ) ;
#676 = DIRECTION ( 'NONE',  ( -0.000000000000000000, -1.000000000000000000, 0.000000000000000000 ) ) ;
#677 = CARTESIAN_POINT ( 'NONE',  ( 3.000000000000000888, 23.48663575733231923, 1.268811313033693766 ) ) ;
#678 = DIRECTION ( 'NONE',  ( -0.000000000000000000, -0.000000000000000000, -1.000000000000000000 ) ) ;
#679 = ORIENTED_EDGE ( 'NONE', *, *, #6457, .T. ) ;
#680 = DIRECTION ( 'NONE',  ( -0.000000000000000000, 0.000000000000000000, 1.000000000000000000 ) ) ;
#681 = EDGE_CURVE ( 'NONE', #6646, #6322, #6486, .T. ) ;
#682 = ORIENTED_EDGE ( 'NONE', *, *, #422, .F. ) ;
#683 = AXIS2_PLACEMENT_3D ( 'NONE', #234, #1399, #5303 ) ;
#684 = CARTESIAN_POINT ( 'NONE',  ( 14.30049912664548728, -8.291166140300479270, 0.000000000000000000 ) ) ;
#685 = VECTOR ( 'NONE', #6630, 1000.000000000000000 ) ;
#686 = ORIENTED_EDGE ( 'NONE', *, *, #4739, .T. ) ;
#687 = ORIENTED_EDGE ( 'NONE', *, *, #4518, .F. ) ;
#688 = VERTEX_POINT ( 'NONE', #2471 ) ;
#689 = PLANE ( 'NONE',  #6285 ) ;
#690 = FACE_OUTER_BOUND ( 'NONE', #6602, .T. ) ;
#691 = ORIENTED_EDGE ( 'NONE', *, *, #3984, .T. ) ;
#692 = CARTESIAN_POINT ( 'NONE',  ( -3.378679656440342072, 41.75128029631820681, -2.500000000000000000 ) ) ;
#693 = FACE_OUTER_BOUND ( 'NONE', #3801, .T. ) ;
#694 = EDGE_CURVE ( 'NONE', #840, #2941, #3512, .T. ) ;
#695 = CIRCLE ( 'NONE', #1426, 1.499999999999999556 ) ;
#696 = DIRECTION ( 'NONE',  ( -1.858632295689435856E-16, 1.000000000000000000, 0.000000000000000000 ) ) ;
#697 = CIRCLE ( 'NONE', #3458, 1.499999999999999556 ) ;
#698 = VERTEX_POINT ( 'NONE', #1955 ) ;
#699 = DIRECTION ( 'NONE',  ( 0.000000000000000000, 0.9899494936611666907, -0.1414213562373094202 ) ) ;
#700 = ADVANCED_FACE ( 'NONE', ( #7103 ), #1147, .F. ) ;
#701 = CARTESIAN_POINT ( 'NONE',  ( 0.3600390550959947644, 26.23663575732855691, 0.8759541701770886535 ) ) ;
#702 = LINE ( 'NONE', #6856, #6637 ) ;
#703 = DIRECTION ( 'NONE',  ( -0.000000000000000000, 1.734723475976807094E-15, 1.000000000000000000 ) ) ;
#705 = AXIS2_PLACEMENT_3D ( 'NONE', #5027, #3369, #1129 ) ;
#704 = CARTESIAN_POINT ( 'NONE',  ( -3.378679656440349177, 5.391643985941805717, -1.500000000000000000 ) ) ;
#706 = ORIENTED_EDGE ( 'NONE', *, *, #4234, .T. ) ;
#707 = DIRECTION ( 'NONE',  ( 0.000000000000000000, 0.000000000000000000, 1.000000000000000000 ) ) ;
#708 = DIRECTION ( 'NONE',  ( -0.000000000000000000, 1.000000000000000000, 0.000000000000000000 ) ) ;
#709 = LINE ( 'NONE', #2827, #4295 ) ;
#710 = PLANE ( 'NONE',  #1454 ) ;
#711 = CARTESIAN_POINT ( 'NONE',  ( 0.04437249225549069753, -1.489057109605489870, 0.000000000000000000 ) ) ;
#712 = CIRCLE ( 'NONE', #613, 2.399999999999978595 ) ;
#713 = VERTEX_POINT ( 'NONE', #1439 ) ;
#714 = DIRECTION ( 'NONE',  ( 0.000000000000000000, 0.000000000000000000, 1.000000000000000000 ) ) ;
#715 = EDGE_CURVE ( 'NONE', #4485, #4259, #640, .T. ) ;
#716 = CIRCLE ( 'NONE', #3623, 3.599999999999995648 ) ;
#717 = DIRECTION ( 'NONE',  ( 0.000000000000000000, 1.000000000000000000, -0.000000000000000000 ) ) ;
#718 = VECTOR ( 'NONE', #3492, 1000.000000000000000 ) ;
#719 = ORIENTED_EDGE ( 'NONE', *, *, #2603, .T. ) ;
#720 = VECTOR ( 'NONE', #5025, 1000.000000000000000 ) ;
#721 = CARTESIAN_POINT ( 'NONE',  ( -10.67629223573882769, -15.69816324515254458, -0.4000582682456768624 ) ) ;
#722 = EDGE_CURVE ( 'NONE', #399, #2322, #3065, .T. ) ;
#723 = AXIS2_PLACEMENT_3D ( 'NONE', #692, #4596, #2362 ) ;
#724 = CARTESIAN_POINT ( 'NONE',  ( -9.000000000000001776, -8.291166140300479270, -3.000000000000000000 ) ) ;
#725 = VECTOR ( 'NONE', #2191, 1000.000000000000000 ) ;
#726 = CARTESIAN_POINT ( 'NONE',  ( 1.599999999999999423, 29.25128029631821036, 1.950000000000000844 ) ) ;
#727 = CARTESIAN_POINT ( 'NONE',  ( -14.30049912664548728, -8.291166140300479270, -3.000000000000000000 ) ) ;
#728 = CARTESIAN_POINT ( 'NONE',  ( -7.000000000000002665, 30.25128029631820326, -22.79898987322333781 ) ) ;
#729 = DIRECTION ( 'NONE',  ( -0.8129949950526367264, 0.000000000000000000, 0.5822706741880129266 ) ) ;
#730 = LINE ( 'NONE', #5512, #6397 ) ;
#731 = CARTESIAN_POINT ( 'NONE',  ( 17.90049912664548870, 5.391643985941803052, -3.000000000000000000 ) ) ;
#732 = ORIENTED_EDGE ( 'NONE', *, *, #422, .T. ) ;
#733 = CARTESIAN_POINT ( 'NONE',  ( -4.439339828220161266, 41.75128029631820681, -2.560660171779824079 ) ) ;
#734 = CARTESIAN_POINT ( 'NONE',  ( -6.000000000000000888, -4.691166140300482290, -2.400000000000003908 ) ) ;
#735 = LINE ( 'NONE', #6640, #300 ) ;
#736 = CARTESIAN_POINT ( 'NONE',  ( -22.78856849851096911, 12.46271179780728566, -2.399999999999989697 ) ) ;
#737 = ORIENTED_EDGE ( 'NONE', *, *, #639, .T. ) ;
#738 = EDGE_CURVE ( 'NONE', #4687, #3741, #758, .T. ) ;
#739 = EDGE_CURVE ( 'NONE', #5812, #1412, #4747, .T. ) ;
#740 = ADVANCED_FACE ( 'NONE', ( #6745 ), #4139, .T. ) ;
#741 = VECTOR ( 'NONE', #4688, 1000.000000000000000 ) ;
#742 = CARTESIAN_POINT ( 'NONE',  ( -4.753048327204941970, 42.25128029631820681, -11.04594154601834077 ) ) ;
#743 = CARTESIAN_POINT ( 'NONE',  ( 4.336808689942017736E-16, 23.45128041827299015, -3.000000000000000000 ) ) ;
#744 = CARTESIAN_POINT ( 'NONE',  ( 22.36430442979903077, 12.03844772909534555, -3.000000000000000000 ) ) ;
#745 = CYLINDRICAL_SURFACE ( 'NONE', #6237, 3.749999999999989342 ) ;
#746 = ORIENTED_EDGE ( 'NONE', *, *, #2333, .F. ) ;
#747 = DIRECTION ( 'NONE',  ( -0.5822706741880123715, 0.000000000000000000, 0.8129949950526371705 ) ) ;
#748 = ORIENTED_EDGE ( 'NONE', *, *, #4293, .T. ) ;
#749 = PRODUCT_DEFINITION ( 'UNKNOWN', '', #3742, #4077 ) ;
#750 = ADVANCED_FACE ( 'NONE', ( #99 ), #5097, .F. ) ;
#751 = AXIS2_PLACEMENT_3D ( 'NONE', #3813, #2132, #1044 ) ;
#752 = LINE ( 'NONE', #1123, #6506 ) ;
#753 = VERTEX_POINT ( 'NONE', #4243 ) ;
#754 = DIRECTION ( 'NONE',  ( 0.7229125042257159572, -0.000000000000000000, 0.6909395858062443718 ) ) ;
#755 = ORIENTED_EDGE ( 'NONE', *, *, #4127, .T. ) ;
#756 = FACE_OUTER_BOUND ( 'NONE', #150, .T. ) ;
#757 = CARTESIAN_POINT ( 'NONE',  ( -0.004513183761349496073, 42.25128029631820681, 8.795290647185000310 ) ) ;
#758 =( BOUNDED_CURVE ( )  B_SPLINE_CURVE ( 3, ( #6430, #6383, #5301, #3002 ),
 .UNSPECIFIED., .F., .T. ) 
 B_SPLINE_CURVE_WITH_KNOTS ( ( 4, 4 ),
 ( 1.570796326794897002, 3.141592653589793116 ),
 .UNSPECIFIED. ) 
 CURVE ( )  GEOMETRIC_REPRESENTATION_ITEM ( )  RATIONAL_B_SPLINE_CURVE ( ( 1.000000000000000000, 0.8047378541243650485, 0.8047378541243650485, 1.000000000000000000 ) ) 
 REPRESENTATION_ITEM ( '' )  );
#759 = ORIENTED_EDGE ( 'NONE', *, *, #5228, .T. ) ;
#760 = EDGE_CURVE ( 'NONE', #5014, #1344, #1581, .T. ) ;
#761 = AXIS2_PLACEMENT_3D ( 'NONE', #2050, #4339, #7165 ) ;
#762 = EDGE_LOOP ( 'NONE', ( #4160, #6682, #4781, #3523 ) ) ;
#763 = CARTESIAN_POINT ( 'NONE',  ( 14.30049912664548728, 3.980218421195628409, -0.5999999999999963141 ) ) ;
#764 = CARTESIAN_POINT ( 'NONE',  ( 3.000000000000000000, 22.64160859442493745, 1.136991343025268497 ) ) ;
#765 = VERTEX_POINT ( 'NONE', #2495 ) ;
#766 = CARTESIAN_POINT ( 'NONE',  ( -6.057816332563604966, 30.25128029631820326, 4.740207675323311776 ) ) ;
#767 = ORIENTED_EDGE ( 'NONE', *, *, #6273, .T. ) ;
#768 = DIRECTION ( 'NONE',  ( 0.000000000000000000, 0.000000000000000000, 1.000000000000000000 ) ) ;
#769 = EDGE_CURVE ( 'NONE', #6284, #7150, #3962, .T. ) ;
#770 = AXIS2_PLACEMENT_3D ( 'NONE', #4242, #6990, #2470 ) ;
#771 = CYLINDRICAL_SURFACE ( 'NONE', #705, 0.2500000000000000000 ) ;
#772 = ORIENTED_EDGE ( 'NONE', *, *, #1781, .F. ) ;
#773 = CARTESIAN_POINT ( 'NONE',  ( -3.378679656440342072, 40.25128029631820681, -3.000000000000000000 ) ) ;
#774 = ORIENTED_EDGE ( 'NONE', *, *, #4547, .F. ) ;
#775 = ORIENTED_EDGE ( 'NONE', *, *, #6326, .F. ) ;
#776 = CARTESIAN_POINT ( 'NONE',  ( -25.11750068664549573, 5.391643985941802164, 0.000000000000000000 ) ) ;
#777 = ADVANCED_FACE ( 'NONE', ( #5448 ), #5284, .T. ) ;
#778 = CARTESIAN_POINT ( 'NONE',  ( 0.7198066892955853335, 26.16506061514335357, 0.8861791904892606375 ) ) ;
#779 = DIRECTION ( 'NONE',  ( 0.000000000000000000, -0.7071067811865474617, 0.7071067811865474617 ) ) ;
#780 = LINE ( 'NONE', #3175, #6261 ) ;
#781 = ORIENTED_EDGE ( 'NONE', *, *, #5806, .F. ) ;
#782 = DIRECTION ( 'NONE',  ( -1.000000000000000000, 0.000000000000000000, 0.000000000000000000 ) ) ;
#783 = EDGE_LOOP ( 'NONE', ( #1509, #6389, #5355, #6234, #4698 ) ) ;
#784 = CARTESIAN_POINT ( 'NONE',  ( -17.90049912664548160, 3.980218421195628409, -3.000000000000000000 ) ) ;
#785 = ORIENTED_EDGE ( 'NONE', *, *, #4815, .F. ) ;
#786 = EDGE_CURVE ( 'NONE', #4098, #6250, #1065, .T. ) ;
#787 = EDGE_LOOP ( 'NONE', ( #392, #2351, #1016, #7147, #949 ) ) ;
#788 = CARTESIAN_POINT ( 'NONE',  ( -2.100000000000000089, 42.25128029631820681, 1.450000000000000844 ) ) ;
#789 = DIRECTION ( 'NONE',  ( -1.000000000000000000, 0.000000000000000000, 0.000000000000000000 ) ) ;
#790 = FACE_OUTER_BOUND ( 'NONE', #4552, .T. ) ;
#791 = AXIS2_PLACEMENT_3D ( 'NONE', #3387, #696, #4058 ) ;
#792 = CARTESIAN_POINT ( 'NONE',  ( -4.747590588916565046, 30.25251712457007258, 6.500000000000000000 ) ) ;
#793 = LINE ( 'NONE', #4316, #5850 ) ;
#794 = EDGE_CURVE ( 'NONE', #2843, #1681, #6573, .T. ) ;
#795 = VECTOR ( 'NONE', #2673, 1000.000000000000114 ) ;
#796 = FACE_OUTER_BOUND ( 'NONE', #3899, .T. ) ;
#797 = ORIENTED_EDGE ( 'NONE', *, *, #822, .F. ) ;
#798 = CARTESIAN_POINT ( 'NONE',  ( -9.000000000000001776, -7.691166140300482290, -0.5999999999999894307 ) ) ;
#799 = CARTESIAN_POINT ( 'NONE',  ( -3.000000000000000000, 22.82301014895030988, 1.259010250369175798 ) ) ;
#800 = DIRECTION ( 'NONE',  ( -1.734723475976807094E-15, 0.000000000000000000, 1.000000000000000000 ) ) ;
#801 = DIRECTION ( 'NONE',  ( -0.000000000000000000, 0.000000000000000000, 1.000000000000000000 ) ) ;
#802 = CARTESIAN_POINT ( 'NONE',  ( -14.30049912664548728, -7.691166140300484066, -2.400000000000003908 ) ) ;
#803 = CARTESIAN_POINT ( 'NONE',  ( 0.000000000000000000, 35.25128029631821391, 1.950000000000000400 ) ) ;
#804 = VECTOR ( 'NONE', #2437, 1000.000000000000114 ) ;
#805 = ORIENTED_EDGE ( 'NONE', *, *, #4637, .T. ) ;
#806 = CARTESIAN_POINT ( 'NONE',  ( 7.000000000000000000, 40.25128029631820681, 5.000000000000000888 ) ) ;
#807 = DIRECTION ( 'NONE',  ( -0.000000000000000000, -0.000000000000000000, 1.000000000000000000 ) ) ;
#808 = CARTESIAN_POINT ( 'NONE',  ( 3.622919641721424000, 28.75128029631821036, 4.999999999999999112 ) ) ;
#809 = ADVANCED_FACE ( 'NONE', ( #4405 ), #4265, .F. ) ;
#810 = EDGE_CURVE ( 'NONE', #7146, #6349, #3796, .T. ) ;
#811 = AXIS2_PLACEMENT_3D ( 'NONE', #1105, #5581, #2223 ) ;
#812 = CIRCLE ( 'NONE', #6514, 0.5000000000000004441 ) ;
#813 = EDGE_LOOP ( 'NONE', ( #4789, #2542, #1579, #1616 ) ) ;
#814 = ORIENTED_EDGE ( 'NONE', *, *, #3613, .F. ) ;
#815 = DIRECTION ( 'NONE',  ( 0.000000000000000000, -0.000000000000000000, 1.000000000000000000 ) ) ;
#816 = CARTESIAN_POINT ( 'NONE',  ( -1.600000000000000311, 33.46242591431838065, 1.950000000000000400 ) ) ;
#817 = ORIENTED_EDGE ( 'NONE', *, *, #6327, .F. ) ;
#818 = EDGE_LOOP ( 'NONE', ( #6076, #6262, #3453, #6623 ) ) ;
#819 = LINE ( 'NONE', #3293, #6916 ) ;
#820 = CARTESIAN_POINT ( 'NONE',  ( -25.11750068664549929, 5.391643985941802164, 0.000000000000000000 ) ) ;
#821 = VECTOR ( 'NONE', #6239, 1000.000000000000000 ) ;
#822 = EDGE_CURVE ( 'NONE', #399, #2418, #2464, .T. ) ;
#823 = AXIS2_PLACEMENT_3D ( 'NONE', #4699, #4118, #5767 ) ;
#824 = DIRECTION ( 'NONE',  ( -0.000000000000000000, 1.000000000000000000, -0.000000000000000000 ) ) ;
#825 = CARTESIAN_POINT ( 'NONE',  ( -2.896446609406725603, 22.95128041827299015, 1.345290647185026556 ) ) ;
#826 = DIRECTION ( 'NONE',  ( -0.000000000000000000, -0.000000000000000000, -1.000000000000000000 ) ) ;
#827 = DIRECTION ( 'NONE',  ( 0.7229125042257157352, 0.000000000000000000, -0.6909395858062443718 ) ) ;
#828 = DIRECTION ( 'NONE',  ( -0.8115632665127211487, 0.000000000000000000, -0.5842645500517742452 ) ) ;
#829 = DIRECTION ( 'NONE',  ( 0.000000000000000000, 1.000000000000000000, -3.469446951953611033E-15 ) ) ;
#830 = FACE_OUTER_BOUND ( 'NONE', #2244, .T. ) ;
#831 = ORIENTED_EDGE ( 'NONE', *, *, #4815, .T. ) ;
#832 = CARTESIAN_POINT ( 'NONE',  ( 15.71750068664550604, -8.291166140300479270, -3.000000000000000000 ) ) ;
#833 = DIRECTION ( 'NONE',  ( -0.000000000000000000, -0.000000000000000000, -1.000000000000000000 ) ) ;
#834 = CARTESIAN_POINT ( 'NONE',  ( -3.000000000000000000, 0.000000000000000000, 0.000000000000000000 ) ) ;
#835 = AXIS2_PLACEMENT_3D ( 'NONE', #6717, #1057, #3943 ) ;
#836 = FACE_OUTER_BOUND ( 'NONE', #1886, .T. ) ;
#837 = ORIENTED_EDGE ( 'NONE', *, *, #6812, .T. ) ;
#839 = EDGE_CURVE ( 'NONE', #3747, #3370, #5872, .T. ) ;
#838 = DIRECTION ( 'NONE',  ( -0.000000000000000000, -0.000000000000000000, -1.000000000000000000 ) ) ;
#840 = VERTEX_POINT ( 'NONE', #3729 ) ;
#841 = ORIENTED_EDGE ( 'NONE', *, *, #3720, .T. ) ;
#842 = CONICAL_SURFACE ( 'NONE', #969, 3.000000000000000000, 0.7853981633974511656 ) ;
#843 = CARTESIAN_POINT ( 'NONE',  ( -4.336808689942017736E-16, 23.45128041827299015, -2.399999999999983036 ) ) ;
#844 = ORIENTED_EDGE ( 'NONE', *, *, #1086, .T. ) ;
#845 = DIRECTION ( 'NONE',  ( 0.000000000000000000, 0.000000000000000000, 1.000000000000000000 ) ) ;
#846 = ORIENTED_EDGE ( 'NONE', *, *, #7129, .T. ) ;
#847 = AXIS2_PLACEMENT_3D ( 'NONE', #3537, #1917, #5266 ) ;
#848 = DIRECTION ( 'NONE',  ( 0.000000000000000000, 0.000000000000000000, 1.000000000000000000 ) ) ;
#849 = DIRECTION ( 'NONE',  ( -0.4999999999999959477, -0.4999999999999980016, 0.7071067811865517916 ) ) ;
#850 = ADVANCED_FACE ( 'NONE', ( #2723 ), #3704, .T. ) ;
#851 = CARTESIAN_POINT ( 'NONE',  ( -0.004513183761349496073, 41.75128029631820681, 8.795290647185000310 ) ) ;
#852 = CARTESIAN_POINT ( 'NONE',  ( 2.586510263012057553, 28.75128029631821036, 6.084368756338572659 ) ) ;
#853 = ORIENTED_EDGE ( 'NONE', *, *, #554, .F. ) ;
#854 = CARTESIAN_POINT ( 'NONE',  ( 15.71750068664550604, 5.391643985941802164, 0.000000000000000000 ) ) ;
#855 = ORIENTED_EDGE ( 'NONE', *, *, #890, .T. ) ;
#856 = ORIENTED_EDGE ( 'NONE', *, *, #1186, .T. ) ;
#857 = EDGE_CURVE ( 'NONE', #1914, #430, #1515, .T. ) ;
#858 = AXIS2_PLACEMENT_3D ( 'NONE', #7206, #5524, #2168 ) ;
#859 = VERTEX_POINT ( 'NONE', #2669 ) ;
#860 = ADVANCED_FACE ( 'NONE', ( #3612 ), #2003, .T. ) ;
#861 = CARTESIAN_POINT ( 'NONE',  ( -2.100000000000000089, 42.25128029631820681, 1.450000000000000844 ) ) ;
#862 = VERTEX_POINT ( 'NONE', #434 ) ;
#863 = ORIENTED_EDGE ( 'NONE', *, *, #5481, .F. ) ;
#864 = VECTOR ( 'NONE', #884, 1000.000000000000000 ) ;
#865 = ORIENTED_EDGE ( 'NONE', *, *, #1614, .F. ) ;
#866 = ORIENTED_EDGE ( 'NONE', *, *, #648, .T. ) ;
#867 = EDGE_CURVE ( 'NONE', #399, #6432, #6827, .T. ) ;
#868 = AXIS2_PLACEMENT_3D ( 'NONE', #4475, #6171, #5062 ) ;
#869 = LINE ( 'NONE', #1850, #520 ) ;
#870 = ORIENTED_EDGE ( 'NONE', *, *, #6688, .F. ) ;
#871 = DIRECTION ( 'NONE',  ( -1.000000000000000000, 0.000000000000000000, 0.000000000000000000 ) ) ;
#872 = CARTESIAN_POINT ( 'NONE',  ( 6.560660171779819194, 42.25128029631820681, -0.4393398282201760874 ) ) ;
#873 = CARTESIAN_POINT ( 'NONE',  ( 2.750000000000000444, 23.48663575733231568, 1.268811313033693988 ) ) ;
#874 = DIRECTION ( 'NONE',  ( 0.000000000000000000, -1.000000000000000000, -0.000000000000000000 ) ) ;
#875 = LINE ( 'NONE', #6892, #4202 ) ;
#876 = DIRECTION ( 'NONE',  ( 0.000000000000000000, 0.000000000000000000, 1.000000000000000000 ) ) ;
#877 = FACE_OUTER_BOUND ( 'NONE', #4947, .T. ) ;
#878 = ORIENTED_EDGE ( 'NONE', *, *, #1096, .F. ) ;
#879 = AXIS2_PLACEMENT_3D ( 'NONE', #6309, #6868, #4684 ) ;
#880 = EDGE_CURVE ( 'NONE', #7086, #3889, #902, .T. ) ;
#881 = EDGE_CURVE ( 'NONE', #2252, #6566, #3418, .T. ) ;
#882 = B_SPLINE_CURVE_WITH_KNOTS ( 'NONE', 3,
 ( #4311, #5427, #2685, #6609, #2067, #3744, #7159 ),
 .UNSPECIFIED., .F., .F.,
 ( 4, 3, 4 ),
 ( 0.000000000000000000, 7.000235050016204120E-05, 0.0001930726342062835969 ),
 .UNSPECIFIED. ) ;
#883 = VECTOR ( 'NONE', #1131, 1000.000000000000000 ) ;
#884 = DIRECTION ( 'NONE',  ( -1.000000000000000000, -1.241526754781063561E-15, 0.000000000000000000 ) ) ;
#885 = CYLINDRICAL_SURFACE ( 'NONE', #1619, 3.000000000000000000 ) ;
#886 = VERTEX_POINT ( 'NONE', #5908 ) ;
#887 = DIRECTION ( 'NONE',  ( -0.000000000000000000, 1.000000000000000000, 0.000000000000000000 ) ) ;
#888 = ORIENTED_EDGE ( 'NONE', *, *, #4959, .T. ) ;
#889 = CARTESIAN_POINT ( 'NONE',  ( 11.55106423286595962, -15.31148179571996337, -2.799994162681688437 ) ) ;
#890 = EDGE_CURVE ( 'NONE', #6608, #181, #3242, .T. ) ;
#891 = LINE ( 'NONE', #2805, #2625 ) ;
#892 = DIRECTION ( 'NONE',  ( -0.000000000000000000, 1.000000000000000000, -0.000000000000000000 ) ) ;
#893 = ADVANCED_FACE ( 'NONE', ( #2890, #2020, #1750, #5360, #469, #5610 ), #2568, .F. ) ;
#894 = CARTESIAN_POINT ( 'NONE',  ( 6.500000000000003553, 28.75128029631820681, 0.000000000000000000 ) ) ;
#895 = FACE_OUTER_BOUND ( 'NONE', #3604, .T. ) ;
#896 = EDGE_LOOP ( 'NONE', ( #5654, #2053, #400, #2774 ) ) ;
#897 = CARTESIAN_POINT ( 'NONE',  ( -6.560660171779819194, 41.75128029631820681, -0.4393398282201759208 ) ) ;
#898 = APPLICATION_CONTEXT ( 'automotive_design' ) ;
#899 = CARTESIAN_POINT ( 'NONE',  ( -1.510856933140745095, 26.07263958663785530, 0.6780507151896769669 ) ) ;
#900 = CARTESIAN_POINT ( 'NONE',  ( 14.30049912664548728, 3.980218421195628409, 0.000000000000000000 ) ) ;
#901 = CARTESIAN_POINT ( 'NONE',  ( -17.90049912664547804, 3.980218421195628409, 0.000000000000000000 ) ) ;
#902 = CIRCLE ( 'NONE', #6449, 0.5000000000000000000 ) ;
#903 = CONICAL_SURFACE ( 'NONE', #671, 3.600000000000000977, 0.7853981633974418397 ) ;
#904 = VERTEX_POINT ( 'NONE', #918 ) ;
#905 = CARTESIAN_POINT ( 'NONE',  ( 3.000000000000000000, 22.64160859442493745, 1.136991343025268497 ) ) ;
#906 = EDGE_CURVE ( 'NONE', #3539, #2093, #293, .T. ) ;
#907 = ORIENTED_EDGE ( 'NONE', *, *, #3969, .F. ) ;
#908 = AXIS2_PLACEMENT_3D ( 'NONE', #3222, #2679, #5466 ) ;
#909 = DIRECTION ( 'NONE',  ( 0.000000000000000000, -1.734723475976807094E-15, -1.000000000000000000 ) ) ;
#910 = VECTOR ( 'NONE', #1030, 1000.000000000000000 ) ;
#911 = ORIENTED_EDGE ( 'NONE', *, *, #1320, .F. ) ;
#912 = ORIENTED_EDGE ( 'NONE', *, *, #4530, .F. ) ;
#913 = CARTESIAN_POINT ( 'NONE',  ( -3.249999999999999112, 12.35128041827296741, -3.000000000000000000 ) ) ;
#914 = DIRECTION ( 'NONE',  ( 0.000000000000000000, 1.000000000000000000, -0.000000000000000000 ) ) ;
#915 = EDGE_LOOP ( 'NONE', ( #4717, #4008, #7134, #6305 ) ) ;
#916 = DIRECTION ( 'NONE',  ( 0.000000000000000000, 0.000000000000000000, 1.000000000000000000 ) ) ;
#917 = CARTESIAN_POINT ( 'NONE',  ( 4.911353370940068963, 30.25128029631820326, -2.246090050198743526 ) ) ;
#918 = CARTESIAN_POINT ( 'NONE',  ( 7.000000000000000000, 41.75128029631820681, 5.000000000000000888 ) ) ;
#919 = APPLICATION_PROTOCOL_DEFINITION ( 'draft international standard', 'automotive_design', 1998, #5390 ) ;
#920 = EDGE_CURVE ( 'NONE', #6232, #4758, #5184, .T. ) ;
#921 = CARTESIAN_POINT ( 'NONE',  ( -0.7198066892955968799, 26.16506061514327186, 0.8861791904892720728 ) ) ;
#922 = VECTOR ( 'NONE', #4920, 1000.000000000000000 ) ;
#923 = CARTESIAN_POINT ( 'NONE',  ( 11.55619151688073565, -15.11147595840165003, -3.000000000000000000 ) ) ;
#924 = CONICAL_SURFACE ( 'NONE', #61, 2.225000000000025402, 0.7853981633974419507 ) ;
#925 = EDGE_LOOP ( 'NONE', ( #1975, #1254, #1881, #5463, #3432 ) ) ;
#926 = ADVANCED_FACE ( 'NONE', ( #7005 ), #4566, .T. ) ;
#927 = EDGE_LOOP ( 'NONE', ( #4183, #2002, #327, #4167 ) ) ;
#928 = DIRECTION ( 'NONE',  ( 0.000000000000000000, 0.000000000000000000, 1.000000000000000000 ) ) ;
#929 = VECTOR ( 'NONE', #4147, 1000.000000000000000 ) ;
#930 = AXIS2_PLACEMENT_3D ( 'NONE', #2647, #7089, #407 ) ;
#931 = EDGE_CURVE ( 'NONE', #2830, #5074, #1413, .T. ) ;
#932 = ORIENTED_EDGE ( 'NONE', *, *, #3170, .T. ) ;
#933 = ORIENTED_EDGE ( 'NONE', *, *, #6287, .F. ) ;
#934 = CARTESIAN_POINT ( 'NONE',  ( 5.652034699307244558, 39.75128029631820681, 4.448075400297425652 ) ) ;
#935 = ORIENTED_EDGE ( 'NONE', *, *, #2620, .T. ) ;
#936 = AXIS2_PLACEMENT_3D ( 'NONE', #3318, #2776, #6618 ) ;
#937 = ORIENTED_EDGE ( 'NONE', *, *, #3320, .T. ) ;
#938 = CARTESIAN_POINT ( 'NONE',  ( 0.001479108545771457787, -18.88869427547070146, 0.000000000000000000 ) ) ;
#939 = DIRECTION ( 'NONE',  ( -0.000000000000000000, -1.000000000000000000, 0.000000000000000000 ) ) ;
#940 = CARTESIAN_POINT ( 'NONE',  ( -4.370332818530347829, 30.75128029631820326, 6.228402762220408562 ) ) ;
#941 = CARTESIAN_POINT ( 'NONE',  ( 11.53949928283222270, -15.71147595840166566, -2.399999999999989697 ) ) ;
#942 = LINE ( 'NONE', #2435, #5737 ) ;
#943 = ORIENTED_EDGE ( 'NONE', *, *, #5149, .F. ) ;
#944 = EDGE_LOOP ( 'NONE', ( #4585, #267, #4956, #682 ) ) ;
#945 = ORIENTED_EDGE ( 'NONE', *, *, #3488, .T. ) ;
#946 = EDGE_CURVE ( 'NONE', #4426, #3946, #5528, .T. ) ;
#947 = AXIS2_PLACEMENT_3D ( 'NONE', #6083, #1193, #2175 ) ;
#948 = FACE_OUTER_BOUND ( 'NONE', #3181, .T. ) ;
#949 = ORIENTED_EDGE ( 'NONE', *, *, #738, .F. ) ;
#950 = DIRECTION ( 'NONE',  ( 1.000000000000000000, 0.000000000000000000, 0.000000000000000000 ) ) ;
#951 = PLANE ( 'NONE',  #3745 ) ;
#952 = ORIENTED_EDGE ( 'NONE', *, *, #3197, .F. ) ;
#953 = CARTESIAN_POINT ( 'NONE',  ( 4.747590588916565046, 30.25251712457007258, 6.500000000000000000 ) ) ;
#954 = ORIENTED_EDGE ( 'NONE', *, *, #6702, .F. ) ;
#955 = CYLINDRICAL_SURFACE ( 'NONE', #4322, 0.2500000000000003331 ) ;
#956 = ORIENTED_EDGE ( 'NONE', *, *, #4437, .F. ) ;
#957 = CARTESIAN_POINT ( 'NONE',  ( 4.226611921878633506E-15, -19.48869245233285596, -0.5999999999999929834 ) ) ;
#958 = EDGE_CURVE ( 'NONE', #6657, #96, #3697, .T. ) ;
#959 = EDGE_CURVE ( 'NONE', #112, #2210, #2370, .T. ) ;
#960 = AXIS2_PLACEMENT_3D ( 'NONE', #597, #6666, #1650 ) ;
#961 = FACE_OUTER_BOUND ( 'NONE', #7232, .T. ) ;
#962 = DIRECTION ( 'NONE',  ( 1.000000000000000000, 0.000000000000000000, -2.920558888920712926E-16 ) ) ;
#963 = ADVANCED_FACE ( 'NONE', ( #5693 ), #2215, .F. ) ;
#964 = ORIENTED_EDGE ( 'NONE', *, *, #4046, .F. ) ;
#965 = DIRECTION ( 'NONE',  ( -1.858632295689435856E-16, 1.000000000000000000, 0.000000000000000000 ) ) ;
#966 = CARTESIAN_POINT ( 'NONE',  ( -1.384952188712405441, 25.88954832833343644, 0.9255380886049630051 ) ) ;
#967 = CIRCLE ( 'NONE', #1652, 0.5000000000000004441 ) ;
#968 = DIRECTION ( 'NONE',  ( -0.000000000000000000, 1.000000000000000000, -0.000000000000000000 ) ) ;
#969 = AXIS2_PLACEMENT_3D ( 'NONE', #5868, #3053, #291 ) ;
#970 = TOROIDAL_SURFACE ( 'NONE', #2886, 1.000000000000000000, 0.5000000000000000000 ) ;
#971 = DIRECTION ( 'NONE',  ( 0.000000000000000000, 1.000000000000000000, 0.000000000000000000 ) ) ;
#972 = EDGE_CURVE ( 'NONE', #5249, #1637, #2193, .T. ) ;
#973 = B_SPLINE_CURVE_WITH_KNOTS ( 'NONE', 3,
 ( #2655, #6066, #6651, #7176 ),
 .UNSPECIFIED., .F., .F.,
 ( 4, 4 ),
 ( 0.000000000000000000, 0.0002617147641092072989 ),
 .UNSPECIFIED. ) ;
#974 = EDGE_LOOP ( 'NONE', ( #4682, #2419, #4269, #475 ) ) ;
#975 = CARTESIAN_POINT ( 'NONE',  ( -6.980057733380437668, 28.59474429409019081, -0.05332121637801812836 ) ) ;
#976 = CARTESIAN_POINT ( 'NONE',  ( 15.71750068664553091, -15.11147595840164470, -3.000000000000000000 ) ) ;
#977 = CARTESIAN_POINT ( 'NONE',  ( -22.71750068664549005, -15.11147595840165536, 0.000000000000000000 ) ) ;
#978 = CARTESIAN_POINT ( 'NONE',  ( 4.075974153824395430, 30.67505316356327327, 6.500000000000000000 ) ) ;
#979 =( BOUNDED_SURFACE ( )  B_SPLINE_SURFACE ( 3, 2, ( 
 ( #1803, #1751, #3526 ),
 ( #701, #178, #6818 ),
 ( #778, #1297, #4094 ),
 ( #2318, #5151, #5668 ),
 ( #5772, #2423, #6334 ),
 ( #206, #4123, #4064 ),
 ( #6227, #5718, #1266 ),
 ( #2881, #6279, #6791 ),
 ( #3446, #101, #4016 ),
 ( #3471, #677, #4579 ) ),
 .UNSPECIFIED., .F., .F., .T. ) 
 B_SPLINE_SURFACE_WITH_KNOTS ( ( 4, 2, 2, 2, 4 ),
 ( 3, 3 ),
 ( 0.000000000000000000, 0.3926990816987241395, 0.7853981633974482790, 1.178097245096172418, 1.570796326794896558 ),
 ( 0.000000000000000000, 1.000000000000000000 ),
 .UNSPECIFIED. ) 
 GEOMETRIC_REPRESENTATION_ITEM ( )  RATIONAL_B_SPLINE_SURFACE ( (
 ( 1.000000000000000000, 0.7554539549957053346, 1.000000000000000000),
 ( 1.000000000000000000, 0.7554586506768206089, 1.000000000000000000),
 ( 1.000000000000000000, 0.7542385675295738556, 1.000000000000000000),
 ( 1.000000000000000000, 0.7495275688677197623, 1.000000000000000000),
 ( 1.000000000000000000, 0.7460324764081065485, 1.000000000000000000),
 ( 1.000000000000000000, 0.7372072210110243162, 1.000000000000000000),
 ( 1.000000000000000000, 0.7318783544775062655, 1.000000000000000000),
 ( 1.000000000000000000, 0.7200993381986708908, 1.000000000000000000),
 ( 1.000000000000000000, 0.7136543720659453971, 1.000000000000000000),
 ( 1.000000000000000000, 0.7071067811865475727, 1.000000000000000000) ) ) 
 REPRESENTATION_ITEM ( '' )  SURFACE ( )  );
#980 = ORIENTED_EDGE ( 'NONE', *, *, #193, .T. ) ;
#981 = VECTOR ( 'NONE', #3975, 1000.000000000000114 ) ;
#982 = DIRECTION ( 'NONE',  ( 0.000000000000000000, 0.000000000000000000, 1.000000000000000000 ) ) ;
#983 = CARTESIAN_POINT ( 'NONE',  ( 3.000000000000000000, 0.000000000000000000, 0.000000000000000000 ) ) ;
#984 = ORIENTED_EDGE ( 'NONE', *, *, #5557, .F. ) ;
#985 = VECTOR ( 'NONE', #140, 1000.000000000000000 ) ;
#986 = ORIENTED_EDGE ( 'NONE', *, *, #5857, .T. ) ;
#987 = VERTEX_POINT ( 'NONE', #5504 ) ;
#988 = DIRECTION ( 'NONE',  ( -0.8129949950526367264, 0.000000000000000000, 0.5822706741880129266 ) ) ;
#989 = VERTEX_POINT ( 'NONE', #3871 ) ;
#990 = CARTESIAN_POINT ( 'NONE',  ( 20.30049912664548373, -1.528473728810500365, -3.000000000000000000 ) ) ;
#991 = CARTESIAN_POINT ( 'NONE',  ( 25.11750068664549573, -12.71147595840164257, 0.000000000000000000 ) ) ;
#992 = DIRECTION ( 'NONE',  ( -0.000000000000000000, -0.000000000000000000, -1.000000000000000000 ) ) ;
#993 = VECTOR ( 'NONE', #2170, 1000.000000000000000 ) ;
#994 = EDGE_CURVE ( 'NONE', #1993, #1362, #2282, .T. ) ;
#996 = AXIS2_PLACEMENT_3D ( 'NONE', #1345, #175, #2368 ) ;
#995 = CARTESIAN_POINT ( 'NONE',  ( 2.099999999999999645, 42.25128029631820681, 3.050000000000000711 ) ) ;
#997 = LINE ( 'NONE', #4462, #3068 ) ;
#998 = CARTESIAN_POINT ( 'NONE',  ( 4.082675609903963831, 40.25128029631819970, -2.832894084793184053 ) ) ;
#999 = ADVANCED_FACE ( 'NONE', ( #4038 ), #5439, .T. ) ;
#1000 = CARTESIAN_POINT ( 'NONE',  ( -1.600000000000000311, 29.25128029631821036, 1.950000000000000844 ) ) ;
#1001 = CARTESIAN_POINT ( 'NONE',  ( 4.100000000000016520, 23.95128041827299015, -3.000000000000000000 ) ) ;
#1002 = FACE_OUTER_BOUND ( 'NONE', #5035, .T. ) ;
#1003 = CARTESIAN_POINT ( 'NONE',  ( 2.999999999999998668, 22.82301014895031344, 1.259010250369178019 ) ) ;
#1004 = ORIENTED_EDGE ( 'NONE', *, *, #1051, .F. ) ;
#1005 = EDGE_CURVE ( 'NONE', #4399, #886, #5006, .T. ) ;
#1006 = VECTOR ( 'NONE', #2521, 1000.000000000000000 ) ;
#1007 = ORIENTED_EDGE ( 'NONE', *, *, #2587, .F. ) ;
#1008 = EDGE_LOOP ( 'NONE', ( #5206, #4569, #3442, #6783 ) ) ;
#1009 = DIRECTION ( 'NONE',  ( 0.000000000000000000, 1.000000000000000000, 0.000000000000000000 ) ) ;
#1010 = ORIENTED_EDGE ( 'NONE', *, *, #5618, .F. ) ;
#1011 = AXIS2_PLACEMENT_3D ( 'NONE', #6141, #5082, #5033 ) ;
#1012 = DIRECTION ( 'NONE',  ( -1.000000000000000000, -0.000000000000000000, -0.000000000000000000 ) ) ;
#1013 = DIRECTION ( 'NONE',  ( 0.000000000000000000, 0.000000000000000000, 1.000000000000000000 ) ) ;
#1014 = DIRECTION ( 'NONE',  ( -0.7071067811865474617, 0.000000000000000000, -0.7071067811865475727 ) ) ;
#1015 = EDGE_CURVE ( 'NONE', #3086, #6608, #819, .T. ) ;
#1016 = ORIENTED_EDGE ( 'NONE', *, *, #4270, .F. ) ;
#1018 = EDGE_CURVE ( 'NONE', #571, #5329, #1223, .T. ) ;
#1017 = CARTESIAN_POINT ( 'NONE',  ( 10.56851974637499225, -15.52890760847669860, -0.2000445141484169242 ) ) ;
#1019 = DIRECTION ( 'NONE',  ( 1.000000000000000000, 0.000000000000000000, 0.000000000000000000 ) ) ;
#1020 = ORIENTED_EDGE ( 'NONE', *, *, #3954, .T. ) ;
#1021 = CARTESIAN_POINT ( 'NONE',  ( 3.518639587877653074, 40.22080301115964573, -3.000000000000089262 ) ) ;
#1022 = ORIENTED_EDGE ( 'NONE', *, *, #2984, .T. ) ;
#1023 = DIRECTION ( 'NONE',  ( -1.000000000000000000, -0.000000000000000000, -0.000000000000000000 ) ) ;
#1024 = DIRECTION ( 'NONE',  ( -0.000000000000000000, -1.000000000000000000, 0.000000000000000000 ) ) ;
#1025 = VERTEX_POINT ( 'NONE', #1767 ) ;
#1027 = EDGE_CURVE ( 'NONE', #1663, #4399, #5862, .T. ) ;
#1026 = DIRECTION ( 'NONE',  ( 0.7071067811865430208, 0.000000000000000000, 0.7071067811865521247 ) ) ;
#1028 = ORIENTED_EDGE ( 'NONE', *, *, #1444, .F. ) ;
#1029 = ORIENTED_EDGE ( 'NONE', *, *, #6702, .T. ) ;
#1030 = DIRECTION ( 'NONE',  ( -1.000000000000000000, 0.000000000000000000, 0.000000000000000000 ) ) ;
#1031 = ORIENTED_EDGE ( 'NONE', *, *, #5011, .T. ) ;
#1032 = ADVANCED_FACE ( 'NONE', ( #5687 ), #1140, .T. ) ;
#1033 = AXIS2_PLACEMENT_3D ( 'NONE', #983, #1527, #2661 ) ;
#1034 = ORIENTED_EDGE ( 'NONE', *, *, #5086, .F. ) ;
#1035 = CARTESIAN_POINT ( 'NONE',  ( 17.30049912664549083, -4.691166140300482290, -2.399999999999990585 ) ) ;
#1036 = CARTESIAN_POINT ( 'NONE',  ( 6.207106781186546129, 41.75128029631820681, -0.08578643762690137120 ) ) ;
#1037 = VECTOR ( 'NONE', #7060, 1000.000000000000000 ) ;
#1038 = CARTESIAN_POINT ( 'NONE',  ( -0.004513183761349496073, -19.48869245233285241, 8.795290647185000310 ) ) ;
#1039 = LINE ( 'NONE', #6713, #2763 ) ;
#1040 = VERTEX_POINT ( 'NONE', #6220 ) ;
#1041 = CIRCLE ( 'NONE', #723, 0.5000000000000000000 ) ;
#1042 = EDGE_CURVE ( 'NONE', #4865, #5332, #5088, .T. ) ;
#1043 = LINE ( 'NONE', #4535, #3845 ) ;
#1044 = DIRECTION ( 'NONE',  ( -1.000000000000000000, 0.000000000000000000, 0.000000000000000000 ) ) ;
#1045 = DIRECTION ( 'NONE',  ( 0.000000000000000000, 0.000000000000000000, -1.000000000000000000 ) ) ;
#1046 = LINE ( 'NONE', #2056, #4723 ) ;
#1047 = PLANE ( 'NONE',  #1093 ) ;
#1048 = FACE_OUTER_BOUND ( 'NONE', #2033, .T. ) ;
#1049 = LINE ( 'NONE', #2025, #3311 ) ;
#1050 = ORIENTED_EDGE ( 'NONE', *, *, #6009, .F. ) ;
#1051 = EDGE_CURVE ( 'NONE', #2313, #1914, #4830, .T. ) ;
#1052 = AXIS2_PLACEMENT_3D ( 'NONE', #4096, #754, #2448 ) ;
#1053 = DIRECTION ( 'NONE',  ( -0.000000000000000000, 1.000000000000000000, 0.000000000000000000 ) ) ;
#1054 = VECTOR ( 'NONE', #4654, 1000.000000000000000 ) ;
#1055 = DIRECTION ( 'NONE',  ( 1.000000000000000000, 0.000000000000000000, 0.000000000000000000 ) ) ;
#1056 = DIRECTION ( 'NONE',  ( -1.000000000000000000, 0.000000000000000000, 0.000000000000000000 ) ) ;
#1057 = DIRECTION ( 'NONE',  ( 1.000000000000000000, 0.000000000000000000, 0.000000000000000000 ) ) ;
#1058 = AXIS2_PLACEMENT_3D ( 'NONE', #180, #1835, #1861 ) ;
#1059 = EDGE_CURVE ( 'NONE', #2218, #5554, #4126, .T. ) ;
#1060 = ORIENTED_EDGE ( 'NONE', *, *, #554, .T. ) ;
#1061 = ADVANCED_FACE ( 'NONE', ( #3945 ), #2971, .F. ) ;
#1062 = FACE_OUTER_BOUND ( 'NONE', #5805, .T. ) ;
#1063 = DIRECTION ( 'NONE',  ( -0.8129949950526367264, 0.000000000000000000, 0.5822706741880129266 ) ) ;
#1064 = DIRECTION ( 'NONE',  ( -1.000000000000000000, 0.000000000000000000, 0.000000000000000000 ) ) ;
#1065 = LINE ( 'NONE', #2646, #2113 ) ;
#1066 = LINE ( 'NONE', #2357, #1755 ) ;
#1067 = AXIS2_PLACEMENT_3D ( 'NONE', #3517, #3574, #4115 ) ;
#1068 = CARTESIAN_POINT ( 'NONE',  ( 16.42181947020512567, 6.101538764755273014, -3.000000000000000000 ) ) ;
#1069 = FACE_OUTER_BOUND ( 'NONE', #3591, .T. ) ;
#1070 = ORIENTED_EDGE ( 'NONE', *, *, #7156, .F. ) ;
#1071 = DIRECTION ( 'NONE',  ( -1.000000000000000000, 0.000000000000000000, 0.000000000000000000 ) ) ;
#1072 = CARTESIAN_POINT ( 'NONE',  ( 25.71750068664550426, 5.391643985941803052, -0.6000000000000033085 ) ) ;
#1073 = CARTESIAN_POINT ( 'NONE',  ( 5.500000000000002665, 28.75128029631820681, 6.000000000000000000 ) ) ;
#1074 = CARTESIAN_POINT ( 'NONE',  ( 11.44991134358651408, -17.18300987160148807, -2.399999999999989697 ) ) ;
#1075 = EDGE_CURVE ( 'NONE', #5487, #987, #2701, .T. ) ;
#1076 = VERTEX_POINT ( 'NONE', #2797 ) ;
#1078 = AXIS2_PLACEMENT_3D ( 'NONE', #118, #717, #1766 ) ;
#1077 = DIRECTION ( 'NONE',  ( -0.000000000000000000, -2.891205793294599736E-15, -1.000000000000000000 ) ) ;
#1079 = VECTOR ( 'NONE', #4772, 1000.000000000000000 ) ;
#1080 = ORIENTED_EDGE ( 'NONE', *, *, #4692, .F. ) ;
#1081 = DIRECTION ( 'NONE',  ( 0.000000000000000000, -1.000000000000000000, 0.000000000000000000 ) ) ;
#1082 = ORIENTED_EDGE ( 'NONE', *, *, #6062, .F. ) ;
#1083 = CARTESIAN_POINT ( 'NONE',  ( -17.30049912664549083, -4.691166140300481402, -3.000000000000000000 ) ) ;
#1084 = CARTESIAN_POINT ( 'NONE',  ( -3.631946009244122475, 42.25128029631820681, 4.999999999999999112 ) ) ;
#1085 = CARTESIAN_POINT ( 'NONE',  ( -0.004513183761349496073, 40.25128029631820681, 8.795290647185000310 ) ) ;
#1086 = EDGE_CURVE ( 'NONE', #38, #1914, #6532, .T. ) ;
#1087 = ORIENTED_EDGE ( 'NONE', *, *, #5878, .F. ) ;
#1088 = ORIENTED_EDGE ( 'NONE', *, *, #5898, .F. ) ;
#1089 = CIRCLE ( 'NONE', #1466, 1.499999999999999556 ) ;
#1090 = EDGE_LOOP ( 'NONE', ( #3136, #4364, #2125, #3959 ) ) ;
#1091 = ADVANCED_FACE ( 'NONE', ( #5178 ), #2541, .T. ) ;
#1092 = ORIENTED_EDGE ( 'NONE', *, *, #6021, .F. ) ;
#1093 = AXIS2_PLACEMENT_3D ( 'NONE', #2761, #1756, #5103 ) ;
#1094 = CARTESIAN_POINT ( 'NONE',  ( 7.000000000000002665, 28.75128029631820681, -0.1315914118774413055 ) ) ;
#1095 = CARTESIAN_POINT ( 'NONE',  ( -22.78856849851096911, 12.46271179780728566, -2.399999999999989697 ) ) ;
#1096 = EDGE_CURVE ( 'NONE', #1025, #5028, #3139, .T. ) ;
#1098 = EDGE_CURVE ( 'NONE', #6070, #6639, #6692, .T. ) ;
#1097 = DIRECTION ( 'NONE',  ( 0.000000000000000000, 0.000000000000000000, 1.000000000000000000 ) ) ;
#1099 = DIRECTION ( 'NONE',  ( 0.7071067811865485719, 0.7071067811865465735, 0.000000000000000000 ) ) ;
#1100 = ORIENTED_EDGE ( 'NONE', *, *, #6872, .F. ) ;
#1101 = EDGE_LOOP ( 'NONE', ( #594, #1104, #3775, #302 ) ) ;
#1102 = ORIENTED_EDGE ( 'NONE', *, *, #5044, .F. ) ;
#1103 = CYLINDRICAL_SURFACE ( 'NONE', #1808, 1.625000000000001332 ) ;
#1104 = ORIENTED_EDGE ( 'NONE', *, *, #2206, .F. ) ;
#1105 = CARTESIAN_POINT ( 'NONE',  ( 3.500000000000000000, 0.000000000000000000, 0.000000000000000000 ) ) ;
#1106 = DIRECTION ( 'NONE',  ( 0.000000000000000000, 0.7071067811865495711, -0.7071067811865454633 ) ) ;
#1107 = ORIENTED_EDGE ( 'NONE', *, *, #6785, .F. ) ;
#1108 = DIRECTION ( 'NONE',  ( 0.000000000000000000, 1.000000000000000000, -0.000000000000000000 ) ) ;
#1109 = CARTESIAN_POINT ( 'NONE',  ( 0.000000000000000000, 35.25128029631821391, -2.800000000000009148 ) ) ;
#1110 = ORIENTED_EDGE ( 'NONE', *, *, #47, .F. ) ;
#1111 = DIRECTION ( 'NONE',  ( -0.000000000000000000, -0.000000000000000000, -1.000000000000000000 ) ) ;
#1112 = FACE_BOUND ( 'NONE', #4529, .T. ) ;
#1113 = EDGE_LOOP ( 'NONE', ( #382, #5546, #2326, #4611 ) ) ;
#1114 = ORIENTED_EDGE ( 'NONE', *, *, #1741, .T. ) ;
#1115 = DIRECTION ( 'NONE',  ( 0.000000000000000000, 0.000000000000000000, 1.000000000000000000 ) ) ;
#1116 = EDGE_CURVE ( 'NONE', #4978, #2492, #4918, .T. ) ;
#1117 = AXIS2_PLACEMENT_3D ( 'NONE', #1959, #6414, #3122 ) ;
#1118 = LINE ( 'NONE', #2879, #352 ) ;
#1119 = VERTEX_POINT ( 'NONE', #76 ) ;
#1120 = CARTESIAN_POINT ( 'NONE',  ( 5.848361793748161119, 40.25128029631821391, -1.151638206251867080 ) ) ;
#1121 = DIRECTION ( 'NONE',  ( 0.7071067811865485719, 0.7071067811865465735, 0.000000000000000000 ) ) ;
#1122 = DIRECTION ( 'NONE',  ( 0.7071067811865452413, 0.000000000000000000, -0.7071067811865497932 ) ) ;
#1123 = CARTESIAN_POINT ( 'NONE',  ( -25.11750068664549573, 5.391643985941802164, 0.000000000000000000 ) ) ;
#1124 = CIRCLE ( 'NONE', #5186, 1.499999999999999556 ) ;
#1125 = LINE ( 'NONE', #3013, #3042 ) ;
#1126 = EDGE_CURVE ( 'NONE', #1630, #4443, #2630, .T. ) ;
#1127 = DIRECTION ( 'NONE',  ( 0.000000000000000000, 0.000000000000000000, -1.000000000000000000 ) ) ;
#1128 = ADVANCED_FACE ( 'NONE', ( #619 ), #2270, .T. ) ;
#1129 = DIRECTION ( 'NONE',  ( 0.000000000000000000, 0.000000000000000000, -1.000000000000000000 ) ) ;
#1130 = CIRCLE ( 'NONE', #6099, 1.000000000000000000 ) ;
#1131 = DIRECTION ( 'NONE',  ( -0.000000000000000000, 1.000000000000000000, -0.000000000000000000 ) ) ;
#1132 = LINE ( 'NONE', #4705, #281 ) ;
#1133 = EDGE_LOOP ( 'NONE', ( #5139, #4213, #7056, #1441 ) ) ;
#1134 = ORIENTED_EDGE ( 'NONE', *, *, #4137, .T. ) ;
#1135 = FACE_OUTER_BOUND ( 'NONE', #5021, .T. ) ;
#1136 = EDGE_CURVE ( 'NONE', #2854, #497, #6119, .T. ) ;
#1137 = CONICAL_SURFACE ( 'NONE', #2018, 3.000000000000000888, 0.7853981633974522758 ) ;
#1138 = CARTESIAN_POINT ( 'NONE',  ( 5.083899251713397405, 40.25128029631821391, -1.916100748286608146 ) ) ;
#1139 = CARTESIAN_POINT ( 'NONE',  ( 2.099999999999999201, 42.25128029631820681, 1.450000000000000844 ) ) ;
#1140 = PLANE ( 'NONE',  #7163 ) ;
#1141 = DIRECTION ( 'NONE',  ( 0.000000000000000000, 0.000000000000000000, 1.000000000000000000 ) ) ;
#1142 = ORIENTED_EDGE ( 'NONE', *, *, #6851, .F. ) ;
#1143 = ADVANCED_FACE ( 'NONE', ( #2186 ), #7085, .F. ) ;
#1144 = CARTESIAN_POINT ( 'NONE',  ( 3.250000000000000000, 13.20128041827299015, -2.290057105453108323E-14 ) ) ;
#1145 = VECTOR ( 'NONE', #6390, 1000.000000000000000 ) ;
#1146 = EDGE_CURVE ( 'NONE', #83, #5784, #1837, .T. ) ;
#1147 = CYLINDRICAL_SURFACE ( 'NONE', #2563, 0.5000000000000000000 ) ;
#1148 = CARTESIAN_POINT ( 'NONE',  ( 2.586510263012057553, 41.75128029631820681, 6.084368756338572659 ) ) ;
#1149 = DIRECTION ( 'NONE',  ( 0.000000000000000000, 0.000000000000000000, 1.000000000000000000 ) ) ;
#1150 = DIRECTION ( 'NONE',  ( -0.000000000000000000, -0.000000000000000000, 1.000000000000000000 ) ) ;
#1151 = VECTOR ( 'NONE', #3907, 1000.000000000000000 ) ;
#1152 = CARTESIAN_POINT ( 'NONE',  ( -3.500000000000000000, 12.95128041827298482, -3.000000000000000000 ) ) ;
#1153 = DIRECTION ( 'NONE',  ( 0.000000000000000000, -1.000000000000000000, -0.000000000000000000 ) ) ;
#1154 = AXIS2_PLACEMENT_3D ( 'NONE', #3968, #3385, #595 ) ;
#1155 = ORIENTED_EDGE ( 'NONE', *, *, #2876, .F. ) ;
#1156 = ADVANCED_FACE ( 'NONE', ( #1135 ), #4823, .T. ) ;
#1157 = CARTESIAN_POINT ( 'NONE',  ( 4.877533263960198262, 39.77755638546386052, -1.644626118355410727 ) ) ;
#1158 = CARTESIAN_POINT ( 'NONE',  ( 3.378679656440342516, 40.16586011838587211, -3.000000000000000000 ) ) ;
#1159 = LINE ( 'NONE', #2396, #3538 ) ;
#1160 = ORIENTED_EDGE ( 'NONE', *, *, #1337, .T. ) ;
#1161 = ORIENTED_EDGE ( 'NONE', *, *, #1163, .F. ) ;
#1162 = CARTESIAN_POINT ( 'NONE',  ( 4.370332818530348717, 39.75128029631820681, 6.228402762220407674 ) ) ;
#1163 = EDGE_CURVE ( 'NONE', #2747, #5200, #5354, .T. ) ;
#1164 = CARTESIAN_POINT ( 'NONE',  ( 2.099999999999999645, 41.75128029631820681, 1.950000000000000844 ) ) ;
#1165 = ORIENTED_EDGE ( 'NONE', *, *, #1163, .T. ) ;
#1166 = DIRECTION ( 'NONE',  ( -0.000000000000000000, 1.000000000000000000, 0.000000000000000000 ) ) ;
#1167 = VERTEX_POINT ( 'NONE', #6347 ) ;
#1168 = DIRECTION ( 'NONE',  ( 0.5842645500517748003, 0.000000000000000000, 0.8115632665127204826 ) ) ;
#1169 = DIRECTION ( 'NONE',  ( 0.000000000000000000, 0.000000000000000000, -1.000000000000000000 ) ) ;
#1170 = ORIENTED_EDGE ( 'NONE', *, *, #2722, .T. ) ;
#1171 = DIRECTION ( 'NONE',  ( 4.001029970875857235E-16, -1.000000000000000000, 0.000000000000000000 ) ) ;
#1172 = EDGE_CURVE ( 'NONE', #5731, #6789, #3692, .T. ) ;
#1173 = CARTESIAN_POINT ( 'NONE',  ( -2.595536630534756029, 28.75128029631821036, 6.084368756338572659 ) ) ;
#1174 = ORIENTED_EDGE ( 'NONE', *, *, #1311, .T. ) ;
#1175 = EDGE_LOOP ( 'NONE', ( #5787, #912, #537, #1253 ) ) ;
#1176 = CARTESIAN_POINT ( 'NONE',  ( -22.71750068664550781, -12.71147595840166744, -2.399999999999989697 ) ) ;
#1177 = EDGE_LOOP ( 'NONE', ( #935, #4629, #2947, #2352 ) ) ;
#1178 = CARTESIAN_POINT ( 'NONE',  ( 4.161890565203551162, 39.75165505400882893, -2.167848748330901465 ) ) ;
#1179 =( BOUNDED_CURVE ( )  B_SPLINE_CURVE ( 3, ( #1139, #1691, #2873, #3383 ),
 .UNSPECIFIED., .F., .F. ) 
 B_SPLINE_CURVE_WITH_KNOTS ( ( 4, 4 ),
 ( 4.712388980384689674, 6.283185307179586232 ),
 .UNSPECIFIED. ) 
 CURVE ( )  GEOMETRIC_REPRESENTATION_ITEM ( )  RATIONAL_B_SPLINE_CURVE ( ( 1.000000000000000000, 0.8047378541243649375, 0.8047378541243649375, 1.000000000000000000 ) ) 
 REPRESENTATION_ITEM ( '' )  );
#1180 = CARTESIAN_POINT ( 'NONE',  ( -0.004513183761349496073, 28.25128029631820681, 8.795290647185000310 ) ) ;
#1181 = ORIENTED_EDGE ( 'NONE', *, *, #2700, .T. ) ;
#1182 = ORIENTED_EDGE ( 'NONE', *, *, #7129, .F. ) ;
#1183 = CARTESIAN_POINT ( 'NONE',  ( 3.000000000000000000, 0.000000000000000000, -2.399999999999983036 ) ) ;
#1184 = EDGE_LOOP ( 'NONE', ( #6455, #7220, #4491, #255 ) ) ;
#1185 = CARTESIAN_POINT ( 'NONE',  ( 3.000000000000000000, 39.75128029631820681, -2.999999999999999112 ) ) ;
#1186 = EDGE_CURVE ( 'NONE', #4949, #1957, #2450, .T. ) ;
#1187 = FACE_OUTER_BOUND ( 'NONE', #2762, .T. ) ;
#1188 = ORIENTED_EDGE ( 'NONE', *, *, #6884, .T. ) ;
#1189 = ORIENTED_EDGE ( 'NONE', *, *, #507, .T. ) ;
#1190 = ORIENTED_EDGE ( 'NONE', *, *, #3153, .T. ) ;
#1191 = CIRCLE ( 'NONE', #6536, 3.599999999999995648 ) ;
#1192 = DIRECTION ( 'NONE',  ( 0.000000000000000000, 0.000000000000000000, 1.000000000000000000 ) ) ;
#1193 = DIRECTION ( 'NONE',  ( -0.7071067811865465735, 0.7071067811865485719, 0.000000000000000000 ) ) ;
#1194 = ADVANCED_FACE ( 'NONE', ( #3597 ), #3322, .T. ) ;
#1195 = DIRECTION ( 'NONE',  ( 0.7071067811865485719, -0.7071067811865465735, 0.000000000000000000 ) ) ;
#1196 = DIRECTION ( 'NONE',  ( 0.8115632665127211487, 0.000000000000000000, -0.5842645500517742452 ) ) ;
#1197 = CARTESIAN_POINT ( 'NONE',  ( -24.15049912664551357, -1.528473728810499699, -3.000000000000000000 ) ) ;
#1198 = VECTOR ( 'NONE', #4928, 1000.000000000000000 ) ;
#1199 = ORIENTED_EDGE ( 'NONE', *, *, #946, .F. ) ;
#1200 = AXIS2_PLACEMENT_3D ( 'NONE', #3738, #5421, #4783 ) ;
#1201 = CIRCLE ( 'NONE', #5619, 1.625000000000001332 ) ;
#1202 = DIRECTION ( 'NONE',  ( 0.000000000000000000, -1.000000000000000000, 0.000000000000000000 ) ) ;
#1203 = FACE_OUTER_BOUND ( 'NONE', #1543, .T. ) ;
#1204 = FACE_OUTER_BOUND ( 'NONE', #5900, .T. ) ;
#1205 = CARTESIAN_POINT ( 'NONE',  ( -9.000000000000001776, 9.280717547841103254, -3.000000000000000000 ) ) ;
#1206 = DIRECTION ( 'NONE',  ( 1.156482317317871331E-15, 0.000000000000000000, 1.000000000000000000 ) ) ;
#1207 = CARTESIAN_POINT ( 'NONE',  ( 0.000000000000000000, 40.25128029631820681, 1.670150133734640052 ) ) ;
#1208 = EDGE_CURVE ( 'NONE', #2413, #5475, #3865, .T. ) ;
#1209 = FACE_OUTER_BOUND ( 'NONE', #1660, .T. ) ;
#1210 = AXIS2_PLACEMENT_3D ( 'NONE', #3525, #5198, #3581 ) ;
#1211 = CARTESIAN_POINT ( 'NONE',  ( -0.004513183761349496073, 28.25128029631820681, 8.795290647185000310 ) ) ;
#1212 = VECTOR ( 'NONE', #824, 1000.000000000000000 ) ;
#1213 = ORIENTED_EDGE ( 'NONE', *, *, #3438, .T. ) ;
#1214 = DIRECTION ( 'NONE',  ( 0.000000000000000000, 0.000000000000000000, 1.000000000000000000 ) ) ;
#1215 = CARTESIAN_POINT ( 'NONE',  ( -11.55106423286610351, -15.31148179571997048, -2.799994162681689769 ) ) ;
#1216 = LINE ( 'NONE', #6330, #1054 ) ;
#1217 = VERTEX_POINT ( 'NONE', #816 ) ;
#1218 = EDGE_CURVE ( 'NONE', #4729, #5278, #1480, .T. ) ;
#1219 = PLANE ( 'NONE',  #6505 ) ;
#1220 = DIRECTION ( 'NONE',  ( 0.000000000000000000, 0.000000000000000000, -1.000000000000000000 ) ) ;
#1221 = CARTESIAN_POINT ( 'NONE',  ( -2.000000000000000000, 30.25128029631820326, 1.818884925064438551 ) ) ;
#1222 = DIRECTION ( 'NONE',  ( -1.000000000000000000, -0.000000000000000000, -0.000000000000000000 ) ) ;
#1223 = CIRCLE ( 'NONE', #2049, 0.5000000000000000000 ) ;
#1224 = ORIENTED_EDGE ( 'NONE', *, *, #2648, .T. ) ;
#1225 = CARTESIAN_POINT ( 'NONE',  ( -5.652034699307243670, 40.25128029631820681, 4.448075400297424764 ) ) ;
#1226 = VECTOR ( 'NONE', #1954, 1000.000000000000000 ) ;
#1227 = AXIS2_PLACEMENT_3D ( 'NONE', #1958, #3118, #3706 ) ;
#1229 = EDGE_CURVE ( 'NONE', #987, #1025, #5599, .T. ) ;
#1228 = CARTESIAN_POINT ( 'NONE',  ( -9.625208355906046620, 25.62607194041217085, -2.999999999999999112 ) ) ;
#1230 = EDGE_CURVE ( 'NONE', #1344, #6737, #6476, .T. ) ;
#1231 = VECTOR ( 'NONE', #3679, 1000.000000000000000 ) ;
#1232 = ADVANCED_FACE ( 'NONE', ( #184 ), #4649, .T. ) ;
#1233 = CYLINDRICAL_SURFACE ( 'NONE', #5502, 17.99969003592087091 ) ;
#1234 = ORIENTED_EDGE ( 'NONE', *, *, #5557, .T. ) ;
#1235 = DIRECTION ( 'NONE',  ( -0.4999999999999971689, 0.4999999999999984457, -0.7071067811865505703 ) ) ;
#1236 = CARTESIAN_POINT ( 'NONE',  ( -10.45977694124987245, -15.36032446427471498, -3.000000000000000000 ) ) ;
#1237 = DIRECTION ( 'NONE',  ( -1.000000000000000000, 0.000000000000000000, 0.000000000000000000 ) ) ;
#1238 = DIRECTION ( 'NONE',  ( -1.000000000000000000, 0.000000000000000000, 0.000000000000000000 ) ) ;
#1239 = EDGE_CURVE ( 'NONE', #2235, #1076, #6910, .T. ) ;
#1240 = ORIENTED_EDGE ( 'NONE', *, *, #1230, .T. ) ;
#1241 = CARTESIAN_POINT ( 'NONE',  ( 17.30049912664548728, 3.980218421195628409, -2.399999999999990585 ) ) ;
#1242 = CARTESIAN_POINT ( 'NONE',  ( 10.78249931335374079, -15.86847602325206275, -2.399999999999989697 ) ) ;
#1243 = ORIENTED_EDGE ( 'NONE', *, *, #2017, .T. ) ;
#1244 = DIRECTION ( 'NONE',  ( -0.5822706741880139258, 0.000000000000000000, 0.8129949950526360603 ) ) ;
#1245 = CARTESIAN_POINT ( 'NONE',  ( 9.000000000000001776, -7.691166140300482290, -2.399999999999990585 ) ) ;
#1246 = FACE_OUTER_BOUND ( 'NONE', #3001, .T. ) ;
#1247 = VERTEX_POINT ( 'NONE', #4791 ) ;
#1248 = VECTOR ( 'NONE', #6236, 1000.000000000000000 ) ;
#1249 = AXIS2_PLACEMENT_3D ( 'NONE', #5045, #2292, #3366 ) ;
#1250 = DIRECTION ( 'NONE',  ( -0.5000000000000027756, 0.5000000000000027756, -0.7071067811865436870 ) ) ;
#1251 = FACE_OUTER_BOUND ( 'NONE', #322, .T. ) ;
#1252 = DIRECTION ( 'NONE',  ( -0.7071067811865483499, 0.7071067811865465735, 0.000000000000000000 ) ) ;
#1253 = ORIENTED_EDGE ( 'NONE', *, *, #5282, .F. ) ;
#1254 = ORIENTED_EDGE ( 'NONE', *, *, #857, .T. ) ;
#1255 = PLANE ( 'NONE',  #5854 ) ;
#1256 = DIRECTION ( 'NONE',  ( -0.7071067811865495711, 0.000000000000000000, -0.7071067811865454633 ) ) ;
#1257 = CARTESIAN_POINT ( 'NONE',  ( -3.250000000000000000, 12.95128041827298482, -3.000000000000000000 ) ) ;
#1258 = EDGE_CURVE ( 'NONE', #1800, #656, #2098, .T. ) ;
#1259 = AXIS2_PLACEMENT_3D ( 'NONE', #2153, #2178, #489 ) ;
#1260 = ORIENTED_EDGE ( 'NONE', *, *, #6080, .T. ) ;
#1261 = VERTEX_POINT ( 'NONE', #7051 ) ;
#1262 = CARTESIAN_POINT ( 'NONE',  ( -6.500000000000000888, 41.75128029631820681, 5.000000000000000000 ) ) ;
#1263 = CARTESIAN_POINT ( 'NONE',  ( 17.30049912664548728, 3.980218421195628409, -0.5999999999999963141 ) ) ;
#1264 = DIRECTION ( 'NONE',  ( 0.000000000000000000, -0.000000000000000000, 1.000000000000000000 ) ) ;
#1265 = ADVANCED_FACE ( 'NONE', ( #1654 ), #3670, .F. ) ;
#1266 = CARTESIAN_POINT ( 'NONE',  ( 2.621359168317937804, 24.96213735152702995, 0.8234736269304129275 ) ) ;
#1267 = PLANE ( 'NONE',  #1058 ) ;
#1268 = ORIENTED_EDGE ( 'NONE', *, *, #5675, .T. ) ;
#1269 = CARTESIAN_POINT ( 'NONE',  ( 3.000000000000000000, 23.45128041827299015, 0.8452906471850267778 ) ) ;
#1270 = DIRECTION ( 'NONE',  ( -0.000000000000000000, -0.000000000000000000, 1.000000000000000000 ) ) ;
#1271 = ORIENTED_EDGE ( 'NONE', *, *, #7156, .T. ) ;
#1272 = AXIS2_PLACEMENT_3D ( 'NONE', #6395, #7155, #5920 ) ;
#1273 =( BOUNDED_CURVE ( )  B_SPLINE_CURVE ( 3, ( #4531, #3391, #80, #3416 ),
 .UNSPECIFIED., .F., .F. ) 
 B_SPLINE_CURVE_WITH_KNOTS ( ( 4, 4 ),
 ( 0.000000000000000000, 1.570796326794896558 ),
 .UNSPECIFIED. ) 
 CURVE ( )  GEOMETRIC_REPRESENTATION_ITEM ( )  RATIONAL_B_SPLINE_CURVE ( ( 1.000000000000000000, 0.8047378541243649375, 0.8047378541243649375, 1.000000000000000000 ) ) 
 REPRESENTATION_ITEM ( '' )  );
#1274 = DIRECTION ( 'NONE',  ( 0.000000000000000000, 0.000000000000000000, 1.000000000000000000 ) ) ;
#1275 = EDGE_CURVE ( 'NONE', #6130, #4625, #6437, .T. ) ;
#1276 = CIRCLE ( 'NONE', #6724, 3.600000000000016964 ) ;
#1277 = ORIENTED_EDGE ( 'NONE', *, *, #5122, .F. ) ;
#1278 = ORIENTED_EDGE ( 'NONE', *, *, #880, .T. ) ;
#1279 = ADVANCED_FACE ( 'NONE', ( #895 ), #5944, .F. ) ;
#1280 = DIRECTION ( 'NONE',  ( 0.000000000000000000, 0.000000000000000000, 1.000000000000000000 ) ) ;
#1281 = DIRECTION ( 'NONE',  ( -1.000000000000000000, 0.000000000000000000, -1.734723475976808672E-15 ) ) ;
#1282 = ORIENTED_EDGE ( 'NONE', *, *, #6958, .F. ) ;
#1283 = CARTESIAN_POINT ( 'NONE',  ( 4.457794983452987303, 40.18208130368517317, -1.955920672318979259 ) ) ;
#1284 = FACE_OUTER_BOUND ( 'NONE', #762, .T. ) ;
#1285 = ORIENTED_EDGE ( 'NONE', *, *, #2205, .F. ) ;
#1286 = AXIS2_PLACEMENT_3D ( 'NONE', #1722, #2386, #5636 ) ;
#1287 = EDGE_LOOP ( 'NONE', ( #2302, #3289, #1779, #6820 ) ) ;
#1288 = CARTESIAN_POINT ( 'NONE',  ( 22.78856849851096911, 12.46271179780728566, -2.399999999999989253 ) ) ;
#1289 = VECTOR ( 'NONE', #3426, 1000.000000000000114 ) ;
#1290 = DIRECTION ( 'NONE',  ( -1.858632295689435856E-16, -1.000000000000000000, 0.000000000000000000 ) ) ;
#1291 = EDGE_CURVE ( 'NONE', #1040, #2799, #2015, .T. ) ;
#1292 = ORIENTED_EDGE ( 'NONE', *, *, #5075, .T. ) ;
#1293 = ORIENTED_EDGE ( 'NONE', *, *, #2124, .T. ) ;
#1294 = CARTESIAN_POINT ( 'NONE',  ( 4.439339828220161266, 40.25128029631820681, -2.560660171779823635 ) ) ;
#1295 = LINE ( 'NONE', #5771, #1995 ) ;
#1296 = EDGE_LOOP ( 'NONE', ( #6024, #7154, #7180, #2753 ) ) ;
#1297 = CARTESIAN_POINT ( 'NONE',  ( 0.7782755299634430690, 26.37439457521921682, 0.8562743390498436247 ) ) ;
#1298 = DIRECTION ( 'NONE',  ( -0.000000000000000000, -0.000000000000000000, -1.000000000000000000 ) ) ;
#1299 = DIRECTION ( 'NONE',  ( 0.000000000000000000, 0.000000000000000000, 1.000000000000000000 ) ) ;
#1300 = LINE ( 'NONE', #541, #2955 ) ;
#1301 = DIRECTION ( 'NONE',  ( 6.207908377626726342E-17, -1.000000000000000000, 0.000000000000000000 ) ) ;
#1303 = AXIS2_PLACEMENT_3D ( 'NONE', #4603, #1298, #3447 ) ;
#1302 = CARTESIAN_POINT ( 'NONE',  ( 25.71750068664550781, -12.71147595840163724, -0.6000000000000033085 ) ) ;
#1304 = VECTOR ( 'NONE', #5372, 1000.000000000000000 ) ;
#1305 = LINE ( 'NONE', #481, #795 ) ;
#1306 = DIRECTION ( 'NONE',  ( 0.000000000000000000, 0.000000000000000000, -1.000000000000000000 ) ) ;
#1307 = DIRECTION ( 'NONE',  ( -0.000000000000000000, -0.000000000000000000, 1.000000000000000000 ) ) ;
#1308 = CIRCLE ( 'NONE', #4129, 1.000000000000000000 ) ;
#1309 = CARTESIAN_POINT ( 'NONE',  ( 4.159417801030050654, 40.23290083715785670, -2.169619753160173303 ) ) ;
#1310 = ADVANCED_FACE ( 'NONE', ( #5269 ), #4211, .F. ) ;
#1311 = EDGE_CURVE ( 'NONE', #4168, #3297, #4469, .T. ) ;
#1312 = VECTOR ( 'NONE', #5503, 1000.000000000000000 ) ;
#1313 = AXIS2_PLACEMENT_3D ( 'NONE', #6863, #4706, #5231 ) ;
#1314 = DIRECTION ( 'NONE',  ( -1.000000000000000000, 0.000000000000000000, 0.000000000000000000 ) ) ;
#1315 = ORIENTED_EDGE ( 'NONE', *, *, #2633, .T. ) ;
#1316 = LINE ( 'NONE', #5559, #2635 ) ;
#1317 = DIRECTION ( 'NONE',  ( 0.000000000000000000, 0.000000000000000000, 1.000000000000000000 ) ) ;
#1318 = ADVANCED_FACE ( 'NONE', ( #6296 ), #2512, .T. ) ;
#1319 = EDGE_CURVE ( 'NONE', #2210, #161, #5080, .T. ) ;
#1320 = EDGE_CURVE ( 'NONE', #3786, #6583, #3779, .T. ) ;
#1321 = AXIS2_PLACEMENT_3D ( 'NONE', #6854, #5397, #116 ) ;
#1322 = CARTESIAN_POINT ( 'NONE',  ( 17.30049912664549083, -4.691166140300482290, -2.399999999999990585 ) ) ;
#1323 = VERTEX_POINT ( 'NONE', #1390 ) ;
#1324 = CARTESIAN_POINT ( 'NONE',  ( 16.84608353891704979, 6.525802833467200692, 0.000000000000000000 ) ) ;
#1325 = CARTESIAN_POINT ( 'NONE',  ( -11.53949928283222981, -15.71147595840156264, -3.000000000000000000 ) ) ;
#1326 = FACE_OUTER_BOUND ( 'NONE', #4963, .T. ) ;
#1327 = ORIENTED_EDGE ( 'NONE', *, *, #3040, .F. ) ;
#1328 = ORIENTED_EDGE ( 'NONE', *, *, #7143, .F. ) ;
#1329 = CARTESIAN_POINT ( 'NONE',  ( -5.400000000000005684, 9.280717547841103254, -3.000000000000000000 ) ) ;
#1330 = VECTOR ( 'NONE', #2692, 1000.000000000000000 ) ;
#1331 = CARTESIAN_POINT ( 'NONE',  ( -2.826931958131044365, 18.93336545451688835, -0.008957481878049259813 ) ) ;
#1332 = FACE_OUTER_BOUND ( 'NONE', #4300, .T. ) ;
#1333 = DIRECTION ( 'NONE',  ( 0.000000000000000000, 0.000000000000000000, 1.000000000000000000 ) ) ;
#1334 = AXIS2_PLACEMENT_3D ( 'NONE', #4381, #3883, #6113 ) ;
#1335 = EDGE_LOOP ( 'NONE', ( #4102, #5901, #6337, #3757 ) ) ;
#1337 = EDGE_CURVE ( 'NONE', #4485, #5589, #5432, .T. ) ;
#1336 = DIRECTION ( 'NONE',  ( 0.000000000000000000, -0.000000000000000000, 1.000000000000000000 ) ) ;
#1338 = VECTOR ( 'NONE', #1097, 1000.000000000000000 ) ;
#1339 = ORIENTED_EDGE ( 'NONE', *, *, #2415, .T. ) ;
#1340 = ORIENTED_EDGE ( 'NONE', *, *, #1311, .F. ) ;
#1341 = DIRECTION ( 'NONE',  ( -0.7071067811865434649, 0.000000000000000000, 0.7071067811865515695 ) ) ;
#1342 = AXIS2_PLACEMENT_3D ( 'NONE', #763, #4719, #6315 ) ;
#1343 = FACE_OUTER_BOUND ( 'NONE', #3381, .T. ) ;
#1344 = VERTEX_POINT ( 'NONE', #5339 ) ;
#1345 = CARTESIAN_POINT ( 'NONE',  ( -2.941006423437878325, 28.75128029631821036, 5.722912504225715402 ) ) ;
#1346 = ORIENTED_EDGE ( 'NONE', *, *, #6295, .F. ) ;
#1347 = ADVANCED_FACE ( 'NONE', ( #6388 ), #5839, .T. ) ;
#1348 = CARTESIAN_POINT ( 'NONE',  ( 10.56851974637498692, -15.52890760847668794, -2.799955485851577386 ) ) ;
#1349 = CARTESIAN_POINT ( 'NONE',  ( -16.84608353891704979, 6.525802833467199804, -3.000000000000000000 ) ) ;
#1350 = DIRECTION ( 'NONE',  ( -0.7071067811865485719, -0.7071067811865465735, 0.000000000000000000 ) ) ;
#1351 = ORIENTED_EDGE ( 'NONE', *, *, #1927, .F. ) ;
#1352 = LINE ( 'NONE', #1807, #4338 ) ;
#1353 = ORIENTED_EDGE ( 'NONE', *, *, #6428, .T. ) ;
#1354 = EDGE_CURVE ( 'NONE', #3370, #3739, #4391, .T. ) ;
#1355 = AXIS2_PLACEMENT_3D ( 'NONE', #894, #6988, #286 ) ;
#1356 = ADVANCED_FACE ( 'NONE', ( #4736 ), #7079, .T. ) ;
#1357 = CARTESIAN_POINT ( 'NONE',  ( 4.790898135070645658, 40.25128029631820681, 6.500000000000000888 ) ) ;
#1358 = ORIENTED_EDGE ( 'NONE', *, *, #7193, .F. ) ;
#1359 = DIRECTION ( 'NONE',  ( -0.000000000000000000, 1.000000000000000000, -0.000000000000000000 ) ) ;
#1360 = ORIENTED_EDGE ( 'NONE', *, *, #794, .F. ) ;
#1361 = CARTESIAN_POINT ( 'NONE',  ( -3.500000000000000000, 26.95128041827299015, 0.000000000000000000 ) ) ;
#1362 = VERTEX_POINT ( 'NONE', #4386 ) ;
#1363 = ORIENTED_EDGE ( 'NONE', *, *, #28, .T. ) ;
#1364 = CARTESIAN_POINT ( 'NONE',  ( -15.71750068664550604, 5.391643985941802164, -0.6000000000000033085 ) ) ;
#1365 = EDGE_CURVE ( 'NONE', #112, #38, #882, .T. ) ;
#1366 = ORIENTED_EDGE ( 'NONE', *, *, #2441, .F. ) ;
#1367 = DIRECTION ( 'NONE',  ( 0.000000000000000000, 1.000000000000000000, 0.000000000000000000 ) ) ;
#1368 = ORIENTED_EDGE ( 'NONE', *, *, #2415, .F. ) ;
#1369 = ORIENTED_EDGE ( 'NONE', *, *, #6242, .F. ) ;
#1370 = DIRECTION ( 'NONE',  ( -0.000000000000000000, -0.000000000000000000, -1.000000000000000000 ) ) ;
#1371 = CARTESIAN_POINT ( 'NONE',  ( 3.500000000000000000, 13.20128041827298482, -2.399999999999983036 ) ) ;
#1372 = CARTESIAN_POINT ( 'NONE',  ( 22.71750068664549005, -15.71147595840165145, -2.399999999999989697 ) ) ;
#1373 = DIRECTION ( 'NONE',  ( -0.7071067811865474617, 0.000000000000000000, 0.7071067811865474617 ) ) ;
#1374 = CARTESIAN_POINT ( 'NONE',  ( -4.100000000000016520, 5.391643985941802164, -3.000000000000000000 ) ) ;
#1375 = CARTESIAN_POINT ( 'NONE',  ( 4.776114451786709125, 30.75128029631820326, 6.520535037246294685 ) ) ;
#1376 = FACE_OUTER_BOUND ( 'NONE', #2901, .T. ) ;
#1377 = ORIENTED_EDGE ( 'NONE', *, *, #5493, .F. ) ;
#1378 = CARTESIAN_POINT ( 'NONE',  ( 0.04437249225549069753, -1.489057109605489870, -3.000000000000000000 ) ) ;
#1379 = ORIENTED_EDGE ( 'NONE', *, *, #6619, .T. ) ;
#1380 = AXIS2_PLACEMENT_3D ( 'NONE', #1967, #1387, #5353 ) ;
#1381 = EDGE_CURVE ( 'NONE', #5036, #6164, #1474, .T. ) ;
#1382 = EDGE_CURVE ( 'NONE', #5731, #5440, #364, .T. ) ;
#1383 = LINE ( 'NONE', #6523, #4447 ) ;
#1384 = ORIENTED_EDGE ( 'NONE', *, *, #123, .F. ) ;
#1385 = CARTESIAN_POINT ( 'NONE',  ( 3.622919641721424000, 28.75128029631821036, 4.999999999999999112 ) ) ;
#1386 = FACE_OUTER_BOUND ( 'NONE', #7224, .T. ) ;
#1387 = DIRECTION ( 'NONE',  ( 1.000000000000000000, 0.000000000000000000, 0.000000000000000000 ) ) ;
#1388 = CYLINDRICAL_SURFACE ( 'NONE', #3433, 3.000000000000000000 ) ;
#1389 = CIRCLE ( 'NONE', #7118, 3.000000000000000000 ) ;
#1390 = CARTESIAN_POINT ( 'NONE',  ( 9.000000000000001776, -7.691166140300482290, -0.5999999999999963141 ) ) ;
#1391 = EDGE_CURVE ( 'NONE', #1876, #1925, #2713, .T. ) ;
#1392 = LINE ( 'NONE', #5990, #7169 ) ;
#1393 = EDGE_LOOP ( 'NONE', ( #4642, #18, #5484, #2487 ) ) ;
#1394 = CARTESIAN_POINT ( 'NONE',  ( -17.90049912664548515, -4.691166140300481402, -3.000000000000000000 ) ) ;
#1395 = CARTESIAN_POINT ( 'NONE',  ( 15.71750068664553091, -15.11147595840165181, 0.000000000000000000 ) ) ;
#1396 = CARTESIAN_POINT ( 'NONE',  ( 10.78249931335374079, -15.86847602325206275, -2.399999999999989697 ) ) ;
#1397 = DIRECTION ( 'NONE',  ( 0.000000000000000000, 0.000000000000000000, 1.000000000000000000 ) ) ;
#1398 = CARTESIAN_POINT ( 'NONE',  ( 5.500000000000000000, 40.25128029631820681, 4.999999999999999112 ) ) ;
#1399 = DIRECTION ( 'NONE',  ( 0.7071067811865465735, 0.7071067811865485719, -0.000000000000000000 ) ) ;
#1401 = AXIS2_PLACEMENT_3D ( 'NONE', #843, #1923, #2585 ) ;
#1400 = CARTESIAN_POINT ( 'NONE',  ( 5.400000000000000355, 9.280717547841103254, -3.000000000000000000 ) ) ;
#1402 = VECTOR ( 'NONE', #5815, 1000.000000000000000 ) ;
#1403 = ORIENTED_EDGE ( 'NONE', *, *, #3487, .F. ) ;
#1404 = DIRECTION ( 'NONE',  ( 0.000000000000000000, 0.000000000000000000, 1.000000000000000000 ) ) ;
#1405 = CYLINDRICAL_SURFACE ( 'NONE', #394, 0.2500000000000000000 ) ;
#1406 = DIRECTION ( 'NONE',  ( -1.000000000000000000, 0.000000000000000000, 0.000000000000000000 ) ) ;
#1407 = VECTOR ( 'NONE', #6784, 1000.000000000000000 ) ;
#1408 = ORIENTED_EDGE ( 'NONE', *, *, #1828, .F. ) ;
#1409 = EDGE_CURVE ( 'NONE', #4259, #1167, #3133, .T. ) ;
#1410 = FACE_OUTER_BOUND ( 'NONE', #3332, .T. ) ;
#1411 = DIRECTION ( 'NONE',  ( 0.000000000000000000, -0.000000000000000000, -1.000000000000000000 ) ) ;
#1412 = VERTEX_POINT ( 'NONE', #2138 ) ;
#1413 = CIRCLE ( 'NONE', #6680, 0.4999999999999995559 ) ;
#1414 = CARTESIAN_POINT ( 'NONE',  ( 3.500000000000000000, 23.95128041827299015, 0.000000000000000000 ) ) ;
#1415 = EDGE_LOOP ( 'NONE', ( #31, #3669, #2931, #2190 ) ) ;
#1416 = EDGE_CURVE ( 'NONE', #6903, #3610, #5171, .T. ) ;
#1417 = DIRECTION ( 'NONE',  ( -0.5000000000000015543, -0.5000000000000035527, 0.7071067811865439090 ) ) ;
#1418 = CARTESIAN_POINT ( 'NONE',  ( 25.71750068664550781, -1.217476000361414457, -2.399999999999989697 ) ) ;
#1419 = DIRECTION ( 'NONE',  ( 0.000000000000000000, 0.000000000000000000, 1.000000000000000000 ) ) ;
#1420 = DIRECTION ( 'NONE',  ( -1.000000000000000000, 0.000000000000000000, 0.000000000000000000 ) ) ;
#1421 = CYLINDRICAL_SURFACE ( 'NONE', #159, 2.999999999999999112 ) ;
#1422 = ORIENTED_EDGE ( 'NONE', *, *, #739, .T. ) ;
#1423 = ADVANCED_FACE ( 'NONE', ( #1646 ), #4992, .T. ) ;
#1424 = CARTESIAN_POINT ( 'NONE',  ( 1.599999999999999423, 29.25128029631821036, 1.950000000000000844 ) ) ;
#1425 = CARTESIAN_POINT ( 'NONE',  ( -5.400000000000005684, -4.691166140300482290, -3.000000000000000000 ) ) ;
#1426 = AXIS2_PLACEMENT_3D ( 'NONE', #1398, #874, #4201 ) ;
#1427 = VECTOR ( 'NONE', #3124, 1000.000000000000000 ) ;
#1429 = EDGE_CURVE ( 'NONE', #1797, #5979, #6199, .T. ) ;
#1428 = CARTESIAN_POINT ( 'NONE',  ( 0.000000000000000000, 35.25128029631821391, 1.950000000000000400 ) ) ;
#1430 = ORIENTED_EDGE ( 'NONE', *, *, #2287, .T. ) ;
#1431 = LINE ( 'NONE', #3180, #922 ) ;
#1432 = DIRECTION ( 'NONE',  ( 1.000000000000000000, 0.000000000000000000, 0.000000000000000000 ) ) ;
#1433 = ORIENTED_EDGE ( 'NONE', *, *, #4463, .F. ) ;
#1434 = ORIENTED_EDGE ( 'NONE', *, *, #4076, .F. ) ;
#1435 = CIRCLE ( 'NONE', #5831, 3.599999999999995648 ) ;
#1436 = AXIS2_PLACEMENT_3D ( 'NONE', #223, #5810, #2991 ) ;
#1437 = DIRECTION ( 'NONE',  ( -0.000000000000000000, 1.000000000000000000, 0.000000000000000000 ) ) ;
#1438 = CARTESIAN_POINT ( 'NONE',  ( 2.999999999999998668, 30.45838707750475294, -3.000000000000000000 ) ) ;
#1439 = CARTESIAN_POINT ( 'NONE',  ( 5.500000000000000000, 42.25128029631820681, 5.999999999999999112 ) ) ;
#1440 = FILL_AREA_STYLE ('',( #2670 ) ) ;
#1441 = ORIENTED_EDGE ( 'NONE', *, *, #6605, .F. ) ;
#1442 = DIRECTION ( 'NONE',  ( 0.000000000000000000, 0.000000000000000000, 1.000000000000000000 ) ) ;
#1443 = VERTEX_POINT ( 'NONE', #4942 ) ;
#1444 = EDGE_CURVE ( 'NONE', #4436, #1806, #3497, .T. ) ;
#1445 = AXIS2_PLACEMENT_3D ( 'NONE', #6170, #6145, #2795 ) ;
#1446 = ORIENTED_EDGE ( 'NONE', *, *, #6828, .T. ) ;
#1447 = CARTESIAN_POINT ( 'NONE',  ( 7.000000000000000000, 40.25128029631820681, 3.283583722384670628E-15 ) ) ;
#1448 = ORIENTED_EDGE ( 'NONE', *, *, #1059, .F. ) ;
#1449 = CIRCLE ( 'NONE', #431, 2.999999999999999112 ) ;
#1450 = ORIENTED_EDGE ( 'NONE', *, *, #3253, .T. ) ;
#1451 = VERTEX_POINT ( 'NONE', #5947 ) ;
#1452 = EDGE_CURVE ( 'NONE', #38, #1676, #4464, .T. ) ;
#1453 = ORIENTED_EDGE ( 'NONE', *, *, #366, .T. ) ;
#1454 = AXIS2_PLACEMENT_3D ( 'NONE', #4562, #5677, #3403 ) ;
#1455 = VECTOR ( 'NONE', #6293, 1000.000000000000227 ) ;
#1456 = ORIENTED_EDGE ( 'NONE', *, *, #2149, .T. ) ;
#1457 = ADVANCED_FACE ( 'NONE', ( #173 ), #7077, .T. ) ;
#1458 = FACE_OUTER_BOUND ( 'NONE', #220, .T. ) ;
#1459 = CARTESIAN_POINT ( 'NONE',  ( -3.000000000000000000, 14.95128041827298482, -2.000000000000000000 ) ) ;
#1460 = CARTESIAN_POINT ( 'NONE',  ( -2.000000000000000000, 30.25128029631820326, 1.818884925064438551 ) ) ;
#1461 = CARTESIAN_POINT ( 'NONE',  ( 3.250000000000000888, 12.35128041827296741, -3.000000000000000000 ) ) ;
#1462 = DIRECTION ( 'NONE',  ( 0.5842645500517750223, 0.000000000000000000, -0.8115632665127204826 ) ) ;
#1463 = VECTOR ( 'NONE', #6306, 1000.000000000000000 ) ;
#1464 = FACE_OUTER_BOUND ( 'NONE', #5623, .T. ) ;
#1465 = EDGE_LOOP ( 'NONE', ( #1868, #5803, #7050, #4284 ) ) ;
#1466 = AXIS2_PLACEMENT_3D ( 'NONE', #607, #2904, #4509 ) ;
#1467 = EDGE_CURVE ( 'NONE', #6335, #4622, #1273, .T. ) ;
#1468 = EDGE_CURVE ( 'NONE', #4485, #4255, #2182, .T. ) ;
#1469 = B_SPLINE_CURVE_WITH_KNOTS ( 'NONE', 3,
 ( #2171, #4954, #1017, #2649 ),
 .UNSPECIFIED., .F., .F.,
 ( 4, 4 ),
 ( 0.000000000000000000, 0.0008499221942903683246 ),
 .UNSPECIFIED. ) ;
#1470 = LINE ( 'NONE', #2273, #7244 ) ;
#1471 = DIRECTION ( 'NONE',  ( -0.000000000000000000, 1.000000000000000000, 0.000000000000000000 ) ) ;
#1472 = LINE ( 'NONE', #2369, #4636 ) ;
#1473 = DIRECTION ( 'NONE',  ( 0.000000000000000000, 1.000000000000000000, -0.000000000000000000 ) ) ;
#1474 = LINE ( 'NONE', #6584, #1569 ) ;
#1475 = ORIENTED_EDGE ( 'NONE', *, *, #2359, .T. ) ;
#1476 = DIRECTION ( 'NONE',  ( -0.000000000000000000, -0.000000000000000000, -1.000000000000000000 ) ) ;
#1477 = ORIENTED_EDGE ( 'NONE', *, *, #3241, .F. ) ;
#1478 = CARTESIAN_POINT ( 'NONE',  ( -11.55619151688041768, -15.11147595840165536, 0.000000000000000000 ) ) ;
#1479 = PLANE ( 'NONE',  #4226 ) ;
#1480 = CIRCLE ( 'NONE', #2790, 2.074258476847182120 ) ;
#1481 = ORIENTED_EDGE ( 'NONE', *, *, #6503, .F. ) ;
#1482 = ADVANCED_FACE ( 'NONE', ( #5679 ), #1219, .T. ) ;
#1483 = DIRECTION ( 'NONE',  ( -0.000000000000000000, -0.000000000000000000, -1.000000000000000000 ) ) ;
#1484 = CARTESIAN_POINT ( 'NONE',  ( 5.560553620684604681, 39.77478960026844135, -0.9520716842423110338 ) ) ;
#1485 =( NAMED_UNIT ( * ) SI_UNIT ( $, .STERADIAN. ) SOLID_ANGLE_UNIT ( ) );
#1486 = CARTESIAN_POINT ( 'NONE',  ( -0.3927698782864903482, 26.45128041827299015, 0.6284667967618844386 ) ) ;
#1487 = EDGE_CURVE ( 'NONE', #5270, #6748, #6814, .T. ) ;
#1488 = CIRCLE ( 'NONE', #6649, 3.599999999999995648 ) ;
#1489 = AXIS2_PLACEMENT_3D ( 'NONE', #433, #4904, #2142 ) ;
#1490 = CARTESIAN_POINT ( 'NONE',  ( 6.207106781186545241, 42.25128029631820681, -0.08578643762690159325 ) ) ;
#1491 = ORIENTED_EDGE ( 'NONE', *, *, #6526, .F. ) ;
#1492 = ADVANCED_FACE ( 'NONE', ( #4026 ), #542, .F. ) ;
#1493 = CIRCLE ( 'NONE', #908, 0.5000000000000000000 ) ;
#1494 = CARTESIAN_POINT ( 'NONE',  ( 4.110931225620110041, 39.89864001710481034, 6.500000000000000888 ) ) ;
#1495 = ORIENTED_EDGE ( 'NONE', *, *, #6364, .T. ) ;
#1496 = CARTESIAN_POINT ( 'NONE',  ( -11.44991134358651408, -17.18300987160148807, -0.5999999999999928724 ) ) ;
#1497 = EDGE_CURVE ( 'NONE', #1247, #68, #4551, .T. ) ;
#1498 = VERTEX_POINT ( 'NONE', #3947 ) ;
#1499 = AXIS2_PLACEMENT_3D ( 'NONE', #4929, #6100, #4994 ) ;
#1500 = DIRECTION ( 'NONE',  ( -0.000000000000000000, -0.000000000000000000, 1.000000000000000000 ) ) ;
#1501 = LINE ( 'NONE', #2203, #2891 ) ;
#1502 = FACE_OUTER_BOUND ( 'NONE', #2792, .T. ) ;
#1503 = AXIS2_PLACEMENT_3D ( 'NONE', #6567, #7184, #2094 ) ;
#1504 = ORIENTED_EDGE ( 'NONE', *, *, #6540, .F. ) ;
#1505 = CARTESIAN_POINT ( 'NONE',  ( -3.500000000000000000, 13.95128041827298837, -1.000000000000000000 ) ) ;
#1506 = CARTESIAN_POINT ( 'NONE',  ( 0.000000000000000000, 30.25128029631820326, 1.670150133734640052 ) ) ;
#1507 = EDGE_CURVE ( 'NONE', #5598, #3008, #712, .T. ) ;
#1508 = DIRECTION ( 'NONE',  ( 0.000000000000000000, 0.000000000000000000, 1.000000000000000000 ) ) ;
#1509 = ORIENTED_EDGE ( 'NONE', *, *, #4995, .T. ) ;
#1510 = PLANE ( 'NONE',  #6193 ) ;
#1511 = CARTESIAN_POINT ( 'NONE',  ( 2.999999999999999556, 20.79733094897435564, -0.1035533905932739529 ) ) ;
#1512 = LINE ( 'NONE', #533, #2822 ) ;
#1513 = ORIENTED_EDGE ( 'NONE', *, *, #5271, .F. ) ;
#1514 = ORIENTED_EDGE ( 'NONE', *, *, #4137, .F. ) ;
#1515 = B_SPLINE_CURVE_WITH_KNOTS ( 'NONE', 3,
 ( #5389, #4342, #3756, #1484, #2101, #4318 ),
 .UNSPECIFIED., .F., .F.,
 ( 4, 2, 4 ),
 ( 4.755682002596558371E-18, 0.0009694283872860733715, 0.001938856774572141973 ),
 .UNSPECIFIED. ) ;
#1516 = DIRECTION ( 'NONE',  ( 0.000000000000000000, 0.000000000000000000, -1.000000000000000000 ) ) ;
#1517 = ORIENTED_EDGE ( 'NONE', *, *, #4033, .F. ) ;
#1518 = CIRCLE ( 'NONE', #4107, 0.8500000000000169642 ) ;
#1519 = AXIS2_PLACEMENT_3D ( 'NONE', #6886, #389, #2657 ) ;
#1520 = CARTESIAN_POINT ( 'NONE',  ( -7.000000000000002665, 30.25128029631820326, -22.79898987322333781 ) ) ;
#1522 = EDGE_CURVE ( 'NONE', #2674, #2854, #2963, .T. ) ;
#1521 = CARTESIAN_POINT ( 'NONE',  ( -3.250000000000000444, 13.20128041827298659, -2.399999999999983924 ) ) ;
#1523 = ORIENTED_EDGE ( 'NONE', *, *, #4330, .T. ) ;
#1524 = DIRECTION ( 'NONE',  ( -0.000000000000000000, -2.891205793294595792E-15, -1.000000000000000000 ) ) ;
#1525 = VERTEX_POINT ( 'NONE', #4576 ) ;
#1526 = EDGE_LOOP ( 'NONE', ( #4334, #1282, #2687, #1050 ) ) ;
#1527 = DIRECTION ( 'NONE',  ( 1.000000000000000000, 0.000000000000000000, 0.000000000000000000 ) ) ;
#1528 = DIRECTION ( 'NONE',  ( 0.000000000000000000, 0.000000000000000000, 1.000000000000000000 ) ) ;
#1529 = ORIENTED_EDGE ( 'NONE', *, *, #946, .T. ) ;
#1530 = ADVANCED_FACE ( 'NONE', ( #5768 ), #4297, .F. ) ;
#1531 = AXIS2_PLACEMENT_3D ( 'NONE', #2943, #4696, #4647 ) ;
#1532 = EDGE_LOOP ( 'NONE', ( #480, #5976, #5375, #5971 ) ) ;
#1533 = DIRECTION ( 'NONE',  ( 0.000000000000000000, 0.000000000000000000, -1.000000000000000000 ) ) ;
#1534 = CARTESIAN_POINT ( 'NONE',  ( 3.858707165180967458, 30.25128029631820326, -3.000000000000000000 ) ) ;
#1535 = CARTESIAN_POINT ( 'NONE',  ( 15.71750068664550604, 30.25128029631820326, -3.000000000000000000 ) ) ;
#1536 = EDGE_LOOP ( 'NONE', ( #980, #4694, #1517, #2403 ) ) ;
#1537 = ORIENTED_EDGE ( 'NONE', *, *, #3771, .F. ) ;
#1538 = CARTESIAN_POINT ( 'NONE',  ( -14.30049912664548728, 3.980218421195628409, -0.5999999999999894307 ) ) ;
#1539 = ORIENTED_EDGE ( 'NONE', *, *, #1902, .T. ) ;
#1540 = EDGE_CURVE ( 'NONE', #7158, #3077, #2009, .T. ) ;
#1541 = AXIS2_PLACEMENT_3D ( 'NONE', #4511, #1153, #84 ) ;
#1542 = LINE ( 'NONE', #4914, #4000 ) ;
#1543 = EDGE_LOOP ( 'NONE', ( #1453, #2320, #2583, #1224 ) ) ;
#1544 = DIRECTION ( 'NONE',  ( -1.000000000000000000, -1.963837897332233702E-15, 0.000000000000000000 ) ) ;
#1545 = CARTESIAN_POINT ( 'NONE',  ( -16.42181947020512567, 6.101538764755273014, -2.400000000000003020 ) ) ;
#1546 = ORIENTED_EDGE ( 'NONE', *, *, #738, .T. ) ;
#1547 = CARTESIAN_POINT ( 'NONE',  ( 15.71750068664550604, -15.11147595840165536, 0.000000000000000000 ) ) ;
#1548 = LINE ( 'NONE', #3315, #2514 ) ;
#1549 = ORIENTED_EDGE ( 'NONE', *, *, #3819, .T. ) ;
#1550 = EDGE_CURVE ( 'NONE', #3741, #3105, #2786, .T. ) ;
#1551 = CIRCLE ( 'NONE', #2207, 1.000000000000000000 ) ;
#1552 = CIRCLE ( 'NONE', #6669, 0.5000000000000004441 ) ;
#1553 = CARTESIAN_POINT ( 'NONE',  ( 17.30049912664548728, 3.980218421195628409, -2.399999999999990585 ) ) ;
#1554 = FACE_OUTER_BOUND ( 'NONE', #606, .T. ) ;
#1555 = DIRECTION ( 'NONE',  ( 0.000000000000000000, 0.000000000000000000, -1.000000000000000000 ) ) ;
#1556 = CARTESIAN_POINT ( 'NONE',  ( 25.71750068664550781, -1.217476000361414457, -3.000000000000000000 ) ) ;
#1557 = CARTESIAN_POINT ( 'NONE',  ( -3.378679656440342516, 40.25128029631820681, -1.500000000000000000 ) ) ;
#1558 = CIRCLE ( 'NONE', #4851, 0.5000000000000001110 ) ;
#1559 = DIRECTION ( 'NONE',  ( 1.858632295689435856E-16, 1.000000000000000000, -0.000000000000000000 ) ) ;
#1560 = AXIS2_PLACEMENT_3D ( 'NONE', #6581, #7216, #2706 ) ;
#1561 = CIRCLE ( 'NONE', #2106, 1.000000000000000000 ) ;
#1562 = ORIENTED_EDGE ( 'NONE', *, *, #5075, .F. ) ;
#1563 = DIRECTION ( 'NONE',  ( -0.000000000000000000, 1.000000000000000000, -0.000000000000000000 ) ) ;
#1564 = EDGE_CURVE ( 'NONE', #6140, #5319, #1826, .T. ) ;
#1565 = ADVANCED_FACE ( 'NONE', ( #3685 ), #6115, .F. ) ;
#1566 = CARTESIAN_POINT ( 'NONE',  ( 9.000000000000001776, -4.691166140300482290, -3.000000000000000000 ) ) ;
#1567 = CARTESIAN_POINT ( 'NONE',  ( 9.200944287194108284, 25.20180787170023251, -3.000000000000000000 ) ) ;
#1568 = CARTESIAN_POINT ( 'NONE',  ( -3.500000000000000000, 12.95128041827299015, 0.000000000000000000 ) ) ;
#1569 = VECTOR ( 'NONE', #3818, 1000.000000000000000 ) ;
#1570 = ORIENTED_EDGE ( 'NONE', *, *, #6364, .F. ) ;
#1571 = CARTESIAN_POINT ( 'NONE',  ( 3.250000000000000888, 13.20128041827298482, -3.000000000000000000 ) ) ;
#1572 = CARTESIAN_POINT ( 'NONE',  ( 15.71750068664550604, 5.391643985941802164, -3.000000000000000000 ) ) ;
#1573 = AXIS2_PLACEMENT_3D ( 'NONE', #452, #6044, #4329 ) ;
#1574 = ORIENTED_EDGE ( 'NONE', *, *, #4651, .F. ) ;
#1575 = CARTESIAN_POINT ( 'NONE',  ( 2.000000000000000000, 39.75128029631820681, 1.818884925064438551 ) ) ;
#1576 = TOROIDAL_SURFACE ( 'NONE', #5442, 5.000000000000000888, 0.5000000000000000000 ) ;
#1577 = DIRECTION ( 'NONE',  ( 0.000000000000000000, 0.000000000000000000, 1.000000000000000000 ) ) ;
#1578 = CARTESIAN_POINT ( 'NONE',  ( 22.71750068664549005, -15.11147595840163937, -3.000000000000000000 ) ) ;
#1579 = ORIENTED_EDGE ( 'NONE', *, *, #5857, .F. ) ;
#1580 = CARTESIAN_POINT ( 'NONE',  ( 17.30049912664549083, -4.691166140300482290, -2.399999999999990585 ) ) ;
#1581 = LINE ( 'NONE', #4776, #6927 ) ;
#1582 = DIRECTION ( 'NONE',  ( -0.7071067811865480168, 0.000000000000000000, -0.7071067811865470176 ) ) ;
#1583 = FACE_OUTER_BOUND ( 'NONE', #3644, .T. ) ;
#1584 = EDGE_LOOP ( 'NONE', ( #4912, #4344, #5461, #5620 ) ) ;
#1585 = CARTESIAN_POINT ( 'NONE',  ( 4.075974153824395430, 30.25128029631820326, 6.500000000000000000 ) ) ;
#1586 =( BOUNDED_SURFACE ( )  B_SPLINE_SURFACE ( 3, 2, ( 
 ( #5681, #1309, #2965 ),
 ( #4643, #4565, #1815 ),
 ( #191, #1283, #2381 ),
 ( #1844, #5758, #1874 ) ),
 .UNSPECIFIED., .F., .F., .F. ) 
 B_SPLINE_SURFACE_WITH_KNOTS ( ( 4, 4 ),
 ( 3, 3 ),
 ( 0.5085288926354982753, 0.5554287032091892451 ),
 ( 0.000000000000000000, 1.000000000000000000 ),
 .UNSPECIFIED. ) 
 GEOMETRIC_REPRESENTATION_ITEM ( )  RATIONAL_B_SPLINE_SURFACE ( (
 ( 1.000000000000000000, 0.7204829694773327020, 1.000000000000000000),
 ( 1.000000000000000000, 0.7417683932542963321, 1.000000000000000000),
 ( 1.000000000000000000, 0.7619900189851399608, 1.000000000000000000),
 ( 1.000000000000000000, 0.7809210588666485320, 1.000000000000000000) ) ) 
 REPRESENTATION_ITEM ( '' )  SURFACE ( )  );
#1587 = DIRECTION ( 'NONE',  ( 0.5842645500517749113, 0.000000000000000000, -0.8115632665127205936 ) ) ;
#1588 = DIRECTION ( 'NONE',  ( -0.7071067811865431318, 0.000000000000000000, -0.7071067811865520136 ) ) ;
#1589 = FACE_OUTER_BOUND ( 'NONE', #944, .T. ) ;
#1590 = CARTESIAN_POINT ( 'NONE',  ( 0.000000000000000000, 40.25128029631820681, 6.500000000000000000 ) ) ;
#1591 = ORIENTED_EDGE ( 'NONE', *, *, #4293, .F. ) ;
#1592 = EDGE_CURVE ( 'NONE', #6846, #497, #1308, .T. ) ;
#1593 = AXIS2_PLACEMENT_3D ( 'NONE', #5166, #1821, #6270 ) ;
#1594 = ORIENTED_EDGE ( 'NONE', *, *, #1747, .T. ) ;
#1595 = CIRCLE ( 'NONE', #7136, 0.2500000000000002220 ) ;
#1596 = EDGE_LOOP ( 'NONE', ( #303, #6447, #5569, #5052, #1864, #521, #3857, #2602, #7213, #6779, #3476, #5996, #1612, #3098, #2065, #6207, #3280, #576, #3550, #5747, #2291, #4780, #1450, #6419, #6873, #4715, #1007 ) ) ;
#1597 = ADVANCED_FACE ( 'NONE', ( #4120 ), #6744, .F. ) ;
#1598 = LINE ( 'NONE', #736, #1248 ) ;
#1599 = CARTESIAN_POINT ( 'NONE',  ( -9.000000000000001776, -7.691166140300482290, -3.000000000000000000 ) ) ;
#1600 = DIRECTION ( 'NONE',  ( -1.000000000000000000, 0.000000000000000000, 0.000000000000000000 ) ) ;
#1601 = VECTOR ( 'NONE', #3080, 1000.000000000000114 ) ;
#1602 = EDGE_CURVE ( 'NONE', #4100, #5727, #3860, .T. ) ;
#1603 = EDGE_LOOP ( 'NONE', ( #2011, #6028, #6543, #1946 ) ) ;
#1605 = EDGE_CURVE ( 'NONE', #4416, #4443, #891, .T. ) ;
#1604 = CARTESIAN_POINT ( 'NONE',  ( -2.861803398874990911, 18.89849401377294669, -0.02639320225002227127 ) ) ;
#1606 = VERTEX_POINT ( 'NONE', #4092 ) ;
#1607 = ORIENTED_EDGE ( 'NONE', *, *, #7173, .T. ) ;
#1608 = VECTOR ( 'NONE', #1171, 1000.000000000000000 ) ;
#1609 = CARTESIAN_POINT ( 'NONE',  ( -9.000000000000001776, 9.280717547841103254, -2.400000000000003908 ) ) ;
#1610 = ORIENTED_EDGE ( 'NONE', *, *, #2586, .T. ) ;
#1611 = CARTESIAN_POINT ( 'NONE',  ( 5.910708817430887052, 39.75128029631820681, -0.4074026900626631087 ) ) ;
#1612 = ORIENTED_EDGE ( 'NONE', *, *, #326, .T. ) ;
#1614 = EDGE_CURVE ( 'NONE', #5319, #6077, #6902, .T. ) ;
#1613 = DIRECTION ( 'NONE',  ( -1.000000000000000000, -0.000000000000000000, 0.000000000000000000 ) ) ;
#1615 = ORIENTED_EDGE ( 'NONE', *, *, #2729, .T. ) ;
#1616 = ORIENTED_EDGE ( 'NONE', *, *, #2845, .T. ) ;
#1617 = CONICAL_SURFACE ( 'NONE', #2836, 2.999999999999995559, 0.7853981633974541632 ) ;
#1618 = ORIENTED_EDGE ( 'NONE', *, *, #3241, .T. ) ;
#1619 = AXIS2_PLACEMENT_3D ( 'NONE', #3023, #5770, #2421 ) ;
#1620 = ORIENTED_EDGE ( 'NONE', *, *, #6251, .T. ) ;
#1621 = CARTESIAN_POINT ( 'NONE',  ( 5.910708817430887052, 40.25128029631820681, -0.4074026900626635528 ) ) ;
#1622 = DIRECTION ( 'NONE',  ( -0.000000000000000000, 0.000000000000000000, 1.000000000000000000 ) ) ;
#1623 = ORIENTED_EDGE ( 'NONE', *, *, #3468, .T. ) ;
#1624 = DIRECTION ( 'NONE',  ( 1.000000000000000000, 0.000000000000000000, -0.000000000000000000 ) ) ;
#1625 = CARTESIAN_POINT ( 'NONE',  ( 4.395023427660164295, 40.25128029666110052, -2.604976584857550570 ) ) ;
#1626 = LINE ( 'NONE', #3802, #1198 ) ;
#1627 = EDGE_LOOP ( 'NONE', ( #4450, #5738, #1285, #5625 ) ) ;
#1628 = FACE_OUTER_BOUND ( 'NONE', #331, .T. ) ;
#1629 = EDGE_CURVE ( 'NONE', #3903, #3034, #1132, .T. ) ;
#1630 = VERTEX_POINT ( 'NONE', #798 ) ;
#1631 = AXIS2_PLACEMENT_3D ( 'NONE', #5126, #6253, #5694 ) ;
#1632 = ADVANCED_FACE ( 'NONE', ( #3054 ), #5855, .T. ) ;
#1633 = CARTESIAN_POINT ( 'NONE',  ( -3.000000000000000000, 12.95128041827298837, -0.9999999999999983347 ) ) ;
#1634 = DIRECTION ( 'NONE',  ( 1.858632295689435609E-16, -1.000000000000000000, -1.232595164407830946E-32 ) ) ;
#1635 = CARTESIAN_POINT ( 'NONE',  ( 0.000000000000000000, 35.25128029631821391, -2.800000000000009148 ) ) ;
#1636 = LINE ( 'NONE', #5816, #5923 ) ;
#1637 = VERTEX_POINT ( 'NONE', #1322 ) ;
#1638 = DIRECTION ( 'NONE',  ( 0.000000000000000000, 0.000000000000000000, -1.000000000000000000 ) ) ;
#1639 = VECTOR ( 'NONE', #703, 1000.000000000000000 ) ;
#1640 = CONICAL_SURFACE ( 'NONE', #240, 2.399999999999985256, 0.7853981633974541632 ) ;
#1641 = AXIS2_PLACEMENT_3D ( 'NONE', #1521, #2089, #6559 ) ;
#1642 = VECTOR ( 'NONE', #1622, 1000.000000000000000 ) ;
#1644 = EDGE_CURVE ( 'NONE', #3015, #6846, #5517, .T. ) ;
#1643 = DIRECTION ( 'NONE',  ( 0.000000000000000000, 0.000000000000000000, 1.000000000000000000 ) ) ;
#1645 = FACE_OUTER_BOUND ( 'NONE', #135, .T. ) ;
#1646 = FACE_OUTER_BOUND ( 'NONE', #6598, .T. ) ;
#1647 = VERTEX_POINT ( 'NONE', #5741 ) ;
#1648 = CARTESIAN_POINT ( 'NONE',  ( -4.450922536447977862, 30.31273273462252149, 6.500000000000000000 ) ) ;
#1649 = CARTESIAN_POINT ( 'NONE',  ( -22.71750068664549005, -15.71147595840166566, -2.399999999999989697 ) ) ;
#1650 = DIRECTION ( 'NONE',  ( -1.000000000000000000, 0.000000000000000000, 0.000000000000000000 ) ) ;
#1651 = CARTESIAN_POINT ( 'NONE',  ( 2.948840736528479667, 18.81145667611945527, -0.06991187107676744006 ) ) ;
#1652 = AXIS2_PLACEMENT_3D ( 'NONE', #1823, #3463, #4526 ) ;
#1653 = EDGE_CURVE ( 'NONE', #1974, #1630, #3316, .T. ) ;
#1654 = FACE_OUTER_BOUND ( 'NONE', #5821, .T. ) ;
#1655 = ORIENTED_EDGE ( 'NONE', *, *, #3833, .F. ) ;
#1656 = LINE ( 'NONE', #2444, #1226 ) ;
#1657 = DIRECTION ( 'NONE',  ( 0.000000000000000000, 0.000000000000000000, -1.000000000000000000 ) ) ;
#1658 = ORIENTED_EDGE ( 'NONE', *, *, #2780, .F. ) ;
#1659 = CARTESIAN_POINT ( 'NONE',  ( 0.000000000000000000, 40.25128029631820681, 1.670150133734640052 ) ) ;
#1660 = EDGE_LOOP ( 'NONE', ( #4480, #3230, #4711, #4428 ) ) ;
#1661 = LINE ( 'NONE', #5825, #1145 ) ;
#1662 = AXIS2_PLACEMENT_3D ( 'NONE', #3017, #4670, #4163 ) ;
#1663 = VERTEX_POINT ( 'NONE', #6380 ) ;
#1664 = CARTESIAN_POINT ( 'NONE',  ( 11.55619151688045498, -15.11147595840165714, 0.000000000000000000 ) ) ;
#1665 = ADVANCED_FACE ( 'NONE', ( #2877 ), #2537, .T. ) ;
#1666 = LINE ( 'NONE', #3690, #5285 ) ;
#1667 = CARTESIAN_POINT ( 'NONE',  ( 5.910708817430887052, 39.75128029631820681, -0.4074026900626637748 ) ) ;
#1668 = CARTESIAN_POINT ( 'NONE',  ( -3.378679656440342072, 42.25128029631820681, -1.500000000000000000 ) ) ;
#1669 = CARTESIAN_POINT ( 'NONE',  ( 4.004924137285187591, 40.25128029631820681, -2.280268810403968338 ) ) ;
#1670 = EDGE_CURVE ( 'NONE', #161, #2210, #2355, .T. ) ;
#1671 = AXIS2_PLACEMENT_3D ( 'NONE', #1599, #7166, #504 ) ;
#1672 = LINE ( 'NONE', #4258, #2992 ) ;
#1673 = ORIENTED_EDGE ( 'NONE', *, *, #367, .F. ) ;
#1674 = CARTESIAN_POINT ( 'NONE',  ( 0.000000000000000000, 30.25128029631820326, 1.670150133734640052 ) ) ;
#1675 = DIRECTION ( 'NONE',  ( 0.000000000000000000, 0.000000000000000000, 1.000000000000000000 ) ) ;
#1676 = VERTEX_POINT ( 'NONE', #5256 ) ;
#1677 = DIRECTION ( 'NONE',  ( 1.000000000000000000, 1.241526754781063561E-15, 0.000000000000000000 ) ) ;
#1678 = EDGE_CURVE ( 'NONE', #5329, #2934, #1216, .T. ) ;
#1679 = EDGE_CURVE ( 'NONE', #5249, #6140, #4212, .T. ) ;
#1680 = FACE_OUTER_BOUND ( 'NONE', #139, .T. ) ;
#1681 = VERTEX_POINT ( 'NONE', #1263 ) ;
#1682 = ORIENTED_EDGE ( 'NONE', *, *, #5149, .T. ) ;
#1683 = CARTESIAN_POINT ( 'NONE',  ( 3.622919641721424000, 41.75128029631820681, 6.500000000000000000 ) ) ;
#1684 = EDGE_LOOP ( 'NONE', ( #5606, #4922, #1277, #1703 ) ) ;
#1685 = FACE_OUTER_BOUND ( 'NONE', #4940, .T. ) ;
#1686 = DIRECTION ( 'NONE',  ( -0.000000000000000000, 0.000000000000000000, 1.000000000000000000 ) ) ;
#1687 = EDGE_LOOP ( 'NONE', ( #4668, #7243, #5293, #814 ) ) ;
#1688 = ORIENTED_EDGE ( 'NONE', *, *, #5011, .F. ) ;
#1689 = AXIS2_PLACEMENT_3D ( 'NONE', #1659, #2226, #6137 ) ;
#1690 = CARTESIAN_POINT ( 'NONE',  ( 5.840176074216997471, 40.20743485313931131, -0.5313009018290283381 ) ) ;
#1691 = CARTESIAN_POINT ( 'NONE',  ( 1.807106781186547106, 42.25128029631820681, 1.742893218813453160 ) ) ;
#1692 = EDGE_CURVE ( 'NONE', #1217, #3064, #6027, .T. ) ;
#1693 = CARTESIAN_POINT ( 'NONE',  ( 4.296059474379193333, 40.25128029631820681, -2.686766307930285258 ) ) ;
#1694 = DIRECTION ( 'NONE',  ( -0.000000000000000000, -0.000000000000000000, -1.000000000000000000 ) ) ;
#1695 = ORIENTED_EDGE ( 'NONE', *, *, #3424, .F. ) ;
#1696 = ORIENTED_EDGE ( 'NONE', *, *, #6327, .T. ) ;
#1697 = DIRECTION ( 'NONE',  ( 0.000000000000000000, -1.000000000000000000, -1.365091425809202473E-16 ) ) ;
#1698 = LINE ( 'NONE', #3950, #3913 ) ;
#1699 = ORIENTED_EDGE ( 'NONE', *, *, #972, .T. ) ;
#1700 = ADVANCED_FACE ( 'NONE', ( #3046 ), #885, .F. ) ;
#1701 = DIRECTION ( 'NONE',  ( 1.000000000000000000, 0.000000000000000000, 0.000000000000000000 ) ) ;
#1702 = DIRECTION ( 'NONE',  ( 0.000000000000000000, 0.7071067811865520136, -0.7071067811865430208 ) ) ;
#1703 = ORIENTED_EDGE ( 'NONE', *, *, #6131, .F. ) ;
#1704 = CARTESIAN_POINT ( 'NONE',  ( -5.500000000000000000, 42.25128029631820681, 0.6213203435596476032 ) ) ;
#1705 = VERTEX_POINT ( 'NONE', #776 ) ;
#1706 = DIRECTION ( 'NONE',  ( -1.000000000000000000, 0.000000000000000000, 0.000000000000000000 ) ) ;
#1707 = ORIENTED_EDGE ( 'NONE', *, *, #6849, .F. ) ;
#1708 = ORIENTED_EDGE ( 'NONE', *, *, #5574, .T. ) ;
#1709 = DIRECTION ( 'NONE',  ( -1.000000000000000000, 0.000000000000000000, 0.000000000000000000 ) ) ;
#1710 = ORIENTED_EDGE ( 'NONE', *, *, #6659, .T. ) ;
#1711 = DIRECTION ( 'NONE',  ( -0.000000000000000000, 1.000000000000000000, -0.000000000000000000 ) ) ;
#1712 = EDGE_CURVE ( 'NONE', #713, #2413, #4987, .T. ) ;
#1713 = AXIS2_PLACEMENT_3D ( 'NONE', #5600, #1748, #3443 ) ;
#1714 = VECTOR ( 'NONE', #5345, 1000.000000000000000 ) ;
#1715 = ORIENTED_EDGE ( 'NONE', *, *, #7094, .F. ) ;
#1716 = DIRECTION ( 'NONE',  ( 1.000000000000000000, 0.000000000000000000, 0.000000000000000000 ) ) ;
#1717 = FACE_OUTER_BOUND ( 'NONE', #6852, .T. ) ;
#1718 = CARTESIAN_POINT ( 'NONE',  ( -3.500000000000000000, 23.95128041827299015, -2.399999999999983036 ) ) ;
#1719 = CARTESIAN_POINT ( 'NONE',  ( -22.78856849851096911, 12.46271179780728744, -2.399999999999989697 ) ) ;
#1720 = ADVANCED_FACE ( 'NONE', ( #2001 ), #5790, .F. ) ;
#1721 = LINE ( 'NONE', #2372, #1463 ) ;
#1722 = CARTESIAN_POINT ( 'NONE',  ( 14.30049912664548728, -4.691166140300482290, -3.000000000000000000 ) ) ;
#1723 = VECTOR ( 'NONE', #3075, 1000.000000000000000 ) ;
#1724 = EDGE_CURVE ( 'NONE', #2485, #3060, #5428, .T. ) ;
#1725 = AXIS2_PLACEMENT_3D ( 'NONE', #6929, #2433, #6313 ) ;
#1726 = CARTESIAN_POINT ( 'NONE',  ( -6.000000000000000888, 9.280717547841103254, -3.000000000000000000 ) ) ;
#1727 = DIRECTION ( 'NONE',  ( 0.000000000000000000, 0.000000000000000000, 1.000000000000000000 ) ) ;
#1728 = CARTESIAN_POINT ( 'NONE',  ( -3.558769552017628346, 40.25128029631820681, 5.644138212168633650 ) ) ;
#1729 = CARTESIAN_POINT ( 'NONE',  ( -6.057816332563604966, 30.25128029631820326, 4.740207675323311776 ) ) ;
#1730 = VECTOR ( 'NONE', #3243, 1000.000000000000000 ) ;
#1731 = DIRECTION ( 'NONE',  ( -1.000000000000000000, 0.000000000000000000, 0.000000000000000000 ) ) ;
#1732 = PLANE ( 'NONE',  #2600 ) ;
#1733 = ORIENTED_EDGE ( 'NONE', *, *, #2905, .F. ) ;
#1734 = DIRECTION ( 'NONE',  ( -0.8129949950526367264, 0.000000000000000000, -0.5822706741880129266 ) ) ;
#1735 = CARTESIAN_POINT ( 'NONE',  ( 11.53949928283222270, -15.71147595840166566, -0.6000000000000033085 ) ) ;
#1736 = AXIS2_PLACEMENT_3D ( 'NONE', #5609, #1643, #2842 ) ;
#1737 = VECTOR ( 'NONE', #5715, 1000.000000000000114 ) ;
#1738 = ORIENTED_EDGE ( 'NONE', *, *, #2070, .T. ) ;
#1740 = EDGE_CURVE ( 'NONE', #3843, #3064, #4207, .T. ) ;
#1739 = CARTESIAN_POINT ( 'NONE',  ( -20.30049912664548373, -1.528473728810499699, 0.000000000000000000 ) ) ;
#1741 = EDGE_CURVE ( 'NONE', #3186, #1344, #3220, .T. ) ;
#1742 = ADVANCED_FACE ( 'NONE', ( #4387 ), #6379, .T. ) ;
#1743 = CARTESIAN_POINT ( 'NONE',  ( 16.84887153654397807, 6.523014835840274195, 0.000000000000000000 ) ) ;
#1744 = CARTESIAN_POINT ( 'NONE',  ( -6.057816332563604966, 30.75128029631820326, 4.740207675323311776 ) ) ;
#1745 = ORIENTED_EDGE ( 'NONE', *, *, #3183, .F. ) ;
#1746 = VECTOR ( 'NONE', #3400, 1000.000000000000000 ) ;
#1747 = EDGE_CURVE ( 'NONE', #4399, #7146, #1918, .T. ) ;
#1748 = DIRECTION ( 'NONE',  ( 0.000000000000000000, 0.000000000000000000, 1.000000000000000000 ) ) ;
#1749 = CARTESIAN_POINT ( 'NONE',  ( 4.776114451786708237, 30.25128029631820326, 6.520535037246295573 ) ) ;
#1750 = FACE_OUTER_BOUND ( 'NONE', #1792, .T. ) ;
#1751 = CARTESIAN_POINT ( 'NONE',  ( 4.336808689942017736E-16, 26.45128041827299015, 0.8452906471850275549 ) ) ;
#1752 = DIRECTION ( 'NONE',  ( -1.000000000000000000, 0.000000000000000000, 0.000000000000000000 ) ) ;
#1753 = DIRECTION ( 'NONE',  ( 0.7071067811865491270, 0.000000000000000000, -0.7071067811865459074 ) ) ;
#1754 = CARTESIAN_POINT ( 'NONE',  ( -22.71750068664549005, -15.11147595840166247, -3.000000000000000000 ) ) ;
#1755 = VECTOR ( 'NONE', #714, 1000.000000000000000 ) ;
#1756 = DIRECTION ( 'NONE',  ( -0.7071067811865492381, 2.829155424136940160E-16, -0.7071067811865457964 ) ) ;
#1757 = DIRECTION ( 'NONE',  ( 0.000000000000000000, -0.000000000000000000, 1.000000000000000000 ) ) ;
#1758 = AXIS2_PLACEMENT_3D ( 'NONE', #3602, #6304, #2468 ) ;
#1759 = CARTESIAN_POINT ( 'NONE',  ( -4.336808689942017736E-16, 26.45128041827299015, -2.399999999999983036 ) ) ;
#1760 = CONICAL_SURFACE ( 'NONE', #2400, 3.599999999999999201, 0.7853981633974487231 ) ;
#1761 = CARTESIAN_POINT ( 'NONE',  ( 2.861803398874991355, 18.89849401377294669, -0.02639320225002227127 ) ) ;
#1762 = ORIENTED_EDGE ( 'NONE', *, *, #3681, .T. ) ;
#1763 = DIRECTION ( 'NONE',  ( -0.000000000000000000, 1.000000000000000000, 0.000000000000000000 ) ) ;
#1764 = VERTEX_POINT ( 'NONE', #335 ) ;
#1765 = CYLINDRICAL_SURFACE ( 'NONE', #3955, 9.999999999999998224 ) ;
#1766 = DIRECTION ( 'NONE',  ( 0.000000000000000000, 0.000000000000000000, 1.000000000000000000 ) ) ;
#1767 = CARTESIAN_POINT ( 'NONE',  ( -3.250000000000000000, 12.95128041827298659, -2.399999999999983036 ) ) ;
#1768 = COLOUR_RGB ( '',0.7921568627450980005, 0.8196078431372548767, 0.9333333333333333481 ) ;
#1769 = ORIENTED_EDGE ( 'NONE', *, *, #5462, .T. ) ;
#1770 = EDGE_CURVE ( 'NONE', #460, #6268, #7171, .T. ) ;
#1772 = AXIS2_PLACEMENT_3D ( 'NONE', #5106, #5076, #1706 ) ;
#1771 = DIRECTION ( 'NONE',  ( 0.000000000000000000, -1.000000000000000000, -0.000000000000000000 ) ) ;
#1773 = ORIENTED_EDGE ( 'NONE', *, *, #722, .T. ) ;
#1774 = ORIENTED_EDGE ( 'NONE', *, *, #6185, .T. ) ;
#1775 = ADVANCED_FACE ( 'NONE', ( #3774 ), #3674, .T. ) ;
#1776 = CARTESIAN_POINT ( 'NONE',  ( -4.370332818530348717, 40.25128029631820681, 6.228402762220407674 ) ) ;
#1777 = CARTESIAN_POINT ( 'NONE',  ( -5.500000000000000000, 41.75128029631820681, 4.999999999999999112 ) ) ;
#1778 = DIRECTION ( 'NONE',  ( 0.000000000000000000, 0.000000000000000000, 1.000000000000000000 ) ) ;
#1779 = ORIENTED_EDGE ( 'NONE', *, *, #5505, .F. ) ;
#1780 = DIRECTION ( 'NONE',  ( 0.000000000000000000, -1.000000000000000000, 1.734723475976807094E-15 ) ) ;
#1781 = EDGE_CURVE ( 'NONE', #6531, #1525, #6986, .T. ) ;
#1782 = AXIS2_PLACEMENT_3D ( 'NONE', #4779, #1419, #3705 ) ;
#1783 = CARTESIAN_POINT ( 'NONE',  ( -3.858707165180969234, 30.25128029631820326, -3.000000000000000000 ) ) ;
#1784 = ORIENTED_EDGE ( 'NONE', *, *, #1890, .F. ) ;
#1785 = CARTESIAN_POINT ( 'NONE',  ( -4.762005586619903141, 30.25169274249646634, 6.500000000000000000 ) ) ;
#1786 = ORIENTED_EDGE ( 'NONE', *, *, #5441, .F. ) ;
#1787 = DIRECTION ( 'NONE',  ( 0.000000000000000000, 0.000000000000000000, 1.000000000000000000 ) ) ;
#1788 = DIRECTION ( 'NONE',  ( -1.000000000000000000, 0.000000000000000000, 0.000000000000000000 ) ) ;
#1789 = VERTEX_POINT ( 'NONE', #4749 ) ;
#1790 = AXIS2_PLACEMENT_3D ( 'NONE', #5193, #1238, #2339 ) ;
#1791 = PLANE ( 'NONE',  #6318 ) ;
#1792 = EDGE_LOOP ( 'NONE', ( #630, #5972, #1893, #7183, #4550, #841, #5095, #3461, #1189, #3914, #3737, #5924, #5904, #1708, #6329, #44, #4236, #6409, #5226 ) ) ;
#1793 = DIRECTION ( 'NONE',  ( 1.000000000000000000, 0.000000000000000000, -0.000000000000000000 ) ) ;
#1794 = EDGE_CURVE ( 'NONE', #3022, #2247, #2529, .T. ) ;
#1795 = DIRECTION ( 'NONE',  ( -1.000000000000000000, 0.000000000000000000, 0.000000000000000000 ) ) ;
#1796 = FACE_OUTER_BOUND ( 'NONE', #528, .T. ) ;
#1797 = VERTEX_POINT ( 'NONE', #3049 ) ;
#1798 = ORIENTED_EDGE ( 'NONE', *, *, #669, .F. ) ;
#1799 = VERTEX_POINT ( 'NONE', #4198 ) ;
#1800 = VERTEX_POINT ( 'NONE', #1394 ) ;
#1801 = DIRECTION ( 'NONE',  ( -0.000000000000000000, -0.000000000000000000, 1.000000000000000000 ) ) ;
#1802 = DIRECTION ( 'NONE',  ( -0.000000000000000000, -0.000000000000000000, -1.000000000000000000 ) ) ;
#1803 = CARTESIAN_POINT ( 'NONE',  ( 4.336808689942017736E-16, 26.23663575733231568, 0.8759541701765515276 ) ) ;
#1804 = DIRECTION ( 'NONE',  ( -0.000000000000000000, 1.000000000000000000, -0.000000000000000000 ) ) ;
#1805 = VECTOR ( 'NONE', #6808, 1000.000000000000000 ) ;
#1806 = VERTEX_POINT ( 'NONE', #3652 ) ;
#1808 = AXIS2_PLACEMENT_3D ( 'NONE', #2424, #3502, #5719 ) ;
#1807 = CARTESIAN_POINT ( 'NONE',  ( 7.000000000000000000, 42.25128029631820681, 5.000000000000000888 ) ) ;
#1809 = DIRECTION ( 'NONE',  ( -0.7071067811865474617, 0.000000000000000000, 0.7071067811865474617 ) ) ;
#1810 = LINE ( 'NONE', #1374, #4801 ) ;
#1811 = TOROIDAL_SURFACE ( 'NONE', #5023, 1.000000000000000000, 0.5000000000000000000 ) ;
#1812 = ORIENTED_EDGE ( 'NONE', *, *, #6154, .F. ) ;
#1813 = PLANE ( 'NONE',  #4503 ) ;
#1814 = CARTESIAN_POINT ( 'NONE',  ( -22.36430442979903432, 12.03844772909534910, 0.000000000000000000 ) ) ;
#1815 = CARTESIAN_POINT ( 'NONE',  ( 4.572271118299324755, 40.25128029631820681, -2.427728881700702335 ) ) ;
#1816 = ADVANCED_FACE ( 'NONE', ( #3938 ), #5883, .F. ) ;
#1817 = EDGE_CURVE ( 'NONE', #5280, #5041, #4021, .T. ) ;
#1818 = LINE ( 'NONE', #5605, #883 ) ;
#1819 = CARTESIAN_POINT ( 'NONE',  ( -4.075974153824395430, 40.25128029631820681, 6.500000000000000000 ) ) ;
#1820 = VECTOR ( 'NONE', #5981, 1000.000000000000000 ) ;
#1821 = DIRECTION ( 'NONE',  ( -0.000000000000000000, -0.000000000000000000, -1.000000000000000000 ) ) ;
#1822 = DIRECTION ( 'NONE',  ( -1.000000000000000000, 0.000000000000000000, 0.000000000000000000 ) ) ;
#1823 = CARTESIAN_POINT ( 'NONE',  ( -3.631946009244122475, 41.75128029631820681, 6.000000000000000000 ) ) ;
#1824 = VERTEX_POINT ( 'NONE', #3262 ) ;
#1825 = VECTOR ( 'NONE', #5711, 1000.000000000000000 ) ;
#1826 = CIRCLE ( 'NONE', #5, 3.600000000000000977 ) ;
#1827 = ORIENTED_EDGE ( 'NONE', *, *, #6785, .T. ) ;
#1828 = EDGE_CURVE ( 'NONE', #3105, #6552, #1049, .T. ) ;
#1829 = AXIS2_PLACEMENT_3D ( 'NONE', #2936, #134, #6749 ) ;
#1830 = DIRECTION ( 'NONE',  ( -1.000000000000000000, 0.000000000000000000, -0.000000000000000000 ) ) ;
#1831 = CARTESIAN_POINT ( 'NONE',  ( -1.154505907107611362E-15, 30.25128029631820326, 5.045293363029683675 ) ) ;
#1832 = CARTESIAN_POINT ( 'NONE',  ( -14.30049912664548728, -4.691166140300482290, -0.5999999999999894307 ) ) ;
#1833 = CYLINDRICAL_SURFACE ( 'NONE', #4235, 1.000000000000000000 ) ;
#1834 = CARTESIAN_POINT ( 'NONE',  ( -5.500000000000000000, 40.25128029631820681, 4.999999999999999112 ) ) ;
#1835 = DIRECTION ( 'NONE',  ( -0.7071067811865480168, -0.000000000000000000, -0.7071067811865470176 ) ) ;
#1836 = CARTESIAN_POINT ( 'NONE',  ( 3.192591309895108420, 12.95128041827298304, -1.114818758066622673 ) ) ;
#1837 = CIRCLE ( 'NONE', #5431, 0.5000000000000004441 ) ;
#1838 = ORIENTED_EDGE ( 'NONE', *, *, #3735, .T. ) ;
#1839 = DIRECTION ( 'NONE',  ( 0.000000000000000000, 0.000000000000000000, 1.000000000000000000 ) ) ;
#1840 = VECTOR ( 'NONE', #4632, 1000.000000000000000 ) ;
#1841 = DIRECTION ( 'NONE',  ( -1.000000000000000000, 0.000000000000000000, 0.000000000000000000 ) ) ;
#1842 = PLANE ( 'NONE',  #6114 ) ;
#1843 = AXIS2_PLACEMENT_3D ( 'NONE', #1152, #1780, #3422 ) ;
#1845 = EDGE_CURVE ( 'NONE', #3843, #1797, #6809, .T. ) ;
#1844 = CARTESIAN_POINT ( 'NONE',  ( 4.620218033846064998, 39.76383205848156877, -1.839592552672423276 ) ) ;
#1846 = EDGE_CURVE ( 'NONE', #181, #886, #1561, .T. ) ;
#1847 = VERTEX_POINT ( 'NONE', #7137 ) ;
#1848 = VECTOR ( 'NONE', #539, 1000.000000000000000 ) ;
#1849 = ORIENTED_EDGE ( 'NONE', *, *, #5729, .T. ) ;
#1850 = CARTESIAN_POINT ( 'NONE',  ( -5.500000000000007105, 1.022247762629191163E-15, 6.500000000000000000 ) ) ;
#1851 = CARTESIAN_POINT ( 'NONE',  ( 11.44991134358651408, -17.18300987160148807, 0.000000000000000000 ) ) ;
#1852 = CARTESIAN_POINT ( 'NONE',  ( 4.075974153824395430, 30.75128029631820326, 6.500000000000000000 ) ) ;
#1853 = CARTESIAN_POINT ( 'NONE',  ( 16.69627616777151147, 32.69713975227765701, -0.6000000000000033085 ) ) ;
#1854 = LINE ( 'NONE', #2638, #2378 ) ;
#1855 = AXIS2_PLACEMENT_3D ( 'NONE', #6368, #5286, #6341 ) ;
#1856 = ORIENTED_EDGE ( 'NONE', *, *, #5112, .T. ) ;
#1857 = ORIENTED_EDGE ( 'NONE', *, *, #4394, .F. ) ;
#1858 = CARTESIAN_POINT ( 'NONE',  ( 11.54558441227156607, 11.82630196011267820, -3.000000000000000000 ) ) ;
#1859 = DIRECTION ( 'NONE',  ( -1.000000000000000000, 0.000000000000000000, 0.000000000000000000 ) ) ;
#1860 = ADVANCED_FACE ( 'NONE', ( #2262 ), #970, .T. ) ;
#1861 = DIRECTION ( 'NONE',  ( 0.000000000000000000, -1.000000000000000000, 0.000000000000000000 ) ) ;
#1862 = DIRECTION ( 'NONE',  ( -1.000000000000000000, 0.000000000000000000, 0.000000000000000000 ) ) ;
#1863 = CONICAL_SURFACE ( 'NONE', #585, 9.399999999999987921, 0.7853981633974541632 ) ;
#1864 = ORIENTED_EDGE ( 'NONE', *, *, #3170, .F. ) ;
#1865 = DIRECTION ( 'NONE',  ( 0.000000000000000000, 1.000000000000000000, 0.000000000000000000 ) ) ;
#1866 = EDGE_CURVE ( 'NONE', #4673, #7135, #6283, .T. ) ;
#1867 = VECTOR ( 'NONE', #6092, 1000.000000000000000 ) ;
#1868 = ORIENTED_EDGE ( 'NONE', *, *, #2576, .T. ) ;
#1869 = AXIS2_PLACEMENT_3D ( 'NONE', #5123, #5691, #5640 ) ;
#1870 = CARTESIAN_POINT ( 'NONE',  ( -7.000000000000000000, 42.25128029631820681, 5.000000000000000888 ) ) ;
#1871 = DIRECTION ( 'NONE',  ( -1.000000000000000000, 0.000000000000000000, 0.000000000000000000 ) ) ;
#1872 = LINE ( 'NONE', #2426, #4944 ) ;
#1873 = ORIENTED_EDGE ( 'NONE', *, *, #4005, .T. ) ;
#1874 = CARTESIAN_POINT ( 'NONE',  ( 4.832631660370658722, 40.25128029631820681, -2.167368339629328400 ) ) ;
#1875 = EDGE_LOOP ( 'NONE', ( #4229, #1688, #3415, #4650 ) ) ;
#1876 = VERTEX_POINT ( 'NONE', #7083 ) ;
#1877 = LINE ( 'NONE', #2957, #929 ) ;
#1878 = CARTESIAN_POINT ( 'NONE',  ( -5.500000000000007105, 1.022247762629191163E-15, 4.999999999999999112 ) ) ;
#1879 = EDGE_CURVE ( 'NONE', #6903, #1876, #2174, .T. ) ;
#1880 = AXIS2_PLACEMENT_3D ( 'NONE', #1176, #2280, #3484 ) ;
#1881 = ORIENTED_EDGE ( 'NONE', *, *, #5246, .T. ) ;
#1882 = DIRECTION ( 'NONE',  ( 0.000000000000000000, 0.000000000000000000, 1.000000000000000000 ) ) ;
#1883 = EDGE_LOOP ( 'NONE', ( #2116, #3179 ) ) ;
#1884 = PLANE ( 'NONE',  #4936 ) ;
#1885 = PLANE ( 'NONE',  #7044 ) ;
#1886 = EDGE_LOOP ( 'NONE', ( #3718, #227, #5633, #3362 ) ) ;
#1887 = CARTESIAN_POINT ( 'NONE',  ( -11.44991134358651408, -17.18300987160148807, -2.399999999999989697 ) ) ;
#1888 = ORIENTED_EDGE ( 'NONE', *, *, #2532, .F. ) ;
#1889 = ORIENTED_EDGE ( 'NONE', *, *, #6197, .T. ) ;
#1890 = EDGE_CURVE ( 'NONE', #989, #664, #3856, .T. ) ;
#1891 = VECTOR ( 'NONE', #2200, 1000.000000000000000 ) ;
#1892 = ORIENTED_EDGE ( 'NONE', *, *, #6688, .T. ) ;
#1893 = ORIENTED_EDGE ( 'NONE', *, *, #1781, .T. ) ;
#1894 = CARTESIAN_POINT ( 'NONE',  ( -3.000000000000000000, 22.95128041827299015, 1.345290647185026334 ) ) ;
#1895 = EDGE_LOOP ( 'NONE', ( #6011, #719, #7017, #2410, #121 ) ) ;
#1896 = DIRECTION ( 'NONE',  ( -0.000000000000000000, -0.000000000000000000, 1.000000000000000000 ) ) ;
#1897 = ADVANCED_FACE ( 'NONE', ( #796 ), #6551, .F. ) ;
#1898 = CIRCLE ( 'NONE', #1342, 2.999999999999999112 ) ;
#1899 = VERTEX_POINT ( 'NONE', #6052 ) ;
#1900 = AXIS2_PLACEMENT_3D ( 'NONE', #4861, #6558, #5445 ) ;
#1901 = VERTEX_POINT ( 'NONE', #6026 ) ;
#1902 = EDGE_CURVE ( 'NONE', #6541, #6086, #6577, .T. ) ;
#1903 = ORIENTED_EDGE ( 'NONE', *, *, #1126, .F. ) ;
#1904 = LINE ( 'NONE', #3573, #6454 ) ;
#1905 = ORIENTED_EDGE ( 'NONE', *, *, #2538, .T. ) ;
#1906 = ADVANCED_FACE ( 'NONE', ( #6461 ), #5342, .F. ) ;
#1907 = CIRCLE ( 'NONE', #3090, 1.500000000000000000 ) ;
#1908 = CARTESIAN_POINT ( 'NONE',  ( -9.000000000000001776, -7.691166140300482290, -3.000000000000000000 ) ) ;
#1909 = CARTESIAN_POINT ( 'NONE',  ( -4.911353370940068963, 30.25128029631820326, -2.246090050198743970 ) ) ;
#1910 = FACE_OUTER_BOUND ( 'NONE', #915, .T. ) ;
#1911 = PLANE ( 'NONE',  #683 ) ;
#1912 = AXIS2_PLACEMENT_3D ( 'NONE', #1834, #5744, #1397 ) ;
#1913 = LINE ( 'NONE', #6996, #1304 ) ;
#1914 = VERTEX_POINT ( 'NONE', #3800 ) ;
#1915 = PLANE ( 'NONE',  #2387 ) ;
#1916 = CIRCLE ( 'NONE', #2036, 0.9999999999999991118 ) ;
#1917 = DIRECTION ( 'NONE',  ( -0.000000000000000000, -0.000000000000000000, -1.000000000000000000 ) ) ;
#1918 = LINE ( 'NONE', #4239, #6195 ) ;
#1919 = VERTEX_POINT ( 'NONE', #5955 ) ;
#1920 = DIRECTION ( 'NONE',  ( -1.858632295689435856E-16, 1.000000000000000000, 3.081487911019577365E-33 ) ) ;
#1921 = EDGE_CURVE ( 'NONE', #2747, #5310, #5073, .T. ) ;
#1922 = VERTEX_POINT ( 'NONE', #6522 ) ;
#1923 = DIRECTION ( 'NONE',  ( 0.000000000000000000, 0.000000000000000000, 1.000000000000000000 ) ) ;
#1924 = LINE ( 'NONE', #2837, #4287 ) ;
#1925 = VERTEX_POINT ( 'NONE', #938 ) ;
#1926 = LINE ( 'NONE', #7187, #4397 ) ;
#1927 = EDGE_CURVE ( 'NONE', #56, #5589, #793, .T. ) ;
#1928 = CARTESIAN_POINT ( 'NONE',  ( 3.378679656440342072, 41.75128029631820681, -1.500000000000000000 ) ) ;
#1929 = LINE ( 'NONE', #3618, #5775 ) ;
#1930 = ORIENTED_EDGE ( 'NONE', *, *, #6983, .T. ) ;
#1931 = DIRECTION ( 'NONE',  ( 0.000000000000000000, -0.1414213562373062283, -0.9899494936611670237 ) ) ;
#1932 = CARTESIAN_POINT ( 'NONE',  ( -11.44991134358651408, -17.18300987160148807, -3.000000000000000000 ) ) ;
#1933 = CONICAL_SURFACE ( 'NONE', #3271, 0.8500000000000174083, 0.7853981633974480570 ) ;
#1934 = ORIENTED_EDGE ( 'NONE', *, *, #5629, .F. ) ;
#1935 = VECTOR ( 'NONE', #4798, 1000.000000000000000 ) ;
#1936 = ADVANCED_FACE ( 'NONE', ( #2958 ), #3778, .T. ) ;
#1937 = CARTESIAN_POINT ( 'NONE',  ( -4.085786437626889089, 42.25128029631820681, -2.207106781186549238 ) ) ;
#1938 = CIRCLE ( 'NONE', #3636, 5.000000000000000888 ) ;
#1939 = AXIS2_PLACEMENT_3D ( 'NONE', #5514, #1024, #3767 ) ;
#1940 = ORIENTED_EDGE ( 'NONE', *, *, #4281, .T. ) ;
#1941 = EDGE_CURVE ( 'NONE', #698, #4416, #4113, .T. ) ;
#1942 = ORIENTED_EDGE ( 'NONE', *, *, #6062, .T. ) ;
#1943 = DIRECTION ( 'NONE',  ( -1.858632295689435856E-16, -1.000000000000000000, -3.081487911019577365E-33 ) ) ;
#1944 = LINE ( 'NONE', #2230, #2118 ) ;
#1945 = ORIENTED_EDGE ( 'NONE', *, *, #5984, .T. ) ;
#1946 = ORIENTED_EDGE ( 'NONE', *, *, #6287, .T. ) ;
#1947 = CARTESIAN_POINT ( 'NONE',  ( -23.55049912664548728, -1.528473728810499477, -2.399999999999967049 ) ) ;
#1948 = FACE_OUTER_BOUND ( 'NONE', #4835, .T. ) ;
#1949 = AXIS2_PLACEMENT_3D ( 'NONE', #2742, #2888, #1281 ) ;
#1950 = VECTOR ( 'NONE', #4175, 1000.000000000000000 ) ;
#1951 = ORIENTED_EDGE ( 'NONE', *, *, #4013, .T. ) ;
#1952 = ORIENTED_EDGE ( 'NONE', *, *, #4195, .F. ) ;
#1953 = CARTESIAN_POINT ( 'NONE',  ( 22.71750068664549005, -15.71147595840165501, -0.6000000000000033085 ) ) ;
#1954 = DIRECTION ( 'NONE',  ( 0.7071067811865485719, -0.7071067811865465735, 0.000000000000000000 ) ) ;
#1955 = CARTESIAN_POINT ( 'NONE',  ( -6.000000000000000888, 9.280717547841103254, -2.400000000000003908 ) ) ;
#1956 = CARTESIAN_POINT ( 'NONE',  ( 1.672031915415620761E-15, 26.23663575733231568, 0.8759541701765515276 ) ) ;
#1957 = VERTEX_POINT ( 'NONE', #3753 ) ;
#1958 = CARTESIAN_POINT ( 'NONE',  ( -1.600000000000000311, 29.25128029631821036, 3.050000000000000711 ) ) ;
#1959 = CARTESIAN_POINT ( 'NONE',  ( -2.750000000000000000, 22.91592507921366462, 1.097803273769734744 ) ) ;
#1960 = FACE_OUTER_BOUND ( 'NONE', #4276, .T. ) ;
#1961 = ORIENTED_EDGE ( 'NONE', *, *, #2103, .F. ) ;
#1962 = EDGE_CURVE ( 'NONE', #6911, #3812, #5423, .T. ) ;
#1963 = AXIS2_PLACEMENT_3D ( 'NONE', #5150, #2899, #6837 ) ;
#1964 = DIRECTION ( 'NONE',  ( 0.000000000000000000, -1.000000000000000000, 0.000000000000000000 ) ) ;
#1965 = EDGE_LOOP ( 'NONE', ( #5110, #6740, #3102 ) ) ;
#1966 = CARTESIAN_POINT ( 'NONE',  ( 22.71750068664550781, -12.71147595840166034, 0.000000000000000000 ) ) ;
#1967 = CARTESIAN_POINT ( 'NONE',  ( -1.600000000000000311, 41.75128029631820681, 1.450000000000000844 ) ) ;
#1968 = ORIENTED_EDGE ( 'NONE', *, *, #6909, .F. ) ;
#1969 = VERTEX_POINT ( 'NONE', #2096 ) ;
#1970 = EDGE_CURVE ( 'NONE', #2492, #5131, #1125, .T. ) ;
#1971 = DIRECTION ( 'NONE',  ( 0.000000000000000000, 0.000000000000000000, -1.000000000000000000 ) ) ;
#1972 = ORIENTED_EDGE ( 'NONE', *, *, #6659, .F. ) ;
#1973 = ADVANCED_FACE ( 'NONE', ( #2779 ), #6545, .F. ) ;
#1974 = VERTEX_POINT ( 'NONE', #4124 ) ;
#1975 = ORIENTED_EDGE ( 'NONE', *, *, #1051, .T. ) ;
#1976 = CARTESIAN_POINT ( 'NONE',  ( 17.30049912664549083, -4.691166140300481402, -0.5999999999999963141 ) ) ;
#1977 = CARTESIAN_POINT ( 'NONE',  ( -4.085786437626889089, 41.75128029631820681, -2.207106781186548794 ) ) ;
#1978 = CARTESIAN_POINT ( 'NONE',  ( -0.7852436610498029212, 26.37319844497584498, 0.6386918170739749323 ) ) ;
#1979 = FACE_OUTER_BOUND ( 'NONE', #4179, .T. ) ;
#1980 = VERTEX_POINT ( 'NONE', #3524 ) ;
#1981 = CARTESIAN_POINT ( 'NONE',  ( -0.004513183761349496073, 30.25128029631820326, 8.795290647185000310 ) ) ;
#1982 = VERTEX_POINT ( 'NONE', #3869 ) ;
#1983 = AXIS2_PLACEMENT_3D ( 'NONE', #1704, #3932, #4483 ) ;
#1984 = EDGE_LOOP ( 'NONE', ( #2804, #3255, #3795 ) ) ;
#1985 = LINE ( 'NONE', #7140, #1037 ) ;
#1986 = EDGE_CURVE ( 'NONE', #6850, #6053, #79, .T. ) ;
#1987 = EDGE_CURVE ( 'NONE', #5391, #6712, #3934, .T. ) ;
#1988 = ORIENTED_EDGE ( 'NONE', *, *, #479, .F. ) ;
#1989 = DIRECTION ( 'NONE',  ( -0.000000000000000000, -0.000000000000000000, -1.000000000000000000 ) ) ;
#1990 = CARTESIAN_POINT ( 'NONE',  ( 4.450922536447979638, 40.18982785801388502, 6.500000000000000000 ) ) ;
#1991 = LINE ( 'NONE', #766, #75 ) ;
#1992 = DIRECTION ( 'NONE',  ( 0.000000000000000000, 0.000000000000000000, 1.000000000000000000 ) ) ;
#1993 = VERTEX_POINT ( 'NONE', #901 ) ;
#1994 = LINE ( 'NONE', #103, #5848 ) ;
#1995 = VECTOR ( 'NONE', #5791, 1000.000000000000000 ) ;
#1996 = VERTEX_POINT ( 'NONE', #7016 ) ;
#1997 = DIRECTION ( 'NONE',  ( 1.000000000000000000, 0.000000000000000000, 0.000000000000000000 ) ) ;
#1998 = EDGE_CURVE ( 'NONE', #6850, #1323, #7164, .T. ) ;
#1999 = CIRCLE ( 'NONE', #6292, 1.000000000000000000 ) ;
#2000 = DIRECTION ( 'NONE',  ( -2.920558888920711940E-16, 0.000000000000000000, -1.000000000000000000 ) ) ;
#2001 = FACE_OUTER_BOUND ( 'NONE', #5224, .T. ) ;
#2002 = ORIENTED_EDGE ( 'NONE', *, *, #77, .F. ) ;
#2003 = PLANE ( 'NONE',  #4926 ) ;
#2004 = DIRECTION ( 'NONE',  ( -1.000000000000000000, -1.858632295689435363E-16, 0.000000000000000000 ) ) ;
#2005 = ORIENTED_EDGE ( 'NONE', *, *, #1258, .T. ) ;
#2006 = CYLINDRICAL_SURFACE ( 'NONE', #6342, 0.2500000000000002220 ) ;
#2008 = AXIS2_PLACEMENT_3D ( 'NONE', #3256, #6816, #4481 ) ;
#2007 = CARTESIAN_POINT ( 'NONE',  ( -1.757359312880716340, 26.45128041827298659, 0.6284667967612599382 ) ) ;
#2009 = LINE ( 'NONE', #2345, #4817 ) ;
#2010 = CIRCLE ( 'NONE', #3993, 2.999999999999999112 ) ;
#2011 = ORIENTED_EDGE ( 'NONE', *, *, #5401, .T. ) ;
#2012 = ADVANCED_FACE ( 'NONE', ( #3209 ), #266, .F. ) ;
#2013 = DIRECTION ( 'NONE',  ( -1.000000000000000000, 0.000000000000000000, 0.000000000000000000 ) ) ;
#2014 = CARTESIAN_POINT ( 'NONE',  ( 21.92549912664548728, -1.528473728810500365, -3.000000000000000000 ) ) ;
#2015 = LINE ( 'NONE', #3132, #545 ) ;
#2016 = ORIENTED_EDGE ( 'NONE', *, *, #3579, .T. ) ;
#2017 = EDGE_CURVE ( 'NONE', #6047, #3743, #3585, .T. ) ;
#2018 = AXIS2_PLACEMENT_3D ( 'NONE', #1832, #3554, #2953 ) ;
#2019 = VECTOR ( 'NONE', #312, 1000.000000000000000 ) ;
#2020 = FACE_BOUND ( 'NONE', #414, .T. ) ;
#2021 = DIRECTION ( 'NONE',  ( 1.000000000000000000, 0.000000000000000000, 0.000000000000000000 ) ) ;
#2022 = VECTOR ( 'NONE', #6553, 1000.000000000000000 ) ;
#2023 = ORIENTED_EDGE ( 'NONE', *, *, #3285, .T. ) ;
#2024 = AXIS2_PLACEMENT_3D ( 'NONE', #3698, #4335, #4819 ) ;
#2025 = CARTESIAN_POINT ( 'NONE',  ( 3.000000000000000000, 19.01029741264793671, -4.818023603591143614E-16 ) ) ;
#2026 = DIRECTION ( 'NONE',  ( 0.000000000000000000, -1.000000000000000000, -0.000000000000000000 ) ) ;
#2027 = VERTEX_POINT ( 'NONE', #4299 ) ;
#2028 = DIRECTION ( 'NONE',  ( -0.000000000000000000, 1.000000000000000000, -0.000000000000000000 ) ) ;
#2029 = DIRECTION ( 'NONE',  ( 0.000000000000000000, 0.000000000000000000, -1.000000000000000000 ) ) ;
#2030 = EDGE_CURVE ( 'NONE', #6583, #5249, #4542, .T. ) ;
#2031 = CARTESIAN_POINT ( 'NONE',  ( -2.607821599390754308, 24.98430587422097915, 1.054858439192491781 ) ) ;
#2032 = FACE_OUTER_BOUND ( 'NONE', #6138, .T. ) ;
#2033 = EDGE_LOOP ( 'NONE', ( #5143, #4052, #6243, #5746 ) ) ;
#2034 = CARTESIAN_POINT ( 'NONE',  ( -25.71750068664550781, 5.391643985941802164, -2.399999999999989697 ) ) ;
#2035 = CARTESIAN_POINT ( 'NONE',  ( 22.71750068664550781, -12.71147595840166034, -2.399999999999989697 ) ) ;
#2036 = AXIS2_PLACEMENT_3D ( 'NONE', #5145, #1771, #6813 ) ;
#2037 = FACE_OUTER_BOUND ( 'NONE', #3114, .T. ) ;
#2039 = EDGE_CURVE ( 'NONE', #2300, #1996, #2705, .T. ) ;
#2038 = CARTESIAN_POINT ( 'NONE',  ( 4.596363589126105431, 30.26116567452048400, 6.500000000000001776 ) ) ;
#2040 =( BOUNDED_CURVE ( )  B_SPLINE_CURVE ( 3, ( #593, #2336, #46, #5142 ),
 .UNSPECIFIED., .F., .F. ) 
 B_SPLINE_CURVE_WITH_KNOTS ( ( 4, 4 ),
 ( 3.141592653589793116, 4.712388980384689674 ),
 .UNSPECIFIED. ) 
 CURVE ( )  GEOMETRIC_REPRESENTATION_ITEM ( )  RATIONAL_B_SPLINE_CURVE ( ( 1.000000000000000000, 0.8047378541243649375, 0.8047378541243649375, 1.000000000000000000 ) ) 
 REPRESENTATION_ITEM ( '' )  );
#2041 = ORIENTED_EDGE ( 'NONE', *, *, #1692, .F. ) ;
#2042 = ORIENTED_EDGE ( 'NONE', *, *, #6851, .T. ) ;
#2043 = DIRECTION ( 'NONE',  ( 0.000000000000000000, 0.000000000000000000, 1.000000000000000000 ) ) ;
#2044 = CYLINDRICAL_SURFACE ( 'NONE', #5320, 1.499999999999999556 ) ;
#2045 = VERTEX_POINT ( 'NONE', #5328 ) ;
#2046 = ORIENTED_EDGE ( 'NONE', *, *, #3183, .T. ) ;
#2047 = ADVANCED_FACE ( 'NONE', ( #1554 ), #2523, .T. ) ;
#2048 = ORIENTED_EDGE ( 'NONE', *, *, #4153, .F. ) ;
#2049 = AXIS2_PLACEMENT_3D ( 'NONE', #1744, #668, #2311 ) ;
#2050 = CARTESIAN_POINT ( 'NONE',  ( 3.291135337094006630, 30.75128029631820326, -3.406497497526317364 ) ) ;
#2051 = CARTESIAN_POINT ( 'NONE',  ( 2.000000000000000000, 30.75128029631820326, 1.818884925064438551 ) ) ;
#2052 = SURFACE_STYLE_USAGE ( .BOTH. , #4826 ) ;
#2053 = ORIENTED_EDGE ( 'NONE', *, *, #6754, .T. ) ;
#2054 = CARTESIAN_POINT ( 'NONE',  ( -3.000000000000000888, 23.84405029664457487, 0.9698897888794053568 ) ) ;
#2055 = ORIENTED_EDGE ( 'NONE', *, *, #5505, .T. ) ;
#2056 = CARTESIAN_POINT ( 'NONE',  ( -3.291135337094006630, 30.25128029631820326, -3.406497497526317364 ) ) ;
#2057 = EDGE_CURVE ( 'NONE', #2252, #6070, #1913, .T. ) ;
#2058 = ORIENTED_EDGE ( 'NONE', *, *, #3735, .F. ) ;
#2059 = DIRECTION ( 'NONE',  ( 0.000000000000000000, 0.000000000000000000, -1.000000000000000000 ) ) ;
#2060 = CARTESIAN_POINT ( 'NONE',  ( 4.596363589126105431, 40.24139491811592961, 6.500000000000000000 ) ) ;
#2061 = DIRECTION ( 'NONE',  ( -0.000000000000000000, -0.000000000000000000, 1.000000000000000000 ) ) ;
#2062 = EDGE_LOOP ( 'NONE', ( #4784, #238, #5078, #1377 ) ) ;
#2063 = DIRECTION ( 'NONE',  ( -1.000000000000000000, 0.000000000000000000, 0.000000000000000000 ) ) ;
#2064 = VECTOR ( 'NONE', #3395, 1000.000000000000000 ) ;
#2065 = ORIENTED_EDGE ( 'NONE', *, *, #5481, .T. ) ;
#2066 = ORIENTED_EDGE ( 'NONE', *, *, #4592, .F. ) ;
#2067 = CARTESIAN_POINT ( 'NONE',  ( 4.095187451600886597, 39.75132630683494028, -2.215621818477967242 ) ) ;
#2068 = EDGE_CURVE ( 'NONE', #6177, #7037, #5260, .T. ) ;
#2069 = ORIENTED_EDGE ( 'NONE', *, *, #4530, .T. ) ;
#2070 = EDGE_CURVE ( 'NONE', #5913, #3185, #4380, .T. ) ;
#2071 = ORIENTED_EDGE ( 'NONE', *, *, #4619, .F. ) ;
#2072 = CIRCLE ( 'NONE', #1200, 0.5000000000000000000 ) ;
#2073 = ORIENTED_EDGE ( 'NONE', *, *, #5424, .F. ) ;
#2074 = ORIENTED_EDGE ( 'NONE', *, *, #1116, .T. ) ;
#2075 = CARTESIAN_POINT ( 'NONE',  ( 4.235164736271501695E-15, -19.48869245233285241, -3.000000000000000000 ) ) ;
#2076 = ADVANCED_FACE ( 'NONE', ( #3768 ), #4958, .T. ) ;
#2077 = CARTESIAN_POINT ( 'NONE',  ( -11.12132034355964016, 11.40203789140074875, -0.5999999999999894307 ) ) ;
#2078 = DIRECTION ( 'NONE',  ( -1.000000000000000000, -1.686536712755231201E-15, 0.000000000000000000 ) ) ;
#2079 = EDGE_LOOP ( 'NONE', ( #5894, #2840, #1710, #3594 ) ) ;
#2080 = CARTESIAN_POINT ( 'NONE',  ( 16.69627616777151147, 32.69713975227765701, -22.79898987322333781 ) ) ;
#2081 = VECTOR ( 'NONE', #6353, 1000.000000000000000 ) ;
#2082 = ORIENTED_EDGE ( 'NONE', *, *, #160, .F. ) ;
#2083 = AXIS2_PLACEMENT_3D ( 'NONE', #4804, #2598, #6550 ) ;
#2084 = EDGE_CURVE ( 'NONE', #2530, #7225, #3467, .T. ) ;
#2085 = ADVANCED_FACE ( 'NONE', ( #6896 ), #6019, .F. ) ;
#2086 = CARTESIAN_POINT ( 'NONE',  ( 3.000000000000000444, 13.20128041827298659, -1.661437827766145015 ) ) ;
#2087 = CARTESIAN_POINT ( 'NONE',  ( 4.747590588916565935, 40.25004346806634459, 6.500000000000000000 ) ) ;
#2088 = CONICAL_SURFACE ( 'NONE', #6735, 2.999999999999999112, 0.7853981633974508325 ) ;
#2089 = DIRECTION ( 'NONE',  ( -0.000000000000000000, -2.891205793294599736E-15, -1.000000000000000000 ) ) ;
#2090 = FACE_OUTER_BOUND ( 'NONE', #424, .T. ) ;
#2091 = FACE_OUTER_BOUND ( 'NONE', #7015, .T. ) ;
#2092 = AXIS2_PLACEMENT_3D ( 'NONE', #3790, #4378, #4353 ) ;
#2093 = VERTEX_POINT ( 'NONE', #1490 ) ;
#2094 = DIRECTION ( 'NONE',  ( -1.000000000000000000, 0.000000000000000000, 0.000000000000000000 ) ) ;
#2095 = EDGE_LOOP ( 'NONE', ( #3990, #6987, #1010, #1384 ) ) ;
#2096 = CARTESIAN_POINT ( 'NONE',  ( -10.78249931335369105, -15.86847602325196149, -2.399999999999989697 ) ) ;
#2097 = CARTESIAN_POINT ( 'NONE',  ( 11.55619151688045498, -15.11147595840165714, 0.000000000000000000 ) ) ;
#2098 = CIRCLE ( 'NONE', #3402, 3.599999999999999201 ) ;
#2099 = ORIENTED_EDGE ( 'NONE', *, *, #4382, .F. ) ;
#2100 = CARTESIAN_POINT ( 'NONE',  ( -1.154505907107611362E-15, 30.25128029631820326, 5.045293363029683675 ) ) ;
#2101 = CARTESIAN_POINT ( 'NONE',  ( 5.749690186587306684, 39.75128029631820681, -0.6902488843872415236 ) ) ;
#2102 = CARTESIAN_POINT ( 'NONE',  ( -2.941006423437877881, 42.25128029631820681, 5.722912504225716290 ) ) ;
#2103 = EDGE_CURVE ( 'NONE', #161, #6070, #7096, .T. ) ;
#2104 = CIRCLE ( 'NONE', #4600, 4.500000000000002665 ) ;
#2106 = AXIS2_PLACEMENT_3D ( 'NONE', #3211, #6616, #1555 ) ;
#2105 = DIRECTION ( 'NONE',  ( 0.000000000000000000, 0.000000000000000000, 1.000000000000000000 ) ) ;
#2107 = ORIENTED_EDGE ( 'NONE', *, *, #3285, .F. ) ;
#2108 = CARTESIAN_POINT ( 'NONE',  ( 2.896446609406725603, 20.95128041827298659, -2.168404344971008621E-16 ) ) ;
#2109 = TOROIDAL_SURFACE ( 'NONE', #6132, 1.499999999999999556, 0.5000000000000000000 ) ;
#2110 = ORIENTED_EDGE ( 'NONE', *, *, #5022, .T. ) ;
#2111 = DIRECTION ( 'NONE',  ( 1.000000000000000000, 0.000000000000000000, 0.000000000000000000 ) ) ;
#2112 = EDGE_CURVE ( 'NONE', #6529, #862, #5067, .T. ) ;
#2113 = VECTOR ( 'NONE', #3215, 1000.000000000000000 ) ;
#2114 = DIRECTION ( 'NONE',  ( 0.000000000000000000, 0.000000000000000000, 1.000000000000000000 ) ) ;
#2115 = LINE ( 'NONE', #1590, #4320 ) ;
#2116 = ORIENTED_EDGE ( 'NONE', *, *, #1487, .F. ) ;
#2117 = ADVANCED_FACE ( 'NONE', ( #1204 ), #2088, .F. ) ;
#2118 = VECTOR ( 'NONE', #216, 1000.000000000000000 ) ;
#2119 = ORIENTED_EDGE ( 'NONE', *, *, #5704, .T. ) ;
#2120 = CARTESIAN_POINT ( 'NONE',  ( 11.55106423286570561, -15.31148179571996515, -0.2000058373183063731 ) ) ;
#2121 = DIRECTION ( 'NONE',  ( -1.971276677246372012E-16, -0.000000000000000000, -1.000000000000000000 ) ) ;
#2122 = DIRECTION ( 'NONE',  ( 1.734723475976808672E-15, -1.734723475976805714E-15, -1.000000000000000000 ) ) ;
#2124 = EDGE_CURVE ( 'NONE', #1799, #4168, #1389, .T. ) ;
#2123 = DIRECTION ( 'NONE',  ( -0.000000000000000000, -0.000000000000000000, -1.000000000000000000 ) ) ;
#2125 = ORIENTED_EDGE ( 'NONE', *, *, #760, .F. ) ;
#2126 = DIRECTION ( 'NONE',  ( 0.000000000000000000, 0.000000000000000000, 1.000000000000000000 ) ) ;
#2127 = CIRCLE ( 'NONE', #2299, 1.500000000000000000 ) ;
#2128 = ORIENTED_EDGE ( 'NONE', *, *, #4076, .T. ) ;
#2129 = B_SPLINE_CURVE_WITH_KNOTS ( 'NONE', 3,
 ( #6971, #1348, #4679, #1396 ),
 .UNSPECIFIED., .F., .F.,
 ( 4, 4 ),
 ( 0.000000000000000000, 0.0008499221942904316420 ),
 .UNSPECIFIED. ) ;
#2130 = DIRECTION ( 'NONE',  ( -0.000000000000000000, -0.000000000000000000, -1.000000000000000000 ) ) ;
#2131 = LINE ( 'NONE', #4941, #1867 ) ;
#2132 = DIRECTION ( 'NONE',  ( -0.000000000000000000, -0.000000000000000000, -1.000000000000000000 ) ) ;
#2133 = FACE_OUTER_BOUND ( 'NONE', #896, .T. ) ;
#2134 = CARTESIAN_POINT ( 'NONE',  ( 16.42181947020512567, 6.101538764755273014, -0.5999999999999963141 ) ) ;
#2135 = EDGE_CURVE ( 'NONE', #7102, #2937, #1046, .T. ) ;
#2136 = ORIENTED_EDGE ( 'NONE', *, *, #4572, .F. ) ;
#2137 = ORIENTED_EDGE ( 'NONE', *, *, #1136, .T. ) ;
#2138 = CARTESIAN_POINT ( 'NONE',  ( -5.500000000000002665, 30.25128029631820326, 6.500000000000000000 ) ) ;
#2139 = ORIENTED_EDGE ( 'NONE', *, *, #2700, .F. ) ;
#2140 = AXIS2_PLACEMENT_3D ( 'NONE', #6473, #3115, #3676 ) ;
#2141 = ORIENTED_EDGE ( 'NONE', *, *, #5941, .T. ) ;
#2142 = DIRECTION ( 'NONE',  ( 0.000000000000000000, -0.000000000000000000, -1.000000000000000000 ) ) ;
#2143 = DIRECTION ( 'NONE',  ( 0.000000000000000000, 0.000000000000000000, -1.000000000000000000 ) ) ;
#2144 = DIRECTION ( 'NONE',  ( 0.000000000000000000, -1.000000000000000000, -0.000000000000000000 ) ) ;
#2145 = DIRECTION ( 'NONE',  ( -8.673617379884038430E-16, 0.000000000000000000, 1.000000000000000000 ) ) ;
#2146 = VERTEX_POINT ( 'NONE', #3764 ) ;
#2147 = ORIENTED_EDGE ( 'NONE', *, *, #3736, .T. ) ;
#2148 = ORIENTED_EDGE ( 'NONE', *, *, #3153, .F. ) ;
#2149 = EDGE_CURVE ( 'NONE', #3572, #6228, #448, .T. ) ;
#2150 = VECTOR ( 'NONE', #5560, 1000.000000000000000 ) ;
#2151 = ORIENTED_EDGE ( 'NONE', *, *, #6441, .F. ) ;
#2152 = ADVANCED_FACE ( 'NONE', ( #5930 ), #1640, .T. ) ;
#2153 = CARTESIAN_POINT ( 'NONE',  ( 2.931980055915179406, 28.75128029631821036, 5.722912504225715402 ) ) ;
#2154 = ORIENTED_EDGE ( 'NONE', *, *, #4909, .F. ) ;
#2155 = CARTESIAN_POINT ( 'NONE',  ( 7.000000000000002665, 28.75128029631820681, 5.000000000000000888 ) ) ;
#2156 = DIRECTION ( 'NONE',  ( -1.000000000000000000, 0.000000000000000000, 0.000000000000000000 ) ) ;
#2157 = EDGE_LOOP ( 'NONE', ( #3096, #5732, #878, #649 ) ) ;
#2158 = CYLINDRICAL_SURFACE ( 'NONE', #3985, 0.4999999999999995559 ) ;
#2159 = ORIENTED_EDGE ( 'NONE', *, *, #4396, .T. ) ;
#2160 = EDGE_CURVE ( 'NONE', #4443, #7080, #3389, .T. ) ;
#2161 = CIRCLE ( 'NONE', #5359, 3.599999999999995648 ) ;
#2162 = AXIS2_PLACEMENT_3D ( 'NONE', #4477, #1141, #4498 ) ;
#2163 = CIRCLE ( 'NONE', #5422, 3.000000000000000000 ) ;
#2164 = PLANE ( 'NONE',  #5279 ) ;
#2165 = CIRCLE ( 'NONE', #2939, 5.000000000000000888 ) ;
#2166 = ORIENTED_EDGE ( 'NONE', *, *, #5262, .T. ) ;
#2167 =( BOUNDED_CURVE ( )  B_SPLINE_CURVE ( 3, ( #6954, #5829, #1331, #2480 ),
 .UNSPECIFIED., .F., .T. ) 
 B_SPLINE_CURVE_WITH_KNOTS ( ( 4, 4 ),
 ( 4.712388980384689674, 5.176036589385499376 ),
 .UNSPECIFIED. ) 
 CURVE ( )  GEOMETRIC_REPRESENTATION_ITEM ( )  RATIONAL_B_SPLINE_CURVE ( ( 1.000000000000000000, 0.9821659929784865017, 0.9821659929784865017, 1.000000000000000000 ) ) 
 REPRESENTATION_ITEM ( '' )  );
#2168 = DIRECTION ( 'NONE',  ( 0.000000000000000000, 0.000000000000000000, 1.000000000000000000 ) ) ;
#2169 = CARTESIAN_POINT ( 'NONE',  ( -2.399999999999999911, 35.25128029631821391, -2.800000000000009148 ) ) ;
#2170 = DIRECTION ( 'NONE',  ( 1.000000000000000000, -0.000000000000000000, -0.000000000000000000 ) ) ;
#2171 = CARTESIAN_POINT ( 'NONE',  ( 10.78249931335374079, -15.86847602325206275, -0.5999999999999928724 ) ) ;
#2172 = VECTOR ( 'NONE', #1045, 1000.000000000000000 ) ;
#2173 = AXIS2_PLACEMENT_3D ( 'NONE', #6431, #3027, #3606 ) ;
#2174 = LINE ( 'NONE', #2075, #6638 ) ;
#2175 = DIRECTION ( 'NONE',  ( -0.7071067811865485719, -0.7071067811865465735, 0.000000000000000000 ) ) ;
#2176 = EDGE_CURVE ( 'NONE', #3539, #7239, #6801, .T. ) ;
#2177 = LINE ( 'NONE', #3850, #1642 ) ;
#2178 = DIRECTION ( 'NONE',  ( 0.7229125042257162903, 5.715624739010119497E-16, 0.6909395858062439277 ) ) ;
#2179 = DIRECTION ( 'NONE',  ( 0.000000000000000000, 0.000000000000000000, 1.000000000000000000 ) ) ;
#2180 = EDGE_LOOP ( 'NONE', ( #5026, #5497, #4616, #3016 ) ) ;
#2181 = CARTESIAN_POINT ( 'NONE',  ( 0.04437249225549069753, -1.489057109605489870, -0.5999999999999928724 ) ) ;
#2182 = CIRCLE ( 'NONE', #5523, 1.500000000000000000 ) ;
#2183 = LINE ( 'NONE', #2077, #6470 ) ;
#2184 = DIRECTION ( 'NONE',  ( 1.000000000000000000, 0.000000000000000000, 0.000000000000000000 ) ) ;
#2185 = AXIS2_PLACEMENT_3D ( 'NONE', #851, #3163, #7059 ) ;
#2186 = FACE_OUTER_BOUND ( 'NONE', #1101, .T. ) ;
#2187 = ORIENTED_EDGE ( 'NONE', *, *, #1015, .T. ) ;
#2188 = ADVANCED_FACE ( 'NONE', ( #2254 ), #4012, .T. ) ;
#2189 = VECTOR ( 'NONE', #6635, 1000.000000000000000 ) ;
#2190 = ORIENTED_EDGE ( 'NONE', *, *, #2948, .T. ) ;
#2191 = DIRECTION ( 'NONE',  ( 4.001029970875857235E-16, -1.000000000000000000, 0.000000000000000000 ) ) ;
#2192 =( LENGTH_UNIT ( ) NAMED_UNIT ( * ) SI_UNIT ( .MILLI., .METRE. ) );
#2193 = LINE ( 'NONE', #1580, #725 ) ;
#2194 = EDGE_CURVE ( 'NONE', #3003, #2235, #5501, .T. ) ;
#2196 = AXIS2_PLACEMENT_3D ( 'NONE', #205, #6407, #258 ) ;
#2195 = CARTESIAN_POINT ( 'NONE',  ( -3.378679656440342072, 42.25128029631820681, -2.500000000000000000 ) ) ;
#2197 = CONICAL_SURFACE ( 'NONE', #146, 2.074258476847182120, 0.7853981633974517207 ) ;
#2198 = ORIENTED_EDGE ( 'NONE', *, *, #1692, .T. ) ;
#2199 = CARTESIAN_POINT ( 'NONE',  ( -22.71750068664550781, -12.71147595840166744, 0.000000000000000000 ) ) ;
#2200 = DIRECTION ( 'NONE',  ( 0.000000000000000000, -1.000000000000000000, 0.000000000000000000 ) ) ;
#2201 = PLANE ( 'NONE',  #3298 ) ;
#2202 = FACE_OUTER_BOUND ( 'NONE', #328, .T. ) ;
#2203 = CARTESIAN_POINT ( 'NONE',  ( 5.399999999999999467, -4.691166140300482290, -3.000000000000000000 ) ) ;
#2204 = ORIENTED_EDGE ( 'NONE', *, *, #4746, .T. ) ;
#2205 = EDGE_CURVE ( 'NONE', #6667, #2027, #1472, .T. ) ;
#2206 = EDGE_CURVE ( 'NONE', #5997, #698, #3126, .T. ) ;
#2207 = AXIS2_PLACEMENT_3D ( 'NONE', #6824, #2868, #6235 ) ;
#2208 = CIRCLE ( 'NONE', #6565, 3.000000000000000888 ) ;
#2209 = VECTOR ( 'NONE', #3600, 1000.000000000000000 ) ;
#2210 = VERTEX_POINT ( 'NONE', #6769 ) ;
#2211 = ORIENTED_EDGE ( 'NONE', *, *, #1208, .F. ) ;
#2212 = AXIS2_PLACEMENT_3D ( 'NONE', #6700, #17, #1064 ) ;
#2213 = CARTESIAN_POINT ( 'NONE',  ( 5.233592168450158510, 39.78508486913878528, -1.314901264550934590 ) ) ;
#2214 = CARTESIAN_POINT ( 'NONE',  ( 1.599999999999999423, 29.25128029631821036, 1.950000000000000844 ) ) ;
#2215 = PLANE ( 'NONE',  #183 ) ;
#2216 = CYLINDRICAL_SURFACE ( 'NONE', #3048, 0.9999999999999991118 ) ;
#2217 = EDGE_CURVE ( 'NONE', #1637, #5310, #5761, .T. ) ;
#2218 = VERTEX_POINT ( 'NONE', #624 ) ;
#2219 = EDGE_CURVE ( 'NONE', #5979, #5988, #4460, .T. ) ;
#2220 = ORIENTED_EDGE ( 'NONE', *, *, #1653, .T. ) ;
#2221 = ORIENTED_EDGE ( 'NONE', *, *, #1941, .T. ) ;
#2222 = ADVANCED_FACE ( 'NONE', ( #1464 ), #955, .T. ) ;
#2223 = DIRECTION ( 'NONE',  ( 0.000000000000000000, 0.000000000000000000, -1.000000000000000000 ) ) ;
#2224 = DIRECTION ( 'NONE',  ( 0.000000000000000000, -1.000000000000000000, 0.000000000000000000 ) ) ;
#2225 = ORIENTED_EDGE ( 'NONE', *, *, #3648, .T. ) ;
#2227 = AXIS2_PLACEMENT_3D ( 'NONE', #514, #6600, #3223 ) ;
#2226 = DIRECTION ( 'NONE',  ( -0.000000000000000000, 1.000000000000000000, 0.000000000000000000 ) ) ;
#2228 = ORIENTED_EDGE ( 'NONE', *, *, #6998, .T. ) ;
#2229 = VERTEX_POINT ( 'NONE', #724 ) ;
#2230 = CARTESIAN_POINT ( 'NONE',  ( 22.71750068664549005, -15.71147595840165501, -3.000000000000000000 ) ) ;
#2231 = CYLINDRICAL_SURFACE ( 'NONE', #5974, 0.5000000000000000000 ) ;
#2232 = ORIENTED_EDGE ( 'NONE', *, *, #1653, .F. ) ;
#2233 = EDGE_CURVE ( 'NONE', #7086, #6349, #4536, .T. ) ;
#2234 = AXIS2_PLACEMENT_3D ( 'NONE', #6962, #6400, #3695 ) ;
#2235 = VERTEX_POINT ( 'NONE', #2924 ) ;
#2236 = CARTESIAN_POINT ( 'NONE',  ( 7.000000000000000000, 41.75128029631820681, -22.79898987322333781 ) ) ;
#2237 = DIRECTION ( 'NONE',  ( 0.000000000000000000, 1.000000000000000000, -0.000000000000000000 ) ) ;
#2238 = ORIENTED_EDGE ( 'NONE', *, *, #3281, .T. ) ;
#2239 = CARTESIAN_POINT ( 'NONE',  ( -7.000000000000000000, 42.25128029631820681, -22.79898987322333781 ) ) ;
#2240 = CARTESIAN_POINT ( 'NONE',  ( 4.108523747005923710, 40.24245917892508828, -2.206070303692210910 ) ) ;
#2241 = CARTESIAN_POINT ( 'NONE',  ( 3.000000000000000000, 18.64590182184679534, -0.1526892982130994558 ) ) ;
#2242 = FACE_OUTER_BOUND ( 'NONE', #6212, .T. ) ;
#2243 = ORIENTED_EDGE ( 'NONE', *, *, #4225, .T. ) ;
#2244 = EDGE_LOOP ( 'NONE', ( #6520, #5128, #5931, #2211 ) ) ;
#2245 = EDGE_CURVE ( 'NONE', #2934, #635, #1118, .T. ) ;
#2246 = ORIENTED_EDGE ( 'NONE', *, *, #5948, .F. ) ;
#2247 = VERTEX_POINT ( 'NONE', #4979 ) ;
#2248 = AXIS2_PLACEMENT_3D ( 'NONE', #1183, #3967, #91 ) ;
#2249 = CARTESIAN_POINT ( 'NONE',  ( -2.750000000000000000, 20.95128041827298659, -2.168404344971008868E-16 ) ) ;
#2250 = PLANE ( 'NONE',  #811 ) ;
#2251 = CARTESIAN_POINT ( 'NONE',  ( -3.631946009244122475, 28.25128029631820681, 5.999999999999999112 ) ) ;
#2252 = VERTEX_POINT ( 'NONE', #4577 ) ;
#2253 = CIRCLE ( 'NONE', #3544, 0.8500000000000174083 ) ;
#2254 = FACE_OUTER_BOUND ( 'NONE', #5379, .T. ) ;
#2255 = ORIENTED_EDGE ( 'NONE', *, *, #1592, .T. ) ;
#2256 = AXIS2_PLACEMENT_3D ( 'NONE', #4690, #887, #1336 ) ;
#2257 =( BOUNDED_CURVE ( )  B_SPLINE_CURVE ( 3, ( #7013, #6974, #2007, #3684 ),
 .UNSPECIFIED., .F., .F. ) 
 B_SPLINE_CURVE_WITH_KNOTS ( ( 4, 4 ),
 ( 1.570796326794896558, 3.141592653589793116 ),
 .UNSPECIFIED. ) 
 CURVE ( )  GEOMETRIC_REPRESENTATION_ITEM ( )  RATIONAL_B_SPLINE_CURVE ( ( 1.000000000000000000, 0.8047378541243649375, 0.8047378541243649375, 1.000000000000000000 ) ) 
 REPRESENTATION_ITEM ( '' )  );
#2258 = CARTESIAN_POINT ( 'NONE',  ( -3.858707165180969234, 30.25128029631820326, -3.000000000000000000 ) ) ;
#2259 = EDGE_CURVE ( 'NONE', #195, #460, #2773, .T. ) ;
#2260 = ADVANCED_FACE ( 'NONE', ( #7064 ), #2346, .T. ) ;
#2261 = CONICAL_SURFACE ( 'NONE', #6906, 3.600000000000016520, 0.7853981633974476129 ) ;
#2262 = FACE_OUTER_BOUND ( 'NONE', #6968, .T. ) ;
#2263 = ORIENTED_EDGE ( 'NONE', *, *, #4943, .F. ) ;
#2264 = CARTESIAN_POINT ( 'NONE',  ( 3.000000000000000000, 19.01029741264793671, -0.2500000000000004996 ) ) ;
#2265 = DIRECTION ( 'NONE',  ( 1.022195611122218660E-15, -0.7071067811865485719, -0.7071067811865465735 ) ) ;
#2266 = CARTESIAN_POINT ( 'NONE',  ( 7.000000000000002665, 30.25128029631820326, -2.399999999999988809 ) ) ;
#2267 = ORIENTED_EDGE ( 'NONE', *, *, #454, .F. ) ;
#2268 = AXIS2_PLACEMENT_3D ( 'NONE', #3305, #3929, #6632 ) ;
#2269 = EDGE_CURVE ( 'NONE', #5249, #1681, #6010, .T. ) ;
#2270 = CYLINDRICAL_SURFACE ( 'NONE', #6778, 1.500000000000000444 ) ;
#2271 = ORIENTED_EDGE ( 'NONE', *, *, #4892, .T. ) ;
#2272 = CARTESIAN_POINT ( 'NONE',  ( 11.54558441227156784, 11.82630196011267820, -3.000000000000000000 ) ) ;
#2273 = CARTESIAN_POINT ( 'NONE',  ( -23.55049912664548728, -1.528473728810499477, -3.000000000000000000 ) ) ;
#2274 = CARTESIAN_POINT ( 'NONE',  ( 4.370332818530348717, 30.25128029631820326, 6.228402762220407674 ) ) ;
#2275 = EDGE_LOOP ( 'NONE', ( #1537, #1733, #6730, #2058 ) ) ;
#2276 = CARTESIAN_POINT ( 'NONE',  ( -1.600000000000000311, 29.25128029631821036, 1.950000000000000844 ) ) ;
#2277 = VECTOR ( 'NONE', #4609, 1000.000000000000000 ) ;
#2278 = AXIS2_PLACEMENT_3D ( 'NONE', #5526, #3851, #506 ) ;
#2279 = ORIENTED_EDGE ( 'NONE', *, *, #3100, .T. ) ;
#2280 = DIRECTION ( 'NONE',  ( -0.000000000000000000, -0.000000000000000000, 1.000000000000000000 ) ) ;
#2281 = ORIENTED_EDGE ( 'NONE', *, *, #1208, .T. ) ;
#2282 = CIRCLE ( 'NONE', #2278, 3.599999999999992095 ) ;
#2283 = FACE_OUTER_BOUND ( 'NONE', #1536, .T. ) ;
#2284 = CARTESIAN_POINT ( 'NONE',  ( -9.000000000000001776, 9.280717547841103254, -3.000000000000000000 ) ) ;
#2285 = CARTESIAN_POINT ( 'NONE',  ( -11.54558441227156251, 11.82630196011267287, 0.000000000000000000 ) ) ;
#2286 = ORIENTED_EDGE ( 'NONE', *, *, #5661, .F. ) ;
#2287 = EDGE_CURVE ( 'NONE', #4249, #7046, #254, .T. ) ;
#2289 = AXIS2_PLACEMENT_3D ( 'NONE', #5199, #2393, #5743 ) ;
#2288 = CARTESIAN_POINT ( 'NONE',  ( -5.500000000000000000, 41.75128029631820681, 6.500000000000000000 ) ) ;
#2290 = LINE ( 'NONE', #3354, #5194 ) ;
#2291 = ORIENTED_EDGE ( 'NONE', *, *, #6595, .T. ) ;
#2292 = DIRECTION ( 'NONE',  ( -0.000000000000000000, -0.000000000000000000, 1.000000000000000000 ) ) ;
#2293 = CARTESIAN_POINT ( 'NONE',  ( -16.84608353891704979, 6.525802833467199804, -3.000000000000000000 ) ) ;
#2294 = ADVANCED_FACE ( 'NONE', ( #2431 ), #4716, .T. ) ;
#2295 = ORIENTED_EDGE ( 'NONE', *, *, #6742, .F. ) ;
#2296 = EDGE_CURVE ( 'NONE', #5832, #6515, #3577, .T. ) ;
#2297 = CIRCLE ( 'NONE', #7182, 2.999999999999999112 ) ;
#2298 = VERTEX_POINT ( 'NONE', #6817 ) ;
#2299 = AXIS2_PLACEMENT_3D ( 'NONE', #1557, #2144, #6056 ) ;
#2300 = VERTEX_POINT ( 'NONE', #3392 ) ;
#2301 = DIRECTION ( 'NONE',  ( 0.000000000000000000, 0.000000000000000000, -1.000000000000000000 ) ) ;
#2302 = ORIENTED_EDGE ( 'NONE', *, *, #4164, .T. ) ;
#2303 = CARTESIAN_POINT ( 'NONE',  ( 3.000000000000000000, 39.75128029631820681, -2.999999999999999112 ) ) ;
#2304 = DIRECTION ( 'NONE',  ( 0.8115632665127205936, 0.000000000000000000, 0.5842645500517749113 ) ) ;
#2305 = VERTEX_POINT ( 'NONE', #4532 ) ;
#2306 = PRODUCT_DEFINITION_SHAPE ( 'NONE', 'NONE',  #749 ) ;
#2307 = ORIENTED_EDGE ( 'NONE', *, *, #2919, .T. ) ;
#2308 = AXIS2_PLACEMENT_3D ( 'NONE', #2181, #7195, #3347 ) ;
#2309 = DIRECTION ( 'NONE',  ( 1.000000000000000000, 0.000000000000000000, 0.000000000000000000 ) ) ;
#2310 = DIRECTION ( 'NONE',  ( -1.000000000000000000, 0.000000000000000000, 0.000000000000000000 ) ) ;
#2311 = DIRECTION ( 'NONE',  ( 0.8115632665127211487, 0.000000000000000000, -0.5842645500517742452 ) ) ;
#2312 = EDGE_CURVE ( 'NONE', #6047, #3906, #3762, .T. ) ;
#2313 = VERTEX_POINT ( 'NONE', #4602 ) ;
#2314 = ORIENTED_EDGE ( 'NONE', *, *, #3622, .F. ) ;
#2315 = ORIENTED_EDGE ( 'NONE', *, *, #5910, .T. ) ;
#2316 = CARTESIAN_POINT ( 'NONE',  ( 0.000000000000000000, 28.75128029631820681, 6.500000000000000000 ) ) ;
#2317 = DIRECTION ( 'NONE',  ( 0.000000000000000000, -0.7071067811865515695, -0.7071067811865434649 ) ) ;
#2318 = CARTESIAN_POINT ( 'NONE',  ( 1.384952188712409438, 25.88954832833335473, 0.9255380886049741074 ) ) ;
#2319 = CARTESIAN_POINT ( 'NONE',  ( -3.000000000000000000, 40.25128029631820681, -2.999999999999999112 ) ) ;
#2320 = ORIENTED_EDGE ( 'NONE', *, *, #5271, .T. ) ;
#2321 = CARTESIAN_POINT ( 'NONE',  ( -6.500000000000002665, 28.25128029631820681, 5.000000000000000888 ) ) ;
#2322 = VERTEX_POINT ( 'NONE', #4655 ) ;
#2323 = DIRECTION ( 'NONE',  ( 0.000000000000000000, 0.000000000000000000, 1.000000000000000000 ) ) ;
#2324 = LINE ( 'NONE', #1083, #6612 ) ;
#2325 = ORIENTED_EDGE ( 'NONE', *, *, #1365, .T. ) ;
#2326 = ORIENTED_EDGE ( 'NONE', *, *, #6103, .F. ) ;
#2327 = DIRECTION ( 'NONE',  ( 0.000000000000000000, 1.000000000000000000, 0.000000000000000000 ) ) ;
#2328 = DIRECTION ( 'NONE',  ( -1.000000000000000000, 0.000000000000000000, 0.000000000000000000 ) ) ;
#2329 = ORIENTED_EDGE ( 'NONE', *, *, #4841, .F. ) ;
#2330 = CIRCLE ( 'NONE', #930, 0.9999999999999991118 ) ;
#2331 = CARTESIAN_POINT ( 'NONE',  ( 25.11750068664548863, 5.391643985941803052, -3.000000000000000000 ) ) ;
#2332 = ADVANCED_FACE ( 'NONE', ( #6097 ), #4143, .F. ) ;
#2333 = EDGE_CURVE ( 'NONE', #3651, #6582, #1295, .T. ) ;
#2334 = ORIENTED_EDGE ( 'NONE', *, *, #1770, .T. ) ;
#2335 = DIRECTION ( 'NONE',  ( 0.000000000000000000, 0.000000000000000000, -1.000000000000000000 ) ) ;
#2336 = CARTESIAN_POINT ( 'NONE',  ( -1.600000000000000311, 42.04417351513166778, 3.050000000000000711 ) ) ;
#2337 = CYLINDRICAL_SURFACE ( 'NONE', #1829, 0.5000000000000004441 ) ;
#2338 = FACE_OUTER_BOUND ( 'NONE', #490, .T. ) ;
#2339 = DIRECTION ( 'NONE',  ( 0.000000000000000000, 0.000000000000000000, 1.000000000000000000 ) ) ;
#2340 = VECTOR ( 'NONE', #5299, 1000.000000000000000 ) ;
#2341 = ORIENTED_EDGE ( 'NONE', *, *, #6564, .T. ) ;
#2342 = EDGE_CURVE ( 'NONE', #3746, #2428, #4453, .T. ) ;
#2343 = LINE ( 'NONE', #2214, #7242 ) ;
#2344 = AXIS2_PLACEMENT_3D ( 'NONE', #5733, #5222, #3516 ) ;
#2345 = CARTESIAN_POINT ( 'NONE',  ( -14.30049912664548728, -7.691166140300484066, -3.000000000000000000 ) ) ;
#2346 = PLANE ( 'NONE',  #947 ) ;
#2347 = DIRECTION ( 'NONE',  ( 0.000000000000000000, 0.000000000000000000, 1.000000000000000000 ) ) ;
#2348 = LINE ( 'NONE', #1520, #2172 ) ;
#2349 = DIRECTION ( 'NONE',  ( -0.000000000000000000, 0.000000000000000000, 1.000000000000000000 ) ) ;
#2350 = CARTESIAN_POINT ( 'NONE',  ( 17.90049912664548160, 5.391643985941803052, 0.000000000000000000 ) ) ;
#2351 = ORIENTED_EDGE ( 'NONE', *, *, #4739, .F. ) ;
#2352 = ORIENTED_EDGE ( 'NONE', *, *, #4403, .F. ) ;
#2353 = CARTESIAN_POINT ( 'NONE',  ( -7.000000000000002665, 28.75128029631820681, -22.79898987322333781 ) ) ;
#2354 = DIRECTION ( 'NONE',  ( 0.000000000000000000, 0.000000000000000000, 1.000000000000000000 ) ) ;
#2355 = CIRCLE ( 'NONE', #1758, 1.500000000000000000 ) ;
#2356 = ORIENTED_EDGE ( 'NONE', *, *, #3300, .F. ) ;
#2358 = EDGE_CURVE ( 'NONE', #6164, #4429, #4628, .T. ) ;
#2357 = CARTESIAN_POINT ( 'NONE',  ( -25.71750068664550781, -12.71147595840164435, -3.000000000000000000 ) ) ;
#2359 = EDGE_CURVE ( 'NONE', #3809, #157, #6633, .T. ) ;
#2360 = CIRCLE ( 'NONE', #1499, 3.000000000000000000 ) ;
#2361 = CARTESIAN_POINT ( 'NONE',  ( -3.500000000000000000, 13.20128041827298659, -2.399999999999983924 ) ) ;
#2362 = DIRECTION ( 'NONE',  ( 0.000000000000000000, 0.000000000000000000, -1.000000000000000000 ) ) ;
#2363 = ORIENTED_EDGE ( 'NONE', *, *, #584, .F. ) ;
#2364 = CARTESIAN_POINT ( 'NONE',  ( 0.5000000000000000000, 23.95128041827299015, -3.000000000000000000 ) ) ;
#2365 = CIRCLE ( 'NONE', #5313, 0.2500000000000000000 ) ;
#2366 = PRESENTATION_LAYER_ASSIGNMENT (  '', '', ( #6398 ) ) ;
#2367 = EDGE_CURVE ( 'NONE', #1824, #2937, #6542, .T. ) ;
#2368 = DIRECTION ( 'NONE',  ( -0.6909395858062443718, 0.000000000000000000, -0.7229125042257157352 ) ) ;
#2369 = CARTESIAN_POINT ( 'NONE',  ( -22.71750068664549005, -15.11147595840165536, 0.000000000000000000 ) ) ;
#2370 = CIRCLE ( 'NONE', #3310, 0.5000000000000002220 ) ;
#2371 = ADVANCED_FACE ( 'NONE', ( #3380 ), #4170, .T. ) ;
#2372 = CARTESIAN_POINT ( 'NONE',  ( 7.000000000000002665, 28.25128029631820681, 0.000000000000000000 ) ) ;
#2373 = DIRECTION ( 'NONE',  ( 0.000000000000000000, 0.000000000000000000, 1.000000000000000000 ) ) ;
#2374 = CIRCLE ( 'NONE', #444, 3.600000000000000977 ) ;
#2375 = CARTESIAN_POINT ( 'NONE',  ( 4.100000000000016520, 5.391643985941802164, -3.000000000000000000 ) ) ;
#2376 = CARTESIAN_POINT ( 'NONE',  ( -3.000000000000000000, 30.75128029631820326, -2.999999999999999112 ) ) ;
#2377 = DIRECTION ( 'NONE',  ( 0.000000000000000000, 0.000000000000000000, 1.000000000000000000 ) ) ;
#2378 = VECTOR ( 'NONE', #7106, 1000.000000000000000 ) ;
#2379 = DIRECTION ( 'NONE',  ( 0.000000000000000000, 0.000000000000000000, 1.000000000000000000 ) ) ;
#2380 = ORIENTED_EDGE ( 'NONE', *, *, #760, .T. ) ;
#2381 = CARTESIAN_POINT ( 'NONE',  ( 4.704477237629289377, 40.25128029631821391, -2.295522762370735936 ) ) ;
#2382 = ORIENTED_EDGE ( 'NONE', *, *, #2812, .F. ) ;
#2383 = FACE_OUTER_BOUND ( 'NONE', #600, .T. ) ;
#2384 = ORIENTED_EDGE ( 'NONE', *, *, #2112, .T. ) ;
#2385 = EDGE_CURVE ( 'NONE', #3411, #5997, #7238, .T. ) ;
#2387 = AXIS2_PLACEMENT_3D ( 'NONE', #2476, #4738, #1865 ) ;
#2386 = DIRECTION ( 'NONE',  ( 0.000000000000000000, 0.000000000000000000, 1.000000000000000000 ) ) ;
#2388 = ORIENTED_EDGE ( 'NONE', *, *, #5246, .F. ) ;
#2389 = FACE_OUTER_BOUND ( 'NONE', #35, .T. ) ;
#2390 = DIRECTION ( 'NONE',  ( 0.7071067811865481278, 2.044391222244438897E-15, -0.7071067811865470176 ) ) ;
#2391 = ORIENTED_EDGE ( 'NONE', *, *, #5778, .T. ) ;
#2392 = DIRECTION ( 'NONE',  ( 0.4999999999999998335, -0.4999999999999998335, 0.7071067811865477948 ) ) ;
#2393 = DIRECTION ( 'NONE',  ( 0.000000000000000000, 1.000000000000000000, -0.000000000000000000 ) ) ;
#2394 = DIRECTION ( 'NONE',  ( -1.000000000000000000, 0.000000000000000000, 0.000000000000000000 ) ) ;
#2395 = CARTESIAN_POINT ( 'NONE',  ( -0.004513183761349496073, 41.75128029631820681, 8.795290647185000310 ) ) ;
#2396 = CARTESIAN_POINT ( 'NONE',  ( 3.000000000000000000, 0.000000000000000000, -2.399999999999983036 ) ) ;
#2397 = ORIENTED_EDGE ( 'NONE', *, *, #3874, .T. ) ;
#2398 = LINE ( 'NONE', #4557, #3176 ) ;
#2399 = CARTESIAN_POINT ( 'NONE',  ( 3.039684798166284452, 13.05241187690567806, -1.454044386876809813 ) ) ;
#2400 = AXIS2_PLACEMENT_3D ( 'NONE', #3184, #428, #2725 ) ;
#2401 = DIRECTION ( 'NONE',  ( -1.000000000000000000, 0.000000000000000000, 0.000000000000000000 ) ) ;
#2402 = EDGE_CURVE ( 'NONE', #6712, #5280, #2791, .T. ) ;
#2403 = ORIENTED_EDGE ( 'NONE', *, *, #2287, .F. ) ;
#2404 = ORIENTED_EDGE ( 'NONE', *, *, #2513, .F. ) ;
#2405 = CARTESIAN_POINT ( 'NONE',  ( 1.599999999999999423, 41.75128029631820681, 1.950000000000000400 ) ) ;
#2406 = ORIENTED_EDGE ( 'NONE', *, *, #1027, .T. ) ;
#2407 = CARTESIAN_POINT ( 'NONE',  ( 4.004924137285187591, 39.75128029631820681, -2.280268810403968338 ) ) ;
#2408 = CARTESIAN_POINT ( 'NONE',  ( -15.71750068664550604, 5.391643985941802164, -3.000000000000000000 ) ) ;
#2409 = ADVANCED_FACE ( 'NONE', ( #6277 ), #4103, .T. ) ;
#2410 = ORIENTED_EDGE ( 'NONE', *, *, #6884, .F. ) ;
#2411 = AXIS2_PLACEMENT_3D ( 'NONE', #4548, #646, #6248 ) ;
#2412 = DIRECTION ( 'NONE',  ( -0.000000000000000000, -0.000000000000000000, 1.000000000000000000 ) ) ;
#2413 = VERTEX_POINT ( 'NONE', #176 ) ;
#2414 = ORIENTED_EDGE ( 'NONE', *, *, #6576, .F. ) ;
#2415 = EDGE_CURVE ( 'NONE', #3786, #6587, #6889, .T. ) ;
#2416 = CARTESIAN_POINT ( 'NONE',  ( 2.750000000000000444, 19.01029741264793671, -4.818023603591143614E-16 ) ) ;
#2417 = CIRCLE ( 'NONE', #4177, 2.999999999999999112 ) ;
#2418 = VERTEX_POINT ( 'NONE', #2422 ) ;
#2419 = ORIENTED_EDGE ( 'NONE', *, *, #217, .T. ) ;
#2420 = ORIENTED_EDGE ( 'NONE', *, *, #2722, .F. ) ;
#2421 = DIRECTION ( 'NONE',  ( -1.000000000000000000, 0.000000000000000000, 0.000000000000000000 ) ) ;
#2422 = CARTESIAN_POINT ( 'NONE',  ( 19.70049912664546099, -1.528473728810500365, -3.000000000000000000 ) ) ;
#2423 = CARTESIAN_POINT ( 'NONE',  ( 1.829402086701296337, 25.86033662863103899, 0.9297111885624809169 ) ) ;
#2424 = CARTESIAN_POINT ( 'NONE',  ( 21.92549912664548728, -1.528473728810500365, -3.000000000000000000 ) ) ;
#2425 = CARTESIAN_POINT ( 'NONE',  ( 11.75304832720497394, 41.75128029631820681, -18.04594154601834077 ) ) ;
#2426 = CARTESIAN_POINT ( 'NONE',  ( -22.78856849851096911, 12.46271179780728566, -2.399999999999989697 ) ) ;
#2427 = CIRCLE ( 'NONE', #4832, 3.000000000000002665 ) ;
#2428 = VERTEX_POINT ( 'NONE', #4093 ) ;
#2429 = VERTEX_POINT ( 'NONE', #6915 ) ;
#2430 = CARTESIAN_POINT ( 'NONE',  ( 1.599999999999998090, 33.46242591431838065, 1.950000000000000400 ) ) ;
#2431 = FACE_OUTER_BOUND ( 'NONE', #6764, .T. ) ;
#2432 = ORIENTED_EDGE ( 'NONE', *, *, #5137, .T. ) ;
#2433 = DIRECTION ( 'NONE',  ( -0.000000000000000000, -0.000000000000000000, 1.000000000000000000 ) ) ;
#2434 = AXIS2_PLACEMENT_3D ( 'NONE', #6078, #3290, #1716 ) ;
#2435 = CARTESIAN_POINT ( 'NONE',  ( 5.652034699307243670, 30.75128029631820326, 4.448075400297425652 ) ) ;
#2436 = VECTOR ( 'NONE', #1404, 1000.000000000000000 ) ;
#2437 = DIRECTION ( 'NONE',  ( 0.5000000000000019984, 0.5000000000000019984, 0.7071067811865445751 ) ) ;
#2438 = VECTOR ( 'NONE', #5689, 1000.000000000000000 ) ;
#2439 = CARTESIAN_POINT ( 'NONE',  ( -11.44991134358651408, -17.18300987160148807, -2.399999999999989697 ) ) ;
#2440 = EDGE_CURVE ( 'NONE', #5041, #5391, #4896, .T. ) ;
#2441 = EDGE_CURVE ( 'NONE', #5200, #3186, #1636, .T. ) ;
#2442 = AXIS2_PLACEMENT_3D ( 'NONE', #3521, #172, #4085 ) ;
#2443 = ADVANCED_FACE ( 'NONE', ( #439 ), #6500, .F. ) ;
#2444 = CARTESIAN_POINT ( 'NONE',  ( 22.78856849851096911, 12.46271179780728566, -0.6000000000000033085 ) ) ;
#2445 = CARTESIAN_POINT ( 'NONE',  ( 21.92549912664548728, -1.528473728810500365, -2.399999999999967049 ) ) ;
#2446 = CARTESIAN_POINT ( 'NONE',  ( 0.5000000000000000000, 27.55128041827300578, -3.000000000000000000 ) ) ;
#2447 = ORIENTED_EDGE ( 'NONE', *, *, #4599, .F. ) ;
#2448 = DIRECTION ( 'NONE',  ( 0.6909395858062443718, 0.000000000000000000, -0.7229125042257157352 ) ) ;
#2449 = DIRECTION ( 'NONE',  ( -1.000000000000000000, 0.000000000000000000, 0.000000000000000000 ) ) ;
#2450 = CIRCLE ( 'NONE', #5929, 0.5000000000000004441 ) ;
#2451 = ORIENTED_EDGE ( 'NONE', *, *, #2402, .T. ) ;
#2452 = CARTESIAN_POINT ( 'NONE',  ( 15.71750068664550604, 5.391643985941802164, 0.000000000000000000 ) ) ;
#2453 = CIRCLE ( 'NONE', #6276, 3.000000000000000000 ) ;
#2454 = ADVANCED_FACE ( 'NONE', ( #3930 ), #6989, .T. ) ;
#2455 = CARTESIAN_POINT ( 'NONE',  ( -3.378679656440342072, 41.75128029631820681, -3.000000000000000000 ) ) ;
#2456 = CARTESIAN_POINT ( 'NONE',  ( 5.399999999999999467, -4.691166140300482290, -3.000000000000000000 ) ) ;
#2457 = AXIS2_PLACEMENT_3D ( 'NONE', #3657, #4271, #316 ) ;
#2459 = EDGE_CURVE ( 'NONE', #3539, #6866, #6182, .T. ) ;
#2458 = DIRECTION ( 'NONE',  ( 0.000000000000000000, -0.7071067811865474617, -0.7071067811865474617 ) ) ;
#2460 = ORIENTED_EDGE ( 'NONE', *, *, #1740, .F. ) ;
#2461 = VECTOR ( 'NONE', #186, 1000.000000000000000 ) ;
#2462 = DIRECTION ( 'NONE',  ( 0.000000000000000000, 0.000000000000000000, 1.000000000000000000 ) ) ;
#2463 = ORIENTED_EDGE ( 'NONE', *, *, #4321, .T. ) ;
#2464 = LINE ( 'NONE', #3189, #4224 ) ;
#2465 = DIRECTION ( 'NONE',  ( -1.000000000000000000, 0.000000000000000000, 0.000000000000000000 ) ) ;
#2466 = CIRCLE ( 'NONE', #2869, 17.39969003592087304 ) ;
#2467 = AXIS2_PLACEMENT_3D ( 'NONE', #4762, #5830, #3616 ) ;
#2468 = DIRECTION ( 'NONE',  ( 2.312964634635742898E-14, 0.000000000000000000, 1.000000000000000000 ) ) ;
#2469 = CARTESIAN_POINT ( 'NONE',  ( -11.54558441227156607, 11.82630196011267465, -3.000000000000000000 ) ) ;
#2470 = DIRECTION ( 'NONE',  ( 0.000000000000000000, 0.000000000000000000, -1.000000000000000000 ) ) ;
#2471 = CARTESIAN_POINT ( 'NONE',  ( -4.336808689942017736E-16, 25.85128041827297096, -3.000000000000000000 ) ) ;
#2472 = DIRECTION ( 'NONE',  ( 0.000000000000000000, 0.000000000000000000, 1.000000000000000000 ) ) ;
#2473 = DIRECTION ( 'NONE',  ( 0.000000000000000000, 0.000000000000000000, 1.000000000000000000 ) ) ;
#2474 = CIRCLE ( 'NONE', #5545, 4.500000000000002665 ) ;
#2475 = VERTEX_POINT ( 'NONE', #4775 ) ;
#2476 = CARTESIAN_POINT ( 'NONE',  ( -6.000000000000000888, 9.280717547841103254, -0.5999999999999894307 ) ) ;
#2477 = EDGE_CURVE ( 'NONE', #5319, #6583, #3306, .T. ) ;
#2478 = ORIENTED_EDGE ( 'NONE', *, *, #7004, .F. ) ;
#2479 = AXIS2_PLACEMENT_3D ( 'NONE', #6933, #3131, #2534 ) ;
#2480 = CARTESIAN_POINT ( 'NONE',  ( -2.861803398874990911, 18.89849401377294669, -0.02639320225002227127 ) ) ;
#2481 = DIRECTION ( 'NONE',  ( -1.000000000000000000, 0.000000000000000000, 0.000000000000000000 ) ) ;
#2482 = VECTOR ( 'NONE', #2123, 1000.000000000000000 ) ;
#2483 = ORIENTED_EDGE ( 'NONE', *, *, #5451, .F. ) ;
#2484 = CARTESIAN_POINT ( 'NONE',  ( 25.11750068664549218, -12.71147595840164257, -3.000000000000000000 ) ) ;
#2485 = VERTEX_POINT ( 'NONE', #1953 ) ;
#2486 = ADVANCED_FACE ( 'NONE', ( #877 ), #3703, .F. ) ;
#2487 = ORIENTED_EDGE ( 'NONE', *, *, #2813, .F. ) ;
#2488 = CIRCLE ( 'NONE', #363, 3.749999999999989342 ) ;
#2489 = CARTESIAN_POINT ( 'NONE',  ( 7.000000000000000000, 42.25128029631820681, -22.79898987322333781 ) ) ;
#2490 =( BOUNDED_CURVE ( )  B_SPLINE_CURVE ( 3, ( #5048, #5604, #2808, #6721 ),
 .UNSPECIFIED., .F., .F. ) 
 B_SPLINE_CURVE_WITH_KNOTS ( ( 4, 4 ),
 ( 3.141592653589793116, 4.712388980384689674 ),
 .UNSPECIFIED. ) 
 CURVE ( )  GEOMETRIC_REPRESENTATION_ITEM ( )  RATIONAL_B_SPLINE_CURVE ( ( 1.000000000000000000, 0.8047378541243649375, 0.8047378541243649375, 1.000000000000000000 ) ) 
 REPRESENTATION_ITEM ( '' )  );
#2491 = EDGE_CURVE ( 'NONE', #2045, #6250, #4805, .T. ) ;
#2492 = VERTEX_POINT ( 'NONE', #5387 ) ;
#2493 = ORIENTED_EDGE ( 'NONE', *, *, #1927, .T. ) ;
#2494 = DIRECTION ( 'NONE',  ( 0.000000000000000000, 0.000000000000000000, 1.000000000000000000 ) ) ;
#2495 = CARTESIAN_POINT ( 'NONE',  ( 4.439339828220161266, 41.75128029631820681, -2.560660171779823635 ) ) ;
#2496 = EDGE_LOOP ( 'NONE', ( #2023, #6169, #2745, #4190 ) ) ;
#2497 = DIRECTION ( 'NONE',  ( 0.000000000000000000, 0.000000000000000000, -1.000000000000000000 ) ) ;
#2498 = ORIENTED_EDGE ( 'NONE', *, *, #2217, .T. ) ;
#2499 = EDGE_LOOP ( 'NONE', ( #767, #3201, #3140, #3696 ) ) ;
#2500 = AXIS2_PLACEMENT_3D ( 'NONE', #5804, #838, #789 ) ;
#2501 = CARTESIAN_POINT ( 'NONE',  ( 7.000000000000002665, 30.25128029631820326, -22.79898987322333781 ) ) ;
#2502 = EDGE_CURVE ( 'NONE', #673, #6284, #697, .T. ) ;
#2503 = EDGE_CURVE ( 'NONE', #68, #7102, #2165, .T. ) ;
#2504 = ORIENTED_EDGE ( 'NONE', *, *, #1005, .F. ) ;
#2505 = CARTESIAN_POINT ( 'NONE',  ( -3.500000000000000000, 12.95128041827299015, 0.000000000000000000 ) ) ;
#2506 = CARTESIAN_POINT ( 'NONE',  ( -16.84608353891704979, 6.525802833467199804, -3.000000000000000000 ) ) ;
#2507 = EDGE_LOOP ( 'NONE', ( #4993, #5688, #6340, #4262, #7157 ) ) ;
#2508 = VERTEX_POINT ( 'NONE', #5861 ) ;
#2509 = FACE_OUTER_BOUND ( 'NONE', #4645, .T. ) ;
#2510 = EDGE_LOOP ( 'NONE', ( #3701, #666, #5394, #1102, #5234 ) ) ;
#2511 = EDGE_LOOP ( 'NONE', ( #2281, #1170, #3956, #3710, #215, #1951, #3922, #5510, #4945, #945, #5985, #1892, #4795, #3350, #4863, #3835 ) ) ;
#2512 = PLANE ( 'NONE',  #5012 ) ;
#2513 = EDGE_CURVE ( 'NONE', #1764, #1705, #4983, .T. ) ;
#2514 = VECTOR ( 'NONE', #7226, 1000.000000000000000 ) ;
#2515 = ORIENTED_EDGE ( 'NONE', *, *, #2503, .T. ) ;
#2516 = CIRCLE ( 'NONE', #1593, 10.00000000000000000 ) ;
#2517 = DIRECTION ( 'NONE',  ( -4.001029970875857235E-16, 1.000000000000000000, 0.000000000000000000 ) ) ;
#2518 = DIRECTION ( 'NONE',  ( -0.000000000000000000, -1.000000000000000000, 0.000000000000000000 ) ) ;
#2519 = CARTESIAN_POINT ( 'NONE',  ( 0.000000000000000000, 41.75128029631820681, 6.500000000000000000 ) ) ;
#2520 = LINE ( 'NONE', #3631, #524 ) ;
#2521 = DIRECTION ( 'NONE',  ( 0.000000000000000000, 0.7071067811865495711, -0.7071067811865454633 ) ) ;
#2522 = AXIS2_PLACEMENT_3D ( 'NONE', #6406, #1370, #871 ) ;
#2523 = CYLINDRICAL_SURFACE ( 'NONE', #1117, 0.2500000000000000000 ) ;
#2524 = CARTESIAN_POINT ( 'NONE',  ( 9.000000000000001776, -7.691166140300482290, -2.399999999999990585 ) ) ;
#2525 = FACE_OUTER_BOUND ( 'NONE', #974, .T. ) ;
#2526 = ADVANCED_FACE ( 'NONE', ( #5158 ), #381, .T. ) ;
#2527 = DIRECTION ( 'NONE',  ( 0.7071067811865491270, 0.000000000000000000, 0.7071067811865459074 ) ) ;
#2528 = DIRECTION ( 'NONE',  ( 1.000000000000000000, 0.000000000000000000, 0.000000000000000000 ) ) ;
#2529 = LINE ( 'NONE', #1459, #5673 ) ;
#2530 = VERTEX_POINT ( 'NONE', #5413 ) ;
#2531 = DIRECTION ( 'NONE',  ( 0.000000000000000000, 0.000000000000000000, 1.000000000000000000 ) ) ;
#2532 = EDGE_CURVE ( 'NONE', #2941, #3423, #5153, .T. ) ;
#2533 = AXIS2_PLACEMENT_3D ( 'NONE', #6208, #5624, #2301 ) ;
#2534 = DIRECTION ( 'NONE',  ( -1.000000000000000000, 0.000000000000000000, 0.000000000000000000 ) ) ;
#2535 = CARTESIAN_POINT ( 'NONE',  ( -14.30049912664548728, -4.691166140300482290, -3.000000000000000000 ) ) ;
#2536 = CARTESIAN_POINT ( 'NONE',  ( -3.250000000000000000, 13.20128041827298482, -3.000000000000000000 ) ) ;
#2537 = CYLINDRICAL_SURFACE ( 'NONE', #2985, 0.5000000000000004441 ) ;
#2538 = EDGE_CURVE ( 'NONE', #5995, #7001, #6978, .T. ) ;
#2539 = DIRECTION ( 'NONE',  ( 0.000000000000000000, 0.4472135954999573726, -0.8944271909999161885 ) ) ;
#2540 = CARTESIAN_POINT ( 'NONE',  ( 7.000000000000000000, 42.25128029631820681, -22.79898987322333781 ) ) ;
#2541 = CYLINDRICAL_SURFACE ( 'NONE', #6025, 1.500000000000000444 ) ;
#2542 = ORIENTED_EDGE ( 'NONE', *, *, #479, .T. ) ;
#2543 = CARTESIAN_POINT ( 'NONE',  ( 1.610912703473989183, 26.23663575733231568, 0.8759541701765514166 ) ) ;
#2544 = DIRECTION ( 'NONE',  ( 1.000000000000000000, 0.000000000000000000, 0.000000000000000000 ) ) ;
#2545 = CARTESIAN_POINT ( 'NONE',  ( 1.863460350361968479E-15, 26.45128041827299015, 0.6284667967612599382 ) ) ;
#2546 = CIRCLE ( 'NONE', #2289, 1.000000000000000000 ) ;
#2547 = DIRECTION ( 'NONE',  ( 0.000000000000000000, 0.000000000000000000, 1.000000000000000000 ) ) ;
#2548 = ORIENTED_EDGE ( 'NONE', *, *, #5629, .T. ) ;
#2549 = VECTOR ( 'NONE', #2323, 1000.000000000000000 ) ;
#2550 = CARTESIAN_POINT ( 'NONE',  ( -6.000000000000000888, -4.691166140300482290, -0.5999999999999894307 ) ) ;
#2551 = FACE_OUTER_BOUND ( 'NONE', #5734, .T. ) ;
#2552 = PLANE ( 'NONE',  #6966 ) ;
#2553 = AXIS2_PLACEMENT_3D ( 'NONE', #1164, #2895, #5168 ) ;
#2554 = ORIENTED_EDGE ( 'NONE', *, *, #3364, .F. ) ;
#2556 = EDGE_CURVE ( 'NONE', #6268, #1362, #1383, .T. ) ;
#2555 = DIRECTION ( 'NONE',  ( -0.8115632665127211487, 0.000000000000000000, -0.5842645500517742452 ) ) ;
#2557 = DIRECTION ( 'NONE',  ( 0.000000000000000000, 0.000000000000000000, 1.000000000000000000 ) ) ;
#2558 = CONICAL_SURFACE ( 'NONE', #4757, 2.225000000000025402, 0.7853981633974419507 ) ;
#2559 = ORIENTED_EDGE ( 'NONE', *, *, #1239, .T. ) ;
#2560 = ORIENTED_EDGE ( 'NONE', *, *, #3992, .T. ) ;
#2561 = CARTESIAN_POINT ( 'NONE',  ( -6.949102955666232262, 28.53149281894095424, 0.000000000000000000 ) ) ;
#2562 = ADVANCED_FACE ( 'NONE', ( #1284 ), #1479, .T. ) ;
#2563 = AXIS2_PLACEMENT_3D ( 'NONE', #6946, #232, #289 ) ;
#2564 = LINE ( 'NONE', #3045, #4763 ) ;
#2565 = DIRECTION ( 'NONE',  ( 0.000000000000000000, 0.8944271909999160775, 0.4472135954999573171 ) ) ;
#2566 = ORIENTED_EDGE ( 'NONE', *, *, #1678, .F. ) ;
#2567 = DIRECTION ( 'NONE',  ( -0.000000000000000000, 1.000000000000000000, 1.365091425809202473E-16 ) ) ;
#2568 = PLANE ( 'NONE',  #40 ) ;
#2569 =( NAMED_UNIT ( * ) PLANE_ANGLE_UNIT ( ) SI_UNIT ( $, .RADIAN. ) );
#2570 = CARTESIAN_POINT ( 'NONE',  ( -2.995413396210627521, 23.87517330176374486, 1.213305949543590057 ) ) ;
#2571 = VECTOR ( 'NONE', #1787, 1000.000000000000000 ) ;
#2572 = DIRECTION ( 'NONE',  ( 0.000000000000000000, 0.000000000000000000, 1.000000000000000000 ) ) ;
#2573 = CARTESIAN_POINT ( 'NONE',  ( 9.000000000000001776, -7.691166140300482290, -3.000000000000000000 ) ) ;
#2574 = VECTOR ( 'NONE', #4658, 1000.000000000000000 ) ;
#2575 = ORIENTED_EDGE ( 'NONE', *, *, #4466, .T. ) ;
#2576 = EDGE_CURVE ( 'NONE', #4142, #5278, #2605, .T. ) ;
#2577 = AXIS2_PLACEMENT_3D ( 'NONE', #4934, #3417, #3469 ) ;
#2578 = CARTESIAN_POINT ( 'NONE',  ( 14.30049912664548728, -4.691166140300482290, -2.399999999999990585 ) ) ;
#2579 = VERTEX_POINT ( 'NONE', #2667 ) ;
#2580 = FACE_OUTER_BOUND ( 'NONE', #3199, .T. ) ;
#2581 = CARTESIAN_POINT ( 'NONE',  ( 11.53949928283222270, -15.71147595840166566, -3.000000000000000000 ) ) ;
#2582 =( BOUNDED_SURFACE ( )  B_SPLINE_SURFACE ( 3, 2, ( 
 ( #6194, #6, #5084 ),
 ( #3340, #3937, #4430 ),
 ( #1157, #5037, #1138 ),
 ( #45, #4991, #4474 ),
 ( #2213, #4455, #6757 ),
 ( #3916, #567, #73 ),
 ( #25, #2749, #1120 ),
 ( #2775, #6663, #529 ),
 ( #614, #1690, #6684 ),
 ( #1667, #1621, #3966 ) ),
 .UNSPECIFIED., .F., .F., .F. ) 
 B_SPLINE_SURFACE_WITH_KNOTS ( ( 4, 2, 2, 2, 4 ),
 ( 3, 3 ),
 ( 0.001280772400213954759, 0.001821677359226073645, 0.002362582318238192532, 0.002903487277250311419, 0.003444392236262430306 ),
 ( 0.000000000000000000, 1.000000000000000000 ),
 .UNSPECIFIED. ) 
 GEOMETRIC_REPRESENTATION_ITEM ( )  RATIONAL_B_SPLINE_SURFACE ( (
 ( 1.000000000000000000, 0.7809210588666438690, 1.000000000000000000),
 ( 1.000000000000000000, 0.7998208509462847449, 1.000000000000000000),
 ( 1.000000000000000000, 0.8122548856800949624, 1.000000000000000000),
 ( 1.000000000000000000, 0.8249869059069582233, 1.000000000000000000),
 ( 1.000000000000000000, 0.8252998993642085557, 1.000000000000000000),
 ( 1.000000000000000000, 0.8133971535420897458, 1.000000000000000000),
 ( 1.000000000000000000, 0.8012825121991096200, 1.000000000000000000),
 ( 1.000000000000000000, 0.7643076907199326531, 1.000000000000000000),
 ( 1.000000000000000000, 0.7394439026347154886, 1.000000000000000000),
 ( 1.000000000000000000, 0.7071067811865476838, 1.000000000000000000) ) ) 
 REPRESENTATION_ITEM ( '' )  SURFACE ( )  );
#2583 = ORIENTED_EDGE ( 'NONE', *, *, #1540, .F. ) ;
#2584 = ORIENTED_EDGE ( 'NONE', *, *, #4786, .T. ) ;
#2585 = DIRECTION ( 'NONE',  ( -1.000000000000000000, 0.000000000000000000, 0.000000000000000000 ) ) ;
#2586 = EDGE_CURVE ( 'NONE', #6582, #6587, #3659, .T. ) ;
#2587 = EDGE_CURVE ( 'NONE', #4960, #7037, #1626, .T. ) ;
#2588 = DIRECTION ( 'NONE',  ( -4.001029970875857235E-16, -1.000000000000000000, 0.000000000000000000 ) ) ;
#2589 = VERTEX_POINT ( 'NONE', #6592 ) ;
#2590 = ORIENTED_EDGE ( 'NONE', *, *, #5964, .F. ) ;
#2591 = DIRECTION ( 'NONE',  ( -1.000000000000000000, -1.753177981040392352E-15, 0.000000000000000000 ) ) ;
#2592 = ADVANCED_FACE ( 'NONE', ( #948 ), #3236, .F. ) ;
#2593 = DIRECTION ( 'NONE',  ( -1.000000000000000000, 0.000000000000000000, 0.000000000000000000 ) ) ;
#2594 =( NAMED_UNIT ( * ) SI_UNIT ( $, .STERADIAN. ) SOLID_ANGLE_UNIT ( ) );
#2595 = CARTESIAN_POINT ( 'NONE',  ( -1.829402086701414909, 25.86033662863085070, 0.9297111885625477523 ) ) ;
#2596 = CIRCLE ( 'NONE', #1303, 10.60000000000001030 ) ;
#2597 = EDGE_LOOP ( 'NONE', ( #6435, #1366, #4131, #243 ) ) ;
#2598 = DIRECTION ( 'NONE',  ( 0.000000000000000000, 0.000000000000000000, 1.000000000000000000 ) ) ;
#2599 = ORIENTED_EDGE ( 'NONE', *, *, #2477, .F. ) ;
#2600 = AXIS2_PLACEMENT_3D ( 'NONE', #6723, #4583, #5129 ) ;
#2601 = CARTESIAN_POINT ( 'NONE',  ( -2.750000000000000000, 22.95128041827299015, 1.345290647185026334 ) ) ;
#2602 = ORIENTED_EDGE ( 'NONE', *, *, #6089, .T. ) ;
#2603 = EDGE_CURVE ( 'NONE', #4429, #6949, #5655, .T. ) ;
#2604 = EDGE_CURVE ( 'NONE', #3008, #3598, #2606, .T. ) ;
#2605 = B_SPLINE_CURVE_WITH_KNOTS ( 'NONE', 3,
 ( #5455, #3263, #2120, #2097 ),
 .UNSPECIFIED., .F., .F.,
 ( 4, 4 ),
 ( 0.000000000000000000, 0.0008486923062438239858 ),
 .UNSPECIFIED. ) ;
#2606 = LINE ( 'NONE', #1578, #4192 ) ;
#2607 = ORIENTED_EDGE ( 'NONE', *, *, #4248, .T. ) ;
#2608 = ADVANCED_FACE ( 'NONE', ( #71 ), #4275, .T. ) ;
#2609 = CARTESIAN_POINT ( 'NONE',  ( 2.931980055915179850, 42.25128029631820681, 5.722912504225715402 ) ) ;
#2610 = ORIENTED_EDGE ( 'NONE', *, *, #1027, .F. ) ;
#2611 = CARTESIAN_POINT ( 'NONE',  ( -7.000000000000000000, 42.25128029631820681, 3.469446951953614189E-15 ) ) ;
#2612 = EDGE_LOOP ( 'NONE', ( #551, #6530, #36, #1623 ) ) ;
#2613 = CARTESIAN_POINT ( 'NONE',  ( 4.453025902297557792, 39.75165505400883603, -2.574346245857220161 ) ) ;
#2614 = CONICAL_SURFACE ( 'NONE', #3689, 2.999999999999999112, 0.7853981633974482790 ) ;
#2615 = CARTESIAN_POINT ( 'NONE',  ( 2.750000000000000444, 23.45128041827299725, 1.273862075756453827 ) ) ;
#2616 = VECTOR ( 'NONE', #1563, 1000.000000000000000 ) ;
#2617 = CARTESIAN_POINT ( 'NONE',  ( 16.84608353891705335, 6.525802833467204245, -3.000000000000000000 ) ) ;
#2618 = CARTESIAN_POINT ( 'NONE',  ( 3.858707165180967458, 30.25128029631820326, -3.000000000000000000 ) ) ;
#2619 = CARTESIAN_POINT ( 'NONE',  ( -5.500000000000002665, 28.25128029631820681, 6.000000000000000000 ) ) ;
#2620 = EDGE_CURVE ( 'NONE', #1637, #5081, #4621, .T. ) ;
#2621 = EDGE_LOOP ( 'NONE', ( #1682, #4869, #1827, #6200, #2119, #4478, #6943, #937, #6857, #6697 ) ) ;
#2622 = CIRCLE ( 'NONE', #2819, 1.499999999999999556 ) ;
#2624 = AXIS2_PLACEMENT_3D ( 'NONE', #3229, #4921, #5449 ) ;
#2623 = DIRECTION ( 'NONE',  ( 0.000000000000000000, 0.000000000000000000, 1.000000000000000000 ) ) ;
#2625 = VECTOR ( 'NONE', #4631, 1000.000000000000000 ) ;
#2626 = EDGE_LOOP ( 'NONE', ( #1020, #6594, #687, #1340 ) ) ;
#2627 = CARTESIAN_POINT ( 'NONE',  ( 14.30049912664548728, -4.691166140300482290, -3.000000000000000000 ) ) ;
#2628 = DIRECTION ( 'NONE',  ( -1.000000000000000000, 0.000000000000000000, 0.000000000000000000 ) ) ;
#2629 = DIRECTION ( 'NONE',  ( 0.000000000000000000, 0.000000000000000000, 1.000000000000000000 ) ) ;
#2630 = CIRCLE ( 'NONE', #1531, 2.999999999999999112 ) ;
#2631 = EDGE_LOOP ( 'NONE', ( #3268, #2696, #5710, #2907, #4849, #6241, #53, #4332 ) ) ;
#2632 = ADVANCED_FACE ( 'NONE', ( #5916 ), #3921, .T. ) ;
#2633 = EDGE_CURVE ( 'NONE', #128, #642, #6093, .T. ) ;
#2634 = AXIS2_PLACEMENT_3D ( 'NONE', #3546, #5762, #2969 ) ;
#2635 = VECTOR ( 'NONE', #4533, 1000.000000000000000 ) ;
#2636 = DIRECTION ( 'NONE',  ( 0.000000000000000000, 1.000000000000000000, -0.000000000000000000 ) ) ;
#2637 = ORIENTED_EDGE ( 'NONE', *, *, #6131, .T. ) ;
#2638 = CARTESIAN_POINT ( 'NONE',  ( 17.90049912664548870, 3.980218421195628409, -3.000000000000000000 ) ) ;
#2639 = ADVANCED_FACE ( 'NONE', ( #3842 ), #2582, .F. ) ;
#2640 = LINE ( 'NONE', #784, #5185 ) ;
#2641 = VERTEX_POINT ( 'NONE', #3382 ) ;
#2642 = AXIS2_PLACEMENT_3D ( 'NONE', #1207, #1763, #3568 ) ;
#2643 = DIRECTION ( 'NONE',  ( -1.000000000000000000, 0.000000000000000000, 0.000000000000000000 ) ) ;
#2644 = CARTESIAN_POINT ( 'NONE',  ( 3.250000000000000888, 13.20128041827298659, -2.399999999999983924 ) ) ;
#2645 = DIRECTION ( 'NONE',  ( 0.000000000000000000, 0.000000000000000000, -1.000000000000000000 ) ) ;
#2646 = CARTESIAN_POINT ( 'NONE',  ( 9.200944287194113613, 25.20180787170023962, 0.000000000000000000 ) ) ;
#2647 = CARTESIAN_POINT ( 'NONE',  ( 3.558769552017628346, 30.75128029631820326, 5.644138212168633650 ) ) ;
#2648 = EDGE_CURVE ( 'NONE', #7158, #1982, #2427, .T. ) ;
#2649 = CARTESIAN_POINT ( 'NONE',  ( 10.45977694124987956, -15.36032446427474163, 0.000000000000000000 ) ) ;
#2650 = CIRCLE ( 'NONE', #2533, 1.500000000000000000 ) ;
#2651 = CARTESIAN_POINT ( 'NONE',  ( -7.000000000000000000, 42.25128029631820681, 5.000000000000000888 ) ) ;
#2652 = LINE ( 'NONE', #6980, #4228 ) ;
#2653 = CARTESIAN_POINT ( 'NONE',  ( 0.000000000000000000, 35.25128029631821391, -3.000000000000000000 ) ) ;
#2654 = B_SPLINE_CURVE_WITH_KNOTS ( 'NONE', 3,
 ( #2875, #3493, #1215, #670 ),
 .UNSPECIFIED., .F., .F.,
 ( 4, 4 ),
 ( 0.000000000000000000, 0.0008486923062438402488 ),
 .UNSPECIFIED. ) ;
#2655 = CARTESIAN_POINT ( 'NONE',  ( 7.000000000000002665, 28.75128029631820681, -0.1315914118774413055 ) ) ;
#2656 = AXIS2_PLACEMENT_3D ( 'NONE', #5050, #3371, #33 ) ;
#2657 = DIRECTION ( 'NONE',  ( 0.000000000000000000, 0.000000000000000000, -1.000000000000000000 ) ) ;
#2658 = CIRCLE ( 'NONE', #4197, 0.8500000000000169642 ) ;
#2659 = EDGE_CURVE ( 'NONE', #301, #86, #1548, .T. ) ;
#2660 = ORIENTED_EDGE ( 'NONE', *, *, #6224, .F. ) ;
#2661 = DIRECTION ( 'NONE',  ( 0.000000000000000000, 0.000000000000000000, -1.000000000000000000 ) ) ;
#2662 = VECTOR ( 'NONE', #4754, 1000.000000000000000 ) ;
#2663 = ORIENTED_EDGE ( 'NONE', *, *, #11, .T. ) ;
#2664 = ORIENTED_EDGE ( 'NONE', *, *, #4109, .F. ) ;
#2665 = ORIENTED_EDGE ( 'NONE', *, *, #6834, .F. ) ;
#2666 = CIRCLE ( 'NONE', #6482, 0.2500000000000002220 ) ;
#2667 = CARTESIAN_POINT ( 'NONE',  ( -0.5000000000000000000, 26.95128041827299015, -2.399999999999983036 ) ) ;
#2668 = DIRECTION ( 'NONE',  ( 0.000000000000000000, -1.365091425809202473E-16, 1.000000000000000000 ) ) ;
#2669 = CARTESIAN_POINT ( 'NONE',  ( 3.622919641721424000, 28.25128029631820681, 6.000000000000000000 ) ) ;
#2670 = FILL_AREA_STYLE_COLOUR ( '', #4894 ) ;
#2671 = ORIENTED_EDGE ( 'NONE', *, *, #2259, .F. ) ;
#2672 = CARTESIAN_POINT ( 'NONE',  ( -3.250000000000000000, 13.20128041827298482, -3.000000000000000444 ) ) ;
#2673 = DIRECTION ( 'NONE',  ( 0.000000000000000000, -0.7071067811865474617, -0.7071067811865474617 ) ) ;
#2674 = VERTEX_POINT ( 'NONE', #5570 ) ;
#2675 = CARTESIAN_POINT ( 'NONE',  ( 3.665859857561128088, 40.23685958919682548, -2.979670177525229224 ) ) ;
#2676 = EDGE_CURVE ( 'NONE', #7239, #904, #3749, .T. ) ;
#2677 = VERTEX_POINT ( 'NONE', #1094 ) ;
#2678 = ADVANCED_FACE ( 'NONE', ( #2940 ), #5015, .F. ) ;
#2679 = DIRECTION ( 'NONE',  ( -0.8129949950526363933, 0.000000000000000000, 0.5822706741880134818 ) ) ;
#2680 = PLANE ( 'NONE',  #2227 ) ;
#2681 = PLANE ( 'NONE',  #1900 ) ;
#2682 = ORIENTED_EDGE ( 'NONE', *, *, #2502, .F. ) ;
#2683 = CARTESIAN_POINT ( 'NONE',  ( 4.747590588916565046, 30.25251712457007258, 6.500000000000000000 ) ) ;
#2684 = ORIENTED_EDGE ( 'NONE', *, *, #4959, .F. ) ;
#2685 = CARTESIAN_POINT ( 'NONE',  ( 4.042865180478298015, 39.75128160627194518, -2.253095264522522179 ) ) ;
#2686 = EDGE_CURVE ( 'NONE', #713, #840, #3035, .T. ) ;
#2687 = ORIENTED_EDGE ( 'NONE', *, *, #4490, .F. ) ;
#2688 = CIRCLE ( 'NONE', #751, 17.39969003592084817 ) ;
#2689 = ORIENTED_EDGE ( 'NONE', *, *, #3992, .F. ) ;
#2690 = ORIENTED_EDGE ( 'NONE', *, *, #299, .T. ) ;
#2691 = CARTESIAN_POINT ( 'NONE',  ( 3.558769552017628346, 39.75128029631820681, 5.644138212168633650 ) ) ;
#2692 = DIRECTION ( 'NONE',  ( 1.000000000000000000, 0.000000000000000000, 0.000000000000000000 ) ) ;
#2693 = CARTESIAN_POINT ( 'NONE',  ( 3.000000000000000000, 15.16242603627315333, -1.894427190999916411 ) ) ;
#2694 = CARTESIAN_POINT ( 'NONE',  ( 2.674530018153329802, 30.25128029631820326, 6.162134726229436588 ) ) ;
#2695 = FACE_OUTER_BOUND ( 'NONE', #1596, .T. ) ;
#2696 = ORIENTED_EDGE ( 'NONE', *, *, #6834, .T. ) ;
#2697 = AXIS2_PLACEMENT_3D ( 'NONE', #2903, #4556, #1731 ) ;
#2698 = DIRECTION ( 'NONE',  ( -1.000000000000000000, 0.000000000000000000, 0.000000000000000000 ) ) ;
#2699 = FACE_OUTER_BOUND ( 'NONE', #2760, .T. ) ;
#2700 = EDGE_CURVE ( 'NONE', #6399, #4443, #1039, .T. ) ;
#2701 = B_SPLINE_CURVE_WITH_KNOTS ( 'NONE', 3,
 ( #6147, #5685, #2893, #616, #6811, #6196 ),
 .UNSPECIFIED., .F., .F.,
 ( 4, 2, 4 ),
 ( 2.168404344971008627E-19, 0.0003847778577128229045, 0.0007695557154256455921 ),
 .UNSPECIFIED. ) ;
#2702 = FACE_OUTER_BOUND ( 'NONE', #6421, .T. ) ;
#2703 = DIRECTION ( 'NONE',  ( -0.000000000000000000, 1.734723475976807686E-15, 1.000000000000000000 ) ) ;
#2704 = CARTESIAN_POINT ( 'NONE',  ( 5.500000000000000000, 42.25128029631820681, 0.6213203435596476032 ) ) ;
#2705 = LINE ( 'NONE', #2501, #2436 ) ;
#2706 = DIRECTION ( 'NONE',  ( 0.000000000000000000, 1.000000000000000000, 0.000000000000000000 ) ) ;
#2707 = VECTOR ( 'NONE', #3838, 1000.000000000000000 ) ;
#2708 = CARTESIAN_POINT ( 'NONE',  ( -1.600000000000000311, 29.25128029631821036, 1.950000000000000844 ) ) ;
#2709 = AXIS2_PLACEMENT_3D ( 'NONE', #5242, #807, #2481 ) ;
#2710 = DIRECTION ( 'NONE',  ( 0.000000000000000000, 0.000000000000000000, 1.000000000000000000 ) ) ;
#2711 = ADVANCED_FACE ( 'NONE', ( #6794 ), #5577, .T. ) ;
#2712 = DIRECTION ( 'NONE',  ( 0.000000000000000000, 1.000000000000000000, -0.000000000000000000 ) ) ;
#2713 = LINE ( 'NONE', #957, #4641 ) ;
#2714 = AXIS2_PLACEMENT_3D ( 'NONE', #4199, #5846, #1264 ) ;
#2715 = CARTESIAN_POINT ( 'NONE',  ( 3.949447509633393860, 40.25260338075550237, -2.895034178769363642 ) ) ;
#2716 = ORIENTED_EDGE ( 'NONE', *, *, #3784, .F. ) ;
#2717 = DIRECTION ( 'NONE',  ( 0.000000000000000000, -1.000000000000000000, 0.000000000000000000 ) ) ;
#2718 = CIRCLE ( 'NONE', #6555, 1.499999999999999556 ) ;
#2719 = DIRECTION ( 'NONE',  ( 0.000000000000000000, -1.000000000000000000, 0.000000000000000000 ) ) ;
#2720 = CARTESIAN_POINT ( 'NONE',  ( 7.000000000000002665, 28.25128029631820681, 6.000000000000001776 ) ) ;
#2721 = CARTESIAN_POINT ( 'NONE',  ( -2.100000000000000089, 42.25128029631820681, 3.550000000000000711 ) ) ;
#2722 = EDGE_CURVE ( 'NONE', #5475, #2093, #156, .T. ) ;
#2723 = FACE_OUTER_BOUND ( 'NONE', #1603, .T. ) ;
#2724 = TOROIDAL_SURFACE ( 'NONE', #5774, 1.000000000000000000, 0.5000000000000000000 ) ;
#2725 = DIRECTION ( 'NONE',  ( -1.000000000000000000, 0.000000000000000000, 0.000000000000000000 ) ) ;
#2726 = VECTOR ( 'NONE', #1686, 1000.000000000000000 ) ;
#2727 = EDGE_LOOP ( 'NONE', ( #2803, #1174, #3997, #2637 ) ) ;
#2728 = DIRECTION ( 'NONE',  ( -1.000000000000000000, 0.000000000000000000, 0.000000000000000000 ) ) ;
#2729 = EDGE_CURVE ( 'NONE', #6515, #6634, #869, .T. ) ;
#2731 = EDGE_CURVE ( 'NONE', #4419, #5418, #6622, .T. ) ;
#2730 = DIRECTION ( 'NONE',  ( 0.000000000000000000, 0.000000000000000000, 1.000000000000000000 ) ) ;
#2732 = ORIENTED_EDGE ( 'NONE', *, *, #59, .T. ) ;
#2733 = DIRECTION ( 'NONE',  ( 0.000000000000000000, -1.000000000000000000, 0.000000000000000000 ) ) ;
#2734 = CIRCLE ( 'NONE', #1052, 0.5000000000000001110 ) ;
#2735 = LINE ( 'NONE', #5788, #1079 ) ;
#2736 = VERTEX_POINT ( 'NONE', #2968 ) ;
#2737 = ADVANCED_FACE ( 'NONE', ( #5842 ), #1255, .T. ) ;
#2738 = VERTEX_POINT ( 'NONE', #1819 ) ;
#2739 = CARTESIAN_POINT ( 'NONE',  ( -5.500000000000002665, 28.75128029631820681, 4.999999999999999112 ) ) ;
#2740 = LINE ( 'NONE', #294, #741 ) ;
#2741 = ORIENTED_EDGE ( 'NONE', *, *, #3342, .T. ) ;
#2742 = CARTESIAN_POINT ( 'NONE',  ( 6.500000000000000000, 41.75128029631820681, 5.000000000000000000 ) ) ;
#2743 = ORIENTED_EDGE ( 'NONE', *, *, #1146, .F. ) ;
#2744 = CARTESIAN_POINT ( 'NONE',  ( -25.71750068664550781, -1.217476000361414457, -2.399999999999989697 ) ) ;
#2745 = ORIENTED_EDGE ( 'NONE', *, *, #3872, .F. ) ;
#2746 = AXIS2_PLACEMENT_3D ( 'NONE', #3182, #1473, #2043 ) ;
#2747 = VERTEX_POINT ( 'NONE', #643 ) ;
#2748 = VERTEX_POINT ( 'NONE', #4545 ) ;
#2749 = CARTESIAN_POINT ( 'NONE',  ( 5.565612409114102377, 40.14457919500704008, -0.9309568992303289825 ) ) ;
#2750 = CARTESIAN_POINT ( 'NONE',  ( -4.747590588916565046, 30.25251712457007258, 6.500000000000000000 ) ) ;
#2751 = PLANE ( 'NONE',  #2442 ) ;
#2752 = CARTESIAN_POINT ( 'NONE',  ( 2.861803398874991355, 18.89849401377294669, -0.02639320225002227127 ) ) ;
#2753 = ORIENTED_EDGE ( 'NONE', *, *, #6564, .F. ) ;
#2754 = ORIENTED_EDGE ( 'NONE', *, *, #3902, .F. ) ;
#2755 = EDGE_CURVE ( 'NONE', #2093, #3708, #5247, .T. ) ;
#2756 = AXIS2_PLACEMENT_3D ( 'NONE', #6203, #5001, #5602 ) ;
#2757 = FACE_OUTER_BOUND ( 'NONE', #787, .T. ) ;
#2758 = ORIENTED_EDGE ( 'NONE', *, *, #4935, .F. ) ;
#2759 = CARTESIAN_POINT ( 'NONE',  ( -0.5000000000000000000, 23.95128041827299015, -3.000000000000000000 ) ) ;
#2760 = EDGE_LOOP ( 'NONE', ( #1607, #3564, #5721, #6959 ) ) ;
#2761 = CARTESIAN_POINT ( 'NONE',  ( -17.30049912664549083, -4.691166140300481402, -0.5999999999999894307 ) ) ;
#2762 = EDGE_LOOP ( 'NONE', ( #2732, #199, #398, #1034 ) ) ;
#2763 = VECTOR ( 'NONE', #6736, 1000.000000000000114 ) ;
#2764 = ORIENTED_EDGE ( 'NONE', *, *, #3648, .F. ) ;
#2765 = ORIENTED_EDGE ( 'NONE', *, *, #5392, .F. ) ;
#2766 = CYLINDRICAL_SURFACE ( 'NONE', #2634, 2.399999999999999911 ) ;
#2767 = AXIS2_PLACEMENT_3D ( 'NONE', #3961, #5111, #6191 ) ;
#2768 = ORIENTED_EDGE ( 'NONE', *, *, #7115, .F. ) ;
#2769 = VECTOR ( 'NONE', #5765, 1000.000000000000000 ) ;
#2771 = EDGE_CURVE ( 'NONE', #83, #6846, #4371, .T. ) ;
#2770 = CARTESIAN_POINT ( 'NONE',  ( 7.000000000000000000, 42.25128029631820681, -2.499999999999998668 ) ) ;
#2772 = ADVANCED_FACE ( 'NONE', ( #346 ), #5114, .F. ) ;
#2773 = LINE ( 'NONE', #2293, #3482 ) ;
#2774 = ORIENTED_EDGE ( 'NONE', *, *, #4692, .T. ) ;
#2775 = CARTESIAN_POINT ( 'NONE',  ( 5.743593344497611497, 39.75777939050347953, -0.6834386744563755167 ) ) ;
#2776 = DIRECTION ( 'NONE',  ( 0.000000000000000000, 0.000000000000000000, -1.000000000000000000 ) ) ;
#2777 = CARTESIAN_POINT ( 'NONE',  ( -3.250000000000000444, 12.95128041827299015, 0.000000000000000000 ) ) ;
#2778 = CIRCLE ( 'NONE', #552, 2.399999999999999911 ) ;
#2779 = FACE_OUTER_BOUND ( 'NONE', #4608, .T. ) ;
#2780 = EDGE_CURVE ( 'NONE', #2492, #5270, #5745, .T. ) ;
#2781 = CARTESIAN_POINT ( 'NONE',  ( -4.370332818530348717, 30.25128029631820326, 6.228402762220407674 ) ) ;
#2782 = CARTESIAN_POINT ( 'NONE',  ( -2.399999999999982592, 23.45128041827299015, -3.000000000000000000 ) ) ;
#2783 = FACE_OUTER_BOUND ( 'NONE', #6975, .T. ) ;
#2784 = DIRECTION ( 'NONE',  ( -1.858632295689435856E-16, 1.000000000000000000, 1.232595164407830946E-32 ) ) ;
#2785 = CARTESIAN_POINT ( 'NONE',  ( 11.12132034355964016, 11.40203789140074697, -0.5999999999999965361 ) ) ;
#2786 = LINE ( 'NONE', #2249, #6290 ) ;
#2787 = ORIENTED_EDGE ( 'NONE', *, *, #6554, .F. ) ;
#2788 = ADVANCED_FACE ( 'NONE', ( #690 ), #2158, .T. ) ;
#2789 = ORIENTED_EDGE ( 'NONE', *, *, #7208, .T. ) ;
#2790 = AXIS2_PLACEMENT_3D ( 'NONE', #1851, #5190, #1822 ) ;
#2791 =( BOUNDED_CURVE ( )  B_SPLINE_CURVE ( 3, ( #3603, #825, #799, #4122 ),
 .UNSPECIFIED., .F., .T. ) 
 B_SPLINE_CURVE_WITH_KNOTS ( ( 4, 4 ),
 ( 3.141592653589793116, 4.712388980384689674 ),
 .UNSPECIFIED. ) 
 CURVE ( )  GEOMETRIC_REPRESENTATION_ITEM ( )  RATIONAL_B_SPLINE_CURVE ( ( 1.000000000000000000, 0.8047378541243649375, 0.8047378541243649375, 1.000000000000000000 ) ) 
 REPRESENTATION_ITEM ( '' )  );
#2792 = EDGE_LOOP ( 'NONE', ( #1403, #1292, #4032, #1695 ) ) ;
#2793 = DIRECTION ( 'NONE',  ( -0.7071067811865480168, 0.000000000000000000, 0.7071067811865470176 ) ) ;
#2794 = CIRCLE ( 'NONE', #4035, 2.399999999999988809 ) ;
#2795 = DIRECTION ( 'NONE',  ( 0.000000000000000000, -0.000000000000000000, 1.000000000000000000 ) ) ;
#2796 = DIRECTION ( 'NONE',  ( 0.7071067811865483499, -0.7071067811865465735, 0.000000000000000000 ) ) ;
#2797 = CARTESIAN_POINT ( 'NONE',  ( -22.78856849851096911, 12.46271179780728744, -0.6000000000000041966 ) ) ;
#2798 =( NAMED_UNIT ( * ) SI_UNIT ( $, .STERADIAN. ) SOLID_ANGLE_UNIT ( ) );
#2799 = VERTEX_POINT ( 'NONE', #2361 ) ;
#2800 = EDGE_CURVE ( 'NONE', #1799, #4814, #5331, .T. ) ;
#2801 = AXIS2_PLACEMENT_3D ( 'NONE', #230, #3552, #2951 ) ;
#2802 = CIRCLE ( 'NONE', #1772, 3.599999999999992095 ) ;
#2803 = ORIENTED_EDGE ( 'NONE', *, *, #3874, .F. ) ;
#2804 = ORIENTED_EDGE ( 'NONE', *, *, #2966, .F. ) ;
#2805 = CARTESIAN_POINT ( 'NONE',  ( -6.000000000000000888, -4.691166140300482290, -3.000000000000000000 ) ) ;
#2806 = ADVANCED_FACE ( 'NONE', ( #6446 ), #1791, .T. ) ;
#2807 = DIRECTION ( 'NONE',  ( -0.000000000000000000, 1.000000000000000000, 0.000000000000000000 ) ) ;
#2808 = CARTESIAN_POINT ( 'NONE',  ( -2.750000000000000444, 25.09754846080631197, 1.038680926823124295 ) ) ;
#2809 = DIRECTION ( 'NONE',  ( -1.000000000000000000, 0.000000000000000000, 0.000000000000000000 ) ) ;
#2810 = CIRCLE ( 'NONE', #6656, 2.225000000000025402 ) ;
#2811 = ORIENTED_EDGE ( 'NONE', *, *, #5586, .F. ) ;
#2812 = EDGE_CURVE ( 'NONE', #6349, #5646, #661, .T. ) ;
#2813 = EDGE_CURVE ( 'NONE', #1789, #6268, #5496, .T. ) ;
#2814 = AXIS2_PLACEMENT_3D ( 'NONE', #284, #4191, #845 ) ;
#2815 = DIRECTION ( 'NONE',  ( 0.000000000000000000, 1.365091425809202473E-16, -1.000000000000000000 ) ) ;
#2816 = VECTOR ( 'NONE', #5952, 1000.000000000000114 ) ;
#2817 = ORIENTED_EDGE ( 'NONE', *, *, #5283, .T. ) ;
#2818 = DIRECTION ( 'NONE',  ( -0.000000000000000000, -0.000000000000000000, -1.000000000000000000 ) ) ;
#2819 = AXIS2_PLACEMENT_3D ( 'NONE', #7170, #463, #2145 ) ;
#2820 = DIRECTION ( 'NONE',  ( -0.000000000000000000, -0.000000000000000000, -1.000000000000000000 ) ) ;
#2821 = CARTESIAN_POINT ( 'NONE',  ( 4.314698971370297009, 39.75284297420152768, -2.058406680148739287 ) ) ;
#2822 = VECTOR ( 'NONE', #4432, 1000.000000000000000 ) ;
#2823 = ORIENTED_EDGE ( 'NONE', *, *, #1866, .T. ) ;
#2824 = ORIENTED_EDGE ( 'NONE', *, *, #4033, .T. ) ;
#2825 = DIRECTION ( 'NONE',  ( -0.7071067811865515695, 0.000000000000000000, -0.7071067811865434649 ) ) ;
#2826 = ADVANCED_FACE ( 'NONE', ( #7231 ), #7054, .F. ) ;
#2827 = CARTESIAN_POINT ( 'NONE',  ( -9.625208355906044844, 25.62607194041217085, -0.6000000000000041966 ) ) ;
#2828 = VERTEX_POINT ( 'NONE', #4112 ) ;
#2829 = FACE_OUTER_BOUND ( 'NONE', #925, .T. ) ;
#2830 = VERTEX_POINT ( 'NONE', #6960 ) ;
#2831 = DIRECTION ( 'NONE',  ( 0.000000000000000000, 0.000000000000000000, 1.000000000000000000 ) ) ;
#2832 = DIRECTION ( 'NONE',  ( 0.000000000000000000, 0.7071067811865485719, 0.7071067811865465735 ) ) ;
#2833 = CARTESIAN_POINT ( 'NONE',  ( 7.000000000000002665, 29.24187817336166262, -0.3165125730940493431 ) ) ;
#2834 = DIRECTION ( 'NONE',  ( 1.000000000000000000, 0.000000000000000000, 0.000000000000000000 ) ) ;
#2835 = ORIENTED_EDGE ( 'NONE', *, *, #6513, .F. ) ;
#2836 = AXIS2_PLACEMENT_3D ( 'NONE', #2035, #7072, #2528 ) ;
#2837 = CARTESIAN_POINT ( 'NONE',  ( -17.30049912664548728, 3.980218421195628409, -2.400000000000003908 ) ) ;
#2838 = ORIENTED_EDGE ( 'NONE', *, *, #6142, .F. ) ;
#2839 = ORIENTED_EDGE ( 'NONE', *, *, #1540, .T. ) ;
#2840 = ORIENTED_EDGE ( 'NONE', *, *, #1116, .F. ) ;
#2841 = DIRECTION ( 'NONE',  ( 0.000000000000000000, 0.000000000000000000, 1.000000000000000000 ) ) ;
#2842 = DIRECTION ( 'NONE',  ( -1.000000000000000000, 0.000000000000000000, 0.000000000000000000 ) ) ;
#2843 = VERTEX_POINT ( 'NONE', #6372 ) ;
#2844 = ADVANCED_FACE ( 'NONE', ( #6267, #4794, #3296, #4097, #1112, #6879, #2695 ), #4669, .T. ) ;
#2845 = EDGE_CURVE ( 'NONE', #2736, #3889, #942, .T. ) ;
#2846 = AXIS2_PLACEMENT_3D ( 'NONE', #7066, #5889, #6976 ) ;
#2847 = ORIENTED_EDGE ( 'NONE', *, *, #3613, .T. ) ;
#2848 = DIRECTION ( 'NONE',  ( -0.000000000000000000, -0.000000000000000000, -1.000000000000000000 ) ) ;
#2849 = ORIENTED_EDGE ( 'NONE', *, *, #2938, .T. ) ;
#2850 = CARTESIAN_POINT ( 'NONE',  ( -3.250000000000000000, 12.95128041827298659, -2.399999999999983036 ) ) ;
#2851 = CARTESIAN_POINT ( 'NONE',  ( 3.000000000000000444, 13.95128041827298837, -2.000000000000000000 ) ) ;
#2852 = FACE_OUTER_BOUND ( 'NONE', #4893, .T. ) ;
#2853 = VERTEX_POINT ( 'NONE', #2990 ) ;
#2854 = VERTEX_POINT ( 'NONE', #6907 ) ;
#2855 = EDGE_CURVE ( 'NONE', #5997, #1789, #1929, .T. ) ;
#2856 = ORIENTED_EDGE ( 'NONE', *, *, #4878, .T. ) ;
#2857 = DIRECTION ( 'NONE',  ( 0.000000000000000000, -1.000000000000000000, 0.000000000000000000 ) ) ;
#2858 = DIRECTION ( 'NONE',  ( 0.000000000000000000, -1.000000000000000000, 0.000000000000000000 ) ) ;
#2859 = DIRECTION ( 'NONE',  ( 1.000000000000000000, 0.000000000000000000, 0.000000000000000000 ) ) ;
#2860 = CARTESIAN_POINT ( 'NONE',  ( 2.000000000000000000, 39.75128029631820681, 1.818884925064438551 ) ) ;
#2861 = VECTOR ( 'NONE', #5221, 1000.000000000000000 ) ;
#2862 = EDGE_LOOP ( 'NONE', ( #1745, #64, #5558, #3368 ) ) ;
#2863 = DIRECTION ( 'NONE',  ( -0.000000000000000000, -0.000000000000000000, -1.000000000000000000 ) ) ;
#2864 = VECTOR ( 'NONE', #8, 1000.000000000000000 ) ;
#2865 = DIRECTION ( 'NONE',  ( 0.7071067811865516806, 0.000000000000000000, 0.7071067811865434649 ) ) ;
#2866 = VECTOR ( 'NONE', #729, 1000.000000000000114 ) ;
#2867 = VECTOR ( 'NONE', #6625, 1000.000000000000000 ) ;
#2868 = DIRECTION ( 'NONE',  ( 0.000000000000000000, 1.000000000000000000, -0.000000000000000000 ) ) ;
#2869 = AXIS2_PLACEMENT_3D ( 'NONE', #4158, #1992, #5833 ) ;
#2870 = DIRECTION ( 'NONE',  ( 1.000000000000000000, 0.000000000000000000, 0.000000000000000000 ) ) ;
#2871 = EDGE_CURVE ( 'NONE', #5485, #5701, #7179, .T. ) ;
#2872 = CIRCLE ( 'NONE', #4812, 17.99969003592087091 ) ;
#2873 = CARTESIAN_POINT ( 'NONE',  ( 1.599999999999999423, 42.04417351513166778, 1.950000000000001066 ) ) ;
#2874 = DIRECTION ( 'NONE',  ( -0.000000000000000000, 1.000000000000000000, -0.000000000000000000 ) ) ;
#2875 = CARTESIAN_POINT ( 'NONE',  ( -11.53949928283222981, -15.71147595840156264, -2.399999999999989697 ) ) ;
#2876 = EDGE_CURVE ( 'NONE', #904, #840, #536, .T. ) ;
#2877 = FACE_OUTER_BOUND ( 'NONE', #3924, .T. ) ;
#2878 = DIRECTION ( 'NONE',  ( 1.000000000000000000, 0.000000000000000000, -0.000000000000000000 ) ) ;
#2879 = CARTESIAN_POINT ( 'NONE',  ( -5.652034699307244558, 40.25128029631820681, 4.448075400297424764 ) ) ;
#2880 = ADVANCED_FACE ( 'NONE', ( #3410 ), #5268, .T. ) ;
#2881 = CARTESIAN_POINT ( 'NONE',  ( 2.678424857853964003, 24.20644244652409327, 1.165981786006296872 ) ) ;
#2882 = CARTESIAN_POINT ( 'NONE',  ( 3.000000000000000000, 13.20128041827298659, -2.399999999999983036 ) ) ;
#2883 = CARTESIAN_POINT ( 'NONE',  ( 6.560660171779819194, 40.25128029631820681, -0.4393398282201759208 ) ) ;
#2884 = ORIENTED_EDGE ( 'NONE', *, *, #5136, .F. ) ;
#2885 = FACE_OUTER_BOUND ( 'NONE', #3508, .T. ) ;
#2886 = AXIS2_PLACEMENT_3D ( 'NONE', #380, #2712, #1577 ) ;
#2887 = DIRECTION ( 'NONE',  ( 0.000000000000000000, 0.000000000000000000, 1.000000000000000000 ) ) ;
#2888 = DIRECTION ( 'NONE',  ( 1.734723475976805319E-15, 0.000000000000000000, -1.000000000000000000 ) ) ;
#2889 = DIRECTION ( 'NONE',  ( 1.000000000000000000, 0.000000000000000000, 0.000000000000000000 ) ) ;
#2890 = FACE_BOUND ( 'NONE', #3459, .T. ) ;
#2891 = VECTOR ( 'NONE', #1026, 1000.000000000000000 ) ;
#2892 = CARTESIAN_POINT ( 'NONE',  ( 4.762005586619903141, 30.25169274249646634, 6.500000000000000000 ) ) ;
#2893 = CARTESIAN_POINT ( 'NONE',  ( -3.039685314593002730, 13.05241099014261152, -1.454042842210158781 ) ) ;
#2894 = EDGE_CURVE ( 'NONE', #859, #5399, #6982, .T. ) ;
#2896 = AXIS2_PLACEMENT_3D ( 'NONE', #6302, #4515, #1709 ) ;
#2895 = DIRECTION ( 'NONE',  ( 1.971276677246372012E-16, 0.000000000000000000, 1.000000000000000000 ) ) ;
#2897 = CIRCLE ( 'NONE', #268, 4.249999999999988454 ) ;
#2898 = VERTEX_POINT ( 'NONE', #792 ) ;
#2899 = DIRECTION ( 'NONE',  ( -0.000000000000000000, -0.000000000000000000, 1.000000000000000000 ) ) ;
#2900 = CARTESIAN_POINT ( 'NONE',  ( 6.560660171779819194, 41.75128029631820681, -0.4393398282201760874 ) ) ;
#2901 = EDGE_LOOP ( 'NONE', ( #2765, #3444, #6937, #1988, #6774 ) ) ;
#2902 = CARTESIAN_POINT ( 'NONE',  ( 7.000000000000000000, 42.25128029631820681, 6.000000000000001776 ) ) ;
#2903 = CARTESIAN_POINT ( 'NONE',  ( -0.5000000000000000000, 23.95128041827299015, 0.000000000000000000 ) ) ;
#2904 = DIRECTION ( 'NONE',  ( -0.000000000000000000, 1.000000000000000000, 0.000000000000000000 ) ) ;
#2905 = EDGE_CURVE ( 'NONE', #2313, #6150, #1904, .T. ) ;
#2906 = TOROIDAL_SURFACE ( 'NONE', #3138, 1.000000000000000000, 0.5000000000000000000 ) ;
#2907 = ORIENTED_EDGE ( 'NONE', *, *, #307, .T. ) ;
#2908 = DIRECTION ( 'NONE',  ( -6.207908377626726342E-17, 1.000000000000000000, 0.000000000000000000 ) ) ;
#2909 = DIRECTION ( 'NONE',  ( 0.000000000000000000, -1.734723475976807094E-15, -1.000000000000000000 ) ) ;
#2910 = DIRECTION ( 'NONE',  ( 0.5842645500517748003, 0.000000000000000000, -0.8115632665127204826 ) ) ;
#2911 = ORIENTED_EDGE ( 'NONE', *, *, #906, .F. ) ;
#2912 = ADVANCED_FACE ( 'NONE', ( #166 ), #1811, .T. ) ;
#2913 = EDGE_LOOP ( 'NONE', ( #2743, #6445, #2356, #1477 ) ) ;
#2914 = VECTOR ( 'NONE', #1677, 1000.000000000000000 ) ;
#2915 = AXIS2_PLACEMENT_3D ( 'NONE', #127, #154, #4753 ) ;
#2916 = DIRECTION ( 'NONE',  ( 0.000000000000000000, 0.000000000000000000, 1.000000000000000000 ) ) ;
#2917 = DIRECTION ( 'NONE',  ( -1.000000000000000000, 0.000000000000000000, 0.000000000000000000 ) ) ;
#2918 = CARTESIAN_POINT ( 'NONE',  ( 6.500000000000000888, 42.25128029631820681, -22.79898987322333781 ) ) ;
#2919 = EDGE_CURVE ( 'NONE', #4426, #2027, #3191, .T. ) ;
#2920 = ORIENTED_EDGE ( 'NONE', *, *, #1817, .F. ) ;
#2921 = CARTESIAN_POINT ( 'NONE',  ( 3.000000000000000000, 30.25128029631820326, -2.999999999999999112 ) ) ;
#2922 = ORIENTED_EDGE ( 'NONE', *, *, #442, .F. ) ;
#2923 = ORIENTED_EDGE ( 'NONE', *, *, #7193, .T. ) ;
#2924 = CARTESIAN_POINT ( 'NONE',  ( -25.71750068664550781, 5.391643985941802164, -0.6000000000000033085 ) ) ;
#2925 = CARTESIAN_POINT ( 'NONE',  ( 5.500000000000002665, 30.25128029631820326, 4.999999999999999112 ) ) ;
#2926 = CARTESIAN_POINT ( 'NONE',  ( 0.5000000000000000000, 27.55128041827300578, -3.000000000000000000 ) ) ;
#2927 = VERTEX_POINT ( 'NONE', #3957 ) ;
#2928 = DIRECTION ( 'NONE',  ( 1.000000000000000000, 0.000000000000000000, 0.000000000000000000 ) ) ;
#2930 = AXIS2_PLACEMENT_3D ( 'NONE', #7088, #5934, #5367 ) ;
#2929 = CARTESIAN_POINT ( 'NONE',  ( 2.399999999999999911, 35.25128029631821391, 1.950000000000000400 ) ) ;
#2931 = ORIENTED_EDGE ( 'NONE', *, *, #4463, .T. ) ;
#2932 = CARTESIAN_POINT ( 'NONE',  ( 22.71750068664549005, -15.11147595840164293, 0.000000000000000000 ) ) ;
#2933 = FACE_OUTER_BOUND ( 'NONE', #7227, .T. ) ;
#2934 = VERTEX_POINT ( 'NONE', #1225 ) ;
#2935 = ORIENTED_EDGE ( 'NONE', *, *, #5451, .T. ) ;
#2936 = CARTESIAN_POINT ( 'NONE',  ( 0.000000000000000000, 41.75128029631820681, 6.000000000000000000 ) ) ;
#2937 = VERTEX_POINT ( 'NONE', #1783 ) ;
#2938 = EDGE_CURVE ( 'NONE', #1982, #5995, #1924, .T. ) ;
#2939 = AXIS2_PLACEMENT_3D ( 'NONE', #1460, #2026, #7084 ) ;
#2940 = FACE_OUTER_BOUND ( 'NONE', #3658, .T. ) ;
#2941 = VERTEX_POINT ( 'NONE', #1683 ) ;
#2942 = CONICAL_SURFACE ( 'NONE', #2995, 2.399999999999988809, 0.7853981633974541632 ) ;
#2943 = CARTESIAN_POINT ( 'NONE',  ( -9.000000000000001776, -4.691166140300482290, -0.5999999999999894307 ) ) ;
#2944 = LINE ( 'NONE', #2902, #3386 ) ;
#2945 = CARTESIAN_POINT ( 'NONE',  ( -3.250000000000000444, 13.20128041827298482, -3.000000000000000000 ) ) ;
#2946 = CARTESIAN_POINT ( 'NONE',  ( 23.55049912664548728, -1.528473728810500365, -3.000000000000000000 ) ) ;
#2947 = ORIENTED_EDGE ( 'NONE', *, *, #958, .F. ) ;
#2948 = EDGE_CURVE ( 'NONE', #6866, #1606, #4813, .T. ) ;
#2949 = EDGE_CURVE ( 'NONE', #4399, #6608, #2650, .T. ) ;
#2950 = STYLED_ITEM ( 'NONE', ( #5616 ), #4872 ) ;
#2951 = DIRECTION ( 'NONE',  ( 0.000000000000000000, -0.000000000000000000, -1.000000000000000000 ) ) ;
#2952 = ADVANCED_FACE ( 'NONE', ( #6085 ), #6260, .F. ) ;
#2953 = DIRECTION ( 'NONE',  ( 1.000000000000000000, 0.000000000000000000, 0.000000000000000000 ) ) ;
#2954 = DIRECTION ( 'NONE',  ( 1.000000000000000000, -0.000000000000000000, -0.000000000000000000 ) ) ;
#2955 = VECTOR ( 'NONE', #3951, 1000.000000000000000 ) ;
#2956 = PLANE ( 'NONE',  #3331 ) ;
#2957 = CARTESIAN_POINT ( 'NONE',  ( 3.000000000000000000, 20.95128041827298659, -2.168404344971008868E-16 ) ) ;
#2958 = FACE_OUTER_BOUND ( 'NONE', #4528, .T. ) ;
#2959 = FACE_OUTER_BOUND ( 'NONE', #4454, .T. ) ;
#2960 = CARTESIAN_POINT ( 'NONE',  ( 4.776447391190726144, 40.25128029631820681, 6.500000000000000000 ) ) ;
#2961 = CARTESIAN_POINT ( 'NONE',  ( 3.622919641721424000, -19.48869245233285241, 4.999999999999999112 ) ) ;
#2962 = AXIS2_PLACEMENT_3D ( 'NONE', #3372, #1222, #5155 ) ;
#2963 = LINE ( 'NONE', #2316, #6466 ) ;
#2964 = ORIENTED_EDGE ( 'NONE', *, *, #217, .F. ) ;
#2966 = EDGE_CURVE ( 'NONE', #1217, #3978, #5953, .T. ) ;
#2965 = CARTESIAN_POINT ( 'NONE',  ( 4.439339828220161266, 40.25128029631820681, -2.560660171779824079 ) ) ;
#2967 = EDGE_CURVE ( 'NONE', #5440, #6815, #4313, .T. ) ;
#2968 = CARTESIAN_POINT ( 'NONE',  ( 4.370332818530348717, 30.75128029631820326, 6.228402762220407674 ) ) ;
#2969 = DIRECTION ( 'NONE',  ( -1.000000000000000000, 0.000000000000000000, 0.000000000000000000 ) ) ;
#2970 = DIRECTION ( 'NONE',  ( -1.000000000000000000, -0.000000000000000000, -0.000000000000000000 ) ) ;
#2971 = CYLINDRICAL_SURFACE ( 'NONE', #5204, 1.625000000000001332 ) ;
#2972 = EDGE_LOOP ( 'NONE', ( #1430, #1889, #4279, #1060 ) ) ;
#2973 = DIRECTION ( 'NONE',  ( -0.000000000000000000, -2.891205793294599736E-15, -1.000000000000000000 ) ) ;
#2974 = LINE ( 'NONE', #3345, #6650 ) ;
#2975 = AXIS2_PLACEMENT_3D ( 'NONE', #6825, #136, #3511 ) ;
#2976 = CARTESIAN_POINT ( 'NONE',  ( 15.71750068664550604, 30.25128029631820326, -3.000000000000000000 ) ) ;
#2977 = ORIENTED_EDGE ( 'NONE', *, *, #2269, .F. ) ;
#2978 = CARTESIAN_POINT ( 'NONE',  ( 22.36430442979903077, 12.03844772909534555, -3.000000000000000000 ) ) ;
#2979 = DIRECTION ( 'NONE',  ( -0.7071067811865441310, 0.000000000000000000, -0.7071067811865510144 ) ) ;
#2980 = CARTESIAN_POINT ( 'NONE',  ( -9.000000000000001776, 9.280717547841103254, -0.5999999999999894307 ) ) ;
#2981 = FACE_OUTER_BOUND ( 'NONE', #2157, .T. ) ;
#2982 = EDGE_LOOP ( 'NONE', ( #51, #6773, #2314, #5314 ) ) ;
#2983 = CARTESIAN_POINT ( 'NONE',  ( 3.000000000000000000, 18.95128041827299015, -4.898587196589411843E-16 ) ) ;
#2984 = EDGE_CURVE ( 'NONE', #6399, #1451, #2802, .T. ) ;
#2985 = AXIS2_PLACEMENT_3D ( 'NONE', #204, #6836, #151 ) ;
#2986 = DIRECTION ( 'NONE',  ( -1.000000000000000000, 0.000000000000000000, 0.000000000000000000 ) ) ;
#2987 = CIRCLE ( 'NONE', #1641, 0.2500000000000002220 ) ;
#2988 = CARTESIAN_POINT ( 'NONE',  ( 4.206945495721835293, 40.25128029631820681, -2.750590140485413837 ) ) ;
#2989 = ADVANCED_FACE ( 'NONE', ( #6038 ), #608, .T. ) ;
#2990 = CARTESIAN_POINT ( 'NONE',  ( -3.631946009244122475, 41.75128029631820681, 6.500000000000000000 ) ) ;
#2991 = DIRECTION ( 'NONE',  ( -1.000000000000000000, 0.000000000000000000, 0.000000000000000000 ) ) ;
#2992 = VECTOR ( 'NONE', #3748, 1000.000000000000000 ) ;
#2993 = ORIENTED_EDGE ( 'NONE', *, *, #5548, .T. ) ;
#2994 = EDGE_CURVE ( 'NONE', #5200, #2298, #6128, .T. ) ;
#2995 = AXIS2_PLACEMENT_3D ( 'NONE', #4950, #2143, #1600 ) ;
#2996 = ORIENTED_EDGE ( 'NONE', *, *, #1086, .F. ) ;
#2997 = CARTESIAN_POINT ( 'NONE',  ( -3.000000000000000000, 23.45128041827299015, 0.000000000000000000 ) ) ;
#2998 = CONICAL_SURFACE ( 'NONE', #6798, 1.474258476847184030, 0.7853981633974566057 ) ;
#2999 = ORIENTED_EDGE ( 'NONE', *, *, #3691, .F. ) ;
#3000 = CARTESIAN_POINT ( 'NONE',  ( 0.000000000000000000, 28.75128029631820681, 6.000000000000000000 ) ) ;
#3001 = EDGE_LOOP ( 'NONE', ( #3561, #6890, #4181, #7199 ) ) ;
#3002 = CARTESIAN_POINT ( 'NONE',  ( -2.750000000000000000, 20.95128041827298659, -2.168404344971008868E-16 ) ) ;
#3003 = VERTEX_POINT ( 'NONE', #4586 ) ;
#3004 = FACE_OUTER_BOUND ( 'NONE', #2062, .T. ) ;
#3005 = PLANE ( 'NONE',  #3734 ) ;
#3006 = CARTESIAN_POINT ( 'NONE',  ( -3.000000000000000000, 14.71521244077319501, -2.000000000000000000 ) ) ;
#3007 = EDGE_CURVE ( 'NONE', #1412, #2674, #7098, .T. ) ;
#3008 = VERTEX_POINT ( 'NONE', #631 ) ;
#3009 = VERTEX_POINT ( 'NONE', #3479 ) ;
#3010 = CARTESIAN_POINT ( 'NONE',  ( -3.614007241618347785E-16, 26.23663575733231568, 0.8759541701765514166 ) ) ;
#3011 = ORIENTED_EDGE ( 'NONE', *, *, #4841, .T. ) ;
#3012 = AXIS2_PLACEMENT_3D ( 'NONE', #3277, #4782, #1196 ) ;
#3013 = CARTESIAN_POINT ( 'NONE',  ( -19.70049912664546099, -1.528473728810499477, -3.000000000000000000 ) ) ;
#3014 = CARTESIAN_POINT ( 'NONE',  ( 0.000000000000000000, 30.25128029631820326, 1.670150133734640052 ) ) ;
#3015 = VERTEX_POINT ( 'NONE', #1173 ) ;
#3016 = ORIENTED_EDGE ( 'NONE', *, *, #355, .F. ) ;
#3017 = CARTESIAN_POINT ( 'NONE',  ( -1.600000000000000311, 41.75128029631820681, 3.550000000000000711 ) ) ;
#3018 = EDGE_CURVE ( 'NONE', #664, #6737, #5363, .T. ) ;
#3019 = UNCERTAINTY_MEASURE_WITH_UNIT (LENGTH_MEASURE( 1.000000000000000082E-05 ), #5909, 'distance_accuracy_value', 'NONE');
#3020 = ORIENTED_EDGE ( 'NONE', *, *, #202, .F. ) ;
#3021 = VERTEX_POINT ( 'NONE', #4714 ) ;
#3022 = VERTEX_POINT ( 'NONE', #3006 ) ;
#3023 = CARTESIAN_POINT ( 'NONE',  ( 0.5000000000000000000, 23.95128041827299015, -3.000000000000000000 ) ) ;
#3024 = ADVANCED_FACE ( 'NONE', ( #3958 ), #3425, .T. ) ;
#3025 = CARTESIAN_POINT ( 'NONE',  ( 2.750000000000001332, 25.09754846080631197, 1.038680926823124295 ) ) ;
#3026 = CARTESIAN_POINT ( 'NONE',  ( -0.5000000000000000000, 23.95128041827299015, 0.000000000000000000 ) ) ;
#3027 = DIRECTION ( 'NONE',  ( 0.000000000000000000, 0.000000000000000000, 1.000000000000000000 ) ) ;
#3028 = DIRECTION ( 'NONE',  ( 0.000000000000000000, 0.000000000000000000, -1.000000000000000000 ) ) ;
#3029 = CIRCLE ( 'NONE', #5382, 3.000000000000000000 ) ;
#3030 = VERTEX_POINT ( 'NONE', #6926 ) ;
#3031 = CARTESIAN_POINT ( 'NONE',  ( 9.000000000000001776, -7.691166140300482290, -2.399999999999990585 ) ) ;
#3032 = VERTEX_POINT ( 'NONE', #6336 ) ;
#3033 = CARTESIAN_POINT ( 'NONE',  ( 7.000000000000002665, 30.25128029631820326, 5.000000000000000888 ) ) ;
#3034 = VERTEX_POINT ( 'NONE', #5237 ) ;
#3035 = CIRCLE ( 'NONE', #3219, 0.5000000000000004441 ) ;
#3036 = ORIENTED_EDGE ( 'NONE', *, *, #1172, .F. ) ;
#3037 = ADVANCED_FACE ( 'NONE', ( #6209 ), #1915, .F. ) ;
#3038 = CARTESIAN_POINT ( 'NONE',  ( -1.807106781186547551, 42.25128029631820681, 1.742893218813453160 ) ) ;
#3039 = DIRECTION ( 'NONE',  ( 0.000000000000000000, 0.000000000000000000, 1.000000000000000000 ) ) ;
#3040 = EDGE_CURVE ( 'NONE', #6752, #4971, #1661, .T. ) ;
#3041 = FACE_OUTER_BOUND ( 'NONE', #1175, .T. ) ;
#3042 = VECTOR ( 'NONE', #190, 999.9999999999998863 ) ;
#3043 = DIRECTION ( 'NONE',  ( -1.971276677246372012E-16, 0.000000000000000000, -1.000000000000000000 ) ) ;
#3044 = VECTOR ( 'NONE', #5040, 1000.000000000000000 ) ;
#3045 = CARTESIAN_POINT ( 'NONE',  ( -17.30049912664549083, -4.691166140300481402, -0.5999999999999894307 ) ) ;
#3046 = FACE_OUTER_BOUND ( 'NONE', #4174, .T. ) ;
#3047 = EDGE_CURVE ( 'NONE', #4960, #4255, #6568, .T. ) ;
#3048 = AXIS2_PLACEMENT_3D ( 'NONE', #3190, #5983, #6548 ) ;
#3049 = CARTESIAN_POINT ( 'NONE',  ( -1.600000000000000311, 29.25128029631821036, 1.950000000000000844 ) ) ;
#3050 = CARTESIAN_POINT ( 'NONE',  ( -6.500000000000001776, 41.75128029631820681, -22.79898987322333781 ) ) ;
#3051 = DIRECTION ( 'NONE',  ( -0.6909395858062443718, 0.000000000000000000, -0.7229125042257157352 ) ) ;
#3052 = DIRECTION ( 'NONE',  ( -1.000000000000000000, 0.000000000000000000, 0.000000000000000000 ) ) ;
#3053 = DIRECTION ( 'NONE',  ( 0.000000000000000000, 0.000000000000000000, 1.000000000000000000 ) ) ;
#3054 = FACE_OUTER_BOUND ( 'NONE', #5951, .T. ) ;
#3055 = ORIENTED_EDGE ( 'NONE', *, *, #385, .T. ) ;
#3056 = CARTESIAN_POINT ( 'NONE',  ( -1.600000000000000311, 41.75128029631820681, 1.950000000000000844 ) ) ;
#3057 = AXIS2_PLACEMENT_3D ( 'NONE', #2945, #2973, #6323 ) ;
#3059 = EDGE_CURVE ( 'NONE', #4071, #4098, #5276, .T. ) ;
#3058 = DIRECTION ( 'NONE',  ( -0.000000000000000000, 1.000000000000000000, 0.000000000000000000 ) ) ;
#3060 = VERTEX_POINT ( 'NONE', #2932 ) ;
#3061 = ADVANCED_FACE ( 'NONE', ( #290 ), #903, .F. ) ;
#3062 = TOROIDAL_SURFACE ( 'NONE', #7024, 4.249999999999988454, 0.5000000000000000000 ) ;
#3063 = CARTESIAN_POINT ( 'NONE',  ( 3.519023103854639345, 40.25128029631820681, -3.243283253406247901 ) ) ;
#3064 = VERTEX_POINT ( 'NONE', #2430 ) ;
#3065 = CIRCLE ( 'NONE', #6072, 1.625000000000001332 ) ;
#3066 = DIRECTION ( 'NONE',  ( 0.000000000000000000, 0.000000000000000000, -1.000000000000000000 ) ) ;
#3067 = ADVANCED_FACE ( 'NONE', ( #3699 ), #3877, .T. ) ;
#3068 = VECTOR ( 'NONE', #5515, 1000.000000000000000 ) ;
#3069 = EDGE_LOOP ( 'NONE', ( #149, #6183, #1234, #4104, #577 ) ) ;
#3070 = CARTESIAN_POINT ( 'NONE',  ( 22.71750068664550781, -12.71147595840166034, -3.000000000000000000 ) ) ;
#3071 = CARTESIAN_POINT ( 'NONE',  ( -3.000000000000000000, 20.57961352157209234, -0.2500000000000000000 ) ) ;
#3072 = CARTESIAN_POINT ( 'NONE',  ( -11.53949928283222981, -15.71147595840156264, -0.6000000000000033085 ) ) ;
#3073 = LINE ( 'NONE', #565, #7196 ) ;
#3074 = EDGE_LOOP ( 'NONE', ( #3832, #1769, #6611, #3109 ) ) ;
#3075 = DIRECTION ( 'NONE',  ( -0.000000000000000000, -0.000000000000000000, -1.000000000000000000 ) ) ;
#3076 = EDGE_CURVE ( 'NONE', #6077, #7041, #2374, .T. ) ;
#3077 = VERTEX_POINT ( 'NONE', #4070 ) ;
#3078 = ORIENTED_EDGE ( 'NONE', *, *, #4427, .F. ) ;
#3079 = AXIS2_PLACEMENT_3D ( 'NONE', #3094, #916, #2591 ) ;
#3080 = DIRECTION ( 'NONE',  ( 0.4999999999999962252, -0.4999999999999982792, -0.7071067811865513475 ) ) ;
#3081 = DIRECTION ( 'NONE',  ( 0.4999999999999978906, 0.4999999999999992784, 0.7071067811865496822 ) ) ;
#3082 = CONICAL_SURFACE ( 'NONE', #1725, 10.60000000000000853, 0.7853981633974541632 ) ;
#3083 = CARTESIAN_POINT ( 'NONE',  ( -4.439339828220161266, 40.25128029631820681, -2.560660171779823635 ) ) ;
#3084 = VERTEX_POINT ( 'NONE', #806 ) ;
#3085 = ORIENTED_EDGE ( 'NONE', *, *, #2402, .F. ) ;
#3086 = VERTEX_POINT ( 'NONE', #3033 ) ;
#3087 = DIRECTION ( 'NONE',  ( -0.000000000000000000, -0.000000000000000000, -1.000000000000000000 ) ) ;
#3088 = EDGE_CURVE ( 'NONE', #4465, #4758, #4132, .T. ) ;
#3089 = CIRCLE ( 'NONE', #4946, 2.999999999999999112 ) ;
#3090 = AXIS2_PLACEMENT_3D ( 'NONE', #4003, #5699, #634 ) ;
#3091 = ORIENTED_EDGE ( 'NONE', *, *, #1416, .F. ) ;
#3092 = ORIENTED_EDGE ( 'NONE', *, *, #2659, .T. ) ;
#3093 = FACE_OUTER_BOUND ( 'NONE', #1296, .T. ) ;
#3094 = CARTESIAN_POINT ( 'NONE',  ( -15.71750068664550604, 5.391643985941802164, 0.000000000000000000 ) ) ;
#3095 = DIRECTION ( 'NONE',  ( -1.000000000000000000, -0.000000000000000000, 0.000000000000000000 ) ) ;
#3096 = ORIENTED_EDGE ( 'NONE', *, *, #1629, .T. ) ;
#3097 = DIRECTION ( 'NONE',  ( -0.000000000000000000, -2.891205793294595792E-15, -1.000000000000000000 ) ) ;
#3098 = ORIENTED_EDGE ( 'NONE', *, *, #6977, .T. ) ;
#3099 = ORIENTED_EDGE ( 'NONE', *, *, #2296, .T. ) ;
#3100 = EDGE_CURVE ( 'NONE', #5705, #5028, #4659, .T. ) ;
#3101 = EDGE_CURVE ( 'NONE', #1980, #3535, #3333, .T. ) ;
#3102 = ORIENTED_EDGE ( 'NONE', *, *, #6007, .F. ) ;
#3103 = ADVANCED_FACE ( 'NONE', ( #6654 ), #2197, .F. ) ;
#3104 = DIRECTION ( 'NONE',  ( -0.7071067811865495711, 0.000000000000000000, 0.7071067811865454633 ) ) ;
#3105 = VERTEX_POINT ( 'NONE', #4686 ) ;
#3106 = CARTESIAN_POINT ( 'NONE',  ( -9.000000000000001776, -7.691166140300482290, -2.400000000000003908 ) ) ;
#3107 = LINE ( 'NONE', #4534, #1891 ) ;
#3108 = ORIENTED_EDGE ( 'NONE', *, *, #2459, .F. ) ;
#3109 = ORIENTED_EDGE ( 'NONE', *, *, #5764, .T. ) ;
#3110 = CARTESIAN_POINT ( 'NONE',  ( -10.45977694124988666, -15.36032446427473808, 0.000000000000000000 ) ) ;
#3111 = EDGE_CURVE ( 'NONE', #86, #698, #3789, .T. ) ;
#3112 = ORIENTED_EDGE ( 'NONE', *, *, #920, .T. ) ;
#3113 = VECTOR ( 'NONE', #3895, 1000.000000000000000 ) ;
#3114 = EDGE_LOOP ( 'NONE', ( #4700, #853, #67, #6683 ) ) ;
#3115 = DIRECTION ( 'NONE',  ( -0.7071067811865459074, -1.314251500014317415E-16, 0.7071067811865491270 ) ) ;
#3116 = CARTESIAN_POINT ( 'NONE',  ( -9.200944287194110061, 25.20180787170023606, 0.000000000000000000 ) ) ;
#3117 = DIRECTION ( 'NONE',  ( -0.8115632665127211487, 0.000000000000000000, -0.5842645500517742452 ) ) ;
#3119 = AXIS2_PLACEMENT_3D ( 'NONE', #5344, #5860, #848 ) ;
#3118 = DIRECTION ( 'NONE',  ( -0.000000000000000000, 0.000000000000000000, 1.000000000000000000 ) ) ;
#3120 = VECTOR ( 'NONE', #1417, 1000.000000000000000 ) ;
#3121 = ORIENTED_EDGE ( 'NONE', *, *, #2949, .T. ) ;
#3122 = DIRECTION ( 'NONE',  ( 0.000000000000000000, -0.1414213562373062283, -0.9899494936611670237 ) ) ;
#3123 = FACE_OUTER_BOUND ( 'NONE', #5214, .T. ) ;
#3124 = DIRECTION ( 'NONE',  ( -1.000000000000000000, 0.000000000000000000, 0.000000000000000000 ) ) ;
#3125 = DIRECTION ( 'NONE',  ( -0.7071067811865466846, 0.7071067811865484609, 0.000000000000000000 ) ) ;
#3126 = CIRCLE ( 'NONE', #575, 2.999999999999999112 ) ;
#3127 = DIRECTION ( 'NONE',  ( 0.7071067811865459074, -1.314251500014317415E-16, 0.7071067811865491270 ) ) ;
#3128 = EDGE_CURVE ( 'NONE', #2828, #5995, #2640, .T. ) ;
#3129 = ORIENTED_EDGE ( 'NONE', *, *, #1381, .F. ) ;
#3130 = CONICAL_SURFACE ( 'NONE', #5591, 3.599999999999995648, 0.7853981633974482790 ) ;
#3131 = DIRECTION ( 'NONE',  ( -0.000000000000000000, -0.000000000000000000, -1.000000000000000000 ) ) ;
#3132 = CARTESIAN_POINT ( 'NONE',  ( -3.500000000000000000, 13.20128041827299015, -2.290057105453108007E-14 ) ) ;
#3133 = LINE ( 'NONE', #6563, #85 ) ;
#3134 = ORIENTED_EDGE ( 'NONE', *, *, #87, .T. ) ;
#3135 = VECTOR ( 'NONE', #461, 1000.000000000000114 ) ;
#3136 = ORIENTED_EDGE ( 'NONE', *, *, #3018, .T. ) ;
#3137 = ADVANCED_FACE ( 'NONE', ( #6922 ), #6624, .T. ) ;
#3138 = AXIS2_PLACEMENT_3D ( 'NONE', #7053, #5881, #4793 ) ;
#3139 = LINE ( 'NONE', #2850, #371 ) ;
#3140 = ORIENTED_EDGE ( 'NONE', *, *, #518, .F. ) ;
#3141 = DIRECTION ( 'NONE',  ( -0.000000000000000000, -0.000000000000000000, -1.000000000000000000 ) ) ;
#3142 = CARTESIAN_POINT ( 'NONE',  ( 5.500000000000007105, 1.022247762629191163E-15, 4.999999999999999112 ) ) ;
#3143 = EDGE_CURVE ( 'NONE', #591, #688, #5091, .T. ) ;
#3144 = DIRECTION ( 'NONE',  ( -1.000000000000000000, 0.000000000000000000, 0.000000000000000000 ) ) ;
#3145 = CIRCLE ( 'NONE', #5807, 0.9999999999999991118 ) ;
#3146 = ORIENTED_EDGE ( 'NONE', *, *, #280, .T. ) ;
#3147 = B_SPLINE_CURVE_WITH_KNOTS ( 'NONE', 3,
 ( #244, #4230, #6420, #6931 ),
 .UNSPECIFIED., .F., .F.,
 ( 4, 4 ),
 ( 0.000000000000000000, 0.001571301155114059175 ),
 .UNSPECIFIED. ) ;
#3148 = DIRECTION ( 'NONE',  ( 0.7071067811865467956, 0.000000000000000000, -0.7071067811865484609 ) ) ;
#3149 = VECTOR ( 'NONE', #1111, 1000.000000000000000 ) ;
#3150 = CARTESIAN_POINT ( 'NONE',  ( 11.53949928283222270, -15.71147595840166566, -0.6000000000000033085 ) ) ;
#3151 = ORIENTED_EDGE ( 'NONE', *, *, #5964, .T. ) ;
#3152 = CARTESIAN_POINT ( 'NONE',  ( -7.000000000000000000, 42.25128029631820681, -22.79898987322333781 ) ) ;
#3153 = EDGE_CURVE ( 'NONE', #2828, #1800, #5443, .T. ) ;
#3154 = VERTEX_POINT ( 'NONE', #5195 ) ;
#3155 = DIRECTION ( 'NONE',  ( -0.8129787582449288230, -0.006320031125135225358, -0.5822590453132617805 ) ) ;
#3156 = CIRCLE ( 'NONE', #4514, 2.399999999999999911 ) ;
#3157 = ORIENTED_EDGE ( 'NONE', *, *, #6089, .F. ) ;
#3158 = CARTESIAN_POINT ( 'NONE',  ( -7.000000000000002665, 30.25128029631820326, -0.6000000000000033085 ) ) ;
#3159 = VECTOR ( 'NONE', #6325, 1000.000000000000000 ) ;
#3160 = CARTESIAN_POINT ( 'NONE',  ( -11.55106423286567363, -15.31148179571996337, -0.2000058373183066507 ) ) ;
#3161 = ORIENTED_EDGE ( 'NONE', *, *, #4234, .F. ) ;
#3162 = DIRECTION ( 'NONE',  ( 0.5842645500517748003, -0.000000000000000000, 0.8115632665127204826 ) ) ;
#3163 = DIRECTION ( 'NONE',  ( 0.000000000000000000, 1.000000000000000000, -0.000000000000000000 ) ) ;
#3164 = CARTESIAN_POINT ( 'NONE',  ( -11.44991134358651408, -17.18300987160148807, 0.000000000000000000 ) ) ;
#3165 = FACE_OUTER_BOUND ( 'NONE', #4806, .T. ) ;
#3166 = CARTESIAN_POINT ( 'NONE',  ( -6.207106781186545241, 41.75128029631820681, -0.08578643762690137120 ) ) ;
#3167 = CONICAL_SURFACE ( 'NONE', #3723, 2.399999999999999911, 0.7853981633974514986 ) ;
#3168 = ORIENTED_EDGE ( 'NONE', *, *, #4840, .F. ) ;
#3169 = ORIENTED_EDGE ( 'NONE', *, *, #931, .F. ) ;
#3170 = EDGE_CURVE ( 'NONE', #6150, #6639, #19, .T. ) ;
#3171 = AXIS2_PLACEMENT_3D ( 'NONE', #2540, #4750, #7008 ) ;
#3172 = ADVANCED_FACE ( 'NONE', ( #5607 ), #2109, .F. ) ;
#3173 = CARTESIAN_POINT ( 'NONE',  ( -9.625208355906044844, 25.62607194041217085, -2.399999999999988809 ) ) ;
#3174 = ORIENTED_EDGE ( 'NONE', *, *, #6376, .T. ) ;
#3175 = CARTESIAN_POINT ( 'NONE',  ( -17.30049912664548728, 3.980218421195628409, -0.5999999999999894307 ) ) ;
#3176 = VECTOR ( 'NONE', #3398, 1000.000000000000227 ) ;
#3177 = DIRECTION ( 'NONE',  ( 0.000000000000000000, 0.000000000000000000, -1.000000000000000000 ) ) ;
#3178 = DIRECTION ( 'NONE',  ( 0.000000000000000000, 0.000000000000000000, 1.000000000000000000 ) ) ;
#3179 = ORIENTED_EDGE ( 'NONE', *, *, #5786, .F. ) ;
#3180 = CARTESIAN_POINT ( 'NONE',  ( 15.71750068664550604, 41.75128029631820681, -3.000000000000000000 ) ) ;
#3181 = EDGE_LOOP ( 'NONE', ( #2839, #3567, #2232, #3724 ) ) ;
#3182 = CARTESIAN_POINT ( 'NONE',  ( 3.622919641721424000, 42.25128029631820681, 4.999999999999999112 ) ) ;
#3183 = EDGE_CURVE ( 'NONE', #3032, #4488, #812, .T. ) ;
#3184 = CARTESIAN_POINT ( 'NONE',  ( -14.30049912664548728, -4.691166140300482290, -3.000000000000000000 ) ) ;
#3185 = VERTEX_POINT ( 'NONE', #4029 ) ;
#3186 = VERTEX_POINT ( 'NONE', #6830 ) ;
#3187 = CARTESIAN_POINT ( 'NONE',  ( 17.90049912664548515, -4.691166140300482290, 0.000000000000000000 ) ) ;
#3188 = CARTESIAN_POINT ( 'NONE',  ( 7.000000000000000000, 40.25128029631820681, 1.818884925064438551 ) ) ;
#3189 = CARTESIAN_POINT ( 'NONE',  ( 19.70049912664546099, -1.528473728810500365, -3.000000000000000000 ) ) ;
#3190 = CARTESIAN_POINT ( 'NONE',  ( 3.558769552017628346, 30.25128029631820326, 5.644138212168633650 ) ) ;
#3191 = LINE ( 'NONE', #5647, #2549 ) ;
#3192 = VERTEX_POINT ( 'NONE', #2618 ) ;
#3193 = EDGE_LOOP ( 'NONE', ( #427, #5716, #6477, #2684 ) ) ;
#3194 = AXIS2_PLACEMENT_3D ( 'NONE', #3477, #2863, #582 ) ;
#3195 = DIRECTION ( 'NONE',  ( -1.000000000000000000, 0.000000000000000000, 0.000000000000000000 ) ) ;
#3196 = EDGE_LOOP ( 'NONE', ( #6472, #3480, #817, #1707 ) ) ;
#3197 = EDGE_CURVE ( 'NONE', #2937, #6177, #5932, .T. ) ;
#3198 = FACE_OUTER_BOUND ( 'NONE', #1875, .T. ) ;
#3199 = EDGE_LOOP ( 'NONE', ( #4508, #837, #5092, #1188 ) ) ;
#3200 = CARTESIAN_POINT ( 'NONE',  ( -0.004513183761349496073, 28.75128029631821036, 8.795290647185000310 ) ) ;
#3201 = ORIENTED_EDGE ( 'NONE', *, *, #1258, .F. ) ;
#3202 = DIRECTION ( 'NONE',  ( -1.000000000000000000, -1.176675259610273769E-14, 0.000000000000000000 ) ) ;
#3203 = ORIENTED_EDGE ( 'NONE', *, *, #5358, .F. ) ;
#3204 = LINE ( 'NONE', #4874, #6006 ) ;
#3205 = ORIENTED_EDGE ( 'NONE', *, *, #5507, .F. ) ;
#3206 = FACE_OUTER_BOUND ( 'NONE', #4088, .T. ) ;
#3207 = LINE ( 'NONE', #5663, #2769 ) ;
#3208 = ADVANCED_FACE ( 'NONE', ( #2981 ), #1933, .F. ) ;
#3209 = FACE_OUTER_BOUND ( 'NONE', #5888, .T. ) ;
#3210 = ORIENTED_EDGE ( 'NONE', *, *, #1018, .T. ) ;
#3211 = CARTESIAN_POINT ( 'NONE',  ( 5.500000000000002665, 28.25128029631820681, 4.999999999999999112 ) ) ;
#3212 = DIRECTION ( 'NONE',  ( -0.7071067811865483499, 0.7071067811865465735, 0.000000000000000000 ) ) ;
#3213 = DIRECTION ( 'NONE',  ( 1.000000000000000000, 0.000000000000000000, 0.000000000000000000 ) ) ;
#3214 = LINE ( 'NONE', #3896, #531 ) ;
#3215 = DIRECTION ( 'NONE',  ( -0.7071067811865485719, 0.7071067811865465735, 0.000000000000000000 ) ) ;
#3216 = EDGE_CURVE ( 'NONE', #6860, #2830, #4925, .T. ) ;
#3217 = CYLINDRICAL_SURFACE ( 'NONE', #2083, 1.474258476847184030 ) ;
#3219 = AXIS2_PLACEMENT_3D ( 'NONE', #5760, #2309, #4079 ) ;
#3218 = DIRECTION ( 'NONE',  ( 0.000000000000000000, 0.000000000000000000, -1.000000000000000000 ) ) ;
#3220 = CIRCLE ( 'NONE', #2522, 3.599999999999995648 ) ;
#3221 = ORIENTED_EDGE ( 'NONE', *, *, #1354, .T. ) ;
#3222 = CARTESIAN_POINT ( 'NONE',  ( -4.911353370940068963, 30.75128029631820326, -2.246090050198743970 ) ) ;
#3223 = DIRECTION ( 'NONE',  ( 0.7071067811865483499, 0.7071067811865465735, 0.000000000000000000 ) ) ;
#3224 = CARTESIAN_POINT ( 'NONE',  ( 0.5000000000000000000, 26.95128041827299015, 0.000000000000000000 ) ) ;
#3225 = VECTOR ( 'NONE', #1127, 1000.000000000000000 ) ;
#3226 = EDGE_LOOP ( 'NONE', ( #72, #4358, #3733, #6728 ) ) ;
#3227 = EDGE_CURVE ( 'NONE', #1899, #4880, #5330, .T. ) ;
#3228 = VECTOR ( 'NONE', #7167, 1000.000000000000000 ) ;
#3229 = CARTESIAN_POINT ( 'NONE',  ( 5.500000000000000000, 41.75128029631820681, 4.999999999999999112 ) ) ;
#3230 = ORIENTED_EDGE ( 'NONE', *, *, #5227, .F. ) ;
#3231 = ORIENTED_EDGE ( 'NONE', *, *, #583, .T. ) ;
#3232 = DIRECTION ( 'NONE',  ( 0.000000000000000000, 0.000000000000000000, -1.000000000000000000 ) ) ;
#3233 = CIRCLE ( 'NONE', #49, 10.60000000000000497 ) ;
#3234 = AXIS2_PLACEMENT_3D ( 'NONE', #5897, #325, #2555 ) ;
#3235 = DIRECTION ( 'NONE',  ( -0.7071067811865474617, 0.000000000000000000, -0.7071067811865474617 ) ) ;
#3236 = PLANE ( 'NONE',  #1671 ) ;
#3237 = ORIENTED_EDGE ( 'NONE', *, *, #4502, .T. ) ;
#3238 = PLANE ( 'NONE',  #5494 ) ;
#3239 = DIRECTION ( 'NONE',  ( -0.7071067811865485719, -0.7071067811865465735, 0.000000000000000000 ) ) ;
#3240 = EDGE_CURVE ( 'NONE', #2322, #2748, #730, .T. ) ;
#3241 = EDGE_CURVE ( 'NONE', #5784, #7075, #6489, .T. ) ;
#3242 = CIRCLE ( 'NONE', #4069, 0.5000000000000004441 ) ;
#3243 = DIRECTION ( 'NONE',  ( 0.000000000000000000, -1.000000000000000000, 0.000000000000000000 ) ) ;
#3244 = VECTOR ( 'NONE', #391, 1000.000000000000000 ) ;
#3245 = CARTESIAN_POINT ( 'NONE',  ( 16.84887153654398162, 6.523014835840277748, -3.000000000000000000 ) ) ;
#3246 = CARTESIAN_POINT ( 'NONE',  ( 22.71750068664550781, -12.71147595840166034, 0.000000000000000000 ) ) ;
#3247 = ORIENTED_EDGE ( 'NONE', *, *, #4153, .T. ) ;
#3248 = ADVANCED_FACE ( 'NONE', ( #467 ), #632, .T. ) ;
#3249 = DIRECTION ( 'NONE',  ( 0.000000000000000000, 0.000000000000000000, -1.000000000000000000 ) ) ;
#3250 = DIRECTION ( 'NONE',  ( 0.000000000000000000, 0.000000000000000000, 1.000000000000000000 ) ) ;
#3251 = CARTESIAN_POINT ( 'NONE',  ( 14.30049912664548728, -7.691166140300482290, -2.399999999999990585 ) ) ;
#3252 = LINE ( 'NONE', #3935, #2726 ) ;
#3253 = EDGE_CURVE ( 'NONE', #4971, #1824, #3233, .T. ) ;
#3254 = EDGE_LOOP ( 'NONE', ( #1905, #7121, #6726, #2849 ) ) ;
#3255 = ORIENTED_EDGE ( 'NONE', *, *, #5262, .F. ) ;
#3256 = CARTESIAN_POINT ( 'NONE',  ( 9.000000000000001776, 9.280717547841103254, -3.000000000000000000 ) ) ;
#3257 = LINE ( 'NONE', #1870, #7200 ) ;
#3258 = ORIENTED_EDGE ( 'NONE', *, *, #2342, .F. ) ;
#3259 = ORIENTED_EDGE ( 'NONE', *, *, #248, .F. ) ;
#3260 = PLANE ( 'NONE',  #7033 ) ;
#3261 = AXIS2_PLACEMENT_3D ( 'NONE', #1572, #5973, #4866 ) ;
#3262 = CARTESIAN_POINT ( 'NONE',  ( -6.382316136741051693, 30.25128029631820326, -3.000000000000000000 ) ) ;
#3263 = CARTESIAN_POINT ( 'NONE',  ( 11.54558148745630497, -15.51148350135503051, -0.4000075429533709315 ) ) ;
#3264 = CARTESIAN_POINT ( 'NONE',  ( -4.110931225620106488, 30.60392057553161038, 6.500000000000000888 ) ) ;
#3265 = VECTOR ( 'NONE', #6535, 1000.000000000000000 ) ;
#3266 = ORIENTED_EDGE ( 'NONE', *, *, #2894, .T. ) ;
#3267 = CARTESIAN_POINT ( 'NONE',  ( 2.099999999999999645, 42.25128029631820681, 3.550000000000000711 ) ) ;
#3268 = ORIENTED_EDGE ( 'NONE', *, *, #5764, .F. ) ;
#3269 = DIRECTION ( 'NONE',  ( 0.7071067811865483499, -0.7071067811865465735, 0.000000000000000000 ) ) ;
#3270 = EDGE_CURVE ( 'NONE', #7221, #4071, #4833, .T. ) ;
#3271 = AXIS2_PLACEMENT_3D ( 'NONE', #2536, #5096, #311 ) ;
#3272 = VERTEX_POINT ( 'NONE', #2086 ) ;
#3273 = DIRECTION ( 'NONE',  ( -0.5000000000000005551, -0.5000000000000025535, 0.7071067811865454633 ) ) ;
#3274 = DIRECTION ( 'NONE',  ( 1.000000000000000000, 0.000000000000000000, 0.000000000000000000 ) ) ;
#3275 = CARTESIAN_POINT ( 'NONE',  ( 5.400000000000005684, 9.280717547841103254, 0.000000000000000000 ) ) ;
#3276 = EDGE_LOOP ( 'NONE', ( #2046, #3203, #6708, #387 ) ) ;
#3277 = CARTESIAN_POINT ( 'NONE',  ( -4.776114451786709125, 30.75128029631820326, 6.520535037246294685 ) ) ;
#3278 = ORIENTED_EDGE ( 'NONE', *, *, #959, .F. ) ;
#3279 = CIRCLE ( 'NONE', #2212, 1.625000000000001332 ) ;
#3280 = ORIENTED_EDGE ( 'NONE', *, *, #3547, .T. ) ;
#3281 = EDGE_CURVE ( 'NONE', #7102, #5540, #1493, .T. ) ;
#3282 = ORIENTED_EDGE ( 'NONE', *, *, #494, .T. ) ;
#3283 = AXIS2_PLACEMENT_3D ( 'NONE', #3687, #1471, #5376 ) ;
#3285 = EDGE_CURVE ( 'NONE', #3747, #4098, #379, .T. ) ;
#3284 = DIRECTION ( 'NONE',  ( 0.7071067811865475727, 0.000000000000000000, 0.7071067811865475727 ) ) ;
#3286 = CYLINDRICAL_SURFACE ( 'NONE', #5844, 1.499999999999999556 ) ;
#3287 = ORIENTED_EDGE ( 'NONE', *, *, #3216, .F. ) ;
#3288 = ADVANCED_FACE ( 'NONE', ( #3414, #5782 ), #4400, .T. ) ;
#3289 = ORIENTED_EDGE ( 'NONE', *, *, #3438, .F. ) ;
#3290 = DIRECTION ( 'NONE',  ( -0.000000000000000000, -0.000000000000000000, 1.000000000000000000 ) ) ;
#3291 = CARTESIAN_POINT ( 'NONE',  ( -4.263233375270353953, 30.43601725831827309, 6.500000000000000000 ) ) ;
#3292 = ORIENTED_EDGE ( 'NONE', *, *, #681, .T. ) ;
#3293 = CARTESIAN_POINT ( 'NONE',  ( 7.000000000000000000, 42.25128029631820681, 5.000000000000000888 ) ) ;
#3294 = DIRECTION ( 'NONE',  ( -1.000000000000000000, 0.000000000000000000, 0.000000000000000000 ) ) ;
#3295 = CARTESIAN_POINT ( 'NONE',  ( 3.000000000000000000, 18.45128041827299015, -0.2500000000000003886 ) ) ;
#3296 = FACE_BOUND ( 'NONE', #511, .T. ) ;
#3297 = VERTEX_POINT ( 'NONE', #7194 ) ;
#3298 = AXIS2_PLACEMENT_3D ( 'NONE', #6112, #3327, #559 ) ;
#3299 = LINE ( 'NONE', #2303, #1289 ) ;
#3300 = EDGE_CURVE ( 'NONE', #7075, #5399, #6308, .T. ) ;
#3301 = EDGE_LOOP ( 'NONE', ( #4984, #3621, #7122, #4309 ) ) ;
#3302 = LINE ( 'NONE', #6408, #4626 ) ;
#3303 = CARTESIAN_POINT ( 'NONE',  ( 7.000000000000002665, 30.25128029631820326, 1.818884925064438551 ) ) ;
#3304 = DIRECTION ( 'NONE',  ( 1.000000000000000000, 0.000000000000000000, 0.000000000000000000 ) ) ;
#3305 = CARTESIAN_POINT ( 'NONE',  ( 14.30049912664548728, -4.691166140300482290, -3.000000000000000000 ) ) ;
#3306 = LINE ( 'NONE', #2617, #3847 ) ;
#3307 = EDGE_LOOP ( 'NONE', ( #6162, #2041, #5945, #3866 ) ) ;
#3308 = CIRCLE ( 'NONE', #6059, 1.474258476847184030 ) ;
#3309 = CARTESIAN_POINT ( 'NONE',  ( 4.100000000000016520, 23.95128041827299015, -3.000000000000000000 ) ) ;
#3310 = AXIS2_PLACEMENT_3D ( 'NONE', #3827, #7168, #5016 ) ;
#3311 = VECTOR ( 'NONE', #4216, 1000.000000000000000 ) ;
#3312 = ORIENTED_EDGE ( 'NONE', *, *, #5312, .T. ) ;
#3313 = DIRECTION ( 'NONE',  ( -1.000000000000000000, 0.000000000000000000, 0.000000000000000000 ) ) ;
#3314 = LINE ( 'NONE', #2851, #2438 ) ;
#3315 = CARTESIAN_POINT ( 'NONE',  ( -5.400000000000005684, 9.280717547841103254, -3.000000000000000000 ) ) ;
#3316 = LINE ( 'NONE', #1908, #1402 ) ;
#3317 = DIRECTION ( 'NONE',  ( 1.000000000000000000, 0.000000000000000000, 0.000000000000000000 ) ) ;
#3318 = CARTESIAN_POINT ( 'NONE',  ( -0.04437249225549069753, -1.489057109605489870, 0.000000000000000000 ) ) ;
#3319 = CARTESIAN_POINT ( 'NONE',  ( 4.346951170435707112, 40.25128029631820681, -2.647426618443047275 ) ) ;
#3320 = EDGE_CURVE ( 'NONE', #4758, #6120, #5603, .T. ) ;
#3321 = DIRECTION ( 'NONE',  ( 0.000000000000000000, 1.000000000000000000, -3.061276722311956186E-15 ) ) ;
#3322 = CYLINDRICAL_SURFACE ( 'NONE', #1662, 0.5000000000000000000 ) ;
#3323 = EDGE_LOOP ( 'NONE', ( #4497, #7061, #5680, #3646 ) ) ;
#3324 = ADVANCED_FACE ( 'NONE', ( #1326 ), #6734, .F. ) ;
#3325 = CARTESIAN_POINT ( 'NONE',  ( -0.004513183761349496073, 28.75128029631821036, 8.795290647185000310 ) ) ;
#3326 = CARTESIAN_POINT ( 'NONE',  ( 9.000000000000001776, -4.691166140300482290, -0.5999999999999963141 ) ) ;
#3327 = DIRECTION ( 'NONE',  ( 0.7071067811865434649, 0.000000000000000000, 0.7071067811865515695 ) ) ;
#3328 = DIRECTION ( 'NONE',  ( 0.000000000000000000, -1.000000000000000000, 0.000000000000000000 ) ) ;
#3329 = EDGE_CURVE ( 'NONE', #157, #7150, #5522, .T. ) ;
#3330 = EDGE_CURVE ( 'NONE', #3903, #5487, #3868, .T. ) ;
#3331 = AXIS2_PLACEMENT_3D ( 'NONE', #6356, #207, #6894 ) ;
#3332 = EDGE_LOOP ( 'NONE', ( #4434, #933, #3633, #6871 ) ) ;
#3333 = LINE ( 'NONE', #3611, #2461 ) ;
#3334 = VERTEX_POINT ( 'NONE', #7175 ) ;
#3335 =( BOUNDED_CURVE ( )  B_SPLINE_CURVE ( 3, ( #1604, #3804, #4974, #5527 ),
 .UNSPECIFIED., .F., .F. ) 
 B_SPLINE_CURVE_WITH_KNOTS ( ( 4, 4 ),
 ( 3.605240262590606815, 4.712388980384689674 ),
 .UNSPECIFIED. ) 
 CURVE ( )  GEOMETRIC_REPRESENTATION_ITEM ( )  RATIONAL_B_SPLINE_CURVE ( ( 1.000000000000000000, 0.9004338722346947321, 0.9004338722346947321, 1.000000000000000000 ) ) 
 REPRESENTATION_ITEM ( '' )  );
#3336 = CARTESIAN_POINT ( 'NONE',  ( 6.500000000000003553, 28.25128029631820681, -22.79898987322333781 ) ) ;
#3337 = FACE_OUTER_BOUND ( 'NONE', #409, .T. ) ;
#3338 = AXIS2_PLACEMENT_3D ( 'NONE', #4176, #2547, #1420 ) ;
#3339 = ORIENTED_EDGE ( 'NONE', *, *, #4592, .T. ) ;
#3340 = CARTESIAN_POINT ( 'NONE',  ( 4.751616328642687570, 39.77052349713434864, -1.745484502605729737 ) ) ;
#3341 = EDGE_CURVE ( 'NONE', #2218, #2579, #2453, .T. ) ;
#3342 = EDGE_CURVE ( 'NONE', #3021, #6297, #5272, .T. ) ;
#3343 = ORIENTED_EDGE ( 'NONE', *, *, #538, .T. ) ;
#3344 = ORIENTED_EDGE ( 'NONE', *, *, #2333, .T. ) ;
#3345 = CARTESIAN_POINT ( 'NONE',  ( 3.000000000000000000, 18.95128041827299015, -0.2500000000000004996 ) ) ;
#3346 = CYLINDRICAL_SURFACE ( 'NONE', #4359, 2.999999999999999112 ) ;
#3347 = DIRECTION ( 'NONE',  ( -1.000000000000000000, 0.000000000000000000, 0.000000000000000000 ) ) ;
#3348 = AXIS2_PLACEMENT_3D ( 'NONE', #3326, #3976, #2859 ) ;
#3349 = CIRCLE ( 'NONE', #3820, 5.000000000000000888 ) ;
#3350 = ORIENTED_EDGE ( 'NONE', *, *, #1444, .T. ) ;
#3351 = ORIENTED_EDGE ( 'NONE', *, *, #4089, .F. ) ;
#3352 = VERTEX_POINT ( 'NONE', #3303 ) ;
#3353 = CIRCLE ( 'NONE', #2962, 1.000000000000000000 ) ;
#3354 = CARTESIAN_POINT ( 'NONE',  ( 4.100000000000017408, 13.20128041827298659, -3.000000000000000000 ) ) ;
#3355 = ORIENTED_EDGE ( 'NONE', *, *, #5984, .F. ) ;
#3356 = ADVANCED_FACE ( 'NONE', ( #2885 ), #1576, .F. ) ;
#3357 = EDGE_CURVE ( 'NONE', #4766, #6667, #2794, .T. ) ;
#3358 = AXIS2_PLACEMENT_3D ( 'NONE', #4601, #1801, #5230 ) ;
#3359 = ORIENTED_EDGE ( 'NONE', *, *, #2312, .T. ) ;
#3360 = DIRECTION ( 'NONE',  ( 0.000000000000000000, 0.000000000000000000, 1.000000000000000000 ) ) ;
#3361 = CARTESIAN_POINT ( 'NONE',  ( 9.625208355906046620, 25.62607194041217085, -2.399999999999989253 ) ) ;
#3362 = ORIENTED_EDGE ( 'NONE', *, *, #3853, .F. ) ;
#3363 = EDGE_LOOP ( 'NONE', ( #5297, #42, #1160, #1351 ) ) ;
#3364 = EDGE_CURVE ( 'NONE', #6077, #3786, #4310, .T. ) ;
#3365 = AXIS2_PLACEMENT_3D ( 'NONE', #4613, #5181, #4640 ) ;
#3366 = DIRECTION ( 'NONE',  ( 1.000000000000000000, 0.000000000000000000, 0.000000000000000000 ) ) ;
#3367 = FACE_OUTER_BOUND ( 'NONE', #6613, .T. ) ;
#3368 = ORIENTED_EDGE ( 'NONE', *, *, #3488, .F. ) ;
#3369 = DIRECTION ( 'NONE',  ( 0.000000000000000000, -1.000000000000000000, -1.365091425809202473E-16 ) ) ;
#3370 = VERTEX_POINT ( 'NONE', #5099 ) ;
#3371 = DIRECTION ( 'NONE',  ( -0.000000000000000000, -1.000000000000000000, 0.000000000000000000 ) ) ;
#3372 = CARTESIAN_POINT ( 'NONE',  ( 3.000000000000000444, 13.95128041827298837, -1.000000000000000000 ) ) ;
#3373 = ORIENTED_EDGE ( 'NONE', *, *, #4975, .F. ) ;
#3374 = LINE ( 'NONE', #3879, #685 ) ;
#3375 = ORIENTED_EDGE ( 'NONE', *, *, #3912, .T. ) ;
#3376 = ORIENTED_EDGE ( 'NONE', *, *, #6733, .T. ) ;
#3377 = PRESENTATION_STYLE_ASSIGNMENT (( #2052 ) ) ;
#3379 = EDGE_CURVE ( 'NONE', #1797, #1217, #1316, .T. ) ;
#3378 = DIRECTION ( 'NONE',  ( -1.000000000000000000, 0.000000000000000000, 0.000000000000000000 ) ) ;
#3380 = FACE_OUTER_BOUND ( 'NONE', #1184, .T. ) ;
#3381 = EDGE_LOOP ( 'NONE', ( #3719, #10, #7203, #6504 ) ) ;
#3382 = CARTESIAN_POINT ( 'NONE',  ( -17.30049912664549083, -4.691166140300481402, -0.5999999999999894307 ) ) ;
#3383 = CARTESIAN_POINT ( 'NONE',  ( 1.599999999999999423, 41.75128029631820681, 1.950000000000000844 ) ) ;
#3384 = LINE ( 'NONE', #3460, #522 ) ;
#3385 = DIRECTION ( 'NONE',  ( -0.000000000000000000, -0.000000000000000000, -1.000000000000000000 ) ) ;
#3386 = VECTOR ( 'NONE', #2954, 1000.000000000000000 ) ;
#3387 = CARTESIAN_POINT ( 'NONE',  ( 5.500000000000007105, 1.022247762629191163E-15, 4.999999999999999112 ) ) ;
#3388 = AXIS2_PLACEMENT_3D ( 'NONE', #7127, #4915, #5492 ) ;
#3389 = LINE ( 'NONE', #5963, #6190 ) ;
#3390 = EDGE_CURVE ( 'NONE', #3752, #6949, #7091, .T. ) ;
#3391 = CARTESIAN_POINT ( 'NONE',  ( 1.757359312880715674, 26.45128041827298659, 0.6284667967612599382 ) ) ;
#3392 = CARTESIAN_POINT ( 'NONE',  ( 7.000000000000002665, 30.25128029631820326, -2.399999999999988809 ) ) ;
#3393 = ADVANCED_FACE ( 'NONE', ( #5779 ), #3062, .T. ) ;
#3394 = DIRECTION ( 'NONE',  ( 0.000000000000000000, 1.000000000000000000, 0.000000000000000000 ) ) ;
#3395 = DIRECTION ( 'NONE',  ( 1.000000000000000000, 0.000000000000000000, 0.000000000000000000 ) ) ;
#3396 = LINE ( 'NONE', #94, #1825 ) ;
#3397 = CARTESIAN_POINT ( 'NONE',  ( 25.71750068664550426, 5.391643985941803052, -2.399999999999989697 ) ) ;
#3398 = DIRECTION ( 'NONE',  ( 0.000000000000000000, -0.9899494936611664686, 0.1414213562373093647 ) ) ;
#3399 = ORIENTED_EDGE ( 'NONE', *, *, #2686, .T. ) ;
#3400 = DIRECTION ( 'NONE',  ( -0.000000000000000000, 1.000000000000000000, -0.000000000000000000 ) ) ;
#3401 = ORIENTED_EDGE ( 'NONE', *, *, #3637, .F. ) ;
#3402 = AXIS2_PLACEMENT_3D ( 'NONE', #2535, #2557, #5925 ) ;
#3403 = DIRECTION ( 'NONE',  ( 0.5842645500517748003, 0.000000000000000000, 0.8115632665127204826 ) ) ;
#3404 = VECTOR ( 'NONE', #1943, 1000.000000000000000 ) ;
#3405 = ORIENTED_EDGE ( 'NONE', *, *, #6671, .T. ) ;
#3406 = CARTESIAN_POINT ( 'NONE',  ( -22.78856849851096911, 12.46271179780728744, -3.000000000000000000 ) ) ;
#3407 = LINE ( 'NONE', #940, #6032 ) ;
#3408 = CARTESIAN_POINT ( 'NONE',  ( 0.5000000000000000000, 23.95128041827299015, -3.000000000000000000 ) ) ;
#3409 = PLANE ( 'NONE',  #98 ) ;
#3410 = FACE_OUTER_BOUND ( 'NONE', #783, .T. ) ;
#3411 = VERTEX_POINT ( 'NONE', #626 ) ;
#3412 = EDGE_CURVE ( 'NONE', #6331, #987, #5946, .T. ) ;
#3413 = AXIS2_PLACEMENT_3D ( 'NONE', #832, #5777, #5281 ) ;
#3414 = FACE_BOUND ( 'NONE', #2972, .T. ) ;
#3415 = ORIENTED_EDGE ( 'NONE', *, *, #2604, .F. ) ;
#3416 = CARTESIAN_POINT ( 'NONE',  ( 3.000000000000000000, 23.45128041827299015, 1.021323939618402399 ) ) ;
#3417 = DIRECTION ( 'NONE',  ( -0.000000000000000000, -1.000000000000000000, 0.000000000000000000 ) ) ;
#3418 = CIRCLE ( 'NONE', #6822, 0.5000000000000000000 ) ;
#3419 = CARTESIAN_POINT ( 'NONE',  ( -11.12132034355963839, 11.40203789140074697, -2.400000000000003020 ) ) ;
#3420 = DIRECTION ( 'NONE',  ( 1.000000000000000000, 0.000000000000000000, 0.000000000000000000 ) ) ;
#3421 = VECTOR ( 'NONE', #2531, 1000.000000000000000 ) ;
#3422 = DIRECTION ( 'NONE',  ( 0.000000000000000000, -1.734723475976807094E-15, -1.000000000000000000 ) ) ;
#3423 = VERTEX_POINT ( 'NONE', #1148 ) ;
#3424 = EDGE_CURVE ( 'NONE', #635, #2738, #3145, .T. ) ;
#3425 = PLANE ( 'NONE',  #3413 ) ;
#3426 = DIRECTION ( 'NONE',  ( 0.8129949950526367264, -0.000000000000000000, 0.5822706741880129266 ) ) ;
#3427 = VECTOR ( 'NONE', #41, 1000.000000000000000 ) ;
#3428 = CARTESIAN_POINT ( 'NONE',  ( -0.5000000000000000000, 26.95128041827299015, -3.000000000000000000 ) ) ;
#3429 = EDGE_LOOP ( 'NONE', ( #6259, #1481, #4512, #4500 ) ) ;
#3430 = DIRECTION ( 'NONE',  ( 8.880891324623935798E-16, 0.000000000000000000, -1.000000000000000000 ) ) ;
#3431 = ADVANCED_FACE ( 'NONE', ( #3694 ), #6912, .F. ) ;
#3432 = ORIENTED_EDGE ( 'NONE', *, *, #3794, .T. ) ;
#3433 = AXIS2_PLACEMENT_3D ( 'NONE', #104, #680, #2928 ) ;
#3434 = CARTESIAN_POINT ( 'NONE',  ( -11.53949928283222981, -15.71147595840156264, -2.399999999999989697 ) ) ;
#3435 = CARTESIAN_POINT ( 'NONE',  ( 4.161890565203551162, 39.75165505400882893, -2.167848748330901465 ) ) ;
#3436 = LINE ( 'NONE', #4681, #3977 ) ;
#3437 = ORIENTED_EDGE ( 'NONE', *, *, #4985, .F. ) ;
#3438 = EDGE_CURVE ( 'NONE', #2229, #301, #1488, .T. ) ;
#3439 = ORIENTED_EDGE ( 'NONE', *, *, #7208, .F. ) ;
#3440 = FACE_OUTER_BOUND ( 'NONE', #2510, .T. ) ;
#3441 = FACE_OUTER_BOUND ( 'NONE', #5395, .T. ) ;
#3442 = ORIENTED_EDGE ( 'NONE', *, *, #3390, .F. ) ;
#3443 = DIRECTION ( 'NONE',  ( -1.000000000000000000, 0.000000000000000000, 0.000000000000000000 ) ) ;
#3444 = ORIENTED_EDGE ( 'NONE', *, *, #4330, .F. ) ;
#3445 = DIRECTION ( 'NONE',  ( 0.4999999999999991673, -0.5000000000000002220, 0.7071067811865479058 ) ) ;
#3446 = CARTESIAN_POINT ( 'NONE',  ( 2.749999999995584421, 23.84667481250627219, 1.217377162294557502 ) ) ;
#3447 = DIRECTION ( 'NONE',  ( -1.000000000000000000, 0.000000000000000000, 0.000000000000000000 ) ) ;
#3448 = DIRECTION ( 'NONE',  ( 0.000000000000000000, 0.000000000000000000, 1.000000000000000000 ) ) ;
#3449 = DIRECTION ( 'NONE',  ( 1.000000000000000000, -0.000000000000000000, 0.000000000000000000 ) ) ;
#3450 = ORIENTED_EDGE ( 'NONE', *, *, #3487, .T. ) ;
#3451 = PLANE ( 'NONE',  #1843 ) ;
#3452 = DIRECTION ( 'NONE',  ( 4.001029970875857235E-16, 1.000000000000000000, 0.000000000000000000 ) ) ;
#3453 = ORIENTED_EDGE ( 'NONE', *, *, #2686, .F. ) ;
#3454 = DIRECTION ( 'NONE',  ( 1.000000000000000000, 0.000000000000000000, 0.000000000000000000 ) ) ;
#3455 = ORIENTED_EDGE ( 'NONE', *, *, #3872, .T. ) ;
#3456 = CARTESIAN_POINT ( 'NONE',  ( 21.92549912664548728, -1.528473728810500365, -2.399999999999967049 ) ) ;
#3457 = EDGE_CURVE ( 'NONE', #6053, #96, #5690, .T. ) ;
#3458 = AXIS2_PLACEMENT_3D ( 'NONE', #6475, #1437, #5365 ) ;
#3459 = EDGE_LOOP ( 'NONE', ( #1165, #5674, #1114, #1240, #5315, #4522, #3686, #2315 ) ) ;
#3460 = CARTESIAN_POINT ( 'NONE',  ( 9.000000000000001776, -7.691166140300482290, -0.5999999999999963141 ) ) ;
#3461 = ORIENTED_EDGE ( 'NONE', *, *, #2513, .T. ) ;
#3462 = DIRECTION ( 'NONE',  ( -1.858632295689435856E-16, -1.000000000000000000, 0.000000000000000000 ) ) ;
#3463 = DIRECTION ( 'NONE',  ( 1.000000000000000000, 0.000000000000000000, 0.000000000000000000 ) ) ;
#3464 = VECTOR ( 'NONE', #7153, 1000.000000000000114 ) ;
#3465 = ORIENTED_EDGE ( 'NONE', *, *, #123, .T. ) ;
#3466 = VERTEX_POINT ( 'NONE', #651 ) ;
#3467 =( BOUNDED_CURVE ( )  B_SPLINE_CURVE ( 3, ( #5459, #2108, #1511, #6012 ),
 .UNSPECIFIED., .F., .T. ) 
 B_SPLINE_CURVE_WITH_KNOTS ( ( 4, 4 ),
 ( 0.000000000000000000, 1.570796326794896336 ),
 .UNSPECIFIED. ) 
 CURVE ( )  GEOMETRIC_REPRESENTATION_ITEM ( )  RATIONAL_B_SPLINE_CURVE ( ( 1.000000000000000000, 0.8047378541243650485, 0.8047378541243650485, 1.000000000000000000 ) ) 
 REPRESENTATION_ITEM ( '' )  );
#3468 = EDGE_CURVE ( 'NONE', #460, #5997, #95, .T. ) ;
#3469 = DIRECTION ( 'NONE',  ( 0.000000000000000000, 0.000000000000000000, 1.000000000000000000 ) ) ;
#3470 = ADVANCED_FACE ( 'NONE', ( #4221 ), #2250, .F. ) ;
#3471 = CARTESIAN_POINT ( 'NONE',  ( 2.750000000000000888, 23.48663575733231568, 1.268811313033693988 ) ) ;
#3472 = CARTESIAN_POINT ( 'NONE',  ( 9.000000000000001776, 9.280717547841103254, -0.5999999999999963141 ) ) ;
#3473 = DIRECTION ( 'NONE',  ( 0.000000000000000000, -0.7071067811865474617, 0.7071067811865474617 ) ) ;
#3474 = CARTESIAN_POINT ( 'NONE',  ( 22.78856849851096911, 12.46271179780728566, -2.399999999999989697 ) ) ;
#3475 = VECTOR ( 'NONE', #5809, 1000.000000000000114 ) ;
#3476 = ORIENTED_EDGE ( 'NONE', *, *, #5282, .T. ) ;
#3477 = CARTESIAN_POINT ( 'NONE',  ( -16.69627616777151147, 32.69713975227765701, -2.399999999999988809 ) ) ;
#3478 = VECTOR ( 'NONE', #6146, 1000.000000000000114 ) ;
#3479 = CARTESIAN_POINT ( 'NONE',  ( 2.399999999999982148, 13.20128041827298837, -3.000000000000000000 ) ) ;
#3480 = ORIENTED_EDGE ( 'NONE', *, *, #1602, .F. ) ;
#3481 = FACE_OUTER_BOUND ( 'NONE', #3609, .T. ) ;
#3482 = VECTOR ( 'NONE', #3445, 1000.000000000000114 ) ;
#3483 = ORIENTED_EDGE ( 'NONE', *, *, #2245, .T. ) ;
#3484 = DIRECTION ( 'NONE',  ( 1.000000000000000000, 0.000000000000000000, 0.000000000000000000 ) ) ;
#3485 = DIRECTION ( 'NONE',  ( 0.000000000000000000, 1.000000000000000000, -1.734723475976805517E-15 ) ) ;
#3486 = AXIS2_PLACEMENT_3D ( 'NONE', #757, #6951, #5176 ) ;
#3487 = EDGE_CURVE ( 'NONE', #3986, #635, #6481, .T. ) ;
#3488 = EDGE_CURVE ( 'NONE', #4488, #5832, #2546, .T. ) ;
#3489 = LINE ( 'NONE', #7073, #4285 ) ;
#3490 = CARTESIAN_POINT ( 'NONE',  ( 4.776447391190726144, 30.25128029631820326, 6.500000000000000000 ) ) ;
#3491 = CARTESIAN_POINT ( 'NONE',  ( 2.099999999999999645, 42.25128029631820681, 3.550000000000000711 ) ) ;
#3492 = DIRECTION ( 'NONE',  ( -0.000000000000000000, -0.000000000000000000, -1.000000000000000000 ) ) ;
#3493 = CARTESIAN_POINT ( 'NONE',  ( -11.54558148745658741, -15.51148350135503762, -2.599992457046622185 ) ) ;
#3494 = AXIS2_PLACEMENT_3D ( 'NONE', #3142, #965, #2004 ) ;
#3495 = CIRCLE ( 'NONE', #2411, 0.2499999999999997780 ) ;
#3496 = EDGE_CURVE ( 'NONE', #7225, #4465, #2974, .T. ) ;
#3497 = CIRCLE ( 'NONE', #2746, 1.000000000000000000 ) ;
#3498 = ORIENTED_EDGE ( 'NONE', *, *, #1605, .T. ) ;
#3499 = CARTESIAN_POINT ( 'NONE',  ( -1.600000000000000311, 42.25128029631820681, 3.550000000000000711 ) ) ;
#3500 = DIRECTION ( 'NONE',  ( 1.000000000000000000, 0.000000000000000000, 0.000000000000000000 ) ) ;
#3501 = FACE_OUTER_BOUND ( 'NONE', #5797, .T. ) ;
#3502 = DIRECTION ( 'NONE',  ( 0.000000000000000000, 0.000000000000000000, 1.000000000000000000 ) ) ;
#3503 = DIRECTION ( 'NONE',  ( 0.000000000000000000, 0.000000000000000000, 1.000000000000000000 ) ) ;
#3504 = ORIENTED_EDGE ( 'NONE', *, *, #7217, .F. ) ;
#3505 = CARTESIAN_POINT ( 'NONE',  ( -3.000000000000000000, 40.25128029631820681, -2.999999999999999112 ) ) ;
#3506 = DIRECTION ( 'NONE',  ( -1.858632295689435856E-16, -1.000000000000000000, 0.000000000000000000 ) ) ;
#3507 = VECTOR ( 'NONE', #3988, 999.9999999999998863 ) ;
#3508 = EDGE_LOOP ( 'NONE', ( #4121, #4062, #7207, #3817, #3861 ) ) ;
#3509 = CARTESIAN_POINT ( 'NONE',  ( -11.44991134358651408, -17.18300987160148807, 0.000000000000000000 ) ) ;
#3510 = LINE ( 'NONE', #5300, #2019 ) ;
#3511 = DIRECTION ( 'NONE',  ( -0.8129949950526367264, 0.000000000000000000, -0.5822706741880129266 ) ) ;
#3512 = LINE ( 'NONE', #2519, #6213 ) ;
#3513 = ADVANCED_FACE ( 'NONE', ( #1062 ), #1137, .F. ) ;
#3514 = VECTOR ( 'NONE', #4663, 1000.000000000000000 ) ;
#3515 = DIRECTION ( 'NONE',  ( 0.000000000000000000, 0.000000000000000000, -1.000000000000000000 ) ) ;
#3516 = DIRECTION ( 'NONE',  ( -0.7071067811865483499, 0.7071067811865465735, 0.000000000000000000 ) ) ;
#3517 = CARTESIAN_POINT ( 'NONE',  ( 6.500000000000003553, 28.75128029631820681, -22.79898987322333781 ) ) ;
#3518 = EDGE_CURVE ( 'NONE', #6646, #5731, #5437, .T. ) ;
#3520 = AXIS2_PLACEMENT_3D ( 'NONE', #4180, #1839, #5749 ) ;
#3519 = CARTESIAN_POINT ( 'NONE',  ( 4.911353370940073404, 39.76383205848155455, -2.246090050198739974 ) ) ;
#3521 = CARTESIAN_POINT ( 'NONE',  ( 6.000000000000000000, 9.280717547841103254, -0.5999999999999963141 ) ) ;
#3522 = LINE ( 'NONE', #7178, #6765 ) ;
#3523 = ORIENTED_EDGE ( 'NONE', *, *, #6899, .F. ) ;
#3524 = CARTESIAN_POINT ( 'NONE',  ( 5.500000000000000000, 40.25128029631820681, 6.500000000000000000 ) ) ;
#3525 = CARTESIAN_POINT ( 'NONE',  ( 2.000000000000000000, 40.25128029631820681, 1.818884925064438551 ) ) ;
#3526 = CARTESIAN_POINT ( 'NONE',  ( 4.336808689942017736E-16, 26.45128041827299015, 0.6284667967612599382 ) ) ;
#3527 = CARTESIAN_POINT ( 'NONE',  ( -17.30049912664548728, 3.980218421195628409, -0.5999999999999894307 ) ) ;
#3528 = CARTESIAN_POINT ( 'NONE',  ( 6.000000000000000000, 9.280717547841103254, -0.5999999999999963141 ) ) ;
#3529 = VECTOR ( 'NONE', #4323, 1000.000000000000000 ) ;
#3530 = CARTESIAN_POINT ( 'NONE',  ( 3.000000000000000444, 13.11523131599768277, -1.563867316982936906 ) ) ;
#3531 = FACE_OUTER_BOUND ( 'NONE', #1090, .T. ) ;
#3532 = AXIS2_PLACEMENT_3D ( 'NONE', #3821, #3232, #547 ) ;
#3533 = EDGE_LOOP ( 'NONE', ( #3439, #6048, #5170 ) ) ;
#3534 = EDGE_CURVE ( 'NONE', #3906, #4673, #6823, .T. ) ;
#3535 = VERTEX_POINT ( 'NONE', #6864 ) ;
#3536 = DIRECTION ( 'NONE',  ( 0.7071067811865516806, 6.133173666733357318E-15, 0.7071067811865434649 ) ) ;
#3537 = CARTESIAN_POINT ( 'NONE',  ( 21.92549912664548728, -1.528473728810500365, -3.000000000000000000 ) ) ;
#3538 = VECTOR ( 'NONE', #5849, 1000.000000000000000 ) ;
#3539 = VERTEX_POINT ( 'NONE', #2900 ) ;
#3540 = CARTESIAN_POINT ( 'NONE',  ( -0.5000000000000000000, 26.95128041827299015, 0.000000000000000000 ) ) ;
#3541 = ORIENTED_EDGE ( 'NONE', *, *, #4427, .T. ) ;
#3542 = ORIENTED_EDGE ( 'NONE', *, *, #890, .F. ) ;
#3543 = FACE_OUTER_BOUND ( 'NONE', #2496, .T. ) ;
#3544 = AXIS2_PLACEMENT_3D ( 'NONE', #3881, #5003, #5561 ) ;
#3545 = CARTESIAN_POINT ( 'NONE',  ( -1.600000000000000311, 29.25128029631821036, 1.950000000000000844 ) ) ;
#3546 = CARTESIAN_POINT ( 'NONE',  ( 0.000000000000000000, 35.25128029631821391, 8.738225099390854567 ) ) ;
#3547 = EDGE_CURVE ( 'NONE', #4050, #1498, #5356, .T. ) ;
#3548 = DIRECTION ( 'NONE',  ( -0.8124311955131980900, -0.03723557914241197586, -0.5818668784205929256 ) ) ;
#3549 = ORIENTED_EDGE ( 'NONE', *, *, #4248, .F. ) ;
#3550 = ORIENTED_EDGE ( 'NONE', *, *, #1962, .T. ) ;
#3551 = ORIENTED_EDGE ( 'NONE', *, *, #2039, .F. ) ;
#3552 = DIRECTION ( 'NONE',  ( 0.000000000000000000, -1.000000000000000000, 0.000000000000000000 ) ) ;
#3553 = ADVANCED_FACE ( 'NONE', ( #3949 ), #979, .T. ) ;
#3554 = DIRECTION ( 'NONE',  ( 0.000000000000000000, 0.000000000000000000, 1.000000000000000000 ) ) ;
#3555 = CARTESIAN_POINT ( 'NONE',  ( -3.631946009244122475, 42.25128029631820681, 5.999999999999999112 ) ) ;
#3556 = CARTESIAN_POINT ( 'NONE',  ( 3.250000000000000888, 12.95128041827298659, -2.399999999999983036 ) ) ;
#3557 = EDGE_LOOP ( 'NONE', ( #1738, #4513 ) ) ;
#3558 = DIRECTION ( 'NONE',  ( 0.7071067811865481278, 0.000000000000000000, -0.7071067811865470176 ) ) ;
#3560 = AXIS2_PLACEMENT_3D ( 'NONE', #6855, #167, #1432 ) ;
#3559 = DIRECTION ( 'NONE',  ( 4.001029970875857235E-16, -1.000000000000000000, 0.000000000000000000 ) ) ;
#3561 = ORIENTED_EDGE ( 'NONE', *, *, #6742, .T. ) ;
#3562 = FACE_OUTER_BOUND ( 'NONE', #115, .T. ) ;
#3563 = ORIENTED_EDGE ( 'NONE', *, *, #2205, .T. ) ;
#3564 = ORIENTED_EDGE ( 'NONE', *, *, #6376, .F. ) ;
#3565 = CARTESIAN_POINT ( 'NONE',  ( 25.11750068664549218, -12.71147595840164257, -3.000000000000000000 ) ) ;
#3566 = PLANE ( 'NONE',  #2467 ) ;
#3567 = ORIENTED_EDGE ( 'NONE', *, *, #6872, .T. ) ;
#3568 = DIRECTION ( 'NONE',  ( 0.000000000000000000, -0.000000000000000000, 1.000000000000000000 ) ) ;
#3569 = EDGE_CURVE ( 'NONE', #7146, #3086, #2718, .T. ) ;
#3570 = CIRCLE ( 'NONE', #1855, 2.999999999999999112 ) ;
#3571 = ORIENTED_EDGE ( 'NONE', *, *, #2477, .T. ) ;
#3572 = VERTEX_POINT ( 'NONE', #6891 ) ;
#3573 = CARTESIAN_POINT ( 'NONE',  ( 3.000000000000000000, 30.75128029631820326, -2.999999999999999112 ) ) ;
#3574 = DIRECTION ( 'NONE',  ( 0.000000000000000000, 0.000000000000000000, 1.000000000000000000 ) ) ;
#3575 = ORIENTED_EDGE ( 'NONE', *, *, #367, .T. ) ;
#3576 = DIRECTION ( 'NONE',  ( -0.000000000000000000, -0.000000000000000000, 1.000000000000000000 ) ) ;
#3577 = CIRCLE ( 'NONE', #4593, 0.4999999999999995559 ) ;
#3578 = ORIENTED_EDGE ( 'NONE', *, *, #3088, .F. ) ;
#3579 = EDGE_CURVE ( 'NONE', #2045, #3747, #1656, .T. ) ;
#3580 = AXIS2_PLACEMENT_3D ( 'NONE', #1853, #6426, #3649 ) ;
#3581 = DIRECTION ( 'NONE',  ( 0.000000000000000000, 0.000000000000000000, 1.000000000000000000 ) ) ;
#3582 = CARTESIAN_POINT ( 'NONE',  ( 2.399999999999999911, 35.25128029631821391, -2.800000000000009148 ) ) ;
#3583 = CARTESIAN_POINT ( 'NONE',  ( 0.5000000000000000000, 23.95128041827299015, -2.399999999999983036 ) ) ;
#3584 = CIRCLE ( 'NONE', #3388, 9.399999999999991473 ) ;
#3585 = LINE ( 'NONE', #7040, #1723 ) ;
#3586 = EDGE_LOOP ( 'NONE', ( #2515, #6561, #218, #3134, #4392, #2414 ) ) ;
#3587 = CARTESIAN_POINT ( 'NONE',  ( 9.000000000000001776, 9.280717547841103254, -3.000000000000000000 ) ) ;
#3588 = LINE ( 'NONE', #5090, #6288 ) ;
#3589 = CARTESIAN_POINT ( 'NONE',  ( 4.747590588916565935, 40.25004346806634459, 6.500000000000000000 ) ) ;
#3590 = AXIS2_PLACEMENT_3D ( 'NONE', #1038, #968, #2623 ) ;
#3591 = EDGE_LOOP ( 'NONE', ( #4421, #5043, #6107, #1358 ) ) ;
#3592 = CARTESIAN_POINT ( 'NONE',  ( 2.000000000000000000, 40.25128029631820681, 1.818884925064438551 ) ) ;
#3593 = ADVANCED_FACE ( 'NONE', ( #1410 ), #1884, .F. ) ;
#3594 = ORIENTED_EDGE ( 'NONE', *, *, #4831, .F. ) ;
#3595 = DIRECTION ( 'NONE',  ( -1.156482317317871725E-15, 0.000000000000000000, 1.000000000000000000 ) ) ;
#3596 = DIRECTION ( 'NONE',  ( -0.000000000000000000, -0.000000000000000000, -1.000000000000000000 ) ) ;
#3597 = FACE_OUTER_BOUND ( 'NONE', #3196, .T. ) ;
#3598 = VERTEX_POINT ( 'NONE', #4039 ) ;
#3599 = FACE_OUTER_BOUND ( 'NONE', #4496, .T. ) ;
#3600 = DIRECTION ( 'NONE',  ( 0.000000000000000000, -0.000000000000000000, -1.000000000000000000 ) ) ;
#3601 = AXIS2_PLACEMENT_3D ( 'NONE', #834, #5801, #4106 ) ;
#3602 = CARTESIAN_POINT ( 'NONE',  ( 3.378679656440342516, 40.25128029631820681, -1.500000000000000000 ) ) ;
#3603 = CARTESIAN_POINT ( 'NONE',  ( -2.750000000000000000, 22.95128041827299015, 1.345290647185026334 ) ) ;
#3604 = EDGE_LOOP ( 'NONE', ( #2664, #4178, #425, #2071 ) ) ;
#3605 = CARTESIAN_POINT ( 'NONE',  ( -10.78249931335369105, -15.86847602325196149, -2.399999999999989697 ) ) ;
#3606 = DIRECTION ( 'NONE',  ( -1.000000000000000000, 0.000000000000000000, 0.000000000000000000 ) ) ;
#3607 = VECTOR ( 'NONE', #502, 1000.000000000000000 ) ;
#3608 = DIRECTION ( 'NONE',  ( 0.000000000000000000, 0.000000000000000000, -1.000000000000000000 ) ) ;
#3609 = EDGE_LOOP ( 'NONE', ( #5776, #4605, #4573, #1514 ) ) ;
#3610 = VERTEX_POINT ( 'NONE', #1242 ) ;
#3611 = CARTESIAN_POINT ( 'NONE',  ( 0.000000000000000000, 40.25128029631820681, 6.500000000000000000 ) ) ;
#3612 = FACE_OUTER_BOUND ( 'NONE', #4404, .T. ) ;
#3613 = EDGE_CURVE ( 'NONE', #2252, #765, #14, .T. ) ;
#3614 = DIRECTION ( 'NONE',  ( -0.000000000000000000, -0.000000000000000000, -1.000000000000000000 ) ) ;
#3615 = LINE ( 'NONE', #7128, #3244 ) ;
#3616 = DIRECTION ( 'NONE',  ( -4.001029970875857235E-16, 1.000000000000000000, 0.000000000000000000 ) ) ;
#3617 = CARTESIAN_POINT ( 'NONE',  ( 7.000000000000000000, 40.25128029631820681, -22.79898987322333781 ) ) ;
#3618 = CARTESIAN_POINT ( 'NONE',  ( -11.12132034355964016, 11.40203789140074875, -3.000000000000000000 ) ) ;
#3619 = CARTESIAN_POINT ( 'NONE',  ( -22.71750068664549005, -15.71147595840166566, -3.000000000000000000 ) ) ;
#3620 = VECTOR ( 'NONE', #498, 1000.000000000000000 ) ;
#3621 = ORIENTED_EDGE ( 'NONE', *, *, #3341, .F. ) ;
#3622 = EDGE_CURVE ( 'NONE', #4622, #2508, #2365, .T. ) ;
#3623 = AXIS2_PLACEMENT_3D ( 'NONE', #4171, #826, #231 ) ;
#3624 = ORIENTED_EDGE ( 'NONE', *, *, #1564, .F. ) ;
#3625 = FACE_OUTER_BOUND ( 'NONE', #3193, .T. ) ;
#3626 = ORIENTED_EDGE ( 'NONE', *, *, #1998, .F. ) ;
#3627 = ORIENTED_EDGE ( 'NONE', *, *, #6021, .T. ) ;
#3628 = DIRECTION ( 'NONE',  ( 0.000000000000000000, 0.1414213562373062283, 0.9899494936611670237 ) ) ;
#3629 = DIRECTION ( 'NONE',  ( 1.000000000000000000, 0.000000000000000000, 0.000000000000000000 ) ) ;
#3630 = CARTESIAN_POINT ( 'NONE',  ( 9.200944287194106508, 25.20180787170022896, -3.000000000000000000 ) ) ;
#3631 = CARTESIAN_POINT ( 'NONE',  ( 7.000000000000000000, 41.75128029631820681, 3.422981144561378003E-15 ) ) ;
#3632 = CARTESIAN_POINT ( 'NONE',  ( -2.750000000000000888, 23.48663575733231568, 1.268811313033693988 ) ) ;
#3633 = ORIENTED_EDGE ( 'NONE', *, *, #1275, .F. ) ;
#3634 = VECTOR ( 'NONE', #7117, 1000.000000000000000 ) ;
#3635 = DIRECTION ( 'NONE',  ( -0.000000000000000000, -0.000000000000000000, -1.000000000000000000 ) ) ;
#3636 = AXIS2_PLACEMENT_3D ( 'NONE', #3592, #3058, #3039 ) ;
#3637 = EDGE_CURVE ( 'NONE', #3743, #3185, #3510, .T. ) ;
#3638 = ORIENTED_EDGE ( 'NONE', *, *, #4878, .F. ) ;
#3639 = EDGE_CURVE ( 'NONE', #3889, #5105, #549, .T. ) ;
#3640 = ADVANCED_FACE ( 'NONE', ( #374 ), #5180, .T. ) ;
#3641 = ORIENTED_EDGE ( 'NONE', *, *, #4307, .T. ) ;
#3642 = DIRECTION ( 'NONE',  ( 0.000000000000000000, -0.8297536007080709153, -0.5581298792503328610 ) ) ;
#3643 = ORIENTED_EDGE ( 'NONE', *, *, #7141, .T. ) ;
#3644 = EDGE_LOOP ( 'NONE', ( #1620, #1070, #1448, #4066 ) ) ;
#3645 = AXIS2_PLACEMENT_3D ( 'NONE', #4343, #7113, #435 ) ;
#3646 = ORIENTED_EDGE ( 'NONE', *, *, #2206, .T. ) ;
#3647 = DIRECTION ( 'NONE',  ( 1.000000000000000000, 0.000000000000000000, -1.971276677246372012E-16 ) ) ;
#3648 = EDGE_CURVE ( 'NONE', #2589, #3610, #2129, .T. ) ;
#3649 = DIRECTION ( 'NONE',  ( -1.000000000000000000, 0.000000000000000000, 0.000000000000000000 ) ) ;
#3650 = EDGE_LOOP ( 'NONE', ( #6263, #1100, #3769, #6082 ) ) ;
#3651 = VERTEX_POINT ( 'NONE', #1324 ) ;
#3652 = CARTESIAN_POINT ( 'NONE',  ( 3.622919641721424000, 42.25128029631820681, 6.000000000000000000 ) ) ;
#3653 = DIRECTION ( 'NONE',  ( 0.7071067811865472397, 2.829155424136932271E-16, -0.7071067811865479058 ) ) ;
#3654 = DIRECTION ( 'NONE',  ( -1.000000000000000000, 0.000000000000000000, 0.000000000000000000 ) ) ;
#3655 = VECTOR ( 'NONE', #6417, 1000.000000000000000 ) ;
#3656 = ORIENTED_EDGE ( 'NONE', *, *, #271, .T. ) ;
#3657 = CARTESIAN_POINT ( 'NONE',  ( 21.92549912664548728, -1.528473728810500365, 0.000000000000000000 ) ) ;
#3658 = EDGE_LOOP ( 'NONE', ( #2493, #831, #277, #3848, #1134, #3483, #6508, #1849, #866, #4136, #3465 ) ) ;
#3659 = LINE ( 'NONE', #6003, #4977 ) ;
#3660 = EDGE_LOOP ( 'NONE', ( #4774, #174, #6876, #3549 ) ) ;
#3661 = CARTESIAN_POINT ( 'NONE',  ( -7.000000000000358824, 28.66836662193940910, -0.1003387431152058529 ) ) ;
#3662 = DIRECTION ( 'NONE',  ( 0.7071067811865485719, -0.7071067811865465735, 0.000000000000000000 ) ) ;
#3663 = LINE ( 'NONE', #4114, #4899 ) ;
#3664 = DIRECTION ( 'NONE',  ( 0.000000000000000000, -1.000000000000000000, 0.000000000000000000 ) ) ;
#3665 = EDGE_CURVE ( 'NONE', #2508, #5520, #6474, .T. ) ;
#3666 = LINE ( 'NONE', #3505, #2866 ) ;
#3667 = AXIS2_PLACEMENT_3D ( 'NONE', #107, #2815, #5130 ) ;
#3668 = VECTOR ( 'NONE', #4678, 1000.000000000000000 ) ;
#3669 = ORIENTED_EDGE ( 'NONE', *, *, #2342, .T. ) ;
#3670 = PLANE ( 'NONE',  #6163 ) ;
#3671 = CIRCLE ( 'NONE', #26, 5.000000000000000888 ) ;
#3672 = DIRECTION ( 'NONE',  ( -1.000000000000000000, 0.000000000000000000, 0.000000000000000000 ) ) ;
#3673 = ADVANCED_FACE ( 'NONE', ( #4828 ), #4214, .T. ) ;
#3674 = TOROIDAL_SURFACE ( 'NONE', #3894, 1.000000000000000000, 0.5000000000000000000 ) ;
#3675 = ORIENTED_EDGE ( 'NONE', *, *, #5813, .T. ) ;
#3676 = DIRECTION ( 'NONE',  ( -1.858632295689435856E-16, 1.000000000000000000, 0.000000000000000000 ) ) ;
#3677 = DIRECTION ( 'NONE',  ( 0.000000000000000000, -0.1414213562373094479, -0.9899494936611665796 ) ) ;
#3678 = DIRECTION ( 'NONE',  ( 0.000000000000000000, 0.000000000000000000, 1.000000000000000000 ) ) ;
#3679 = DIRECTION ( 'NONE',  ( -0.000000000000000000, 1.000000000000000000, -0.000000000000000000 ) ) ;
#3680 = CARTESIAN_POINT ( 'NONE',  ( -6.000000000000000888, 9.280717547841103254, -0.5999999999999894307 ) ) ;
#3681 = EDGE_CURVE ( 'NONE', #2418, #2748, #4652, .T. ) ;
#3682 = CARTESIAN_POINT ( 'NONE',  ( -2.921918026749773301, 24.23652407920952001, 0.9184944125909839663 ) ) ;
#3683 = CYLINDRICAL_SURFACE ( 'NONE', #3590, 3.749999999999989342 ) ;
#3684 = CARTESIAN_POINT ( 'NONE',  ( -4.336808689942017736E-16, 26.45128041827299015, 0.6284667967612598272 ) ) ;
#3685 = FACE_OUTER_BOUND ( 'NONE', #1465, .T. ) ;
#3686 = ORIENTED_EDGE ( 'NONE', *, *, #6142, .T. ) ;
#3687 = CARTESIAN_POINT ( 'NONE',  ( -3.558769552017628346, 30.75128029631820326, 5.644138212168633650 ) ) ;
#3688 = CARTESIAN_POINT ( 'NONE',  ( 4.263233375270355729, 40.06654333431814052, 6.499999999999999112 ) ) ;
#3689 = AXIS2_PLACEMENT_3D ( 'NONE', #5101, #2373, #4041 ) ;
#3691 = EDGE_CURVE ( 'NONE', #1261, #3030, #716, .T. ) ;
#3690 = CARTESIAN_POINT ( 'NONE',  ( -10.78249931335369105, -15.86847602325196149, -3.000000000000000000 ) ) ;
#3692 = LINE ( 'NONE', #744, #804 ) ;
#3693 = ORIENTED_EDGE ( 'NONE', *, *, #201, .F. ) ;
#3694 = FACE_OUTER_BOUND ( 'NONE', #3301, .T. ) ;
#3695 = DIRECTION ( 'NONE',  ( 1.000000000000000000, 0.000000000000000000, 0.000000000000000000 ) ) ;
#3696 = ORIENTED_EDGE ( 'NONE', *, *, #2648, .F. ) ;
#3697 = LINE ( 'NONE', #5479, #6043 ) ;
#3698 = CARTESIAN_POINT ( 'NONE',  ( -3.558769552017628346, 30.75128029631820326, 5.644138212168633650 ) ) ;
#3699 = FACE_OUTER_BOUND ( 'NONE', #5827, .T. ) ;
#3700 = AXIS2_PLACEMENT_3D ( 'NONE', #4951, #4415, #1055 ) ;
#3701 = ORIENTED_EDGE ( 'NONE', *, *, #1229, .T. ) ;
#3702 = DIRECTION ( 'NONE',  ( 0.000000000000000000, 0.000000000000000000, -1.000000000000000000 ) ) ;
#3703 = PLANE ( 'NONE',  #5942 ) ;
#3704 = PLANE ( 'NONE',  #5307 ) ;
#3705 = DIRECTION ( 'NONE',  ( 1.000000000000000000, 0.000000000000000000, 0.000000000000000000 ) ) ;
#3706 = DIRECTION ( 'NONE',  ( 1.000000000000000000, 0.000000000000000000, 0.000000000000000000 ) ) ;
#3707 = LINE ( 'NONE', #5245, #5108 ) ;
#3708 = VERTEX_POINT ( 'NONE', #4707 ) ;
#3709 = EDGE_CURVE ( 'NONE', #4050, #1969, #6014, .T. ) ;
#3710 = ORIENTED_EDGE ( 'NONE', *, *, #4210, .T. ) ;
#3711 = AXIS2_PLACEMENT_3D ( 'NONE', #1211, #667, #3515 ) ;
#3712 = ADVANCED_FACE ( 'NONE', ( #4740 ), #1833, .F. ) ;
#3713 = DIRECTION ( 'NONE',  ( 0.000000000000000000, 0.000000000000000000, -1.000000000000000000 ) ) ;
#3714 = CARTESIAN_POINT ( 'NONE',  ( 25.71750068664550426, 5.391643985941803052, -3.000000000000000000 ) ) ;
#3715 = LINE ( 'NONE', #6460, #1427 ) ;
#3716 = CIRCLE ( 'NONE', #2024, 0.9999999999999991118 ) ;
#3717 = DIRECTION ( 'NONE',  ( 0.000000000000000000, 0.000000000000000000, 1.000000000000000000 ) ) ;
#3718 = ORIENTED_EDGE ( 'NONE', *, *, #5730, .F. ) ;
#3719 = ORIENTED_EDGE ( 'NONE', *, *, #1890, .T. ) ;
#3720 = EDGE_CURVE ( 'NONE', #5074, #3810, #179, .T. ) ;
#3721 = EDGE_CURVE ( 'NONE', #2854, #3015, #6393, .T. ) ;
#3722 = LINE ( 'NONE', #410, #1006 ) ;
#3723 = AXIS2_PLACEMENT_3D ( 'NONE', #6433, #4294, #3144 ) ;
#3724 = ORIENTED_EDGE ( 'NONE', *, *, #3892, .T. ) ;
#3725 = DIRECTION ( 'NONE',  ( -1.000000000000000000, -1.734723475976807489E-15, 0.000000000000000000 ) ) ;
#3726 = EDGE_LOOP ( 'NONE', ( #4363, #1327, #4470, #2447 ) ) ;
#3727 = VERTEX_POINT ( 'NONE', #897 ) ;
#3728 = CIRCLE ( 'NONE', #3486, 4.249999999999988454 ) ;
#3729 = CARTESIAN_POINT ( 'NONE',  ( 5.500000000000000000, 41.75128029631820681, 6.500000000000000000 ) ) ;
#3730 = ORIENTED_EDGE ( 'NONE', *, *, #6714, .T. ) ;
#3731 = CARTESIAN_POINT ( 'NONE',  ( 1.599999999999999423, 41.75128029631820681, 1.950000000000000844 ) ) ;
#3732 = EDGE_LOOP ( 'NONE', ( #2380, #5808, #4656, #2267 ) ) ;
#3733 = ORIENTED_EDGE ( 'NONE', *, *, #3111, .F. ) ;
#3734 = AXIS2_PLACEMENT_3D ( 'NONE', #731, #4068, #3559 ) ;
#3735 = EDGE_CURVE ( 'NONE', #3192, #1847, #88, .T. ) ;
#3736 = EDGE_CURVE ( 'NONE', #989, #3786, #2010, .T. ) ;
#3737 = ORIENTED_EDGE ( 'NONE', *, *, #4394, .T. ) ;
#3738 = CARTESIAN_POINT ( 'NONE',  ( 4.776114451786709125, 39.75128029631820681, 6.520535037246294685 ) ) ;
#3739 = VERTEX_POINT ( 'NONE', #6501 ) ;
#3740 = VECTOR ( 'NONE', #1106, 1000.000000000000000 ) ;
#3741 = VERTEX_POINT ( 'NONE', #4825 ) ;
#3742 = PRODUCT_DEFINITION_FORMATION_WITH_SPECIFIED_SOURCE ( 'ANY', '', #5464, .NOT_KNOWN. ) ;
#3743 = VERTEX_POINT ( 'NONE', #3582 ) ;
#3744 = CARTESIAN_POINT ( 'NONE',  ( 4.128539467747684100, 39.75139578527414841, -2.191734954419146231 ) ) ;
#3745 = AXIS2_PLACEMENT_3D ( 'NONE', #417, #370, #7099 ) ;
#3746 = VERTEX_POINT ( 'NONE', #3188 ) ;
#3747 = VERTEX_POINT ( 'NONE', #6570 ) ;
#3748 = DIRECTION ( 'NONE',  ( 0.7071067811865481278, -2.044391222244438897E-15, 0.7071067811865470176 ) ) ;
#3749 = LINE ( 'NONE', #2236, #3113 ) ;
#3750 = ORIENTED_EDGE ( 'NONE', *, *, #6939, .T. ) ;
#3751 = ADVANCED_FACE ( 'NONE', ( #3864 ), #283, .T. ) ;
#3752 = VERTEX_POINT ( 'NONE', #1461 ) ;
#3753 = CARTESIAN_POINT ( 'NONE',  ( -6.500000000000001776, 42.25128029631820681, 0.6213203435596476032 ) ) ;
#3754 = CARTESIAN_POINT ( 'NONE',  ( -17.30049912664548728, 3.980218421195628409, -3.000000000000000000 ) ) ;
#3755 = CARTESIAN_POINT ( 'NONE',  ( -25.11750068664550284, -12.71147595840164968, -3.000000000000000000 ) ) ;
#3756 = CARTESIAN_POINT ( 'NONE',  ( 5.125169655301783145, 39.78849368753511584, -1.435198239516937813 ) ) ;
#3757 = ORIENTED_EDGE ( 'NONE', *, *, #2030, .T. ) ;
#3758 = CARTESIAN_POINT ( 'NONE',  ( -1.690003485484063539, 25.68571956837426029, 0.9546564828848450590 ) ) ;
#3759 = EDGE_CURVE ( 'NONE', #128, #6164, #6117, .T. ) ;
#3761 = AXIS2_PLACEMENT_3D ( 'NONE', #4390, #1533, #2643 ) ;
#3760 = DIRECTION ( 'NONE',  ( 0.7071067811865486830, 1.571625752100458553E-15, -0.7071067811865463515 ) ) ;
#3762 = CIRCLE ( 'NONE', #2196, 2.399999999999999911 ) ;
#3763 = ORIENTED_EDGE ( 'NONE', *, *, #1986, .F. ) ;
#3764 = CARTESIAN_POINT ( 'NONE',  ( 6.000000000000000888, -4.691166140300482290, -2.399999999999990585 ) ) ;
#3765 = VECTOR ( 'NONE', #2349, 1000.000000000000000 ) ;
#3766 = DIRECTION ( 'NONE',  ( -1.000000000000000000, -1.734723475976807686E-15, 0.000000000000000000 ) ) ;
#3767 = DIRECTION ( 'NONE',  ( 1.156482317317871331E-15, 0.000000000000000000, 1.000000000000000000 ) ) ;
#3768 = FACE_OUTER_BOUND ( 'NONE', #6491, .T. ) ;
#3769 = ORIENTED_EDGE ( 'NONE', *, *, #4637, .F. ) ;
#3770 = DIRECTION ( 'NONE',  ( -1.000000000000000000, 0.000000000000000000, 0.000000000000000000 ) ) ;
#3771 = EDGE_CURVE ( 'NONE', #6150, #3192, #4014, .T. ) ;
#3772 = CIRCLE ( 'NONE', #1286, 3.600000000000002309 ) ;
#3773 = DIRECTION ( 'NONE',  ( 0.000000000000000000, 0.000000000000000000, 1.000000000000000000 ) ) ;
#3774 = FACE_OUTER_BOUND ( 'NONE', #1687, .T. ) ;
#3775 = ORIENTED_EDGE ( 'NONE', *, *, #2385, .F. ) ;
#3776 = CARTESIAN_POINT ( 'NONE',  ( 22.78856849851096911, 12.46271179780728566, -3.000000000000000000 ) ) ;
#3777 = AXIS2_PLACEMENT_3D ( 'NONE', #1109, #1638, #2156 ) ;
#3778 = PLANE ( 'NONE',  #1489 ) ;
#3779 = LINE ( 'NONE', #4725, #4308 ) ;
#3780 = ORIENTED_EDGE ( 'NONE', *, *, #6828, .F. ) ;
#3781 = DIRECTION ( 'NONE',  ( -0.000000000000000000, 1.000000000000000000, 0.000000000000000000 ) ) ;
#3782 = DIRECTION ( 'NONE',  ( 0.000000000000000000, -0.8944271909999161885, -0.4472135954999573726 ) ) ;
#3783 = EDGE_CURVE ( 'NONE', #1789, #4865, #2183, .T. ) ;
#3784 = EDGE_CURVE ( 'NONE', #1901, #2428, #4997, .T. ) ;
#3785 = DIRECTION ( 'NONE',  ( 0.000000000000000000, -0.000000000000000000, 1.000000000000000000 ) ) ;
#3786 = VERTEX_POINT ( 'NONE', #6478 ) ;
#3787 = B_SPLINE_CURVE_WITH_KNOTS ( 'NONE', 3,
 ( #2683, #2038, #4326, #4862, #5378, #7101, #978, #4891 ),
 .UNSPECIFIED., .F., .F.,
 ( 4, 2, 2, 4 ),
 ( 0.000000000000000000, 0.0004488864511463097205, 0.0006733296767194617890, 0.0008977729022926139116 ),
 .UNSPECIFIED. ) ;
#3788 = ADVANCED_FACE ( 'NONE', ( #368 ), #1405, .T. ) ;
#3789 = LINE ( 'NONE', #1329, #2022 ) ;
#3790 = CARTESIAN_POINT ( 'NONE',  ( 3.250000000000000888, 13.20128041827298482, -3.000000000000000444 ) ) ;
#3791 = AXIS2_PLACEMENT_3D ( 'NONE', #3152, #6579, #6601 ) ;
#3792 = ORIENTED_EDGE ( 'NONE', *, *, #5441, .T. ) ;
#3794 = EDGE_CURVE ( 'NONE', #3889, #2313, #2104, .T. ) ;
#3793 = DIRECTION ( 'NONE',  ( 1.858632295689435856E-16, 1.000000000000000000, 3.081487911019577365E-33 ) ) ;
#3795 = ORIENTED_EDGE ( 'NONE', *, *, #5516, .F. ) ;
#3796 = LINE ( 'NONE', #4846, #3875 ) ;
#3797 = CARTESIAN_POINT ( 'NONE',  ( 25.71750068664550781, -12.71147595840163724, -0.6000000000000033085 ) ) ;
#3798 = LINE ( 'NONE', #5135, #6216 ) ;
#3799 = CYLINDRICAL_SURFACE ( 'NONE', #5177, 1.625000000000001332 ) ;
#3800 = CARTESIAN_POINT ( 'NONE',  ( 4.620218033846062333, 39.76383205848156166, -1.839592552672425718 ) ) ;
#3801 = EDGE_LOOP ( 'NONE', ( #1873, #570, #5248, #3259 ) ) ;
#3802 = CARTESIAN_POINT ( 'NONE',  ( 15.71750068664550604, 40.25128029631820681, -3.000000000000000000 ) ) ;
#3803 = DIRECTION ( 'NONE',  ( 0.000000000000000000, 0.000000000000000000, -1.000000000000000000 ) ) ;
#3804 = CARTESIAN_POINT ( 'NONE',  ( -2.948840736528479667, 18.81145667611945527, -0.06991187107676721801 ) ) ;
#3805 = ORIENTED_EDGE ( 'NONE', *, *, #2984, .F. ) ;
#3806 = DIRECTION ( 'NONE',  ( 1.971276677246372012E-16, -0.000000000000000000, 1.000000000000000000 ) ) ;
#3807 = DIRECTION ( 'NONE',  ( -1.000000000000000000, 0.000000000000000000, 0.000000000000000000 ) ) ;
#3808 = LINE ( 'NONE', #5259, #1950 ) ;
#3809 = VERTEX_POINT ( 'NONE', #2100 ) ;
#3810 = VERTEX_POINT ( 'NONE', #3116 ) ;
#3811 = EDGE_CURVE ( 'NONE', #5329, #3986, #3407, .T. ) ;
#3812 = VERTEX_POINT ( 'NONE', #3755 ) ;
#3813 = CARTESIAN_POINT ( 'NONE',  ( 0.04437249225549069753, -1.489057109605489870, -3.000000000000000000 ) ) ;
#3814 = CARTESIAN_POINT ( 'NONE',  ( -3.500000000000000000, 23.95128041827299015, 0.000000000000000000 ) ) ;
#3815 = CARTESIAN_POINT ( 'NONE',  ( -6.560660171779819194, 42.25128029631820681, -0.4393398282201759208 ) ) ;
#3816 = VERTEX_POINT ( 'NONE', #7035 ) ;
#3817 = ORIENTED_EDGE ( 'NONE', *, *, #4995, .F. ) ;
#3818 = DIRECTION ( 'NONE',  ( 0.000000000000000000, -0.000000000000000000, -1.000000000000000000 ) ) ;
#3819 = EDGE_CURVE ( 'NONE', #6850, #2146, #2360, .T. ) ;
#3820 = AXIS2_PLACEMENT_3D ( 'NONE', #7090, #4827, #876 ) ;
#3821 = CARTESIAN_POINT ( 'NONE',  ( 6.500000000000000888, 41.75128029631820681, 0.6213203435596476032 ) ) ;
#3822 = ORIENTED_EDGE ( 'NONE', *, *, #3240, .F. ) ;
#3823 = ADVANCED_FACE ( 'NONE', ( #3501 ), #4644, .F. ) ;
#3824 = ORIENTED_EDGE ( 'NONE', *, *, #3457, .F. ) ;
#3825 = CARTESIAN_POINT ( 'NONE',  ( -6.000000000000000888, -4.691166140300482290, -2.400000000000003908 ) ) ;
#3826 = DIRECTION ( 'NONE',  ( -0.000000000000000000, 1.000000000000000000, 0.000000000000000000 ) ) ;
#3827 = CARTESIAN_POINT ( 'NONE',  ( 4.296059474379194221, 39.75128029631820681, -2.686766307930286590 ) ) ;
#3828 = DIRECTION ( 'NONE',  ( -0.000000000000000000, 1.000000000000000000, 1.365091425809202473E-16 ) ) ;
#3829 = CARTESIAN_POINT ( 'NONE',  ( 2.399999999999982148, 5.391643985941802164, -3.000000000000000000 ) ) ;
#3830 = ORIENTED_EDGE ( 'NONE', *, *, #6766, .F. ) ;
#3831 = ORIENTED_EDGE ( 'NONE', *, *, #7228, .F. ) ;
#3832 = ORIENTED_EDGE ( 'NONE', *, *, #1291, .T. ) ;
#3833 = EDGE_CURVE ( 'NONE', #5751, #2898, #4350, .T. ) ;
#3834 = CIRCLE ( 'NONE', #2709, 9.999999999999998224 ) ;
#3835 = ORIENTED_EDGE ( 'NONE', *, *, #1712, .T. ) ;
#3836 = CARTESIAN_POINT ( 'NONE',  ( -25.71750068664550781, -1.217476000361414457, -2.399999999999989697 ) ) ;
#3837 = EDGE_LOOP ( 'NONE', ( #3918, #1930, #5593, #6777 ) ) ;
#3838 = DIRECTION ( 'NONE',  ( -0.000000000000000000, 0.000000000000000000, 1.000000000000000000 ) ) ;
#3839 = DIRECTION ( 'NONE',  ( 0.000000000000000000, 0.000000000000000000, -1.000000000000000000 ) ) ;
#3840 = ORIENTED_EDGE ( 'NONE', *, *, #5137, .F. ) ;
#3841 = LINE ( 'NONE', #1535, #251 ) ;
#3842 = FACE_OUTER_BOUND ( 'NONE', #1532, .T. ) ;
#3843 = VERTEX_POINT ( 'NONE', #6054 ) ;
#3844 = CYLINDRICAL_SURFACE ( 'NONE', #6469, 0.2500000000000000000 ) ;
#3845 = VECTOR ( 'NONE', #6746, 1000.000000000000000 ) ;
#3846 = CARTESIAN_POINT ( 'NONE',  ( 3.000000000000000000, 13.20128041827299015, -2.290057105453108954E-14 ) ) ;
#3847 = VECTOR ( 'NONE', #849, 1000.000000000000114 ) ;
#3848 = ORIENTED_EDGE ( 'NONE', *, *, #6899, .T. ) ;
#3849 = DIRECTION ( 'NONE',  ( -0.000000000000000000, -2.891205793294595792E-15, -1.000000000000000000 ) ) ;
#3850 = CARTESIAN_POINT ( 'NONE',  ( -4.336808689942017736E-16, 26.45128041827299015, 0.8452906471850267778 ) ) ;
#3851 = DIRECTION ( 'NONE',  ( -0.000000000000000000, -0.000000000000000000, -1.000000000000000000 ) ) ;
#3852 = DIRECTION ( 'NONE',  ( 1.858632295689435609E-16, 1.000000000000000000, 1.232595164407830946E-32 ) ) ;
#3853 = EDGE_CURVE ( 'NONE', #6297, #5913, #6204, .T. ) ;
#3854 = FACE_OUTER_BOUND ( 'NONE', #6979, .T. ) ;
#3855 = AXIS2_PLACEMENT_3D ( 'NONE', #7057, #939, #4845 ) ;
#3856 = LINE ( 'NONE', #403, #1820 ) ;
#3857 = ORIENTED_EDGE ( 'NONE', *, *, #7217, .T. ) ;
#3858 = ADVANCED_FACE ( 'NONE', ( #3599 ), #6108, .F. ) ;
#3859 = CARTESIAN_POINT ( 'NONE',  ( 0.000000000000000000, 41.75128029631820681, 6.000000000000000000 ) ) ;
#3860 = LINE ( 'NONE', #3499, #5592 ) ;
#3861 = ORIENTED_EDGE ( 'NONE', *, *, #4672, .F. ) ;
#3862 = EDGE_CURVE ( 'NONE', #2146, #5014, #1926, .T. ) ;
#3863 = AXIS2_PLACEMENT_3D ( 'NONE', #7138, #361, #3803 ) ;
#3864 = FACE_OUTER_BOUND ( 'NONE', #4733, .T. ) ;
#3865 = LINE ( 'NONE', #2918, #718 ) ;
#3866 = ORIENTED_EDGE ( 'NONE', *, *, #1845, .F. ) ;
#3867 = CARTESIAN_POINT ( 'NONE',  ( 3.000000000000000000, 14.95128041827298482, -2.000000000000000000 ) ) ;
#3868 = LINE ( 'NONE', #4352, #4036 ) ;
#3869 = CARTESIAN_POINT ( 'NONE',  ( -17.30049912664549083, -4.691166140300481402, -2.400000000000003908 ) ) ;
#3870 = DIRECTION ( 'NONE',  ( 0.7071067811865440200, 0.000000000000000000, -0.7071067811865511255 ) ) ;
#3871 = CARTESIAN_POINT ( 'NONE',  ( 6.000000000000000000, 9.280717547841103254, -2.399999999999990585 ) ) ;
#3872 = EDGE_CURVE ( 'NONE', #3370, #4071, #4022, .T. ) ;
#3874 = EDGE_CURVE ( 'NONE', #4168, #6335, #2177, .T. ) ;
#3873 = CARTESIAN_POINT ( 'NONE',  ( -7.000000000000000000, 41.75128029631820681, -22.79898987322333781 ) ) ;
#3875 = VECTOR ( 'NONE', #6547, 1000.000000000000000 ) ;
#3876 = CARTESIAN_POINT ( 'NONE',  ( 1.807106781186547328, 42.25128029631820681, 3.257106781186548172 ) ) ;
#3877 = CYLINDRICAL_SURFACE ( 'NONE', #6423, 0.5000000000000000000 ) ;
#3878 = CARTESIAN_POINT ( 'NONE',  ( 0.004513183761349496073, 40.25128029631820681, 8.795290647185000310 ) ) ;
#3879 = CARTESIAN_POINT ( 'NONE',  ( -7.000000000000000000, 40.25128029631820681, -22.79898987322333781 ) ) ;
#3880 = PRODUCT_RELATED_PRODUCT_CATEGORY ( 'part', '', ( #5464 ) ) ;
#3881 = CARTESIAN_POINT ( 'NONE',  ( 3.250000000000000000, 13.20128041827298482, -3.000000000000000000 ) ) ;
#3882 = CIRCLE ( 'NONE', #3532, 0.5000000000000004441 ) ;
#3884 = AXIS2_PLACEMENT_3D ( 'NONE', #660, #4563, #1206 ) ;
#3883 = DIRECTION ( 'NONE',  ( -0.5842645500517749113, -0.000000000000000000, 0.8115632665127205936 ) ) ;
#3885 = EDGE_LOOP ( 'NONE', ( #2463, #2584, #3675, #6324 ) ) ;
#3886 = ORIENTED_EDGE ( 'NONE', *, *, #1550, .T. ) ;
#3887 = CARTESIAN_POINT ( 'NONE',  ( -6.793925936588083303, 30.25128029631820326, -2.599815102985672866 ) ) ;
#3888 = UNCERTAINTY_MEASURE_WITH_UNIT (LENGTH_MEASURE( 1.000000000000000082E-05 ), #4266, 'distance_accuracy_value', 'NONE');
#3889 = VERTEX_POINT ( 'NONE', #5571 ) ;
#3890 = DIRECTION ( 'NONE',  ( -0.000000000000000000, -0.000000000000000000, 1.000000000000000000 ) ) ;
#3891 = ADVANCED_FACE ( 'NONE', ( #4383 ), #3238, .T. ) ;
#3892 = EDGE_CURVE ( 'NONE', #1974, #7158, #3214, .T. ) ;
#3893 = FACE_OUTER_BOUND ( 'NONE', #5049, .T. ) ;
#3894 = AXIS2_PLACEMENT_3D ( 'NONE', #1928, #914, #2494 ) ;
#3895 = DIRECTION ( 'NONE',  ( 0.000000000000000000, 0.000000000000000000, 1.000000000000000000 ) ) ;
#3896 = CARTESIAN_POINT ( 'NONE',  ( -14.30049912664548728, -7.691166140300482290, -2.400000000000003908 ) ) ;
#3897 = CARTESIAN_POINT ( 'NONE',  ( 15.71750068664550604, 5.391643985941802164, 0.000000000000000000 ) ) ;
#3898 = LINE ( 'NONE', #3528, #214 ) ;
#3899 = EDGE_LOOP ( 'NONE', ( #496, #1080, #2764, #5651 ) ) ;
#3900 = CARTESIAN_POINT ( 'NONE',  ( -3.250000000000000000, 13.20128041827298482, -3.000000000000000000 ) ) ;
#3901 = ORIENTED_EDGE ( 'NONE', *, *, #5596, .F. ) ;
#3902 = EDGE_CURVE ( 'NONE', #3572, #3843, #2343, .T. ) ;
#3903 = VERTEX_POINT ( 'NONE', #6125 ) ;
#3904 = DIRECTION ( 'NONE',  ( -0.000000000000000000, 1.000000000000000000, -0.000000000000000000 ) ) ;
#3905 = CARTESIAN_POINT ( 'NONE',  ( -2.399999999999982148, 5.391643985941802164, -3.000000000000000000 ) ) ;
#3906 = VERTEX_POINT ( 'NONE', #550 ) ;
#3907 = DIRECTION ( 'NONE',  ( -0.000000000000000000, -1.000000000000000000, -0.000000000000000000 ) ) ;
#3908 = ORIENTED_EDGE ( 'NONE', *, *, #5806, .T. ) ;
#3909 = ORIENTED_EDGE ( 'NONE', *, *, #7067, .T. ) ;
#3910 = ORIENTED_EDGE ( 'NONE', *, *, #1879, .F. ) ;
#3912 = EDGE_CURVE ( 'NONE', #2854, #2853, #169, .T. ) ;
#3911 = PLANE ( 'NONE',  #1011 ) ;
#3913 = VECTOR ( 'NONE', #5127, 1000.000000000000114 ) ;
#3914 = ORIENTED_EDGE ( 'NONE', *, *, #3357, .T. ) ;
#3915 = ORIENTED_EDGE ( 'NONE', *, *, #5112, .F. ) ;
#3916 = CARTESIAN_POINT ( 'NONE',  ( 5.452495225056976480, 39.77818695129762006, -1.071964589359481579 ) ) ;
#3917 = CARTESIAN_POINT ( 'NONE',  ( -3.631946009244122475, 42.25128029631820681, 6.500000000000000000 ) ) ;
#3918 = ORIENTED_EDGE ( 'NONE', *, *, #2729, .F. ) ;
#3919 = DIRECTION ( 'NONE',  ( -1.000000000000000000, 0.000000000000000000, 0.000000000000000000 ) ) ;
#3920 = DIRECTION ( 'NONE',  ( 0.000000000000000000, 0.000000000000000000, 1.000000000000000000 ) ) ;
#3921 = CONICAL_SURFACE ( 'NONE', #2434, 17.99969003592087091, 0.7853981633974570498 ) ;
#3922 = ORIENTED_EDGE ( 'NONE', *, *, #1409, .T. ) ;
#3923 = AXIS2_PLACEMENT_3D ( 'NONE', #4634, #6257, #628 ) ;
#3924 = EDGE_LOOP ( 'NONE', ( #343, #5174, #4125, #6005 ) ) ;
#3925 = EDGE_CURVE ( 'NONE', #6120, #3334, #6450, .T. ) ;
#3926 = ADVANCED_FACE ( 'NONE', ( #1628 ), #4196, .F. ) ;
#3927 = DIRECTION ( 'NONE',  ( -0.000000000000000000, -0.000000000000000000, -1.000000000000000000 ) ) ;
#3928 = CARTESIAN_POINT ( 'NONE',  ( 15.71750068664550604, -8.291166140300484599, -3.000000000000000000 ) ) ;
#3929 = DIRECTION ( 'NONE',  ( 0.000000000000000000, 0.000000000000000000, 1.000000000000000000 ) ) ;
#3930 = FACE_OUTER_BOUND ( 'NONE', #2180, .T. ) ;
#3931 = ORIENTED_EDGE ( 'NONE', *, *, #4152, .T. ) ;
#3932 = DIRECTION ( 'NONE',  ( 0.000000000000000000, 1.000000000000000000, -0.000000000000000000 ) ) ;
#3933 = VECTOR ( 'NONE', #2834, 1000.000000000000000 ) ;
#3934 = LINE ( 'NONE', #2601, #5664 ) ;
#3935 = CARTESIAN_POINT ( 'NONE',  ( 0.5000000000000000000, 26.95128041827299015, 0.000000000000000000 ) ) ;
#3936 = LINE ( 'NONE', #995, #5590 ) ;
#3937 = CARTESIAN_POINT ( 'NONE',  ( 4.736771826109912098, 40.14574539342611814, -1.756758704992647191 ) ) ;
#3938 = FACE_OUTER_BOUND ( 'NONE', #4333, .T. ) ;
#3939 = ORIENTED_EDGE ( 'NONE', *, *, #97, .T. ) ;
#3940 = FILL_AREA_STYLE ('',( #3970 ) ) ;
#3941 = EDGE_CURVE ( 'NONE', #5988, #5727, #2040, .T. ) ;
#3942 = ADVANCED_FACE ( 'NONE', ( #5919 ), #2942, .T. ) ;
#3944 = AXIS2_PLACEMENT_3D ( 'NONE', #6218, #2412, #6269 ) ;
#3943 = DIRECTION ( 'NONE',  ( 0.000000000000000000, 0.000000000000000000, -1.000000000000000000 ) ) ;
#3945 = FACE_OUTER_BOUND ( 'NONE', #5799, .T. ) ;
#3946 = VERTEX_POINT ( 'NONE', #3434 ) ;
#3947 = CARTESIAN_POINT ( 'NONE',  ( -11.55619151688099322, -15.11147595840166247, -3.000000000000000000 ) ) ;
#3948 = CARTESIAN_POINT ( 'NONE',  ( 2.000000000000000000, 30.75128029631820326, 1.818884925064438551 ) ) ;
#3949 = FACE_OUTER_BOUND ( 'NONE', #2982, .T. ) ;
#3950 = CARTESIAN_POINT ( 'NONE',  ( -17.30049912664549083, -4.691166140300481402, -2.400000000000003908 ) ) ;
#3951 = DIRECTION ( 'NONE',  ( 0.000000000000000000, -1.000000000000000000, 0.000000000000000000 ) ) ;
#3952 = PLANE ( 'NONE',  #592 ) ;
#3953 = ORIENTED_EDGE ( 'NONE', *, *, #239, .T. ) ;
#3954 = EDGE_CURVE ( 'NONE', #4168, #688, #5335, .T. ) ;
#3955 = AXIS2_PLACEMENT_3D ( 'NONE', #5309, #4155, #2986 ) ;
#3956 = ORIENTED_EDGE ( 'NONE', *, *, #2755, .T. ) ;
#3957 = CARTESIAN_POINT ( 'NONE',  ( -0.5000000000000000000, 27.55128041827300578, -3.000000000000000000 ) ) ;
#3958 = FACE_OUTER_BOUND ( 'NONE', #7211, .T. ) ;
#3959 = ORIENTED_EDGE ( 'NONE', *, *, #4618, .F. ) ;
#3960 = ORIENTED_EDGE ( 'NONE', *, *, #5941, .F. ) ;
#3961 = CARTESIAN_POINT ( 'NONE',  ( -14.30049912664548728, -4.691166140300482290, -0.5999999999999894307 ) ) ;
#3962 = LINE ( 'NONE', #4752, #1231 ) ;
#3963 = ADVANCED_FACE ( 'NONE', ( #1386 ), #5085, .F. ) ;
#3964 = LINE ( 'NONE', #2581, #4748 ) ;
#3965 = AXIS2_PLACEMENT_3D ( 'NONE', #5823, #4043, #6895 ) ;
#3966 = CARTESIAN_POINT ( 'NONE',  ( 6.345232019367652576, 40.25128029631820681, -0.6547679806323410956 ) ) ;
#3967 = DIRECTION ( 'NONE',  ( -0.7071067811865470176, 0.000000000000000000, 0.7071067811865481278 ) ) ;
#3968 = CARTESIAN_POINT ( 'NONE',  ( -9.000000000000001776, 9.280717547841103254, 0.000000000000000000 ) ) ;
#3969 = EDGE_CURVE ( 'NONE', #7031, #3651, #6797, .T. ) ;
#3970 = FILL_AREA_STYLE_COLOUR ( '', #1768 ) ;
#3971 = CARTESIAN_POINT ( 'NONE',  ( 6.949102955666232262, 28.53149281894095424, 0.000000000000000000 ) ) ;
#3972 = CIRCLE ( 'NONE', #6002, 0.5000000000000004441 ) ;
#3973 = ORIENTED_EDGE ( 'NONE', *, *, #5753, .F. ) ;
#3974 = CARTESIAN_POINT ( 'NONE',  ( 17.30049912664549083, -4.691166140300482290, -3.000000000000000000 ) ) ;
#3975 = DIRECTION ( 'NONE',  ( -0.4999999999999959477, -0.4999999999999980016, 0.7071067811865517916 ) ) ;
#3976 = DIRECTION ( 'NONE',  ( 0.000000000000000000, 0.000000000000000000, 1.000000000000000000 ) ) ;
#3977 = VECTOR ( 'NONE', #3558, 1000.000000000000000 ) ;
#3978 = VERTEX_POINT ( 'NONE', #5614 ) ;
#3979 = ORIENTED_EDGE ( 'NONE', *, *, #2620, .F. ) ;
#3980 = ADVANCED_FACE ( 'NONE', ( #3206 ), #3844, .T. ) ;
#3981 = VERTEX_POINT ( 'NONE', #6245 ) ;
#3982 = VECTOR ( 'NONE', #6230, 1000.000000000000000 ) ;
#3983 = EDGE_LOOP ( 'NONE', ( #2307, #2243, #2073, #4412 ) ) ;
#3984 = EDGE_CURVE ( 'NONE', #1323, #2298, #7160, .T. ) ;
#3985 = AXIS2_PLACEMENT_3D ( 'NONE', #4646, #2916, #90 ) ;
#3986 = VERTEX_POINT ( 'NONE', #5038 ) ;
#3987 = DIRECTION ( 'NONE',  ( 0.000000000000000000, 0.000000000000000000, -1.000000000000000000 ) ) ;
#3988 = DIRECTION ( 'NONE',  ( -0.7071067811865472397, 0.000000000000000000, -0.7071067811865479058 ) ) ;
#3989 = ORIENTED_EDGE ( 'NONE', *, *, #3925, .F. ) ;
#3990 = ORIENTED_EDGE ( 'NONE', *, *, #5813, .F. ) ;
#3991 = ORIENTED_EDGE ( 'NONE', *, *, #3341, .T. ) ;
#3992 = EDGE_CURVE ( 'NONE', #2492, #4978, #1201, .T. ) ;
#3993 = AXIS2_PLACEMENT_3D ( 'NONE', #5366, #1483, #2593 ) ;
#3994 = ADVANCED_FACE ( 'NONE', ( #1458 ), #5845, .F. ) ;
#3995 = DIRECTION ( 'NONE',  ( 0.000000000000000000, 0.000000000000000000, -1.000000000000000000 ) ) ;
#3996 = ORIENTED_EDGE ( 'NONE', *, *, #1239, .F. ) ;
#3997 = ORIENTED_EDGE ( 'NONE', *, *, #5022, .F. ) ;
#3998 = ORIENTED_EDGE ( 'NONE', *, *, #6576, .T. ) ;
#3999 = DIRECTION ( 'NONE',  ( -0.000000000000000000, 1.000000000000000000, 0.000000000000000000 ) ) ;
#4000 = VECTOR ( 'NONE', #446, 1000.000000000000000 ) ;
#4001 = ORIENTED_EDGE ( 'NONE', *, *, #5910, .F. ) ;
#4002 = ORIENTED_EDGE ( 'NONE', *, *, #6049, .T. ) ;
#4003 = CARTESIAN_POINT ( 'NONE',  ( 3.378679656440342516, 40.25128029631820681, -1.500000000000000000 ) ) ;
#4004 = AXIS2_PLACEMENT_3D ( 'NONE', #1547, #5970, #3770 ) ;
#4005 = EDGE_CURVE ( 'NONE', #4856, #3812, #5156, .T. ) ;
#4006 = EDGE_CURVE ( 'NONE', #1323, #3186, #3384, .T. ) ;
#4007 = VECTOR ( 'NONE', #3870, 999.9999999999998863 ) ;
#4008 = ORIENTED_EDGE ( 'NONE', *, *, #1409, .F. ) ;
#4009 = CARTESIAN_POINT ( 'NONE',  ( 3.000000000000000000, 23.45128041827299015, -2.399999999999983036 ) ) ;
#4010 = DIRECTION ( 'NONE',  ( 0.000000000000000000, 0.000000000000000000, -1.000000000000000000 ) ) ;
#4011 = LINE ( 'NONE', #4680, #4451 ) ;
#4012 = CYLINDRICAL_SURFACE ( 'NONE', #5576, 1.500000000000000000 ) ;
#4013 = EDGE_CURVE ( 'NONE', #6352, #4259, #6186, .T. ) ;
#4014 =( BOUNDED_CURVE ( )  B_SPLINE_CURVE ( 3, ( #4317, #1438, #405, #1534 ),
 .UNSPECIFIED., .F., .T. ) 
 B_SPLINE_CURVE_WITH_KNOTS ( ( 4, 4 ),
 ( 3.141592653589793116, 4.712388980384689674 ),
 .UNSPECIFIED. ) 
 CURVE ( )  GEOMETRIC_REPRESENTATION_ITEM ( )  RATIONAL_B_SPLINE_CURVE ( ( 1.000000000000000000, 0.8047378541243649375, 0.8047378541243649375, 1.000000000000000000 ) ) 
 REPRESENTATION_ITEM ( '' )  );
#4015 = DIRECTION ( 'NONE',  ( 0.000000000000000000, -0.000000000000000000, 1.000000000000000000 ) ) ;
#4016 = CARTESIAN_POINT ( 'NONE',  ( 3.000000000000000888, 23.84405029664460329, 0.9698897888794412170 ) ) ;
#4017 = DIRECTION ( 'NONE',  ( -1.000000000000000000, 0.000000000000000000, 0.000000000000000000 ) ) ;
#4018 = VECTOR ( 'NONE', #6135, 1000.000000000000000 ) ;
#4019 = DIRECTION ( 'NONE',  ( -0.000000000000000000, -1.000000000000000000, 0.000000000000000000 ) ) ;
#4020 = DIRECTION ( 'NONE',  ( 0.000000000000000000, -1.000000000000000000, 0.000000000000000000 ) ) ;
#4021 = LINE ( 'NONE', #4871, #453 ) ;
#4022 = LINE ( 'NONE', #1072, #1312 ) ;
#4023 = AXIS2_PLACEMENT_3D ( 'NONE', #3000, #4061, #6914 ) ;
#4024 = CARTESIAN_POINT ( 'NONE',  ( -3.500000000000000000, 0.000000000000000000, 0.000000000000000000 ) ) ;
#4025 = CARTESIAN_POINT ( 'NONE',  ( -0.004513183761349496073, 28.25128029631821036, 4.545290647185012745 ) ) ;
#4026 = FACE_OUTER_BOUND ( 'NONE', #6087, .T. ) ;
#4027 = CARTESIAN_POINT ( 'NONE',  ( 6.500000000000000888, 42.25128029631820681, 0.6213203435596476032 ) ) ;
#4028 = ADVANCED_FACE ( 'NONE', ( #2699 ), #3409, .T. ) ;
#4029 = CARTESIAN_POINT ( 'NONE',  ( 2.599999999999992095, 35.25128029631821391, -3.000000000000000000 ) ) ;
#4030 = DIRECTION ( 'NONE',  ( -1.858632295689435856E-16, -1.000000000000000000, 0.000000000000000000 ) ) ;
#4031 = VECTOR ( 'NONE', #6908, 1000.000000000000000 ) ;
#4032 = ORIENTED_EDGE ( 'NONE', *, *, #5834, .F. ) ;
#4033 = EDGE_CURVE ( 'NONE', #7046, #4673, #1179, .T. ) ;
#4035 = AXIS2_PLACEMENT_3D ( 'NONE', #2199, #1675, #6696 ) ;
#4034 = DIRECTION ( 'NONE',  ( -0.000000000000000000, -0.000000000000000000, -1.000000000000000000 ) ) ;
#4036 = VECTOR ( 'NONE', #2703, 1000.000000000000000 ) ;
#4037 = DIRECTION ( 'NONE',  ( -0.5842645500517748003, -0.000000000000000000, 0.8115632665127204826 ) ) ;
#4038 = FACE_OUTER_BOUND ( 'NONE', #6427, .T. ) ;
#4039 = CARTESIAN_POINT ( 'NONE',  ( 22.71750068664549005, -15.71147595840165501, -2.399999999999989697 ) ) ;
#4040 = DIRECTION ( 'NONE',  ( 0.000000000000000000, 0.000000000000000000, 1.000000000000000000 ) ) ;
#4041 = DIRECTION ( 'NONE',  ( 1.000000000000000000, 0.000000000000000000, 0.000000000000000000 ) ) ;
#4042 = FACE_OUTER_BOUND ( 'NONE', #6694, .T. ) ;
#4043 = DIRECTION ( 'NONE',  ( -0.000000000000000000, -0.000000000000000000, 1.000000000000000000 ) ) ;
#4044 = AXIS2_PLACEMENT_3D ( 'NONE', #4130, #833, #5967 ) ;
#4045 = CARTESIAN_POINT ( 'NONE',  ( -5.500000000000007105, 1.022247762629191163E-15, 6.500000000000000000 ) ) ;
#4046 = EDGE_CURVE ( 'NONE', #688, #4814, #5499, .T. ) ;
#4047 = DIRECTION ( 'NONE',  ( -1.000000000000000000, 0.000000000000000000, 0.000000000000000000 ) ) ;
#4048 = CIRCLE ( 'NONE', #5032, 2.399999999999999911 ) ;
#4049 = CARTESIAN_POINT ( 'NONE',  ( -21.92549912664548728, -1.528473728810499699, -3.000000000000000000 ) ) ;
#4050 = VERTEX_POINT ( 'NONE', #1236 ) ;
#4051 = DIRECTION ( 'NONE',  ( -4.001029970875857235E-16, 1.000000000000000000, 0.000000000000000000 ) ) ;
#4052 = ORIENTED_EDGE ( 'NONE', *, *, #548, .T. ) ;
#4053 = AXIS2_PLACEMENT_3D ( 'NONE', #2860, #155, #1778 ) ;
#4054 = LINE ( 'NONE', #1288, #4423 ) ;
#4055 = VECTOR ( 'NONE', #1317, 1000.000000000000000 ) ;
#4056 = EDGE_CURVE ( 'NONE', #5812, #571, #1991, .T. ) ;
#4057 = ORIENTED_EDGE ( 'NONE', *, *, #4195, .T. ) ;
#4058 = DIRECTION ( 'NONE',  ( -1.000000000000000000, -1.858632295689435363E-16, 0.000000000000000000 ) ) ;
#4059 = LINE ( 'NONE', #109, #2571 ) ;
#4060 = FACE_OUTER_BOUND ( 'NONE', #5549, .T. ) ;
#4061 = DIRECTION ( 'NONE',  ( 1.000000000000000000, 0.000000000000000000, -0.000000000000000000 ) ) ;
#4062 = ORIENTED_EDGE ( 'NONE', *, *, #3794, .F. ) ;
#4063 = ADVANCED_FACE ( 'NONE', ( #5748 ), #2766, .F. ) ;
#4064 = CARTESIAN_POINT ( 'NONE',  ( 2.399000521136616548, 25.29492058425566015, 0.7798948702635501995 ) ) ;
#4065 = DIRECTION ( 'NONE',  ( 2.602085213965211430E-15, 0.000000000000000000, 1.000000000000000000 ) ) ;
#4066 = ORIENTED_EDGE ( 'NONE', *, *, #5462, .F. ) ;
#4067 = LINE ( 'NONE', #654, #2914 ) ;
#4069 = AXIS2_PLACEMENT_3D ( 'NONE', #477, #2122, #532 ) ;
#4068 = DIRECTION ( 'NONE',  ( -0.7071067811865507924, -2.829155424136946569E-16, -0.7071067811865442421 ) ) ;
#4070 = CARTESIAN_POINT ( 'NONE',  ( -14.30049912664548728, -7.691166140300484066, -0.5999999999999894307 ) ) ;
#4071 = VERTEX_POINT ( 'NONE', #4623 ) ;
#4072 = ORIENTED_EDGE ( 'NONE', *, *, #3622, .T. ) ;
#4073 = CARTESIAN_POINT ( 'NONE',  ( -4.747590588916565046, 30.25251712457007258, 6.500000000000000000 ) ) ;
#4074 = ORIENTED_EDGE ( 'NONE', *, *, #881, .F. ) ;
#4075 = DIRECTION ( 'NONE',  ( 0.000000000000000000, 0.000000000000000000, 1.000000000000000000 ) ) ;
#4076 = EDGE_CURVE ( 'NONE', #4255, #6352, #1041, .T. ) ;
#4077 = PRODUCT_DEFINITION_CONTEXT ( 'detailed design', #898, 'design' ) ;
#4078 = ORIENTED_EDGE ( 'NONE', *, *, #6326, .T. ) ;
#4079 = DIRECTION ( 'NONE',  ( 0.000000000000000000, 0.000000000000000000, -1.000000000000000000 ) ) ;
#4080 = DIRECTION ( 'NONE',  ( -0.5842645500517748003, -0.000000000000000000, -0.8115632665127204826 ) ) ;
#4081 = ORIENTED_EDGE ( 'NONE', *, *, #2586, .F. ) ;
#4082 = DIRECTION ( 'NONE',  ( 0.000000000000000000, 0.000000000000000000, -1.000000000000000000 ) ) ;
#4083 = CIRCLE ( 'NONE', #562, 0.4999999999999998335 ) ;
#4084 = EDGE_LOOP ( 'NONE', ( #3399, #1155, #1110, #4778 ) ) ;
#4085 = DIRECTION ( 'NONE',  ( 6.207908377626726342E-17, -1.000000000000000000, 0.000000000000000000 ) ) ;
#4086 = ORIENTED_EDGE ( 'NONE', *, *, #6485, .F. ) ;
#4087 = EDGE_CURVE ( 'NONE', #4426, #6911, #3663, .T. ) ;
#4088 = EDGE_LOOP ( 'NONE', ( #5429, #1408, #4524, #4598 ) ) ;
#4089 = EDGE_CURVE ( 'NONE', #6322, #2300, #2516, .T. ) ;
#4090 = VERTEX_POINT ( 'NONE', #5708 ) ;
#4091 = AXIS2_PLACEMENT_3D ( 'NONE', #1074, #7114, #3294 ) ;
#4092 = CARTESIAN_POINT ( 'NONE',  ( 7.000000000000000000, 40.25128029631820681, 0.6213203435596476032 ) ) ;
#4093 = CARTESIAN_POINT ( 'NONE',  ( 6.345232019367652576, 40.25128029631820681, -0.6547679806323410956 ) ) ;
#4094 = CARTESIAN_POINT ( 'NONE',  ( 0.7852436610497768310, 26.37319844497585208, 0.6386918170740017997 ) ) ;
#4095 = DIRECTION ( 'NONE',  ( 0.000000000000000000, 1.000000000000000000, -0.000000000000000000 ) ) ;
#4096 = CARTESIAN_POINT ( 'NONE',  ( 2.931980055915178962, 41.75128029631820681, 5.722912504225716290 ) ) ;
#4097 = FACE_BOUND ( 'NONE', #658, .T. ) ;
#4098 = VERTEX_POINT ( 'NONE', #6831 ) ;
#4099 = PLANE ( 'NONE',  #4615 ) ;
#4100 = VERTEX_POINT ( 'NONE', #3491 ) ;
#4101 = DIRECTION ( 'NONE',  ( -0.000000000000000000, -0.000000000000000000, 1.000000000000000000 ) ) ;
#4102 = ORIENTED_EDGE ( 'NONE', *, *, #2269, .T. ) ;
#4103 = CYLINDRICAL_SURFACE ( 'NONE', #1313, 2.999999999999999112 ) ;
#4104 = ORIENTED_EDGE ( 'NONE', *, *, #5532, .T. ) ;
#4105 = DIRECTION ( 'NONE',  ( -1.000000000000000000, 0.000000000000000000, 0.000000000000000000 ) ) ;
#4106 = DIRECTION ( 'NONE',  ( 0.000000000000000000, 0.000000000000000000, -1.000000000000000000 ) ) ;
#4107 = AXIS2_PLACEMENT_3D ( 'NONE', #4755, #6410, #5306 ) ;
#4109 = EDGE_CURVE ( 'NONE', #5332, #7080, #6626, .T. ) ;
#4108 = CARTESIAN_POINT ( 'NONE',  ( -25.11750068664549929, 5.391643985941802164, -3.000000000000000000 ) ) ;
#4110 = ADVANCED_FACE ( 'NONE', ( #6271 ), #5189, .F. ) ;
#4111 = VECTOR ( 'NONE', #3449, 1000.000000000000000 ) ;
#4112 = CARTESIAN_POINT ( 'NONE',  ( -17.90049912664548160, 3.980218421195628409, -3.000000000000000000 ) ) ;
#4113 = LINE ( 'NONE', #3825, #4203 ) ;
#4114 = CARTESIAN_POINT ( 'NONE',  ( -22.71750068664549005, -15.71147595840166566, -2.399999999999989697 ) ) ;
#4115 = DIRECTION ( 'NONE',  ( 1.000000000000000000, 0.000000000000000000, 0.000000000000000000 ) ) ;
#4116 = ADVANCED_BREP_SHAPE_REPRESENTATION ( 'ebb36-strain-relief-cover', ( #4872, #3645 ), #6017 ) ;
#4117 = LINE ( 'NONE', #4850, #82 ) ;
#4118 = DIRECTION ( 'NONE',  ( -0.000000000000000000, -0.000000000000000000, -1.000000000000000000 ) ) ;
#4119 = AXIS2_PLACEMENT_3D ( 'NONE', #242, #1307, #5311 ) ;
#4120 = FACE_OUTER_BOUND ( 'NONE', #5954, .T. ) ;
#4121 = ORIENTED_EDGE ( 'NONE', *, *, #611, .T. ) ;
#4122 = CARTESIAN_POINT ( 'NONE',  ( -3.000000000000000000, 22.64160859442493390, 1.136991343025266943 ) ) ;
#4123 = CARTESIAN_POINT ( 'NONE',  ( 2.384399610574488904, 25.31375395310738341, 1.007794427922937386 ) ) ;
#4124 = CARTESIAN_POINT ( 'NONE',  ( -9.000000000000001776, -7.691166140300482290, -2.400000000000003908 ) ) ;
#4125 = ORIENTED_EDGE ( 'NONE', *, *, #1136, .F. ) ;
#4126 = LINE ( 'NONE', #1718, #3507 ) ;
#4127 = EDGE_CURVE ( 'NONE', #86, #3411, #2161, .T. ) ;
#4128 = VECTOR ( 'NONE', #3904, 1000.000000000000000 ) ;
#4129 = AXIS2_PLACEMENT_3D ( 'NONE', #6201, #2857, #5197 ) ;
#4130 = CARTESIAN_POINT ( 'NONE',  ( -16.69627616777151147, 32.69713975227765701, -2.999999999999999112 ) ) ;
#4131 = ORIENTED_EDGE ( 'NONE', *, *, #2994, .T. ) ;
#4132 = LINE ( 'NONE', #2983, #4743 ) ;
#4133 = ORIENTED_EDGE ( 'NONE', *, *, #5611, .T. ) ;
#4134 = DIRECTION ( 'NONE',  ( 1.000000000000000000, -0.000000000000000000, -0.000000000000000000 ) ) ;
#4135 = DIRECTION ( 'NONE',  ( -1.000000000000000000, 0.000000000000000000, 0.000000000000000000 ) ) ;
#4136 = ORIENTED_EDGE ( 'NONE', *, *, #408, .T. ) ;
#4137 = EDGE_CURVE ( 'NONE', #3981, #2934, #4796, .T. ) ;
#4138 = AXIS2_PLACEMENT_3D ( 'NONE', #1385, #6339, #5757 ) ;
#4139 = CYLINDRICAL_SURFACE ( 'NONE', #5650, 2.999999999999995559 ) ;
#4140 = CARTESIAN_POINT ( 'NONE',  ( 22.71750068664550781, -12.71147595840166034, -2.399999999999989697 ) ) ;
#4141 = CYLINDRICAL_SURFACE ( 'NONE', #1334, 0.5000000000000000000 ) ;
#4142 = VERTEX_POINT ( 'NONE', #1735 ) ;
#4143 = PLANE ( 'NONE',  #2801 ) ;
#4144 = ADVANCED_FACE ( 'NONE', ( #441 ), #2337, .T. ) ;
#4145 = CARTESIAN_POINT ( 'NONE',  ( -10.67629223573938724, -15.69816324515218398, -2.599941731754314311 ) ) ;
#4146 = DIRECTION ( 'NONE',  ( -0.000000000000000000, -0.000000000000000000, -1.000000000000000000 ) ) ;
#4147 = DIRECTION ( 'NONE',  ( -1.000000000000000000, -0.000000000000000000, -0.000000000000000000 ) ) ;
#4148 = LINE ( 'NONE', #2946, #485 ) ;
#4149 = AXIS2_PLACEMENT_3D ( 'NONE', #4140, #3576, #225 ) ;
#4150 = ORIENTED_EDGE ( 'NONE', *, *, #2780, .T. ) ;
#4151 = DIRECTION ( 'NONE',  ( 0.000000000000000000, -0.8944271909999161885, -0.4472135954999573726 ) ) ;
#4152 = EDGE_CURVE ( 'NONE', #6639, #112, #3299, .T. ) ;
#4153 = EDGE_CURVE ( 'NONE', #2210, #1676, #1907, .T. ) ;
#4154 = ADVANCED_FACE ( 'NONE', ( #6369 ), #5132, .T. ) ;
#4155 = DIRECTION ( 'NONE',  ( 0.000000000000000000, 0.000000000000000000, -1.000000000000000000 ) ) ;
#4156 = LINE ( 'NONE', #6921, #2662 ) ;
#4157 = ORIENTED_EDGE ( 'NONE', *, *, #1319, .F. ) ;
#4158 = CARTESIAN_POINT ( 'NONE',  ( -0.04437249225549069753, -1.489057109605489870, 0.000000000000000000 ) ) ;
#4159 = ORIENTED_EDGE ( 'NONE', *, *, #920, .F. ) ;
#4160 = ORIENTED_EDGE ( 'NONE', *, *, #2068, .F. ) ;
#4161 = CIRCLE ( 'NONE', #2457, 1.625000000000001332 ) ;
#4162 =( GEOMETRIC_REPRESENTATION_CONTEXT ( 3 ) GLOBAL_UNCERTAINTY_ASSIGNED_CONTEXT ( ( #3888 ) ) GLOBAL_UNIT_ASSIGNED_CONTEXT ( ( #4266, #6571, #2594 ) ) REPRESENTATION_CONTEXT ( 'NONE', 'WORKASPACE' ) );
#4163 = DIRECTION ( 'NONE',  ( 0.000000000000000000, 0.000000000000000000, 1.000000000000000000 ) ) ;
#4164 = EDGE_CURVE ( 'NONE', #4416, #301, #350, .T. ) ;
#4165 = ORIENTED_EDGE ( 'NONE', *, *, #3709, .F. ) ;
#4166 = DIRECTION ( 'NONE',  ( -0.000000000000000000, 1.000000000000000000, -0.000000000000000000 ) ) ;
#4167 = ORIENTED_EDGE ( 'NONE', *, *, #6714, .F. ) ;
#4168 = VERTEX_POINT ( 'NONE', #1759 ) ;
#4169 = CARTESIAN_POINT ( 'NONE',  ( 1.599999999999999423, 29.25128029631821036, 1.950000000000000844 ) ) ;
#4170 = PLANE ( 'NONE',  #2714 ) ;
#4171 = CARTESIAN_POINT ( 'NONE',  ( -14.30049912664548728, -4.691166140300482290, 0.000000000000000000 ) ) ;
#4172 = CARTESIAN_POINT ( 'NONE',  ( 0.000000000000000000, 30.25128029631820326, 6.500000000000000000 ) ) ;
#4173 = DIRECTION ( 'NONE',  ( -0.7071067811865485719, 0.7071067811865465735, 0.000000000000000000 ) ) ;
#4174 = EDGE_LOOP ( 'NONE', ( #6198, #6964, #3129, #4337 ) ) ;
#4175 = DIRECTION ( 'NONE',  ( 0.000000000000000000, 1.000000000000000000, 0.000000000000000000 ) ) ;
#4177 = AXIS2_PLACEMENT_3D ( 'NONE', #102, #678, #2394 ) ;
#4176 = CARTESIAN_POINT ( 'NONE',  ( 16.69627616777151147, 32.69713975227765701, -3.000000000000000000 ) ) ;
#4178 = ORIENTED_EDGE ( 'NONE', *, *, #1042, .F. ) ;
#4179 = EDGE_LOOP ( 'NONE', ( #4537, #487, #2107, #282 ) ) ;
#4180 = CARTESIAN_POINT ( 'NONE',  ( -3.250000000000000444, 13.20128041827298482, -3.000000000000000000 ) ) ;
#4181 = ORIENTED_EDGE ( 'NONE', *, *, #3329, .F. ) ;
#4182 = DIRECTION ( 'NONE',  ( -1.971276677246372012E-16, 0.000000000000000000, -1.000000000000000000 ) ) ;
#4183 = ORIENTED_EDGE ( 'NONE', *, *, #1391, .T. ) ;
#4184 = AXIS2_PLACEMENT_3D ( 'NONE', #3245, #6060, #3269 ) ;
#4185 = LINE ( 'NONE', #3836, #6443 ) ;
#4186 = ORIENTED_EDGE ( 'NONE', *, *, #1828, .T. ) ;
#4187 = ORIENTED_EDGE ( 'NONE', *, *, #3954, .F. ) ;
#4188 = CARTESIAN_POINT ( 'NONE',  ( -16.69627616777151147, 32.69713975227765701, 0.000000000000000000 ) ) ;
#4189 = DIRECTION ( 'NONE',  ( -1.858632295689435856E-16, 1.000000000000000000, 0.000000000000000000 ) ) ;
#4190 = ORIENTED_EDGE ( 'NONE', *, *, #839, .F. ) ;
#4191 = DIRECTION ( 'NONE',  ( 0.000000000000000000, -1.000000000000000000, -0.000000000000000000 ) ) ;
#4192 = VECTOR ( 'NONE', #4413, 1000.000000000000000 ) ;
#4193 = EDGE_LOOP ( 'NONE', ( #952, #210, #2238, #2922 ) ) ;
#4194 = ADVANCED_FACE ( 'NONE', ( #1717 ), #710, .T. ) ;
#4195 = EDGE_CURVE ( 'NONE', #1919, #753, #256, .T. ) ;
#4196 = TOROIDAL_SURFACE ( 'NONE', #6091, 1.499999999999999556, 0.5000000000000000000 ) ;
#4197 = AXIS2_PLACEMENT_3D ( 'NONE', #3900, #6858, #5087 ) ;
#4198 = CARTESIAN_POINT ( 'NONE',  ( 3.000000000000000000, 23.45128041827299015, -2.399999999999983036 ) ) ;
#4199 = CARTESIAN_POINT ( 'NONE',  ( 0.000000000000000000, 29.25128029631821036, 0.000000000000000000 ) ) ;
#4200 = CARTESIAN_POINT ( 'NONE',  ( -3.614007241618347785E-16, 26.23663575733231568, 0.8759541701765514166 ) ) ;
#4201 = DIRECTION ( 'NONE',  ( -1.156482317317871725E-15, 0.000000000000000000, 1.000000000000000000 ) ) ;
#4202 = VECTOR ( 'NONE', #3473, 1000.000000000000114 ) ;
#4203 = VECTOR ( 'NONE', #5453, 1000.000000000000000 ) ;
#4204 = CIRCLE ( 'NONE', #2308, 17.99969003592087091 ) ;
#4205 = CARTESIAN_POINT ( 'NONE',  ( 0.000000000000000000, 35.25128029631821391, -2.800000000000009148 ) ) ;
#4206 = AXIS2_PLACEMENT_3D ( 'NONE', #2395, #5720, #3448 ) ;
#4207 = LINE ( 'NONE', #4169, #1212 ) ;
#4208 = ORIENTED_EDGE ( 'NONE', *, *, #4382, .T. ) ;
#4210 = EDGE_CURVE ( 'NONE', #3708, #6566, #1551, .T. ) ;
#4209 = CARTESIAN_POINT ( 'NONE',  ( -3.000000000000000000, 13.20128041827298659, -1.661437827766145015 ) ) ;
#4211 = PLANE ( 'NONE',  #2234 ) ;
#4212 = LINE ( 'NONE', #1241, #5349 ) ;
#4213 = ORIENTED_EDGE ( 'NONE', *, *, #5574, .F. ) ;
#4214 = CYLINDRICAL_SURFACE ( 'NONE', #4384, 0.4999999999999995559 ) ;
#4215 = AXIS2_PLACEMENT_3D ( 'NONE', #4049, #2379, #162 ) ;
#4216 = DIRECTION ( 'NONE',  ( 1.000000000000000000, -0.000000000000000000, -0.000000000000000000 ) ) ;
#4217 = ORIENTED_EDGE ( 'NONE', *, *, #3496, .F. ) ;
#4218 = ADVANCED_FACE ( 'NONE', ( #693 ), #5987, .T. ) ;
#4219 = DIRECTION ( 'NONE',  ( 4.001029970875857235E-16, 1.000000000000000000, 0.000000000000000000 ) ) ;
#4220 = CARTESIAN_POINT ( 'NONE',  ( -2.621359168317947574, 24.96213735152700863, 0.8234736269303930545 ) ) ;
#4221 = FACE_OUTER_BOUND ( 'NONE', #6467, .T. ) ;
#4222 = EDGE_LOOP ( 'NONE', ( #1029, #4713, #4591, #6706, #4407 ) ) ;
#4223 = DIRECTION ( 'NONE',  ( 0.7071067811865474617, 0.000000000000000000, 0.7071067811865474617 ) ) ;
#4224 = VECTOR ( 'NONE', #6479, 999.9999999999998863 ) ;
#4225 = EDGE_CURVE ( 'NONE', #2027, #3003, #4374, .T. ) ;
#4226 = AXIS2_PLACEMENT_3D ( 'NONE', #5956, #4241, #988 ) ;
#4227 = ADVANCED_FACE ( 'NONE', ( #6699 ), #1813, .T. ) ;
#4228 = VECTOR ( 'NONE', #1920, 1000.000000000000000 ) ;
#4229 = ORIENTED_EDGE ( 'NONE', *, *, #4369, .T. ) ;
#4230 = CARTESIAN_POINT ( 'NONE',  ( -7.000000000000002665, 29.74104377325270221, -0.4752033175284421374 ) ) ;
#4231 = DIRECTION ( 'NONE',  ( 0.000000000000000000, 0.000000000000000000, -1.000000000000000000 ) ) ;
#4232 = CYLINDRICAL_SURFACE ( 'NONE', #4903, 9.999999999999998224 ) ;
#4233 = ORIENTED_EDGE ( 'NONE', *, *, #1747, .F. ) ;
#4234 = EDGE_CURVE ( 'NONE', #2898, #5812, #449, .T. ) ;
#4235 = AXIS2_PLACEMENT_3D ( 'NONE', #1505, #3213, #2645 ) ;
#4236 = ORIENTED_EDGE ( 'NONE', *, *, #202, .T. ) ;
#4237 = CARTESIAN_POINT ( 'NONE',  ( -3.558769552017628346, 30.25128029631820326, 5.644138212168633650 ) ) ;
#4238 = FACE_OUTER_BOUND ( 'NONE', #4240, .T. ) ;
#4239 = CARTESIAN_POINT ( 'NONE',  ( 5.500000000000007105, 1.022247762629191163E-15, 6.500000000000000000 ) ) ;
#4240 = EDGE_LOOP ( 'NONE', ( #1655, #1562, #5165 ) ) ;
#4241 = DIRECTION ( 'NONE',  ( -0.5822706741880129266, 0.000000000000000000, -0.8129949950526367264 ) ) ;
#4242 = CARTESIAN_POINT ( 'NONE',  ( -0.004513183761349496073, 28.75128029631821036, 8.795290647185000310 ) ) ;
#4243 = CARTESIAN_POINT ( 'NONE',  ( -7.000000000000002665, 28.75128029631820681, 5.000000000000000888 ) ) ;
#4244 = CARTESIAN_POINT ( 'NONE',  ( 7.000000000000000000, 41.75128029631820681, 0.6213203435596476032 ) ) ;
#4245 = CARTESIAN_POINT ( 'NONE',  ( -1.497968667086288397, 26.07967886856324924, 0.8983765828579003410 ) ) ;
#4246 = CIRCLE ( 'NONE', #4215, 2.225000000000025402 ) ;
#4247 = CONICAL_SURFACE ( 'NONE', #622, 2.225000000000025402, 0.7853981633974419507 ) ;
#4248 = EDGE_CURVE ( 'NONE', #7075, #1663, #6842, .T. ) ;
#4249 = VERTEX_POINT ( 'NONE', #788 ) ;
#4250 = EDGE_CURVE ( 'NONE', #4897, #2429, #495, .T. ) ;
#4251 = CARTESIAN_POINT ( 'NONE',  ( -22.71750068664549005, -15.71147595840166566, -2.399999999999989697 ) ) ;
#4252 = ORIENTED_EDGE ( 'NONE', *, *, #715, .T. ) ;
#4253 = CIRCLE ( 'NONE', #3338, 10.60000000000001741 ) ;
#4254 = DIRECTION ( 'NONE',  ( -1.858632295689435856E-16, -1.000000000000000000, 0.000000000000000000 ) ) ;
#4255 = VERTEX_POINT ( 'NONE', #2455 ) ;
#4256 = ORIENTED_EDGE ( 'NONE', *, *, #638, .T. ) ;
#4257 = AXIS2_PLACEMENT_3D ( 'NONE', #5678, #4588, #2328 ) ;
#4258 = CARTESIAN_POINT ( 'NONE',  ( 2.399999999999982148, 13.20128041827298837, -3.000000000000000000 ) ) ;
#4259 = VERTEX_POINT ( 'NONE', #1937 ) ;
#4260 = ADVANCED_FACE ( 'NONE', ( #1948 ), #5211, .F. ) ;
#4261 = EDGE_LOOP ( 'NONE', ( #546, #3359, #4745, #50, #2741, #3405 ) ) ;
#4262 = ORIENTED_EDGE ( 'NONE', *, *, #2491, .F. ) ;
#4263 = DIRECTION ( 'NONE',  ( -1.858632295689435856E-16, 1.000000000000000000, 0.000000000000000000 ) ) ;
#4264 = DIRECTION ( 'NONE',  ( 0.000000000000000000, 0.9899494936611664686, -0.1414213562373094202 ) ) ;
#4265 = PLANE ( 'NONE',  #2930 ) ;
#4266 =( LENGTH_UNIT ( ) NAMED_UNIT ( * ) SI_UNIT ( .MILLI., .METRE. ) );
#4267 = CARTESIAN_POINT ( 'NONE',  ( -2.199083811041946834, 25.17663924281638543, 1.027382243678827134 ) ) ;
#4268 = LINE ( 'NONE', #1349, #6870 ) ;
#4269 = ORIENTED_EDGE ( 'NONE', *, *, #2217, .F. ) ;
#4270 = EDGE_CURVE ( 'NONE', #3105, #4864, #2167, .T. ) ;
#4272 = AXIS2_PLACEMENT_3D ( 'NONE', #6456, #6483, #4807 ) ;
#4271 = DIRECTION ( 'NONE',  ( 0.000000000000000000, 0.000000000000000000, 1.000000000000000000 ) ) ;
#4273 = EDGE_LOOP ( 'NONE', ( #6917, #4560, #3542, #4939 ) ) ;
#4274 = ORIENTED_EDGE ( 'NONE', *, *, #2160, .F. ) ;
#4275 = TOROIDAL_SURFACE ( 'NONE', #858, 1.000000000000000000, 0.5000000000000000000 ) ;
#4276 = EDGE_LOOP ( 'NONE', ( #6344, #2823, #347, #3237 ) ) ;
#4277 = CARTESIAN_POINT ( 'NONE',  ( 3.500000000000000000, 13.20128041827298659, -2.399999999999983924 ) ) ;
#4278 = CARTESIAN_POINT ( 'NONE',  ( -10.56851974637499758, -15.52890760847669682, -0.2000445141484174516 ) ) ;
#4279 = ORIENTED_EDGE ( 'NONE', *, *, #1602, .T. ) ;
#4280 = VECTOR ( 'NONE', #1256, 1000.000000000000000 ) ;
#4281 = EDGE_CURVE ( 'NONE', #5280, #4687, #662, .T. ) ;
#4282 = VECTOR ( 'NONE', #3503, 1000.000000000000000 ) ;
#4283 = VECTOR ( 'NONE', #2392, 1000.000000000000114 ) ;
#4284 = ORIENTED_EDGE ( 'NONE', *, *, #6754, .F. ) ;
#4285 = VECTOR ( 'NONE', #1588, 999.9999999999998863 ) ;
#4286 = DIRECTION ( 'NONE',  ( 0.000000000000000000, 0.000000000000000000, 1.000000000000000000 ) ) ;
#4287 = VECTOR ( 'NONE', #3452, 1000.000000000000000 ) ;
#4288 = AXIS2_PLACEMENT_3D ( 'NONE', #4408, #1053, #1528 ) ;
#4289 = DIRECTION ( 'NONE',  ( 0.000000000000000000, 0.000000000000000000, 1.000000000000000000 ) ) ;
#4290 = ADVANCED_FACE ( 'NONE', ( #124 ), #4247, .F. ) ;
#4291 = CARTESIAN_POINT ( 'NONE',  ( 2.750000000000000444, 3.412728564523048708E-17, -0.2500000000000031086 ) ) ;
#4292 = CARTESIAN_POINT ( 'NONE',  ( 6.057816332563604078, 30.75128029631820326, 4.740207675323312664 ) ) ;
#4293 = EDGE_CURVE ( 'NONE', #6228, #4673, #7019, .T. ) ;
#4294 = DIRECTION ( 'NONE',  ( 0.000000000000000000, 0.000000000000000000, -1.000000000000000000 ) ) ;
#4295 = VECTOR ( 'NONE', #1099, 1000.000000000000000 ) ;
#4296 = DIRECTION ( 'NONE',  ( 1.000000000000000000, 0.000000000000000000, 0.000000000000000000 ) ) ;
#4297 = CYLINDRICAL_SURFACE ( 'NONE', #1869, 3.000000000000000000 ) ;
#4298 = ORIENTED_EDGE ( 'NONE', *, *, #1794, .T. ) ;
#4299 = CARTESIAN_POINT ( 'NONE',  ( -22.71750068664549005, -15.71147595840166566, -0.6000000000000033085 ) ) ;
#4300 = EDGE_LOOP ( 'NONE', ( #581, #5008, #3910, #6413 ) ) ;
#4301 = ADVANCED_FACE ( 'NONE', ( #5019 ), #3082, .F. ) ;
#4302 = CARTESIAN_POINT ( 'NONE',  ( 3.000000000000000000, 18.45128041827299015, -0.2500000000000003886 ) ) ;
#4303 = CARTESIAN_POINT ( 'NONE',  ( 3.250000000000000000, 13.20128041827298659, -2.399999999999983924 ) ) ;
#4304 = AXIS2_PLACEMENT_3D ( 'NONE', #5368, #6913, #7020 ) ;
#4305 = CARTESIAN_POINT ( 'NONE',  ( 11.12132034355964016, 11.40203789140074697, -0.5999999999999963141 ) ) ;
#4307 = EDGE_CURVE ( 'NONE', #886, #859, #2740, .T. ) ;
#4306 = PLANE ( 'NONE',  #4004 ) ;
#4308 = VECTOR ( 'NONE', #5290, 1000.000000000000114 ) ;
#4309 = ORIENTED_EDGE ( 'NONE', *, *, #538, .F. ) ;
#4310 = LINE ( 'NONE', #2272, #981 ) ;
#4311 = CARTESIAN_POINT ( 'NONE',  ( 4.004924137285187591, 39.75128029631820681, -2.280268810403968338 ) ) ;
#4312 = EDGE_LOOP ( 'NONE', ( #3571, #911, #2554, #865 ) ) ;
#4313 = LINE ( 'NONE', #62, #5007 ) ;
#4314 = AXIS2_PLACEMENT_3D ( 'NONE', #1364, #4231, #5381 ) ;
#4315 = ORIENTED_EDGE ( 'NONE', *, *, #1319, .T. ) ;
#4316 = CARTESIAN_POINT ( 'NONE',  ( -7.000000000000000000, 40.25128029631820681, 3.283583722384670628E-15 ) ) ;
#4317 = CARTESIAN_POINT ( 'NONE',  ( 3.000000000000000000, 30.75128029631820326, -2.999999999999999112 ) ) ;
#4318 = CARTESIAN_POINT ( 'NONE',  ( 5.910708817430887052, 39.75128029631820681, -0.4074026900626631087 ) ) ;
#4319 = CARTESIAN_POINT ( 'NONE',  ( -2.678424857853884511, 24.20644244652409327, 1.165981786006297760 ) ) ;
#4320 = VECTOR ( 'NONE', #1613, 1000.000000000000000 ) ;
#4321 = EDGE_CURVE ( 'NONE', #3154, #3032, #3257, .T. ) ;
#4322 = AXIS2_PLACEMENT_3D ( 'NONE', #4553, #699, #5531 ) ;
#4323 = DIRECTION ( 'NONE',  ( -0.000000000000000000, 1.000000000000000000, -0.000000000000000000 ) ) ;
#4324 = CARTESIAN_POINT ( 'NONE',  ( 2.750000000000000444, 22.95128041827299015, 1.345290647185026334 ) ) ;
#4325 = LINE ( 'NONE', #2785, #5882 ) ;
#4326 = CARTESIAN_POINT ( 'NONE',  ( 4.450922536447977862, 30.31273273462251439, 6.499999999999999112 ) ) ;
#4327 = ORIENTED_EDGE ( 'NONE', *, *, #669, .T. ) ;
#4328 = ORIENTED_EDGE ( 'NONE', *, *, #7115, .T. ) ;
#4329 = DIRECTION ( 'NONE',  ( 0.7071067811865467956, 0.000000000000000000, -0.7071067811865484609 ) ) ;
#4330 = EDGE_CURVE ( 'NONE', #5236, #3535, #111, .T. ) ;
#4331 = CYLINDRICAL_SURFACE ( 'NONE', #1782, 2.999999999999999112 ) ;
#4332 = ORIENTED_EDGE ( 'NONE', *, *, #5044, .T. ) ;
#4333 = EDGE_LOOP ( 'NONE', ( #3578, #4078, #3055, #686, #6603, #3112 ) ) ;
#4334 = ORIENTED_EDGE ( 'NONE', *, *, #7094, .T. ) ;
#4335 = DIRECTION ( 'NONE',  ( -0.000000000000000000, 1.000000000000000000, 0.000000000000000000 ) ) ;
#4336 = ADVANCED_FACE ( 'NONE', ( #2383 ), #1765, .F. ) ;
#4337 = ORIENTED_EDGE ( 'NONE', *, *, #307, .F. ) ;
#4338 = VECTOR ( 'NONE', #5723, 1000.000000000000000 ) ;
#4339 = DIRECTION ( 'NONE',  ( 0.8129949950526368374, 0.000000000000000000, 0.5822706741880130377 ) ) ;
#4340 =( BOUNDED_CURVE ( )  B_SPLINE_CURVE ( 3, ( #905, #1003, #421, #7074 ),
 .UNSPECIFIED., .F., .T. ) 
 B_SPLINE_CURVE_WITH_KNOTS ( ( 4, 4 ),
 ( 4.712388980384700332, 6.283185307179586232 ),
 .UNSPECIFIED. ) 
 CURVE ( )  GEOMETRIC_REPRESENTATION_ITEM ( )  RATIONAL_B_SPLINE_CURVE ( ( 1.000000000000000000, 0.8047378541243676020, 0.8047378541243676020, 1.000000000000000000 ) ) 
 REPRESENTATION_ITEM ( '' )  );
#4341 = DIRECTION ( 'NONE',  ( -0.5000000000000001110, 0.5000000000000021094, 0.7071067811865459074 ) ) ;
#4342 = CARTESIAN_POINT ( 'NONE',  ( 4.884337297037707692, 39.77728226924255495, -1.650429147755420489 ) ) ;
#4343 = CARTESIAN_POINT ( 'NONE',  ( 0.000000000000000000, 0.000000000000000000, 0.000000000000000000 ) ) ;
#4344 = ORIENTED_EDGE ( 'NONE', *, *, #1146, .T. ) ;
#4345 = CARTESIAN_POINT ( 'NONE',  ( 3.519023103854639789, 39.75128029631820681, -3.243283253406248789 ) ) ;
#4346 = DIRECTION ( 'NONE',  ( 0.7071067811865491270, -0.000000000000000000, -0.7071067811865459074 ) ) ;
#4347 = ORIENTED_EDGE ( 'NONE', *, *, #1337, .F. ) ;
#4348 = AXIS2_PLACEMENT_3D ( 'NONE', #5509, #4296, #3218 ) ;
#4349 = CARTESIAN_POINT ( 'NONE',  ( 4.206945495721835293, 40.25128029631820681, -2.750590140485413837 ) ) ;
#4350 = B_SPLINE_CURVE_WITH_KNOTS ( 'NONE', 3,
 ( #6685, #6617, #3264, #6664, #3291, #1648, #4393, #2750 ),
 .UNSPECIFIED., .F., .F.,
 ( 4, 2, 2, 4 ),
 ( 2.157985334130459886E-06, 0.0002278068491939849542, 0.0004534557130538394588, 0.0009047534407735541599 ),
 .UNSPECIFIED. ) ;
#4351 = ORIENTED_EDGE ( 'NONE', *, *, #2919, .F. ) ;
#4352 = CARTESIAN_POINT ( 'NONE',  ( -3.000000000000000000, 13.20128041827298837, -0.9999999999999986677 ) ) ;
#4353 = DIRECTION ( 'NONE',  ( 0.000000000000000000, -1.000000000000000000, 1.734723475976805517E-15 ) ) ;
#4354 = ORIENTED_EDGE ( 'NONE', *, *, #1921, .F. ) ;
#4355 = CARTESIAN_POINT ( 'NONE',  ( -9.625208355906046620, 25.62607194041217085, -2.399999999999989697 ) ) ;
#4356 = ORIENTED_EDGE ( 'NONE', *, *, #2057, .F. ) ;
#4357 = DIRECTION ( 'NONE',  ( 0.000000000000000000, 1.000000000000000000, -3.061276722311949875E-15 ) ) ;
#4358 = ORIENTED_EDGE ( 'NONE', *, *, #1941, .F. ) ;
#4359 = AXIS2_PLACEMENT_3D ( 'NONE', #4425, #5542, #2184 ) ;
#4360 = VERTEX_POINT ( 'NONE', #6874 ) ;
#4361 = CARTESIAN_POINT ( 'NONE',  ( 4.747590588916565935, 40.25004346806634459, 6.500000000000000000 ) ) ;
#4362 = VECTOR ( 'NONE', #1063, 1000.000000000000114 ) ;
#4363 = ORIENTED_EDGE ( 'NONE', *, *, #4437, .T. ) ;
#4364 = ORIENTED_EDGE ( 'NONE', *, *, #1230, .F. ) ;
#4365 = CARTESIAN_POINT ( 'NONE',  ( -1.600000000000000311, 29.25128029631821036, 1.950000000000000844 ) ) ;
#4366 = DIRECTION ( 'NONE',  ( 0.000000000000000000, 0.000000000000000000, 1.000000000000000000 ) ) ;
#4367 = DIRECTION ( 'NONE',  ( -1.000000000000000000, 0.000000000000000000, 0.000000000000000000 ) ) ;
#4368 = DIRECTION ( 'NONE',  ( -0.000000000000000000, 1.734723475976807292E-15, 1.000000000000000000 ) ) ;
#4369 = EDGE_CURVE ( 'NONE', #5598, #4090, #117, .T. ) ;
#4370 = CARTESIAN_POINT ( 'NONE',  ( -3.000000000000000000, 15.16242603627315333, -1.894427190999916411 ) ) ;
#4371 = CIRCLE ( 'NONE', #3711, 4.249999999999988454 ) ;
#4372 = VERTEX_POINT ( 'NONE', #4665 ) ;
#4373 = CARTESIAN_POINT ( 'NONE',  ( 3.378679656440349177, 5.391643985941799500, -1.500000000000000000 ) ) ;
#4374 = CIRCLE ( 'NONE', #3365, 2.999999999999999112 ) ;
#4375 = FACE_OUTER_BOUND ( 'NONE', #4193, .T. ) ;
#4376 = ADVANCED_FACE ( 'NONE', ( #6069 ), #5890, .F. ) ;
#4377 = CARTESIAN_POINT ( 'NONE',  ( 7.000000000000000000, 42.25128029631820681, -22.79898987322333781 ) ) ;
#4378 = DIRECTION ( 'NONE',  ( -0.000000000000000000, 1.734723475976807094E-15, 1.000000000000000000 ) ) ;
#4379 = DIRECTION ( 'NONE',  ( -0.000000000000000000, 1.000000000000000000, -0.000000000000000000 ) ) ;
#4380 = CIRCLE ( 'NONE', #4410, 2.599999999999992095 ) ;
#4381 = CARTESIAN_POINT ( 'NONE',  ( 6.057816332563604966, 30.75128029631820326, 4.740207675323311776 ) ) ;
#4382 = EDGE_CURVE ( 'NONE', #5074, #1919, #272, .T. ) ;
#4383 = FACE_OUTER_BOUND ( 'NONE', #4854, .T. ) ;
#4384 = AXIS2_PLACEMENT_3D ( 'NONE', #3050, #6945, #3629 ) ;
#4385 = FACE_OUTER_BOUND ( 'NONE', #636, .T. ) ;
#4386 = CARTESIAN_POINT ( 'NONE',  ( -16.84608353891704624, 6.525802833467198916, 0.000000000000000000 ) ) ;
#4387 = FACE_OUTER_BOUND ( 'NONE', #6367, .T. ) ;
#4388 = DIRECTION ( 'NONE',  ( 0.000000000000000000, -1.000000000000000000, -0.000000000000000000 ) ) ;
#4389 = AXIS2_PLACEMENT_3D ( 'NONE', #2611, #3127, #4254 ) ;
#4390 = CARTESIAN_POINT ( 'NONE',  ( 11.44991134358651408, -17.18300987160148807, -2.399999999999989697 ) ) ;
#4391 = LINE ( 'NONE', #3797, #6994 ) ;
#4392 = ORIENTED_EDGE ( 'NONE', *, *, #6998, .F. ) ;
#4393 = CARTESIAN_POINT ( 'NONE',  ( -4.596363589126105431, 30.26116567452047690, 6.499999999999999112 ) ) ;
#4394 = EDGE_CURVE ( 'NONE', #6667, #6541, #4589, .T. ) ;
#4396 = EDGE_CURVE ( 'NONE', #1451, #1261, #3715, .T. ) ;
#4395 = CARTESIAN_POINT ( 'NONE',  ( 10.45977694124987956, -15.36032446427474163, 0.000000000000000000 ) ) ;
#4397 = VECTOR ( 'NONE', #1013, 1000.000000000000000 ) ;
#4398 = CARTESIAN_POINT ( 'NONE',  ( 3.500000000000000000, 13.20128041827299015, -4.336808689942017736E-16 ) ) ;
#4399 = VERTEX_POINT ( 'NONE', #416 ) ;
#4400 = PLANE ( 'NONE',  #4787 ) ;
#4401 = VECTOR ( 'NONE', #1701, 1000.000000000000000 ) ;
#4402 = PLANE ( 'NONE',  #324 ) ;
#4403 = EDGE_CURVE ( 'NONE', #1637, #6657, #2208, .T. ) ;
#4404 = EDGE_LOOP ( 'NONE', ( #6160, #319, #2295 ) ) ;
#4405 = FACE_OUTER_BOUND ( 'NONE', #4870, .T. ) ;
#4406 = LINE ( 'NONE', #6463, #4666 ) ;
#4407 = ORIENTED_EDGE ( 'NONE', *, *, #508, .F. ) ;
#4408 = CARTESIAN_POINT ( 'NONE',  ( -2.000000000000000000, 30.75128029631820326, 1.818884925064438551 ) ) ;
#4409 = ADVANCED_FACE ( 'NONE', ( #1960 ), #388, .F. ) ;
#4410 = AXIS2_PLACEMENT_3D ( 'NONE', #2653, #2126, #4852 ) ;
#4411 = LINE ( 'NONE', #4489, #108 ) ;
#4412 = ORIENTED_EDGE ( 'NONE', *, *, #248, .T. ) ;
#4413 = DIRECTION ( 'NONE',  ( 0.000000000000000000, -0.7071067811865516806, 0.7071067811865434649 ) ) ;
#4414 = CARTESIAN_POINT ( 'NONE',  ( 9.000000000000001776, 9.280717547841103254, -0.5999999999999963141 ) ) ;
#4415 = DIRECTION ( 'NONE',  ( 0.000000000000000000, 0.000000000000000000, 1.000000000000000000 ) ) ;
#4416 = VERTEX_POINT ( 'NONE', #4857 ) ;
#4417 = CARTESIAN_POINT ( 'NONE',  ( -6.500000000000002665, 28.25128029631820681, -22.79898987322333781 ) ) ;
#4418 = CONICAL_SURFACE ( 'NONE', #21, 17.39969003592087304, 0.7853981633974511656 ) ;
#4419 = VERTEX_POINT ( 'NONE', #2034 ) ;
#4420 = EDGE_CURVE ( 'NONE', #6268, #7001, #3089, .T. ) ;
#4421 = ORIENTED_EDGE ( 'NONE', *, *, #2259, .T. ) ;
#4422 = CARTESIAN_POINT ( 'NONE',  ( 20.30049912664548373, -1.528473728810500365, -2.399999999999967049 ) ) ;
#4423 = VECTOR ( 'NONE', #5652, 1000.000000000000000 ) ;
#4424 = ORIENTED_EDGE ( 'NONE', *, *, #5993, .T. ) ;
#4425 = CARTESIAN_POINT ( 'NONE',  ( -9.000000000000001776, 9.280717547841103254, -3.000000000000000000 ) ) ;
#4426 = VERTEX_POINT ( 'NONE', #4251 ) ;
#4427 = EDGE_CURVE ( 'NONE', #5769, #3015, #4582, .T. ) ;
#4428 = ORIENTED_EDGE ( 'NONE', *, *, #4802, .F. ) ;
#4429 = VERTEX_POINT ( 'NONE', #4277 ) ;
#4430 = CARTESIAN_POINT ( 'NONE',  ( 4.957911360594880357, 40.25128029631819970, -2.042088639405070349 ) ) ;
#4431 = DIRECTION ( 'NONE',  ( 1.858632295689435856E-16, -1.000000000000000000, -0.000000000000000000 ) ) ;
#4432 = DIRECTION ( 'NONE',  ( 0.000000000000000000, -1.000000000000000000, 0.000000000000000000 ) ) ;
#4433 = CARTESIAN_POINT ( 'NONE',  ( 2.861803398874991355, 18.89849401377294669, -0.02639320225002227127 ) ) ;
#4434 = ORIENTED_EDGE ( 'NONE', *, *, #2604, .T. ) ;
#4435 = AXIS2_PLACEMENT_3D ( 'NONE', #5323, #827, #3051 ) ;
#4436 = VERTEX_POINT ( 'NONE', #2609 ) ;
#4437 = EDGE_CURVE ( 'NONE', #5637, #4971, #6496, .T. ) ;
#4438 = CIRCLE ( 'NONE', #6206, 3.000000000000000888 ) ;
#4439 = ORIENTED_EDGE ( 'NONE', *, *, #3681, .F. ) ;
#4440 = ADVANCED_FACE ( 'NONE', ( #3441 ), #4770, .T. ) ;
#4441 = DIRECTION ( 'NONE',  ( 0.000000000000000000, 0.000000000000000000, -1.000000000000000000 ) ) ;
#4442 = CARTESIAN_POINT ( 'NONE',  ( -21.92549912664548728, -1.528473728810499699, -3.000000000000000000 ) ) ;
#4443 = VERTEX_POINT ( 'NONE', #2550 ) ;
#4444 = CARTESIAN_POINT ( 'NONE',  ( 7.000000000000000000, 42.25128029631820681, 0.6213203435596476032 ) ) ;
#4445 = CARTESIAN_POINT ( 'NONE',  ( 22.36430442979903077, 12.03844772909534555, -3.000000000000000000 ) ) ;
#4446 = ORIENTED_EDGE ( 'NONE', *, *, #769, .F. ) ;
#4447 = VECTOR ( 'NONE', #404, 1000.000000000000114 ) ;
#4448 = ORIENTED_EDGE ( 'NONE', *, *, #3320, .F. ) ;
#4449 = AXIS2_PLACEMENT_3D ( 'NONE', #3026, #801, #4731 ) ;
#4450 = ORIENTED_EDGE ( 'NONE', *, *, #4651, .T. ) ;
#4451 = VECTOR ( 'NONE', #6991, 1000.000000000000000 ) ;
#4452 = DIRECTION ( 'NONE',  ( -0.000000000000000000, -0.000000000000000000, -1.000000000000000000 ) ) ;
#4453 = CIRCLE ( 'NONE', #1210, 5.000000000000000888 ) ;
#4454 = EDGE_LOOP ( 'NONE', ( #5622, #5267, #2286, #5824 ) ) ;
#4455 = CARTESIAN_POINT ( 'NONE',  ( 5.236101978893660025, 40.12725054233756339, -1.312473739312774779 ) ) ;
#4456 = EDGE_CURVE ( 'NONE', #3064, #3906, #5543, .T. ) ;
#4457 = CIRCLE ( 'NONE', #2697, 3.000000000000000000 ) ;
#4459 = AXIS2_PLACEMENT_3D ( 'NONE', #4188, #5838, #196 ) ;
#4458 = CARTESIAN_POINT ( 'NONE',  ( 1.600000000000000089, 42.04417351513166778, 3.050000000000000711 ) ) ;
#4460 = LINE ( 'NONE', #5125, #6373 ) ;
#4461 = VECTOR ( 'NONE', #1582, 1000.000000000000000 ) ;
#4462 = CARTESIAN_POINT ( 'NONE',  ( 3.000000000000000000, 22.95128041827299015, 1.345290647185026334 ) ) ;
#4463 = EDGE_CURVE ( 'NONE', #2428, #6866, #6238, .T. ) ;
#4464 = CIRCLE ( 'NONE', #527, 0.4999999999999997224 ) ;
#4465 = VERTEX_POINT ( 'NONE', #4302 ) ;
#4466 = EDGE_CURVE ( 'NONE', #3015, #5784, #5707, .T. ) ;
#4467 = AXIS2_PLACEMENT_3D ( 'NONE', #6948, #3028, #1862 ) ;
#4468 = ORIENTED_EDGE ( 'NONE', *, *, #4547, .T. ) ;
#4469 = CIRCLE ( 'NONE', #1401, 3.000000000000000000 ) ;
#4470 = ORIENTED_EDGE ( 'NONE', *, *, #59, .F. ) ;
#4471 = DIRECTION ( 'NONE',  ( 0.000000000000000000, 0.000000000000000000, 1.000000000000000000 ) ) ;
#4472 = ADVANCED_FACE ( 'NONE', ( #4238 ), #5714, .F. ) ;
#4473 = AXIS2_PLACEMENT_3D ( 'NONE', #1378, #2572, #5938 ) ;
#4474 = CARTESIAN_POINT ( 'NONE',  ( 5.337387961060646724, 40.25128029631819970, -1.662612038939325076 ) ) ;
#4475 = CARTESIAN_POINT ( 'NONE',  ( 16.69627616777151147, 32.69713975227765701, -2.999999999999999112 ) ) ;
#4476 = EDGE_CURVE ( 'NONE', #6789, #6322, #4054, .T. ) ;
#4477 = CARTESIAN_POINT ( 'NONE',  ( -21.92549912664548728, -1.528473728810499699, -3.000000000000000000 ) ) ;
#4478 = ORIENTED_EDGE ( 'NONE', *, *, #3496, .T. ) ;
#4479 = VECTOR ( 'NONE', #6188, 1000.000000000000000 ) ;
#4480 = ORIENTED_EDGE ( 'NONE', *, *, #4518, .T. ) ;
#4481 = DIRECTION ( 'NONE',  ( 1.000000000000000000, 0.000000000000000000, 0.000000000000000000 ) ) ;
#4482 = DIRECTION ( 'NONE',  ( -0.000000000000000000, 1.000000000000000000, -0.000000000000000000 ) ) ;
#4484 = AXIS2_PLACEMENT_3D ( 'NONE', #2704, #1634, #3304 ) ;
#4483 = DIRECTION ( 'NONE',  ( 0.000000000000000000, 0.000000000000000000, 1.000000000000000000 ) ) ;
#4485 = VERTEX_POINT ( 'NONE', #733 ) ;
#4486 = ADVANCED_FACE ( 'NONE', ( #1680 ), #6148, .F. ) ;
#4487 = LINE ( 'NONE', #2997, #2209 ) ;
#4488 = VERTEX_POINT ( 'NONE', #5822 ) ;
#4489 = CARTESIAN_POINT ( 'NONE',  ( 3.000000000000000000, 22.95128041827299015, 1.345290647185026334 ) ) ;
#4490 = EDGE_CURVE ( 'NONE', #4436, #3423, #2734, .T. ) ;
#4491 = ORIENTED_EDGE ( 'NONE', *, *, #1429, .T. ) ;
#4492 = AXIS2_PLACEMENT_3D ( 'NONE', #5140, #3087, #81 ) ;
#4493 = DIRECTION ( 'NONE',  ( -0.4999999999999972244, 0.4999999999999986677, 0.7071067811865505703 ) ) ;
#4494 = CARTESIAN_POINT ( 'NONE',  ( 3.136915416732298123, 40.07095276482458956, -3.000000000000000888 ) ) ;
#4495 = VECTOR ( 'NONE', #2730, 1000.000000000000000 ) ;
#4496 = EDGE_LOOP ( 'NONE', ( #3908, #7116, #5457, #211 ) ) ;
#4497 = ORIENTED_EDGE ( 'NONE', *, *, #113, .T. ) ;
#4498 = DIRECTION ( 'NONE',  ( -1.000000000000000000, 0.000000000000000000, 0.000000000000000000 ) ) ;
#4499 = DIRECTION ( 'NONE',  ( 0.000000000000000000, -1.734723475976807292E-15, -1.000000000000000000 ) ) ;
#4500 = ORIENTED_EDGE ( 'NONE', *, *, #168, .F. ) ;
#4501 = VECTOR ( 'NONE', #4712, 1000.000000000000114 ) ;
#4502 = EDGE_CURVE ( 'NONE', #3978, #3906, #7120, .T. ) ;
#4503 = AXIS2_PLACEMENT_3D ( 'NONE', #4024, #3454, #5726 ) ;
#4504 = ORIENTED_EDGE ( 'NONE', *, *, #3100, .F. ) ;
#4505 = ADVANCED_FACE ( 'NONE', ( #1343 ), #2956, .F. ) ;
#4506 = CARTESIAN_POINT ( 'NONE',  ( 0.5000000000000000000, 26.95128041827299015, -2.399999999999983036 ) ) ;
#4507 = CARTESIAN_POINT ( 'NONE',  ( 11.44991134358651408, -17.18300987160148807, -0.5999999999999928724 ) ) ;
#4508 = ORIENTED_EDGE ( 'NONE', *, *, #3412, .T. ) ;
#4509 = DIRECTION ( 'NONE',  ( 0.000000000000000000, 0.000000000000000000, 1.000000000000000000 ) ) ;
#4510 = FACE_OUTER_BOUND ( 'NONE', #436, .T. ) ;
#4511 = CARTESIAN_POINT ( 'NONE',  ( 5.500000000000000000, 40.25128029631820681, 0.6213203435596476032 ) ) ;
#4512 = ORIENTED_EDGE ( 'NONE', *, *, #5713, .F. ) ;
#4513 = ORIENTED_EDGE ( 'NONE', *, *, #7081, .T. ) ;
#4514 = AXIS2_PLACEMENT_3D ( 'NONE', #1428, #1896, #5875 ) ;
#4515 = DIRECTION ( 'NONE',  ( -0.000000000000000000, -0.000000000000000000, -1.000000000000000000 ) ) ;
#4517 = EDGE_CURVE ( 'NONE', #5646, #2736, #5621, .T. ) ;
#4516 = CARTESIAN_POINT ( 'NONE',  ( 16.84608353891705335, 6.525802833467204245, -3.000000000000000000 ) ) ;
#4518 = EDGE_CURVE ( 'NONE', #3297, #591, #3436, .T. ) ;
#4519 = ORIENTED_EDGE ( 'NONE', *, *, #2084, .F. ) ;
#4520 = ORIENTED_EDGE ( 'NONE', *, *, #5639, .F. ) ;
#4521 = CARTESIAN_POINT ( 'NONE',  ( -14.30049912664548728, -4.691166140300482290, -2.400000000000003908 ) ) ;
#4522 = ORIENTED_EDGE ( 'NONE', *, *, #3969, .T. ) ;
#4523 = CARTESIAN_POINT ( 'NONE',  ( 21.92549912664548728, -1.528473728810500365, -3.000000000000000000 ) ) ;
#4524 = ORIENTED_EDGE ( 'NONE', *, *, #4270, .T. ) ;
#4525 = SURFACE_STYLE_USAGE ( .BOTH. , #5573 ) ;
#4526 = DIRECTION ( 'NONE',  ( 0.000000000000000000, 0.000000000000000000, -1.000000000000000000 ) ) ;
#4527 = CYLINDRICAL_SURFACE ( 'NONE', #7241, 1.625000000000001332 ) ;
#4528 = EDGE_LOOP ( 'NONE', ( #2478, #6690, #6071, #3641, #3266, #3312, #4883, #2255, #6157, #4837, #586 ) ) ;
#4529 = EDGE_LOOP ( 'NONE', ( #5863, #2817, #6034, #679, #6274, #6168, #5552, #4884 ) ) ;
#4530 = EDGE_CURVE ( 'NONE', #4090, #6815, #3808, .T. ) ;
#4531 = CARTESIAN_POINT ( 'NONE',  ( -4.336808689942017736E-16, 26.45128041827299015, 0.6284667967612598272 ) ) ;
#4532 = CARTESIAN_POINT ( 'NONE',  ( 10.78249931335374079, -15.86847602325206275, -0.5999999999999928724 ) ) ;
#4533 = DIRECTION ( 'NONE',  ( -0.000000000000000000, 1.000000000000000000, -0.000000000000000000 ) ) ;
#4534 = CARTESIAN_POINT ( 'NONE',  ( -25.11750068664549929, -12.71147595840164435, 0.000000000000000000 ) ) ;
#4535 = CARTESIAN_POINT ( 'NONE',  ( 3.250000000000000888, 12.95128041827298482, -3.000000000000000000 ) ) ;
#4536 = LINE ( 'NONE', #1749, #6366 ) ;
#4537 = ORIENTED_EDGE ( 'NONE', *, *, #2491, .T. ) ;
#4538 = LINE ( 'NONE', #5539, #5241 ) ;
#4539 = CARTESIAN_POINT ( 'NONE',  ( 6.000000000000001776, 9.280717547841103254, -0.5999999999999963141 ) ) ;
#4540 = LINE ( 'NONE', #6793, #4282 ) ;
#4541 = AXIS2_PLACEMENT_3D ( 'NONE', #1977, #5885, #5865 ) ;
#4542 = CIRCLE ( 'NONE', #2846, 2.999999999999999112 ) ;
#4543 = CARTESIAN_POINT ( 'NONE',  ( 14.30049912664548728, 3.980218421195628409, -3.000000000000000000 ) ) ;
#4544 = ADVANCED_FACE ( 'NONE', ( #3625 ), #2998, .F. ) ;
#4545 = CARTESIAN_POINT ( 'NONE',  ( 24.15049912664551357, -1.528473728810500365, -3.000000000000000000 ) ) ;
#4546 = ORIENTED_EDGE ( 'NONE', *, *, #3412, .F. ) ;
#4547 = EDGE_CURVE ( 'NONE', #5410, #3423, #4156, .T. ) ;
#4549 = AXIS2_PLACEMENT_3D ( 'NONE', #5864, #2518, #800 ) ;
#4548 = CARTESIAN_POINT ( 'NONE',  ( 3.250000000000000888, 13.20128041827299015, 0.000000000000000000 ) ) ;
#4550 = ORIENTED_EDGE ( 'NONE', *, *, #931, .T. ) ;
#4551 = LINE ( 'NONE', #5069, #3225 ) ;
#4552 = EDGE_LOOP ( 'NONE', ( #6495, #4504, #6124, #6129 ) ) ;
#4553 = CARTESIAN_POINT ( 'NONE',  ( 2.750000000000000444, 0.6120109599120353572, 4.284076719384251497 ) ) ;
#4554 = CARTESIAN_POINT ( 'NONE',  ( -9.000000000000001776, -8.291166140300475718, 0.000000000000000000 ) ) ;
#4555 = DIRECTION ( 'NONE',  ( -0.000000000000000000, -1.000000000000000000, 0.000000000000000000 ) ) ;
#4556 = DIRECTION ( 'NONE',  ( -0.000000000000000000, -0.000000000000000000, -1.000000000000000000 ) ) ;
#4557 = CARTESIAN_POINT ( 'NONE',  ( 3.000000000000000000, 22.91592507921367172, 1.097803273769734300 ) ) ;
#4558 = EDGE_CURVE ( 'NONE', #7135, #5988, #6328, .T. ) ;
#4559 = AXIS2_PLACEMENT_3D ( 'NONE', #6439, #2059, #7071 ) ;
#4560 = ORIENTED_EDGE ( 'NONE', *, *, #1846, .F. ) ;
#4561 = VECTOR ( 'NONE', #2832, 1000.000000000000000 ) ;
#4562 = CARTESIAN_POINT ( 'NONE',  ( -5.652034699307244558, 30.25128029631820326, 4.448075400297424764 ) ) ;
#4563 = DIRECTION ( 'NONE',  ( 0.000000000000000000, -1.000000000000000000, -0.000000000000000000 ) ) ;
#4564 = ORIENTED_EDGE ( 'NONE', *, *, #2385, .T. ) ;
#4565 = CARTESIAN_POINT ( 'NONE',  ( 4.306171934149659819, 40.20532527311764426, -2.064513782582888979 ) ) ;
#4566 = CONICAL_SURFACE ( 'NONE', #936, 17.39969003592087304, 0.7853981633974511656 ) ;
#4567 = VECTOR ( 'NONE', #2458, 1000.000000000000114 ) ;
#4568 = AXIS2_PLACEMENT_3D ( 'NONE', #5233, #4040, #4581 ) ;
#4569 = ORIENTED_EDGE ( 'NONE', *, *, #299, .F. ) ;
#4570 = DIRECTION ( 'NONE',  ( -1.000000000000000000, 0.000000000000000000, -0.000000000000000000 ) ) ;
#4571 = DIRECTION ( 'NONE',  ( -1.000000000000000000, 0.000000000000000000, 0.000000000000000000 ) ) ;
#4572 = EDGE_CURVE ( 'NONE', #7055, #1799, #1159, .T. ) ;
#4573 = ORIENTED_EDGE ( 'NONE', *, *, #1678, .T. ) ;
#4574 = CIRCLE ( 'NONE', #6751, 0.2500000000000000000 ) ;
#4575 = ORIENTED_EDGE ( 'NONE', *, *, #739, .F. ) ;
#4576 = CARTESIAN_POINT ( 'NONE',  ( 6.500000000000003553, 28.25128029631820681, 0.000000000000000000 ) ) ;
#4577 = CARTESIAN_POINT ( 'NONE',  ( 3.378679656440342072, 41.75128029631820681, -3.000000000000000000 ) ) ;
#4578 = ADVANCED_FACE ( 'NONE', ( #1251 ), #1911, .T. ) ;
#4579 = CARTESIAN_POINT ( 'NONE',  ( 3.000000000000000888, 23.45128041827299015, 1.021323939618402399 ) ) ;
#4580 = ORIENTED_EDGE ( 'NONE', *, *, #822, .T. ) ;
#4581 = DIRECTION ( 'NONE',  ( -1.000000000000000000, -1.672620355987189496E-15, 0.000000000000000000 ) ) ;
#4582 = LINE ( 'NONE', #5893, #483 ) ;
#4583 = DIRECTION ( 'NONE',  ( 0.000000000000000000, -0.7071067811865454633, -0.7071067811865495711 ) ) ;
#4584 = FACE_OUTER_BOUND ( 'NONE', #5836, .T. ) ;
#4585 = ORIENTED_EDGE ( 'NONE', *, *, #2731, .T. ) ;
#4586 = CARTESIAN_POINT ( 'NONE',  ( -25.71750068664550781, -12.71147595840164435, -0.6000000000000033085 ) ) ;
#4587 = FACE_OUTER_BOUND ( 'NONE', #3323, .T. ) ;
#4588 = DIRECTION ( 'NONE',  ( -0.000000000000000000, -0.7071067811865475727, -0.7071067811865475727 ) ) ;
#4589 = LINE ( 'NONE', #189, #5202 ) ;
#4590 = CARTESIAN_POINT ( 'NONE',  ( 2.586510263012056665, 40.25128029631820681, 6.084368756338572659 ) ) ;
#4591 = ORIENTED_EDGE ( 'NONE', *, *, #6035, .T. ) ;
#4592 = EDGE_CURVE ( 'NONE', #3739, #2485, #6676, .T. ) ;
#4593 = AXIS2_PLACEMENT_3D ( 'NONE', #5641, #3500, #1220 ) ;
#4594 = ORIENTED_EDGE ( 'NONE', *, *, #1468, .F. ) ;
#4595 = LINE ( 'NONE', #5051, #7032 ) ;
#4596 = DIRECTION ( 'NONE',  ( 1.000000000000000000, -0.000000000000000000, 0.000000000000000000 ) ) ;
#4597 = ORIENTED_EDGE ( 'NONE', *, *, #4476, .T. ) ;
#4598 = ORIENTED_EDGE ( 'NONE', *, *, #385, .F. ) ;
#4599 = EDGE_CURVE ( 'NONE', #5637, #4868, #1872, .T. ) ;
#4600 = AXIS2_PLACEMENT_3D ( 'NONE', #2051, #5957, #7087 ) ;
#4601 = CARTESIAN_POINT ( 'NONE',  ( 0.000000000000000000, 35.25128029631821391, 1.950000000000000400 ) ) ;
#4602 = CARTESIAN_POINT ( 'NONE',  ( 4.620218033846062333, 30.75128029631820326, -1.839592552672425718 ) ) ;
#4603 = CARTESIAN_POINT ( 'NONE',  ( 16.69627616777151147, 32.69713975227765701, 0.000000000000000000 ) ) ;
#4604 = CARTESIAN_POINT ( 'NONE',  ( 5.400000000000000355, 9.280717547841103254, -3.000000000000000000 ) ) ;
#4605 = ORIENTED_EDGE ( 'NONE', *, *, #5179, .T. ) ;
#4606 = CARTESIAN_POINT ( 'NONE',  ( -3.631946009244122475, 41.75128029631820681, 4.999999999999999112 ) ) ;
#4607 = DIRECTION ( 'NONE',  ( 1.000000000000000000, 0.000000000000000000, 0.000000000000000000 ) ) ;
#4608 = EDGE_LOOP ( 'NONE', ( #564, #1243, #4703, #6869, #2166, #2198 ) ) ;
#4609 = DIRECTION ( 'NONE',  ( -1.858632295689435856E-16, -1.000000000000000000, 0.000000000000000000 ) ) ;
#4610 = FACE_OUTER_BOUND ( 'NONE', #3307, .T. ) ;
#4611 = ORIENTED_EDGE ( 'NONE', *, *, #3076, .F. ) ;
#4612 = ORIENTED_EDGE ( 'NONE', *, *, #1497, .F. ) ;
#4613 = CARTESIAN_POINT ( 'NONE',  ( -22.71750068664550781, -12.71147595840166744, -0.6000000000000033085 ) ) ;
#4614 = CARTESIAN_POINT ( 'NONE',  ( 14.30049912664548728, -8.291166140300484599, -3.000000000000000000 ) ) ;
#4615 = AXIS2_PLACEMENT_3D ( 'NONE', #2375, #6386, #6843 ) ;
#4616 = ORIENTED_EDGE ( 'NONE', *, *, #2576, .F. ) ;
#4618 = EDGE_CURVE ( 'NONE', #664, #5014, #3898, .T. ) ;
#4617 = DIRECTION ( 'NONE',  ( 0.4999999999999990008, 0.5000000000000003331, -0.7071067811865481278 ) ) ;
#4619 = EDGE_CURVE ( 'NONE', #7080, #1789, #2297, .T. ) ;
#4620 = ADVANCED_FACE ( 'NONE', ( #7027 ), #4648, .T. ) ;
#4621 = LINE ( 'NONE', #1035, #4007 ) ;
#4622 = VERTEX_POINT ( 'NONE', #4709 ) ;
#4623 = CARTESIAN_POINT ( 'NONE',  ( 25.11750068664549929, 5.391643985941803052, 0.000000000000000000 ) ) ;
#4624 = VECTOR ( 'NONE', #5594, 1000.000000000000114 ) ;
#4625 = VERTEX_POINT ( 'NONE', #941 ) ;
#4626 = VECTOR ( 'NONE', #5347, 1000.000000000000000 ) ;
#4627 = DIRECTION ( 'NONE',  ( -1.000000000000000000, 0.000000000000000000, 0.000000000000000000 ) ) ;
#4628 = LINE ( 'NONE', #1371, #2340 ) ;
#4629 = ORIENTED_EDGE ( 'NONE', *, *, #6457, .F. ) ;
#4630 = AXIS2_PLACEMENT_3D ( 'NONE', #1966, #4667, #1406 ) ;
#4631 = DIRECTION ( 'NONE',  ( 0.000000000000000000, 0.000000000000000000, 1.000000000000000000 ) ) ;
#4632 = DIRECTION ( 'NONE',  ( -0.000000000000000000, 1.000000000000000000, -0.000000000000000000 ) ) ;
#4633 = LINE ( 'NONE', #6282, #4111 ) ;
#4634 = CARTESIAN_POINT ( 'NONE',  ( -3.500000000000000000, 26.95128041827299015, -3.000000000000000000 ) ) ;
#4635 = CARTESIAN_POINT ( 'NONE',  ( 9.000000000000001776, -8.291166140300484599, -3.000000000000000000 ) ) ;
#4636 = VECTOR ( 'NONE', #2317, 1000.000000000000114 ) ;
#4637 = EDGE_CURVE ( 'NONE', #1261, #3077, #3722, .T. ) ;
#4638 = CONICAL_SURFACE ( 'NONE', #464, 0.8500000000000156319, 0.7853981633974477239 ) ;
#4639 = AXIS2_PLACEMENT_3D ( 'NONE', #426, #1500, #5405 ) ;
#4640 = DIRECTION ( 'NONE',  ( -1.000000000000000000, 0.000000000000000000, 0.000000000000000000 ) ) ;
#4641 = VECTOR ( 'NONE', #5498, 1000.000000000000114 ) ;
#4642 = ORIENTED_EDGE ( 'NONE', *, *, #3783, .T. ) ;
#4643 = CARTESIAN_POINT ( 'NONE',  ( 4.316804054329143270, 39.75285933900477886, -2.056899010260083926 ) ) ;
#4644 = CONICAL_SURFACE ( 'NONE', #5858, 3.000000000000002665, 0.7853981633974471688 ) ;
#4645 = EDGE_LOOP ( 'NONE', ( #3108, #5308, #954, #5567 ) ) ;
#4646 = CARTESIAN_POINT ( 'NONE',  ( -6.500000000000003553, 28.75128029631820681, -22.79898987322333781 ) ) ;
#4647 = DIRECTION ( 'NONE',  ( -1.000000000000000000, 0.000000000000000000, 0.000000000000000000 ) ) ;
#4648 =( BOUNDED_SURFACE ( )  B_SPLINE_SURFACE ( 3, 2, ( 
 ( #3632, #6867, #339 ),
 ( #4875, #2570, #2054 ),
 ( #4319, #7062, #3682 ),
 ( #7012, #2031, #4220 ),
 ( #4267, #4848, #5936 ),
 ( #3758, #2595, #6502 ),
 ( #966, #4245, #899 ),
 ( #921, #6527, #1978 ),
 ( #5417, #4803, #1486 ),
 ( #1956, #5959, #2545 ) ),
 .UNSPECIFIED., .F., .F., .F. ) 
 B_SPLINE_SURFACE_WITH_KNOTS ( ( 4, 2, 2, 2, 4 ),
 ( 3, 3 ),
 ( 1.570796326794896558, 1.963495408493620697, 2.356194490192344837, 2.748893571891068976, 3.141592653589793116 ),
 ( 0.000000000000000000, 1.000000000000000000 ),
 .UNSPECIFIED. ) 
 GEOMETRIC_REPRESENTATION_ITEM ( )  RATIONAL_B_SPLINE_SURFACE ( (
 ( 1.000000000000000000, 0.7071067811865475727, 1.000000000000000000),
 ( 1.000000000000000000, 0.7136543720659622725, 1.000000000000000000),
 ( 1.000000000000000000, 0.7200993381986491304, 1.000000000000000000),
 ( 1.000000000000000000, 0.7318783544775249172, 1.000000000000000000),
 ( 1.000000000000000000, 0.7372072210109466006, 1.000000000000000000),
 ( 1.000000000000000000, 0.7460324764081840421, 1.000000000000000000),
 ( 1.000000000000000000, 0.7495275688676812376, 1.000000000000000000),
 ( 1.000000000000000000, 0.7542385675296123804, 1.000000000000000000),
 ( 1.000000000000000000, 0.7554586506767916321, 1.000000000000000000),
 ( 1.000000000000000000, 0.7554539549957053346, 1.000000000000000000) ) ) 
 REPRESENTATION_ITEM ( '' )  SURFACE ( )  );
#4649 = CONICAL_SURFACE ( 'NONE', #3560, 2.399999999999982148, 0.7853981633974490562 ) ;
#4650 = ORIENTED_EDGE ( 'NONE', *, *, #1507, .F. ) ;
#4651 = EDGE_CURVE ( 'NONE', #4766, #3003, #4853, .T. ) ;
#4652 = CIRCLE ( 'NONE', #7130, 2.225000000000025402 ) ;
#4653 = CARTESIAN_POINT ( 'NONE',  ( -10.45977694124988666, -15.36032446427473808, 0.000000000000000000 ) ) ;
#4654 = DIRECTION ( 'NONE',  ( -0.000000000000000000, 1.000000000000000000, -0.000000000000000000 ) ) ;
#4655 = CARTESIAN_POINT ( 'NONE',  ( 23.55049912664548728, -1.528473728810500365, -2.399999999999967049 ) ) ;
#4656 = ORIENTED_EDGE ( 'NONE', *, *, #4006, .F. ) ;
#4657 = ADVANCED_FACE ( 'NONE', ( #836 ), #3167, .F. ) ;
#4658 = DIRECTION ( 'NONE',  ( 0.000000000000000000, -0.000000000000000000, 1.000000000000000000 ) ) ;
#4659 = CIRCLE ( 'NONE', #3520, 0.8500000000000174083 ) ;
#4660 = CARTESIAN_POINT ( 'NONE',  ( 11.54558441227156784, 11.82630196011267820, -3.000000000000000000 ) ) ;
#4661 = ORIENTED_EDGE ( 'NONE', *, *, #4089, .T. ) ;
#4662 = ORIENTED_EDGE ( 'NONE', *, *, #5424, .T. ) ;
#4663 = DIRECTION ( 'NONE',  ( 1.858632295689435856E-16, 1.000000000000000000, -0.000000000000000000 ) ) ;
#4664 = EDGE_CURVE ( 'NONE', #6541, #4880, #6848, .T. ) ;
#4665 = CARTESIAN_POINT ( 'NONE',  ( 5.399999999999999467, -4.691166140300482290, -3.000000000000000000 ) ) ;
#4666 = VECTOR ( 'NONE', #4720, 1000.000000000000000 ) ;
#4667 = DIRECTION ( 'NONE',  ( 0.000000000000000000, 0.000000000000000000, 1.000000000000000000 ) ) ;
#4668 = ORIENTED_EDGE ( 'NONE', *, *, #881, .T. ) ;
#4669 = PLANE ( 'NONE',  #6597 ) ;
#4670 = DIRECTION ( 'NONE',  ( -1.000000000000000000, 0.000000000000000000, 0.000000000000000000 ) ) ;
#4671 = CIRCLE ( 'NONE', #3580, 10.00000000000000000 ) ;
#4672 = EDGE_CURVE ( 'NONE', #1847, #3352, #3349, .T. ) ;
#4673 = VERTEX_POINT ( 'NONE', #3731 ) ;
#4674 = CIRCLE ( 'NONE', #4728, 17.39969003592087304 ) ;
#4675 = CIRCLE ( 'NONE', #4091, 1.474258476847184030 ) ;
#4676 = ORIENTED_EDGE ( 'NONE', *, *, #1522, .T. ) ;
#4677 = ORIENTED_EDGE ( 'NONE', *, *, #3390, .T. ) ;
#4678 = DIRECTION ( 'NONE',  ( 0.000000000000000000, 0.000000000000000000, 1.000000000000000000 ) ) ;
#4679 = CARTESIAN_POINT ( 'NONE',  ( 10.67629223573882591, -15.69816324515253747, -2.599941731754312979 ) ) ;
#4680 = CARTESIAN_POINT ( 'NONE',  ( 0.000000000000000000, 41.75128029631820681, 6.500000000000000000 ) ) ;
#4681 = CARTESIAN_POINT ( 'NONE',  ( -3.000000000000000444, 23.45128041827299015, -2.399999999999983036 ) ) ;
#4682 = ORIENTED_EDGE ( 'NONE', *, *, #4908, .T. ) ;
#4683 = CYLINDRICAL_SURFACE ( 'NONE', #110, 1.500000000000000000 ) ;
#4685 = AXIS2_PLACEMENT_3D ( 'NONE', #6492, #5876, #1997 ) ;
#4684 = DIRECTION ( 'NONE',  ( -0.8690464038735302710, 0.000000000000000000, 0.4947305811393560848 ) ) ;
#4686 = CARTESIAN_POINT ( 'NONE',  ( -2.750000000000000000, 19.01029741264793671, -4.818023603591143614E-16 ) ) ;
#4687 = VERTEX_POINT ( 'NONE', #3071 ) ;
#4688 = DIRECTION ( 'NONE',  ( -1.000000000000000000, -0.000000000000000000, -0.000000000000000000 ) ) ;
#4689 = ORIENTED_EDGE ( 'NONE', *, *, #4046, .T. ) ;
#4690 = CARTESIAN_POINT ( 'NONE',  ( 0.000000000000000000, 40.25128029631820681, 1.670150133734640052 ) ) ;
#4691 = ADVANCED_FACE ( 'NONE', ( #397 ), #4331, .F. ) ;
#4692 = EDGE_CURVE ( 'NONE', #3610, #4625, #4675, .T. ) ;
#4693 = VERTEX_POINT ( 'NONE', #2102 ) ;
#4694 = ORIENTED_EDGE ( 'NONE', *, *, #1866, .F. ) ;
#4695 = VERTEX_POINT ( 'NONE', #2619 ) ;
#4696 = DIRECTION ( 'NONE',  ( 0.000000000000000000, 0.000000000000000000, 1.000000000000000000 ) ) ;
#4697 = CONICAL_SURFACE ( 'NONE', #3348, 2.999999999999999112, 0.7853981633974476129 ) ;
#4698 = ORIENTED_EDGE ( 'NONE', *, *, #4892, .F. ) ;
#4699 = CARTESIAN_POINT ( 'NONE',  ( 9.000000000000001776, 9.280717547841103254, 0.000000000000000000 ) ) ;
#4700 = ORIENTED_EDGE ( 'NONE', *, *, #193, .F. ) ;
#4701 = ADVANCED_FACE ( 'NONE', ( #4060 ), #569, .F. ) ;
#4702 = EDGE_CURVE ( 'NONE', #2305, #4729, #1469, .T. ) ;
#4703 = ORIENTED_EDGE ( 'NONE', *, *, #5730, .T. ) ;
#4704 = AXIS2_PLACEMENT_3D ( 'NONE', #6307, #2497, #3052 ) ;
#4705 = CARTESIAN_POINT ( 'NONE',  ( -3.000000000000000000, 13.20128041827298659, -2.399999999999983036 ) ) ;
#4706 = DIRECTION ( 'NONE',  ( 0.000000000000000000, 0.000000000000000000, 1.000000000000000000 ) ) ;
#4707 = CARTESIAN_POINT ( 'NONE',  ( 4.085786437626889089, 42.25128029631820681, -2.207106781186548350 ) ) ;
#4708 = DIRECTION ( 'NONE',  ( 0.000000000000000000, 1.000000000000000000, 0.000000000000000000 ) ) ;
#4709 = CARTESIAN_POINT ( 'NONE',  ( 3.000000000000000000, 23.45128041827299015, 1.021323939618402399 ) ) ;
#4710 = LINE ( 'NONE', #3150, #2150 ) ;
#4711 = ORIENTED_EDGE ( 'NONE', *, *, #1629, .F. ) ;
#4712 = DIRECTION ( 'NONE',  ( -0.7071067811865515695, -6.133173666733426738E-15, 0.7071067811865434649 ) ) ;
#4713 = ORIENTED_EDGE ( 'NONE', *, *, #2676, .T. ) ;
#4714 = CARTESIAN_POINT ( 'NONE',  ( -2.399999999999999911, 35.25128029631821391, 1.950000000000000400 ) ) ;
#4715 = ORIENTED_EDGE ( 'NONE', *, *, #2068, .T. ) ;
#4716 = CONICAL_SURFACE ( 'NONE', #1963, 9.999999999999998224, 0.7853981633974541632 ) ;
#4717 = ORIENTED_EDGE ( 'NONE', *, *, #6295, .T. ) ;
#4718 = DIRECTION ( 'NONE',  ( 1.858632295689435856E-16, 1.000000000000000000, -0.000000000000000000 ) ) ;
#4719 = DIRECTION ( 'NONE',  ( 0.000000000000000000, 0.000000000000000000, 1.000000000000000000 ) ) ;
#4720 = DIRECTION ( 'NONE',  ( 1.000000000000000000, 0.000000000000000000, 0.000000000000000000 ) ) ;
#4721 = CYLINDRICAL_SURFACE ( 'NONE', #5042, 0.5000000000000006661 ) ;
#4722 = DIRECTION ( 'NONE',  ( -0.000000000000000000, -1.000000000000000000, 0.000000000000000000 ) ) ;
#4723 = VECTOR ( 'NONE', #7172, 1000.000000000000114 ) ;
#4724 = ORIENTED_EDGE ( 'NONE', *, *, #5292, .T. ) ;
#4725 = CARTESIAN_POINT ( 'NONE',  ( 16.42181947020512567, 6.101538764755273014, -2.399999999999990585 ) ) ;
#4726 = CYLINDRICAL_SURFACE ( 'NONE', #791, 1.500000000000000444 ) ;
#4727 = DIRECTION ( 'NONE',  ( -1.000000000000000000, 0.000000000000000000, 0.000000000000000000 ) ) ;
#4728 = AXIS2_PLACEMENT_3D ( 'NONE', #711, #2354, #5109 ) ;
#4729 = VERTEX_POINT ( 'NONE', #4395 ) ;
#4730 = ADVANCED_FACE ( 'NONE', ( #5212 ), #2216, .T. ) ;
#4731 = DIRECTION ( 'NONE',  ( 1.000000000000000000, 0.000000000000000000, 0.000000000000000000 ) ) ;
#4732 = PLANE ( 'NONE',  #5556 ) ;
#4733 = EDGE_LOOP ( 'NONE', ( #555, #241, #3078, #2042 ) ) ;
#4734 = DIRECTION ( 'NONE',  ( -1.000000000000000000, 0.000000000000000000, 0.000000000000000000 ) ) ;
#4735 = CARTESIAN_POINT ( 'NONE',  ( 3.378679656440342516, 40.16586011838587211, -3.000000000000000000 ) ) ;
#4736 = FACE_OUTER_BOUND ( 'NONE', #4084, .T. ) ;
#4737 = ORIENTED_EDGE ( 'NONE', *, *, #113, .F. ) ;
#4738 = DIRECTION ( 'NONE',  ( 0.7071067811865460184, 0.000000000000000000, -0.7071067811865490160 ) ) ;
#4739 = EDGE_CURVE ( 'NONE', #4864, #4360, #3335, .T. ) ;
#4740 = FACE_OUTER_BOUND ( 'NONE', #5780, .T. ) ;
#4741 = CARTESIAN_POINT ( 'NONE',  ( 14.30049912664548728, -4.691166140300482290, -0.5999999999999963141 ) ) ;
#4742 = ORIENTED_EDGE ( 'NONE', *, *, #4420, .F. ) ;
#4743 = VECTOR ( 'NONE', #4151, 1000.000000000000000 ) ;
#4744 = CARTESIAN_POINT ( 'NONE',  ( 11.54558148745469204, -15.51148350135498255, -2.599992457046619965 ) ) ;
#4745 = ORIENTED_EDGE ( 'NONE', *, *, #4502, .F. ) ;
#4746 = EDGE_CURVE ( 'NONE', #4360, #4687, #6940, .T. ) ;
#4747 = LINE ( 'NONE', #4172, #6652 ) ;
#4748 = VECTOR ( 'NONE', #5446, 1000.000000000000000 ) ;
#4749 = CARTESIAN_POINT ( 'NONE',  ( -11.12132034355964016, 11.40203789140074875, -0.5999999999999894307 ) ) ;
#4750 = DIRECTION ( 'NONE',  ( 1.000000000000000000, 1.858632295689435856E-16, -0.000000000000000000 ) ) ;
#4751 = CARTESIAN_POINT ( 'NONE',  ( 2.750000000000000888, 23.45128041827299015, 1.021323939618402399 ) ) ;
#4752 = CARTESIAN_POINT ( 'NONE',  ( 2.674530018153329802, 30.25128029631820326, 6.162134726229436588 ) ) ;
#4753 = DIRECTION ( 'NONE',  ( 1.000000000000000000, 0.000000000000000000, 0.000000000000000000 ) ) ;
#4754 = DIRECTION ( 'NONE',  ( -0.000000000000000000, 1.000000000000000000, -0.000000000000000000 ) ) ;
#4755 = CARTESIAN_POINT ( 'NONE',  ( 3.250000000000000888, 13.20128041827298482, -3.000000000000000000 ) ) ;
#4756 = LINE ( 'NONE', #3406, #3427 ) ;
#4757 = AXIS2_PLACEMENT_3D ( 'NONE', #5057, #2818, #3378 ) ;
#4758 = VERTEX_POINT ( 'NONE', #2693 ) ;
#4759 = DIRECTION ( 'NONE',  ( 0.000000000000000000, 0.000000000000000000, 1.000000000000000000 ) ) ;
#4760 = EDGE_CURVE ( 'NONE', #4419, #2235, #5296, .T. ) ;
#4761 = ORIENTED_EDGE ( 'NONE', *, *, #5713, .T. ) ;
#4762 = CARTESIAN_POINT ( 'NONE',  ( 17.30049912664549083, -4.691166140300481402, -3.000000000000000000 ) ) ;
#4763 = VECTOR ( 'NONE', #6888, 1000.000000000000000 ) ;
#4764 = ORIENTED_EDGE ( 'NONE', *, *, #1381, .T. ) ;
#4765 = PLANE ( 'NONE',  #2256 ) ;
#4766 = VERTEX_POINT ( 'NONE', #7142 ) ;
#4767 = CYLINDRICAL_SURFACE ( 'NONE', #4967, 0.2500000000000002220 ) ;
#4768 = CARTESIAN_POINT ( 'NONE',  ( 11.55619151688073565, -15.11147595840165003, -3.000000000000000000 ) ) ;
#4769 = EDGE_CURVE ( 'NONE', #6120, #3022, #6585, .T. ) ;
#4770 = CYLINDRICAL_SURFACE ( 'NONE', #6187, 0.5000000000000000000 ) ;
#4771 = EDGE_LOOP ( 'NONE', ( #5811, #5917, #6795, #2420 ) ) ;
#4772 = DIRECTION ( 'NONE',  ( 0.7071067811865491270, -0.000000000000000000, 0.7071067811865459074 ) ) ;
#4773 = ADVANCED_FACE ( 'NONE', ( #34 ), #924, .F. ) ;
#4774 = ORIENTED_EDGE ( 'NONE', *, *, #3300, .T. ) ;
#4775 = CARTESIAN_POINT ( 'NONE',  ( 23.55049912664548728, -1.528473728810500365, 0.000000000000000000 ) ) ;
#4776 = CARTESIAN_POINT ( 'NONE',  ( 6.000000000000000888, -4.691166140300482290, -0.5999999999999963141 ) ) ;
#4777 = CARTESIAN_POINT ( 'NONE',  ( -1.600000000000000311, 41.75128029631820681, 1.950000000000000844 ) ) ;
#4778 = ORIENTED_EDGE ( 'NONE', *, *, #1712, .F. ) ;
#4779 = CARTESIAN_POINT ( 'NONE',  ( 9.000000000000001776, -4.691166140300482290, -3.000000000000000000 ) ) ;
#4780 = ORIENTED_EDGE ( 'NONE', *, *, #3040, .T. ) ;
#4781 = ORIENTED_EDGE ( 'NONE', *, *, #6796, .T. ) ;
#4782 = DIRECTION ( 'NONE',  ( 0.5842645500517741342, 0.000000000000000000, 0.8115632665127210377 ) ) ;
#4783 = DIRECTION ( 'NONE',  ( -0.8115632665127211487, 0.000000000000000000, -0.5842645500517742452 ) ) ;
#4784 = ORIENTED_EDGE ( 'NONE', *, *, #2219, .T. ) ;
#4785 = DIRECTION ( 'NONE',  ( 0.000000000000000000, 0.000000000000000000, -1.000000000000000000 ) ) ;
#4786 = EDGE_CURVE ( 'NONE', #3032, #4949, #5460, .T. ) ;
#4787 = AXIS2_PLACEMENT_3D ( 'NONE', #4377, #7123, #445 ) ;
#4788 = FACE_OUTER_BOUND ( 'NONE', #5617, .T. ) ;
#4789 = ORIENTED_EDGE ( 'NONE', *, *, #3639, .T. ) ;
#4790 = ORIENTED_EDGE ( 'NONE', *, *, #4517, .F. ) ;
#4791 = CARTESIAN_POINT ( 'NONE',  ( -7.000000000000002665, 30.25128029631820326, 5.000000000000000888 ) ) ;
#4792 = ORIENTED_EDGE ( 'NONE', *, *, #3720, .F. ) ;
#4793 = DIRECTION ( 'NONE',  ( 0.000000000000000000, 0.000000000000000000, 1.000000000000000000 ) ) ;
#4794 = FACE_BOUND ( 'NONE', #6057, .T. ) ;
#4795 = ORIENTED_EDGE ( 'NONE', *, *, #6009, .T. ) ;
#4796 = CIRCLE ( 'NONE', #356, 4.500000000000002665 ) ;
#4797 = AXIS2_PLACEMENT_3D ( 'NONE', #7006, #330, #3725 ) ;
#4798 = DIRECTION ( 'NONE',  ( 0.5000000000000007772, 0.5000000000000048850, 0.7071067811865434649 ) ) ;
#4799 = DIRECTION ( 'NONE',  ( 0.000000000000000000, 0.000000000000000000, 1.000000000000000000 ) ) ;
#4800 = EDGE_LOOP ( 'NONE', ( #6278, #3824, #3763, #3355 ) ) ;
#4801 = VECTOR ( 'NONE', #5847, 1000.000000000000000 ) ;
#4802 = EDGE_CURVE ( 'NONE', #3297, #3903, #1512, .T. ) ;
#4803 = CARTESIAN_POINT ( 'NONE',  ( -0.3887049631812336536, 26.45128041826986731, 0.8452906471854957360 ) ) ;
#4804 = CARTESIAN_POINT ( 'NONE',  ( 11.44991134358651408, -17.18300987160148807, -3.000000000000000000 ) ) ;
#4805 = LINE ( 'NONE', #4822, #3120 ) ;
#4806 = EDGE_LOOP ( 'NONE', ( #932, #3931, #2325, #844, #1004, #5009 ) ) ;
#4807 = DIRECTION ( 'NONE',  ( 0.000000000000000000, 0.000000000000000000, 1.000000000000000000 ) ) ;
#4808 = B_SPLINE_CURVE_WITH_KNOTS ( 'NONE', 3,
 ( #2266, #5039, #6174, #6687 ),
 .UNSPECIFIED., .F., .F.,
 ( 4, 4 ),
 ( 0.000000000000000000, 0.0008611233099449407949 ),
 .UNSPECIFIED. ) ;
#4809 = CONICAL_SURFACE ( 'NONE', #3057, 0.8500000000000156319, 0.7853981633974477239 ) ;
#4810 = ADVANCED_FACE ( 'NONE', ( #6760 ), #5117, .F. ) ;
#4811 = CARTESIAN_POINT ( 'NONE',  ( -22.71750068664550781, -12.71147595840166744, -2.399999999999989697 ) ) ;
#4812 = AXIS2_PLACEMENT_3D ( 'NONE', #6040, #3177, #492 ) ;
#4813 = CIRCLE ( 'NONE', #1541, 1.500000000000000000 ) ;
#4814 = VERTEX_POINT ( 'NONE', #5480 ) ;
#4815 = EDGE_CURVE ( 'NONE', #5589, #4960, #2127, .T. ) ;
#4816 = FACE_OUTER_BOUND ( 'NONE', #6952, .T. ) ;
#4817 = VECTOR ( 'NONE', #6719, 1000.000000000000000 ) ;
#4818 = ORIENTED_EDGE ( 'NONE', *, *, #6755, .T. ) ;
#4819 = DIRECTION ( 'NONE',  ( 0.000000000000000000, 0.000000000000000000, 1.000000000000000000 ) ) ;
#4820 = AXIS2_PLACEMENT_3D ( 'NONE', #1036, #6593, #1122 ) ;
#4821 = DIRECTION ( 'NONE',  ( 0.000000000000000000, 0.000000000000000000, 1.000000000000000000 ) ) ;
#4822 = CARTESIAN_POINT ( 'NONE',  ( 9.625208355906044844, 25.62607194041217085, -0.6000000000000033085 ) ) ;
#4823 = CYLINDRICAL_SURFACE ( 'NONE', #1067, 0.4999999999999995559 ) ;
#4824 = ORIENTED_EDGE ( 'NONE', *, *, #6958, .T. ) ;
#4825 = CARTESIAN_POINT ( 'NONE',  ( -2.750000000000000000, 20.95128041827298659, -2.168404344971008868E-16 ) ) ;
#4826 = SURFACE_SIDE_STYLE ('',( #69 ) ) ;
#4827 = DIRECTION ( 'NONE',  ( 0.000000000000000000, -1.000000000000000000, -0.000000000000000000 ) ) ;
#4828 = FACE_OUTER_BOUND ( 'NONE', #3276, .T. ) ;
#4829 = ORIENTED_EDGE ( 'NONE', *, *, #4599, .T. ) ;
#4830 = LINE ( 'NONE', #5144, #4999 ) ;
#4831 = EDGE_CURVE ( 'NONE', #5131, #6880, #5975, .T. ) ;
#4832 = AXIS2_PLACEMENT_3D ( 'NONE', #4521, #2848, #1071 ) ;
#4833 = LINE ( 'NONE', #6037, #1848 ) ;
#4834 = DIRECTION ( 'NONE',  ( -0.000000000000000000, -2.891205793294599736E-15, -1.000000000000000000 ) ) ;
#4835 = EDGE_LOOP ( 'NONE', ( #3401, #6065, #6360, #4953 ) ) ;
#4836 = ADVANCED_FACE ( 'NONE', ( #6418 ), #2044, .T. ) ;
#4837 = ORIENTED_EDGE ( 'NONE', *, *, #6391, .T. ) ;
#4838 = VECTOR ( 'NONE', #5361, 1000.000000000000000 ) ;
#4839 = ORIENTED_EDGE ( 'NONE', *, *, #1015, .F. ) ;
#4840 = EDGE_CURVE ( 'NONE', #1705, #2235, #752, .T. ) ;
#4841 = EDGE_CURVE ( 'NONE', #2300, #1647, #4808, .T. ) ;
#4842 = AXIS2_PLACEMENT_3D ( 'NONE', #4345, #5436, #6031 ) ;
#4843 = ADVANCED_FACE ( 'NONE', ( #2389 ), #5093, .F. ) ;
#4844 = ORIENTED_EDGE ( 'NONE', *, *, #5921, .F. ) ;
#4845 = DIRECTION ( 'NONE',  ( 0.000000000000000000, 0.000000000000000000, 1.000000000000000000 ) ) ;
#4846 = CARTESIAN_POINT ( 'NONE',  ( 0.000000000000000000, 30.25128029631820326, 6.500000000000000000 ) ) ;
#4847 = CARTESIAN_POINT ( 'NONE',  ( -14.30049912664548728, 3.980218421195628409, -3.000000000000000000 ) ) ;
#4848 = CARTESIAN_POINT ( 'NONE',  ( -2.384399610574424067, 25.31375395310751841, 1.007794427922878100 ) ) ;
#4849 = ORIENTED_EDGE ( 'NONE', *, *, #6932, .T. ) ;
#4850 = CARTESIAN_POINT ( 'NONE',  ( -7.000000000000000000, 41.75128029631820681, 3.422981144561378003E-15 ) ) ;
#4851 = AXIS2_PLACEMENT_3D ( 'NONE', #3166, #3760, #411 ) ;
#4852 = DIRECTION ( 'NONE',  ( -1.000000000000000000, 0.000000000000000000, 0.000000000000000000 ) ) ;
#4853 = LINE ( 'NONE', #5887, #655 ) ;
#4854 = EDGE_LOOP ( 'NONE', ( #3146, #3221, #297, #2069 ) ) ;
#4855 = EDGE_CURVE ( 'NONE', #5028, #3034, #2658, .T. ) ;
#4856 = VERTEX_POINT ( 'NONE', #5017 ) ;
#4857 = CARTESIAN_POINT ( 'NONE',  ( -6.000000000000000888, -4.691166140300482290, -2.400000000000003908 ) ) ;
#4858 = VERTEX_POINT ( 'NONE', #1162 ) ;
#4859 = DIRECTION ( 'NONE',  ( -0.000000000000000000, -0.000000000000000000, 1.000000000000000000 ) ) ;
#4860 = CIRCLE ( 'NONE', #1983, 1.000000000000000000 ) ;
#4861 = CARTESIAN_POINT ( 'NONE',  ( -22.71750068664549005, -15.71147595840166566, -2.399999999999989697 ) ) ;
#4862 = CARTESIAN_POINT ( 'NONE',  ( 4.263233375270353953, 30.43601725831826599, 6.499999999999999112 ) ) ;
#4863 = ORIENTED_EDGE ( 'NONE', *, *, #7023, .T. ) ;
#4864 = VERTEX_POINT ( 'NONE', #617 ) ;
#4865 = VERTEX_POINT ( 'NONE', #2285 ) ;
#4866 = DIRECTION ( 'NONE',  ( -1.000000000000000000, 0.000000000000000000, 0.000000000000000000 ) ) ;
#4867 = CARTESIAN_POINT ( 'NONE',  ( -19.70049912664546099, -1.528473728810499477, -3.000000000000000000 ) ) ;
#4868 = VERTEX_POINT ( 'NONE', #1719 ) ;
#4869 = ORIENTED_EDGE ( 'NONE', *, *, #4572, .T. ) ;
#4870 = EDGE_LOOP ( 'NONE', ( #6674, #5880, #3973 ) ) ;
#4871 = CARTESIAN_POINT ( 'NONE',  ( -3.000000000000000000, 0.6120109599120351351, 4.284076719384250609 ) ) ;
#4872 = MANIFOLD_SOLID_BREP ( 'Fillet3', #4970 ) ;
#4873 = ADVANCED_FACE ( 'NONE', ( #3531 ), #2751, .F. ) ;
#4874 = CARTESIAN_POINT ( 'NONE',  ( -3.000000000000000000, 18.95128041827299015, -4.898587196589411843E-16 ) ) ;
#4875 = CARTESIAN_POINT ( 'NONE',  ( -2.749999999995584421, 23.84667481250627219, 1.217377162294557502 ) ) ;
#4876 = VECTOR ( 'NONE', #5582, 1000.000000000000000 ) ;
#4877 = ORIENTED_EDGE ( 'NONE', *, *, #2103, .T. ) ;
#4878 = EDGE_CURVE ( 'NONE', #2322, #2475, #4148, .T. ) ;
#4879 = CARTESIAN_POINT ( 'NONE',  ( 1.599999999999999645, 41.75128029631820681, 3.050000000000000711 ) ) ;
#4880 = VERTEX_POINT ( 'NONE', #4653 ) ;
#4881 = ORIENTED_EDGE ( 'NONE', *, *, #5852, .F. ) ;
#4882 = CARTESIAN_POINT ( 'NONE',  ( 4.336808689942017736E-16, 23.45128041827299015, -2.399999999999983036 ) ) ;
#4883 = ORIENTED_EDGE ( 'NONE', *, *, #2771, .T. ) ;
#4884 = ORIENTED_EDGE ( 'NONE', *, *, #3076, .T. ) ;
#4885 = CYLINDRICAL_SURFACE ( 'NONE', #4484, 1.499999999999999556 ) ;
#4886 = EDGE_LOOP ( 'NONE', ( #5317, #3174, #3792, #4829 ) ) ;
#4887 = ADVANCED_FACE ( 'NONE', ( #2037 ), #6061, .T. ) ;
#4888 = PLANE ( 'NONE',  #6494 ) ;
#4889 = ORIENTED_EDGE ( 'NONE', *, *, #2245, .F. ) ;
#4890 = DIRECTION ( 'NONE',  ( 0.000000000000000000, 1.000000000000000000, 0.000000000000000000 ) ) ;
#4891 = CARTESIAN_POINT ( 'NONE',  ( 4.075974153824395430, 30.75128029631820326, 6.500000000000000000 ) ) ;
#4892 = EDGE_CURVE ( 'NONE', #3352, #3086, #6497, .T. ) ;
#4893 = EDGE_LOOP ( 'NONE', ( #4564, #6094, #2671, #1798 ) ) ;
#4894 = COLOUR_RGB ( '',0.7921568627450980005, 0.8196078431372548767, 0.9333333333333333481 ) ;
#4895 = DIRECTION ( 'NONE',  ( 1.000000000000000000, 0.000000000000000000, 0.000000000000000000 ) ) ;
#4896 = CIRCLE ( 'NONE', #7069, 0.2500000000000000000 ) ;
#4897 = VERTEX_POINT ( 'NONE', #2777 ) ;
#4898 = DIRECTION ( 'NONE',  ( -0.5822706741880123715, 0.000000000000000000, 0.8129949950526371705 ) ) ;
#4899 = VECTOR ( 'NONE', #6294, 1000.000000000000227 ) ;
#4900 = FACE_OUTER_BOUND ( 'NONE', #2727, .T. ) ;
#4901 = VECTOR ( 'NONE', #317, 1000.000000000000000 ) ;
#4902 = ORIENTED_EDGE ( 'NONE', *, *, #6240, .F. ) ;
#4903 = AXIS2_PLACEMENT_3D ( 'NONE', #2408, #4075, #2889 ) ;
#4904 = DIRECTION ( 'NONE',  ( 0.000000000000000000, -1.000000000000000000, 0.000000000000000000 ) ) ;
#4905 = DIRECTION ( 'NONE',  ( 0.000000000000000000, 0.000000000000000000, 1.000000000000000000 ) ) ;
#4906 = DIRECTION ( 'NONE',  ( 1.241526754781063561E-15, -1.000000000000000000, 0.000000000000000000 ) ) ;
#4907 = PRODUCT_CONTEXT ( 'NONE', #5390, 'mechanical' ) ;
#4908 = EDGE_CURVE ( 'NONE', #6657, #2298, #5020, .T. ) ;
#4909 = EDGE_CURVE ( 'NONE', #1498, #6911, #563, .T. ) ;
#4910 = FACE_OUTER_BOUND ( 'NONE', #6610, .T. ) ;
#4911 = TOROIDAL_SURFACE ( 'NONE', #6993, 1.000000000000000000, 0.5000000000000000000 ) ;
#4912 = ORIENTED_EDGE ( 'NONE', *, *, #2771, .F. ) ;
#4913 = CARTESIAN_POINT ( 'NONE',  ( 5.500000000000002665, 28.75128029631820681, 4.999999999999999112 ) ) ;
#4914 = CARTESIAN_POINT ( 'NONE',  ( 3.000000000000000000, 18.89849401377294669, -0.02639320225002227127 ) ) ;
#4915 = DIRECTION ( 'NONE',  ( -0.000000000000000000, -0.000000000000000000, -1.000000000000000000 ) ) ;
#4917 = EDGE_CURVE ( 'NONE', #6737, #7031, #6670, .T. ) ;
#4916 = CARTESIAN_POINT ( 'NONE',  ( -0.04437249225549069753, -1.489057109605489870, -3.000000000000000000 ) ) ;
#4918 = CIRCLE ( 'NONE', #6411, 1.625000000000001332 ) ;
#4919 = ORIENTED_EDGE ( 'NONE', *, *, #3007, .T. ) ;
#4920 = DIRECTION ( 'NONE',  ( 1.000000000000000000, -0.000000000000000000, -0.000000000000000000 ) ) ;
#4921 = DIRECTION ( 'NONE',  ( 0.000000000000000000, 1.000000000000000000, -0.000000000000000000 ) ) ;
#4922 = ORIENTED_EDGE ( 'NONE', *, *, #596, .F. ) ;
#4923 = DIRECTION ( 'NONE',  ( 0.000000000000000000, 0.000000000000000000, -1.000000000000000000 ) ) ;
#4924 = ADVANCED_FACE ( 'NONE', ( #5205 ), #253, .T. ) ;
#4925 = LINE ( 'NONE', #4417, #3149 ) ;
#4926 = AXIS2_PLACEMENT_3D ( 'NONE', #1506, #3781, #5434 ) ;
#4927 = CARTESIAN_POINT ( 'NONE',  ( -1.600000000000000311, 41.75128029631820681, 1.950000000000000844 ) ) ;
#4928 = DIRECTION ( 'NONE',  ( 1.000000000000000000, 0.000000000000000000, 0.000000000000000000 ) ) ;
#4929 = CARTESIAN_POINT ( 'NONE',  ( 9.000000000000001776, -4.691166140300482290, -2.399999999999990585 ) ) ;
#4930 = DIRECTION ( 'NONE',  ( 0.000000000000000000, -1.000000000000000000, 1.734723475976805517E-15 ) ) ;
#4931 = VECTOR ( 'NONE', #7139, 1000.000000000000000 ) ;
#4932 = LINE ( 'NONE', #3617, #3421 ) ;
#4933 = ORIENTED_EDGE ( 'NONE', *, *, #3811, .T. ) ;
#4934 = CARTESIAN_POINT ( 'NONE',  ( 5.500000000000000000, 41.75128029631820681, 0.6213203435596476032 ) ) ;
#4935 = EDGE_CURVE ( 'NONE', #1676, #1901, #2735, .T. ) ;
#4936 = AXIS2_PLACEMENT_3D ( 'NONE', #1372, #6382, #5818 ) ;
#4937 = CYLINDRICAL_SURFACE ( 'NONE', #402, 0.5000000000000004441 ) ;
#4938 = CARTESIAN_POINT ( 'NONE',  ( -4.075974153824395430, 30.75128029631820326, 6.500000000000000000 ) ) ;
#4939 = ORIENTED_EDGE ( 'NONE', *, *, #2949, .F. ) ;
#4940 = EDGE_LOOP ( 'NONE', ( #3376, #6415, #5338, #6516, #7186, #6518 ) ) ;
#4941 = CARTESIAN_POINT ( 'NONE',  ( -22.36430442979903432, 12.03844772909534910, 0.000000000000000000 ) ) ;
#4942 = CARTESIAN_POINT ( 'NONE',  ( -7.000000000000002665, 30.25128029631820326, -2.399999999999988809 ) ) ;
#4943 = EDGE_CURVE ( 'NONE', #1119, #6903, #7108, .T. ) ;
#4944 = VECTOR ( 'NONE', #1350, 1000.000000000000000 ) ;
#4945 = ORIENTED_EDGE ( 'NONE', *, *, #5358, .T. ) ;
#4946 = AXIS2_PLACEMENT_3D ( 'NONE', #7097, #5873, #3766 ) ;
#4947 = EDGE_LOOP ( 'NONE', ( #519, #1856, #362, #5094, #6217 ) ) ;
#4948 = DIRECTION ( 'NONE',  ( 1.000000000000000000, 0.000000000000000000, -0.000000000000000000 ) ) ;
#4949 = VERTEX_POINT ( 'NONE', #6350 ) ;
#4950 = CARTESIAN_POINT ( 'NONE',  ( -22.71750068664550781, -12.71147595840166744, 0.000000000000000000 ) ) ;
#4951 = CARTESIAN_POINT ( 'NONE',  ( 15.71750068664550604, 5.391643985941802164, -3.000000000000000000 ) ) ;
#4952 = VECTOR ( 'NONE', #4182, 1000.000000000000000 ) ;
#4953 = ORIENTED_EDGE ( 'NONE', *, *, #7081, .F. ) ;
#4954 = CARTESIAN_POINT ( 'NONE',  ( 10.67629223573883124, -15.69816324515254102, -0.4000582682456753636 ) ) ;
#4955 = CARTESIAN_POINT ( 'NONE',  ( -2.399999999999999911, 35.25128029631821391, -2.800000000000009148 ) ) ;
#4956 = ORIENTED_EDGE ( 'NONE', *, *, #4005, .F. ) ;
#4957 = AXIS2_PLACEMENT_3D ( 'NONE', #6067, #580, #6698 ) ;
#4958 = PLANE ( 'NONE',  #132 ) ;
#4959 = EDGE_CURVE ( 'NONE', #3946, #1969, #209, .T. ) ;
#4960 = VERTEX_POINT ( 'NONE', #773 ) ;
#4961 = ADVANCED_FACE ( 'NONE', ( #4584 ), #1863, .T. ) ;
#4962 = CARTESIAN_POINT ( 'NONE',  ( 5.445611429663543390, 39.75128029631820681, 5.590581039116559126 ) ) ;
#4963 = EDGE_LOOP ( 'NONE', ( #4761, #5471, #5159, #6499 ) ) ;
#4964 = ORIENTED_EDGE ( 'NONE', *, *, #4307, .F. ) ;
#4965 = CARTESIAN_POINT ( 'NONE',  ( -4.100000000000017408, 13.20128041827298659, -3.000000000000000000 ) ) ;
#4966 = ORIENTED_EDGE ( 'NONE', *, *, #4985, .T. ) ;
#4967 = AXIS2_PLACEMENT_3D ( 'NONE', #7219, #2909, #3485 ) ;
#4968 = EDGE_LOOP ( 'NONE', ( #2391, #3343, #1271, #2279, #365, #457, #6118, #4689, #5054, #4818, #1260, #2341, #1315 ) ) ;
#4969 = DIRECTION ( 'NONE',  ( 0.000000000000000000, 0.000000000000000000, -1.000000000000000000 ) ) ;
#4970 = CLOSED_SHELL ( 'NONE', ( #3640, #5388, #219, #4657, #1973, #378, #625, #2880, #2989, #5430, #5500, #2844, #893, #4409, #305, #6628, #1347, #6301, #6291, #2260, #4578, #999, #3891, #740, #850, #6179, #5667, #6161, #665, #1318, #2409, #6487, #5396, #1061, #1530, #2592, #7070, #5077, #4486, #348, #2, #1597, #1492, #4110, #5333, #177, #6732, #2332, #4691, #4505, #5265, #1936, #1032, #2526, #3288, #4989, #809, #860, #6999, #4194, #5098, #2678, #2076, #2562, #4730, #1482, #5781, #100, #5928, #70, #6214, #4336, #1720, #5601, #2188, #5992, #4836, #450, #7214, #188, #1128, #1091, #3751, #6448, #1265, #6075, #5966, #415, #2371, #2806, #2737, #4063, #4260, #5859, #6804, #4227, #3470, #5362, #2952, #1816, #5215, #2486, #1457, #226, #1700, #750, #6918, #1742, #6252, #3712, #2047, #4620, #3553, #2222, #3788, #590, #3980, #373, #6370, #4810, #48, #3963, #1232, #6338, #6695, #30, #6660, #6000, #3208, #6416, #6519, #138, #5703, #3431, #4773, #4290, #4301, #298, #6109, #2826, #6770, #4028, #2152, #4961, #2454, #4924, #1565, #3942, #926, #5632, #5024, #3103, #3994, #7185, #2294, #4376, #7107, #963, #274, #259, #3593, #5257, #1897, #4218, #2711, #6588, #2632, #4544, #5465, #3858, #6838, #4873, #2443, #526, #3823, #1310, #1279, #2772, #3037, #2117, #6143, #5828, #5892, #3513, #7022, #1143, #6333, #458, #3024, #5173, #5138, #7151, #5225, #3137, #6036, #3061, #2085, #4154, #556, #3324, #2788, #5817, #1665, #6557, #3393, #5568, #1632, #3248, #1156, #5058, #4144, #3673, #6965, #2608, #777, #7030, #1423, #1860, #5756, #3067, #1356, #1775, #5288, #4440, #2912, #4701, #4843, #5425, #2639, #6878, #488, #3926, #4472, #700, #2012, #6928, #1906, #3356, #5742, #3172, #4887, #1194, #5534, #6442 ) ) ;
#4971 = VERTEX_POINT ( 'NONE', #5841 ) ;
#4972 = DIRECTION ( 'NONE',  ( 0.000000000000000000, 1.000000000000000000, -3.469446951953611033E-15 ) ) ;
#4973 = DIRECTION ( 'NONE',  ( 0.000000000000000000, 0.000000000000000000, 1.000000000000000000 ) ) ;
#4974 = CARTESIAN_POINT ( 'NONE',  ( -3.000000000000000000, 18.64590182184679534, -0.1526892982130992338 ) ) ;
#4975 = EDGE_CURVE ( 'NONE', #6608, #2677, #5969, .T. ) ;
#4976 = CARTESIAN_POINT ( 'NONE',  ( 20.30049912664548373, -1.528473728810500365, 0.000000000000000000 ) ) ;
#4977 = VECTOR ( 'NONE', #3212, 1000.000000000000114 ) ;
#4978 = VERTEX_POINT ( 'NONE', #1947 ) ;
#4979 = CARTESIAN_POINT ( 'NONE',  ( -3.000000000000000000, 13.95128041827298837, -2.000000000000000000 ) ) ;
#4980 = CYLINDRICAL_SURFACE ( 'NONE', #6807, 4.500000000000002665 ) ;
#4981 = DIRECTION ( 'NONE',  ( -1.000000000000000000, 0.000000000000000000, 0.000000000000000000 ) ) ;
#4982 = DIRECTION ( 'NONE',  ( -1.000000000000000000, -9.413402076882190469E-15, 0.000000000000000000 ) ) ;
#4983 = CIRCLE ( 'NONE', #3079, 9.399999999999987921 ) ;
#4984 = ORIENTED_EDGE ( 'NONE', *, *, #7047, .T. ) ;
#4985 = EDGE_CURVE ( 'NONE', #2641, #3030, #2564, .T. ) ;
#4986 = CIRCLE ( 'NONE', #1939, 1.500000000000000000 ) ;
#4987 = CIRCLE ( 'NONE', #3119, 1.000000000000000000 ) ;
#4988 = CARTESIAN_POINT ( 'NONE',  ( -14.30049912664548728, 3.980218421195628409, -3.000000000000000000 ) ) ;
#4989 = ADVANCED_FACE ( 'NONE', ( #1246 ), #745, .F. ) ;
#4990 = LINE ( 'NONE', #4998, #3044 ) ;
#4991 = CARTESIAN_POINT ( 'NONE',  ( 5.115571629684049881, 40.12744612449420600, -1.432311483067280511 ) ) ;
#4992 = TOROIDAL_SURFACE ( 'NONE', #5754, 1.000000000000000000, 0.5000000000000000000 ) ;
#4993 = ORIENTED_EDGE ( 'NONE', *, *, #494, .F. ) ;
#4994 = DIRECTION ( 'NONE',  ( -1.000000000000000000, 0.000000000000000000, 0.000000000000000000 ) ) ;
#4995 = EDGE_CURVE ( 'NONE', #3352, #7086, #7202, .T. ) ;
#4996 = EDGE_CURVE ( 'NONE', #1996, #2045, #4671, .T. ) ;
#4997 = LINE ( 'NONE', #5933, #5519 ) ;
#4998 = CARTESIAN_POINT ( 'NONE',  ( 10.78249931335374079, -15.86847602325206275, -3.000000000000000000 ) ) ;
#4999 = VECTOR ( 'NONE', #2874, 1000.000000000000000 ) ;
#5000 = EDGE_LOOP ( 'NONE', ( #6346, #5645, #2246, #4661 ) ) ;
#5001 = DIRECTION ( 'NONE',  ( -0.000000000000000000, -0.000000000000000000, -1.000000000000000000 ) ) ;
#5002 = DIRECTION ( 'NONE',  ( -1.000000000000000000, 0.000000000000000000, 0.000000000000000000 ) ) ;
#5003 = DIRECTION ( 'NONE',  ( 0.000000000000000000, 0.000000000000000000, 1.000000000000000000 ) ) ;
#5005 = AXIS2_PLACEMENT_3D ( 'NONE', #4303, #4834, #5398 ) ;
#5004 = DIRECTION ( 'NONE',  ( 0.4999999999999997224, 0.4999999999999997224, 0.7071067811865479058 ) ) ;
#5006 = CIRCLE ( 'NONE', #332, 0.5000000000000004441 ) ;
#5007 = VECTOR ( 'NONE', #2865, 1000.000000000000000 ) ;
#5008 = ORIENTED_EDGE ( 'NONE', *, *, #6605, .T. ) ;
#5009 = ORIENTED_EDGE ( 'NONE', *, *, #2905, .T. ) ;
#5010 = CARTESIAN_POINT ( 'NONE',  ( -5.652034699307244558, 30.75128029631820326, 4.448075400297424764 ) ) ;
#5011 = EDGE_CURVE ( 'NONE', #3598, #4090, #6139, .T. ) ;
#5012 = AXIS2_PLACEMENT_3D ( 'NONE', #3619, #7003, #1411 ) ;
#5013 = FACE_OUTER_BOUND ( 'NONE', #1335, .T. ) ;
#5014 = VERTEX_POINT ( 'NONE', #6938 ) ;
#5015 = PLANE ( 'NONE',  #1445 ) ;
#5016 = DIRECTION ( 'NONE',  ( -0.5822706741880134818, 0.000000000000000000, 0.8129949950526363933 ) ) ;
#5017 = CARTESIAN_POINT ( 'NONE',  ( -25.71750068664550781, -12.71147595840164435, -2.399999999999989697 ) ) ;
#5018 = DIRECTION ( 'NONE',  ( 1.000000000000000000, 0.000000000000000000, 0.000000000000000000 ) ) ;
#5019 = FACE_OUTER_BOUND ( 'NONE', #2507, .T. ) ;
#5020 = LINE ( 'NONE', #6126, #4055 ) ;
#5021 = EDGE_LOOP ( 'NONE', ( #6961, #3373, #855, #5172, #772 ) ) ;
#5022 = EDGE_CURVE ( 'NONE', #5041, #3297, #4487, .T. ) ;
#5023 = AXIS2_PLACEMENT_3D ( 'NONE', #5676, #6727, #707 ) ;
#5024 = ADVANCED_FACE ( 'NONE', ( #5544 ), #4418, .T. ) ;
#5025 = DIRECTION ( 'NONE',  ( -1.000000000000000000, 0.000000000000000000, 0.000000000000000000 ) ) ;
#5026 = ORIENTED_EDGE ( 'NONE', *, *, #1724, .T. ) ;
#5027 = CARTESIAN_POINT ( 'NONE',  ( -2.750000000000000000, 20.95128041827298659, -0.2500000000000002220 ) ) ;
#5028 = VERTEX_POINT ( 'NONE', #913 ) ;
#5029 = VERTEX_POINT ( 'NONE', #3158 ) ;
#5030 = EDGE_LOOP ( 'NONE', ( #6396, #2154, #412, #1199 ) ) ;
#5031 = CONICAL_SURFACE ( 'NONE', #6957, 9.399999999999987921, 0.7853981633974541632 ) ;
#5032 = AXIS2_PLACEMENT_3D ( 'NONE', #6658, #3890, #3313 ) ;
#5034 = EDGE_CURVE ( 'NONE', #3022, #6232, #308, .T. ) ;
#5033 = DIRECTION ( 'NONE',  ( 0.000000000000000000, 0.8297536007080709153, 0.5581298792503329720 ) ) ;
#5035 = EDGE_LOOP ( 'NONE', ( #3780, #2074, #4150, #6063 ) ) ;
#5036 = VERTEX_POINT ( 'NONE', #1414 ) ;
#5037 = CARTESIAN_POINT ( 'NONE',  ( 4.867894020726240001, 40.13649798470306251, -1.652890613463209091 ) ) ;
#5038 = CARTESIAN_POINT ( 'NONE',  ( -4.370332818530348717, 30.75128029631820326, 6.228402762220407674 ) ) ;
#5039 = CARTESIAN_POINT ( 'NONE',  ( 6.793925936588078862, 30.25128029631820326, -2.599815102985673310 ) ) ;
#5040 = DIRECTION ( 'NONE',  ( 0.000000000000000000, 0.000000000000000000, 1.000000000000000000 ) ) ;
#5041 = VERTEX_POINT ( 'NONE', #7029 ) ;
#5042 = AXIS2_PLACEMENT_3D ( 'NONE', #2425, #1753, #2979 ) ;
#5043 = ORIENTED_EDGE ( 'NONE', *, *, #145, .F. ) ;
#5044 = EDGE_CURVE ( 'NONE', #4897, #1040, #1595, .T. ) ;
#5045 = CARTESIAN_POINT ( 'NONE',  ( 11.44991134358651408, -17.18300987160148807, 0.000000000000000000 ) ) ;
#5046 = VECTOR ( 'NONE', #6771, 1000.000000000000000 ) ;
#5047 = ORIENTED_EDGE ( 'NONE', *, *, #2440, .F. ) ;
#5048 = CARTESIAN_POINT ( 'NONE',  ( -3.614007241618347785E-16, 26.23663575733231568, 0.8759541701765514166 ) ) ;
#5049 = EDGE_LOOP ( 'NONE', ( #846, #6098, #6358, #6444 ) ) ;
#5050 = CARTESIAN_POINT ( 'NONE',  ( 0.004513183761349496073, 30.25128029631820326, 8.795290647185000310 ) ) ;
#5051 = CARTESIAN_POINT ( 'NONE',  ( 9.625208355906046620, 25.62607194041217085, 0.000000000000000000 ) ) ;
#5052 = ORIENTED_EDGE ( 'NONE', *, *, #1098, .T. ) ;
#5053 = LINE ( 'NONE', #6039, #4362 ) ;
#5054 = ORIENTED_EDGE ( 'NONE', *, *, #6240, .T. ) ;
#5055 = ORIENTED_EDGE ( 'NONE', *, *, #1794, .F. ) ;
#5056 = ORIENTED_EDGE ( 'NONE', *, *, #7143, .T. ) ;
#5057 = CARTESIAN_POINT ( 'NONE',  ( -21.92549912664548728, -1.528473728810499699, -3.000000000000000000 ) ) ;
#5058 = ADVANCED_FACE ( 'NONE', ( #5796 ), #2906, .T. ) ;
#5059 = VECTOR ( 'NONE', #6332, 1000.000000000000000 ) ;
#5060 = ORIENTED_EDGE ( 'NONE', *, *, #1879, .T. ) ;
#5061 = DIRECTION ( 'NONE',  ( 0.000000000000000000, 0.000000000000000000, 1.000000000000000000 ) ) ;
#5062 = DIRECTION ( 'NONE',  ( -1.000000000000000000, 0.000000000000000000, 0.000000000000000000 ) ) ;
#5063 = EDGE_CURVE ( 'NONE', #3009, #7055, #1672, .T. ) ;
#5064 = LINE ( 'NONE', #1001, #6104 ) ;
#5066 = AXIS2_PLACEMENT_3D ( 'NONE', #2644, #3849, #4972 ) ;
#5065 = DIRECTION ( 'NONE',  ( 0.000000000000000000, 1.000000000000000000, -1.734723475976805517E-15 ) ) ;
#5067 = LINE ( 'NONE', #1585, #2867 ) ;
#5068 = EDGE_LOOP ( 'NONE', ( #2993, #4057, #43, #6084, #3998 ) ) ;
#5069 = CARTESIAN_POINT ( 'NONE',  ( -7.000000000000002665, 30.25128029631820326, -22.79898987322333781 ) ) ;
#5070 = FACE_OUTER_BOUND ( 'NONE', #5000, .T. ) ;
#5071 = CARTESIAN_POINT ( 'NONE',  ( -23.55049912664548728, -1.528473728810499477, 0.000000000000000000 ) ) ;
#5072 = DIRECTION ( 'NONE',  ( 1.000000000000000000, -0.000000000000000000, -0.000000000000000000 ) ) ;
#5073 = LINE ( 'NONE', #3187, #5587 ) ;
#5074 = VERTEX_POINT ( 'NONE', #2561 ) ;
#5075 = EDGE_CURVE ( 'NONE', #3986, #5751, #3716, .T. ) ;
#5076 = DIRECTION ( 'NONE',  ( -0.000000000000000000, -0.000000000000000000, -1.000000000000000000 ) ) ;
#5077 = ADVANCED_FACE ( 'NONE', ( #27 ), #5385, .F. ) ;
#5078 = ORIENTED_EDGE ( 'NONE', *, *, #2149, .F. ) ;
#5079 = CARTESIAN_POINT ( 'NONE',  ( -3.355688153924910822, 30.25128029631819970, -3.000000000000000888 ) ) ;
#5080 = LINE ( 'NONE', #3063, #6560 ) ;
#5081 = VERTEX_POINT ( 'NONE', #5407 ) ;
#5082 = DIRECTION ( 'NONE',  ( 0.000000000000000000, 0.5581298792503329720, -0.8297536007080709153 ) ) ;
#5083 = AXIS2_PLACEMENT_3D ( 'NONE', #629, #6821, #6258 ) ;
#5084 = CARTESIAN_POINT ( 'NONE',  ( 4.832631660370659610, 40.25128029631820681, -2.167368339629327956 ) ) ;
#5085 = PLANE ( 'NONE',  #2248 ) ;
#5086 = EDGE_CURVE ( 'NONE', #4868, #4419, #120, .T. ) ;
#5087 = DIRECTION ( 'NONE',  ( -1.000000000000000000, 0.000000000000000000, 0.000000000000000000 ) ) ;
#5088 = CIRCLE ( 'NONE', #1154, 3.599999999999992095 ) ;
#5089 = ORIENTED_EDGE ( 'NONE', *, *, #7181, .F. ) ;
#5090 = CARTESIAN_POINT ( 'NONE',  ( 3.622919641721424000, 40.25128029631820681, 6.500000000000000000 ) ) ;
#5091 = CIRCLE ( 'NONE', #2896, 2.399999999999982148 ) ;
#5092 = ORIENTED_EDGE ( 'NONE', *, *, #4250, .T. ) ;
#5093 =( BOUNDED_SURFACE ( )  B_SPLINE_SURFACE ( 3, 2, ( 
 ( #5597, #1669, #1693 ),
 ( #572, #7229, #3319 ),
 ( #9, #2240, #1625 ),
 ( #5615, #6151, #1294 ) ),
 .UNSPECIFIED., .F., .F., .F. ) 
 B_SPLINE_SURFACE_WITH_KNOTS ( ( 4, 4 ),
 ( 3, 3 ),
 ( 0.001618307156288899609, 0.001813603431556753010 ),
 ( 0.000000000000000000, 1.000000000000000000 ),
 .UNSPECIFIED. ) 
 GEOMETRIC_REPRESENTATION_ITEM ( )  RATIONAL_B_SPLINE_SURFACE ( (
 ( 1.000000000000000000, 0.7071067811865489050, 1.000000000000000000),
 ( 1.000000000000000000, 0.7087583284940273121, 1.000000000000000000),
 ( 1.000000000000000000, 0.7133778201119937989, 1.000000000000000000),
 ( 1.000000000000000000, 0.7204829694773331461, 1.000000000000000000) ) ) 
 REPRESENTATION_ITEM ( '' )  SURFACE ( )  );
#5094 = ORIENTED_EDGE ( 'NONE', *, *, #596, .T. ) ;
#5095 = ORIENTED_EDGE ( 'NONE', *, *, #23, .T. ) ;
#5096 = DIRECTION ( 'NONE',  ( -0.000000000000000000, -2.891205793294595792E-15, -1.000000000000000000 ) ) ;
#5097 = CYLINDRICAL_SURFACE ( 'NONE', #4449, 3.000000000000000000 ) ;
#5098 = ADVANCED_FACE ( 'NONE', ( #1502 ), #6750, .T. ) ;
#5099 = CARTESIAN_POINT ( 'NONE',  ( 25.71750068664550426, 5.391643985941803052, -0.6000000000000033085 ) ) ;
#5100 = CARTESIAN_POINT ( 'NONE',  ( 7.000000000000000000, 40.25128029631820681, -22.79898987322333781 ) ) ;
#5101 = CARTESIAN_POINT ( 'NONE',  ( 14.30049912664548728, 3.980218421195628409, -0.5999999999999963141 ) ) ;
#5102 = VECTOR ( 'NONE', #3793, 1000.000000000000000 ) ;
#5104 = AXIS2_PLACEMENT_3D ( 'NONE', #6607, #982, #4895 ) ;
#5103 = DIRECTION ( 'NONE',  ( -4.001029970875857235E-16, -1.000000000000000000, 0.000000000000000000 ) ) ;
#5105 = VERTEX_POINT ( 'NONE', #934 ) ;
#5106 = CARTESIAN_POINT ( 'NONE',  ( -9.000000000000001776, -4.691166140300482290, 0.000000000000000000 ) ) ;
#5107 = ORIENTED_EDGE ( 'NONE', *, *, #959, .T. ) ;
#5108 = VECTOR ( 'NONE', #2910, 1000.000000000000114 ) ;
#5109 = DIRECTION ( 'NONE',  ( -1.000000000000000000, 8.848244317864569105E-16, 0.000000000000000000 ) ) ;
#5110 = ORIENTED_EDGE ( 'NONE', *, *, #4456, .T. ) ;
#5111 = DIRECTION ( 'NONE',  ( 0.000000000000000000, 0.000000000000000000, 1.000000000000000000 ) ) ;
#5112 = EDGE_CURVE ( 'NONE', #310, #2508, #5709, .T. ) ;
#5113 = EDGE_LOOP ( 'NONE', ( #2187, #5325, #3282, #6374, #2271 ) ) ;
#5114 = PLANE ( 'NONE',  #5217 ) ;
#5115 = CARTESIAN_POINT ( 'NONE',  ( -21.92549912664548728, -1.528473728810499699, -2.399999999999967049 ) ) ;
#5116 = DIRECTION ( 'NONE',  ( -1.000000000000000000, 1.858632295689435856E-16, 0.000000000000000000 ) ) ;
#5117 = CYLINDRICAL_SURFACE ( 'NONE', #455, 0.2500000000000002220 ) ;
#5118 = ORIENTED_EDGE ( 'NONE', *, *, #4152, .F. ) ;
#5119 = ORIENTED_EDGE ( 'NONE', *, *, #3569, .F. ) ;
#5120 = CIRCLE ( 'NONE', #5104, 1.625000000000001332 ) ;
#5121 = LINE ( 'NONE', #4398, #3634 ) ;
#5122 = EDGE_CURVE ( 'NONE', #6335, #5520, #4574, .T. ) ;
#5123 = CARTESIAN_POINT ( 'NONE',  ( -9.000000000000001776, -4.691166140300482290, -3.000000000000000000 ) ) ;
#5124 = ORIENTED_EDGE ( 'NONE', *, *, #867, .T. ) ;
#5125 = CARTESIAN_POINT ( 'NONE',  ( -1.600000000000000311, 29.25128029631821036, 3.050000000000000711 ) ) ;
#5126 = CARTESIAN_POINT ( 'NONE',  ( -11.44991134358651408, -17.18300987160148807, -3.000000000000000000 ) ) ;
#5127 = DIRECTION ( 'NONE',  ( -0.7071067811865474617, 0.000000000000000000, -0.7071067811865474617 ) ) ;
#5128 = ORIENTED_EDGE ( 'NONE', *, *, #2676, .F. ) ;
#5129 = DIRECTION ( 'NONE',  ( 1.000000000000000000, 0.000000000000000000, 0.000000000000000000 ) ) ;
#5130 = DIRECTION ( 'NONE',  ( 0.000000000000000000, 1.000000000000000000, 1.365091425809202473E-16 ) ) ;
#5131 = VERTEX_POINT ( 'NONE', #4867 ) ;
#5132 = PLANE ( 'NONE',  #5994 ) ;
#5133 = ORIENTED_EDGE ( 'NONE', *, *, #6997, .F. ) ;
#5134 = AXIS2_PLACEMENT_3D ( 'NONE', #3456, #5213, #1788 ) ;
#5136 = EDGE_CURVE ( 'NONE', #5081, #6140, #1854, .T. ) ;
#5135 = CARTESIAN_POINT ( 'NONE',  ( 17.30049912664549083, -4.691166140300481402, -0.5999999999999963141 ) ) ;
#5137 = EDGE_CURVE ( 'NONE', #6789, #3747, #6936, .T. ) ;
#5138 = ADVANCED_FACE ( 'NONE', ( #6412 ), #1760, .F. ) ;
#5139 = ORIENTED_EDGE ( 'NONE', *, *, #4702, .T. ) ;
#5140 = CARTESIAN_POINT ( 'NONE',  ( 0.000000000000000000, 35.25128029631821391, 8.738225099390854567 ) ) ;
#5141 = CARTESIAN_POINT ( 'NONE',  ( -16.42181947020512567, 6.101538764755273014, -0.5999999999999894307 ) ) ;
#5142 = CARTESIAN_POINT ( 'NONE',  ( -2.100000000000000089, 42.25128029631820681, 3.550000000000000711 ) ) ;
#5143 = ORIENTED_EDGE ( 'NONE', *, *, #160, .T. ) ;
#5144 = CARTESIAN_POINT ( 'NONE',  ( 4.620218033846062333, 30.25128029631820326, -1.839592552672425718 ) ) ;
#5145 = CARTESIAN_POINT ( 'NONE',  ( 3.558769552017628346, 39.75128029631820681, 5.644138212168633650 ) ) ;
#5146 = CIRCLE ( 'NONE', #375, 3.000000000000000000 ) ;
#5147 = EDGE_LOOP ( 'NONE', ( #5991, #691, #7144, #1945 ) ) ;
#5148 = EDGE_LOOP ( 'NONE', ( #3504, #1838, #540, #2151, #3551, #3011 ) ) ;
#5149 = EDGE_CURVE ( 'NONE', #3272, #7055, #5538, .T. ) ;
#5150 = CARTESIAN_POINT ( 'NONE',  ( 15.71750068664550604, 5.391643985941802164, -2.399999999999989697 ) ) ;
#5151 = CARTESIAN_POINT ( 'NONE',  ( 1.497968667086212013, 26.07967886856316753, 0.8983765828578726964 ) ) ;
#5152 = DIRECTION ( 'NONE',  ( 0.7071067811865483499, 0.7071067811865465735, 0.000000000000000000 ) ) ;
#5153 = CIRCLE ( 'NONE', #3855, 1.499999999999999556 ) ;
#5154 = ORIENTED_EDGE ( 'NONE', *, *, #507, .F. ) ;
#5155 = DIRECTION ( 'NONE',  ( 0.000000000000000000, 0.000000000000000000, -1.000000000000000000 ) ) ;
#5156 = LINE ( 'NONE', #74, #3478 ) ;
#5157 = VECTOR ( 'NONE', #779, 1000.000000000000114 ) ;
#5158 = FACE_OUTER_BOUND ( 'NONE', #4222, .T. ) ;
#5159 = ORIENTED_EDGE ( 'NONE', *, *, #1986, .T. ) ;
#5160 = DIRECTION ( 'NONE',  ( 0.000000000000000000, 0.000000000000000000, 1.000000000000000000 ) ) ;
#5161 = PLANE ( 'NONE',  #2642 ) ;
#5162 = FACE_OUTER_BOUND ( 'NONE', #5068, .T. ) ;
#5163 = DIRECTION ( 'NONE',  ( -0.7071067811865483499, -0.7071067811865465735, 0.000000000000000000 ) ) ;
#5164 = VECTOR ( 'NONE', #1012, 1000.000000000000000 ) ;
#5165 = ORIENTED_EDGE ( 'NONE', *, *, #6939, .F. ) ;
#5166 = CARTESIAN_POINT ( 'NONE',  ( 16.69627616777151147, 32.69713975227765701, -2.399999999999988809 ) ) ;
#5167 = EDGE_CURVE ( 'NONE', #5475, #7239, #3882, .T. ) ;
#5169 = AXIS2_PLACEMENT_3D ( 'NONE', #6578, #1023, #5490 ) ;
#5168 = DIRECTION ( 'NONE',  ( 1.000000000000000000, 0.000000000000000000, 0.000000000000000000 ) ) ;
#5170 = ORIENTED_EDGE ( 'NONE', *, *, #4517, .T. ) ;
#5171 = CIRCLE ( 'NONE', #4639, 17.99969003592087091 ) ;
#5172 = ORIENTED_EDGE ( 'NONE', *, *, #5351, .F. ) ;
#5173 = ADVANCED_FACE ( 'NONE', ( #1069 ), #386, .F. ) ;
#5174 = ORIENTED_EDGE ( 'NONE', *, *, #6701, .F. ) ;
#5175 = CARTESIAN_POINT ( 'NONE',  ( -9.000000000000001776, -7.691166140300482290, -0.5999999999999894307 ) ) ;
#5176 = DIRECTION ( 'NONE',  ( 1.776377566794729093E-15, 0.000000000000000000, 1.000000000000000000 ) ) ;
#5177 = AXIS2_PLACEMENT_3D ( 'NONE', #7204, #2710, #5474 ) ;
#5178 = FACE_OUTER_BOUND ( 'NONE', #3837, .T. ) ;
#5179 = EDGE_CURVE ( 'NONE', #5540, #5329, #5369, .T. ) ;
#5180 = TOROIDAL_SURFACE ( 'NONE', #770, 4.249999999999988454, 0.5000000000000000000 ) ;
#5181 = DIRECTION ( 'NONE',  ( 0.000000000000000000, 0.000000000000000000, -1.000000000000000000 ) ) ;
#5182 = CARTESIAN_POINT ( 'NONE',  ( -7.000000000000002665, 30.25128029631820326, -2.399999999999988809 ) ) ;
#5183 = ORIENTED_EDGE ( 'NONE', *, *, #3330, .T. ) ;
#5184 = LINE ( 'NONE', #5550, #993 ) ;
#5185 = VECTOR ( 'NONE', #4223, 1000.000000000000114 ) ;
#5186 = AXIS2_PLACEMENT_3D ( 'NONE', #4606, #4019, #4065 ) ;
#5187 = ORIENTED_EDGE ( 'NONE', *, *, #6513, .T. ) ;
#5188 = CARTESIAN_POINT ( 'NONE',  ( -20.30049912664548373, -1.528473728810499699, -3.000000000000000000 ) ) ;
#5189 = PLANE ( 'NONE',  #2344 ) ;
#5190 = DIRECTION ( 'NONE',  ( -0.000000000000000000, -0.000000000000000000, -1.000000000000000000 ) ) ;
#5191 = EDGE_CURVE ( 'NONE', #6583, #6582, #6493, .T. ) ;
#5192 =( BOUNDED_CURVE ( )  B_SPLINE_CURVE ( 3, ( #861, #3038, #6956, #3056 ),
 .UNSPECIFIED., .F., .F. ) 
 B_SPLINE_CURVE_WITH_KNOTS ( ( 4, 4 ),
 ( 1.570796326794896558, 3.141592653589793116 ),
 .UNSPECIFIED. ) 
 CURVE ( )  GEOMETRIC_REPRESENTATION_ITEM ( )  RATIONAL_B_SPLINE_CURVE ( ( 1.000000000000000000, 0.8047378541243649375, 0.8047378541243649375, 1.000000000000000000 ) ) 
 REPRESENTATION_ITEM ( '' )  );
#5193 = CARTESIAN_POINT ( 'NONE',  ( -25.71750068664550781, -1.217476000361414457, -3.000000000000000000 ) ) ;
#5194 = VECTOR ( 'NONE', #2793, 1000.000000000000000 ) ;
#5195 = CARTESIAN_POINT ( 'NONE',  ( -7.000000000000000000, 40.25128029631820681, 5.000000000000000888 ) ) ;
#5196 = ORIENTED_EDGE ( 'NONE', *, *, #972, .F. ) ;
#5197 = DIRECTION ( 'NONE',  ( 0.000000000000000000, 0.000000000000000000, -1.000000000000000000 ) ) ;
#5198 = DIRECTION ( 'NONE',  ( -0.000000000000000000, 1.000000000000000000, 0.000000000000000000 ) ) ;
#5199 = CARTESIAN_POINT ( 'NONE',  ( -5.500000000000000000, 42.25128029631820681, 4.999999999999999112 ) ) ;
#5200 = VERTEX_POINT ( 'NONE', #7162 ) ;
#5201 = DIRECTION ( 'NONE',  ( 0.000000000000000000, 0.000000000000000000, 1.000000000000000000 ) ) ;
#5202 = VECTOR ( 'NONE', #950, 1000.000000000000000 ) ;
#5204 = AXIS2_PLACEMENT_3D ( 'NONE', #4523, #6246, #644 ) ;
#5203 = PLANE ( 'NONE',  #1227 ) ;
#5205 = FACE_OUTER_BOUND ( 'NONE', #6351, .T. ) ;
#5206 = ORIENTED_EDGE ( 'NONE', *, *, #5063, .T. ) ;
#5207 = DIRECTION ( 'NONE',  ( 1.000000000000000000, 0.000000000000000000, 0.000000000000000000 ) ) ;
#5208 = CARTESIAN_POINT ( 'NONE',  ( -10.78249931335369105, -15.86847602325196149, -0.5999999999999928724 ) ) ;
#5209 = ORIENTED_EDGE ( 'NONE', *, *, #2503, .F. ) ;
#5210 = PLANE ( 'NONE',  #2975 ) ;
#5211 = CONICAL_SURFACE ( 'NONE', #6743, 2.399999999999999911, 0.7853981633974514986 ) ;
#5212 = FACE_OUTER_BOUND ( 'NONE', #561, .T. ) ;
#5213 = DIRECTION ( 'NONE',  ( -0.000000000000000000, -0.000000000000000000, -1.000000000000000000 ) ) ;
#5214 = EDGE_LOOP ( 'NONE', ( #3455, #7234, #1092, #5580 ) ) ;
#5215 = ADVANCED_FACE ( 'NONE', ( #2202 ), #3260, .F. ) ;
#5216 = EDGE_CURVE ( 'NONE', #6086, #2027, #5452, .T. ) ;
#5217 = AXIS2_PLACEMENT_3D ( 'NONE', #5141, #1235, #5163 ) ;
#5218 = ORIENTED_EDGE ( 'NONE', *, *, #1320, .T. ) ;
#5219 = EDGE_LOOP ( 'NONE', ( #6311, #2884, #3979, #5196 ) ) ;
#5220 = VECTOR ( 'NONE', #5072, 1000.000000000000000 ) ;
#5221 = DIRECTION ( 'NONE',  ( -0.7071067811865481278, 0.000000000000000000, -0.7071067811865470176 ) ) ;
#5222 = DIRECTION ( 'NONE',  ( 0.7071067811865466846, 0.7071067811865484609, -0.000000000000000000 ) ) ;
#5223 = CARTESIAN_POINT ( 'NONE',  ( -11.55619151688041768, -15.11147595840165536, 0.000000000000000000 ) ) ;
#5224 = EDGE_LOOP ( 'NONE', ( #6462, #5056, #7, #1433, #2716, #2758 ) ) ;
#5225 = ADVANCED_FACE ( 'NONE', ( #2032 ), #6580, .F. ) ;
#5226 = ORIENTED_EDGE ( 'NONE', *, *, #3059, .T. ) ;
#5227 = EDGE_CURVE ( 'NONE', #3034, #591, #735, .T. ) ;
#5228 = EDGE_CURVE ( 'NONE', #1663, #859, #3972, .T. ) ;
#5229 = MECHANICAL_DESIGN_GEOMETRIC_PRESENTATION_REPRESENTATION (  '', ( #2950 ), #5950 ) ;
#5230 = DIRECTION ( 'NONE',  ( -1.000000000000000000, 0.000000000000000000, 0.000000000000000000 ) ) ;
#5231 = DIRECTION ( 'NONE',  ( 1.000000000000000000, 0.000000000000000000, 0.000000000000000000 ) ) ;
#5232 = DIRECTION ( 'NONE',  ( -0.8129949950526360603, -0.000000000000000000, -0.5822706741880139258 ) ) ;
#5233 = CARTESIAN_POINT ( 'NONE',  ( 11.44991134358651408, -17.18300987160148807, -3.000000000000000000 ) ) ;
#5234 = ORIENTED_EDGE ( 'NONE', *, *, #6812, .F. ) ;
#5235 = CARTESIAN_POINT ( 'NONE',  ( -1.600000000000000311, 29.25128029631821036, 3.050000000000000711 ) ) ;
#5236 = VERTEX_POINT ( 'NONE', #4361 ) ;
#5237 = CARTESIAN_POINT ( 'NONE',  ( -2.399999999999982148, 13.20128041827298837, -3.000000000000000000 ) ) ;
#5238 = FACE_OUTER_BOUND ( 'NONE', #4800, .T. ) ;
#5239 = ORIENTED_EDGE ( 'NONE', *, *, #1605, .F. ) ;
#5240 = EDGE_LOOP ( 'NONE', ( #4186, #7021, #4424, #3886 ) ) ;
#5241 = VECTOR ( 'NONE', #6088, 1000.000000000000000 ) ;
#5242 = CARTESIAN_POINT ( 'NONE',  ( 15.71750068664550604, 5.391643985941802164, -2.399999999999989697 ) ) ;
#5243 = AXIS2_PLACEMENT_3D ( 'NONE', #2080, #2105, #1019 ) ;
#5244 = EDGE_LOOP ( 'NONE', ( #2137, #6655, #20, #334 ) ) ;
#5246 = EDGE_CURVE ( 'NONE', #430, #5105, #2474, .T. ) ;
#5245 = CARTESIAN_POINT ( 'NONE',  ( 5.445611429663542502, 40.25128029631820681, 5.590581039116559126 ) ) ;
#5247 = LINE ( 'NONE', #742, #1805 ) ;
#5248 = ORIENTED_EDGE ( 'NONE', *, *, #4087, .F. ) ;
#5249 = VERTEX_POINT ( 'NONE', #1553 ) ;
#5250 = CARTESIAN_POINT ( 'NONE',  ( -16.42181947020512567, 6.101538764755273014, -0.5999999999999894307 ) ) ;
#5251 = CARTESIAN_POINT ( 'NONE',  ( -21.92549912664548728, -1.528473728810499699, -2.399999999999967049 ) ) ;
#5252 = EDGE_LOOP ( 'NONE', ( #1539, #6223, #543, #5630 ) ) ;
#5253 = CARTESIAN_POINT ( 'NONE',  ( -15.71750068664550604, 5.391643985941802164, 0.000000000000000000 ) ) ;
#5254 = VECTOR ( 'NONE', #2831, 1000.000000000000000 ) ;
#5255 = ORIENTED_EDGE ( 'NONE', *, *, #6636, .T. ) ;
#5256 = CARTESIAN_POINT ( 'NONE',  ( 4.439339828220161266, 40.25128029631820681, -2.560660171779823635 ) ) ;
#5257 = ADVANCED_FACE ( 'NONE', ( #1589 ), #2164, .F. ) ;
#5258 = LINE ( 'NONE', #3814, #2707 ) ;
#5259 = CARTESIAN_POINT ( 'NONE',  ( 25.71750068664550781, -1.217476000361414457, -2.399999999999989697 ) ) ;
#5260 = LINE ( 'NONE', #5870, #4901 ) ;
#5261 = ORIENTED_EDGE ( 'NONE', *, *, #6102, .T. ) ;
#5262 = EDGE_CURVE ( 'NONE', #3021, #1217, #4048, .T. ) ;
#5263 = LINE ( 'NONE', #5482, #4461 ) ;
#5264 = AXIS2_PLACEMENT_3D ( 'NONE', #5364, #2539, #2565 ) ;
#5265 = ADVANCED_FACE ( 'NONE', ( #1002 ), #3799, .F. ) ;
#5266 = DIRECTION ( 'NONE',  ( -1.000000000000000000, 0.000000000000000000, 0.000000000000000000 ) ) ;
#5267 = ORIENTED_EDGE ( 'NONE', *, *, #2876, .T. ) ;
#5268 = PLANE ( 'NONE',  #482 ) ;
#5269 = FACE_OUTER_BOUND ( 'NONE', #2597, .T. ) ;
#5270 = VERTEX_POINT ( 'NONE', #1739 ) ;
#5271 = EDGE_CURVE ( 'NONE', #2641, #3077, #6051, .T. ) ;
#5272 = LINE ( 'NONE', #6673, #5867 ) ;
#5273 = DIRECTION ( 'NONE',  ( -0.000000000000000000, 0.000000000000000000, -1.000000000000000000 ) ) ;
#5274 = ORIENTED_EDGE ( 'NONE', *, *, #1382, .F. ) ;
#5275 = CARTESIAN_POINT ( 'NONE',  ( -17.90049912664547804, 5.391643985941815487, -3.000000000000000000 ) ) ;
#5276 = CIRCLE ( 'NONE', #12, 9.399999999999989697 ) ;
#5277 = CARTESIAN_POINT ( 'NONE',  ( -1.600000000000000311, 41.75128029631820681, 3.050000000000000711 ) ) ;
#5278 = VERTEX_POINT ( 'NONE', #1664 ) ;
#5279 = AXIS2_PLACEMENT_3D ( 'NONE', #2744, #3284, #7222 ) ;
#5280 = VERTEX_POINT ( 'NONE', #6121 ) ;
#5281 = DIRECTION ( 'NONE',  ( -1.000000000000000000, 0.000000000000000000, 0.000000000000000000 ) ) ;
#5282 = EDGE_CURVE ( 'NONE', #5440, #5598, #647, .T. ) ;
#5283 = EDGE_CURVE ( 'NONE', #4372, #6053, #6832, .T. ) ;
#5284 = TOROIDAL_SURFACE ( 'NONE', #2185, 4.249999999999988454, 0.5000000000000000000 ) ;
#5285 = VECTOR ( 'NONE', #3717, 1000.000000000000000 ) ;
#5286 = DIRECTION ( 'NONE',  ( -0.000000000000000000, -0.000000000000000000, -1.000000000000000000 ) ) ;
#5287 = CARTESIAN_POINT ( 'NONE',  ( -4.620218033846062333, 30.75128029631820326, -1.839592552672425718 ) ) ;
#5288 = ADVANCED_FACE ( 'NONE', ( #830 ), #4937, .T. ) ;
#5289 = DIRECTION ( 'NONE',  ( -0.000000000000000000, 1.000000000000000000, 0.000000000000000000 ) ) ;
#5290 = DIRECTION ( 'NONE',  ( 0.7071067811865483499, -0.7071067811865465735, 0.000000000000000000 ) ) ;
#5291 = VECTOR ( 'NONE', #6731, 1000.000000000000000 ) ;
#5292 = EDGE_CURVE ( 'NONE', #310, #6712, #4411, .T. ) ;
#5293 = ORIENTED_EDGE ( 'NONE', *, *, #11, .F. ) ;
#5294 = ORIENTED_EDGE ( 'NONE', *, *, #694, .T. ) ;
#5295 = DIRECTION ( 'NONE',  ( -0.001743111751035736736, -0.7071090779470902143, 0.7071023359077802661 ) ) ;
#5296 = LINE ( 'NONE', #437, #4495 ) ;
#5297 = ORIENTED_EDGE ( 'NONE', *, *, #5618, .T. ) ;
#5298 = ORIENTED_EDGE ( 'NONE', *, *, #6484, .T. ) ;
#5299 = DIRECTION ( 'NONE',  ( 0.000000000000000000, -1.000000000000000000, 0.000000000000000000 ) ) ;
#5300 = CARTESIAN_POINT ( 'NONE',  ( 2.399999999999999911, 35.25128029631821391, -2.800000000000009148 ) ) ;
#5301 = CARTESIAN_POINT ( 'NONE',  ( -2.896446609406725603, 20.95128041827298659, -2.347749716426938829E-16 ) ) ;
#5302 = CARTESIAN_POINT ( 'NONE',  ( 2.674530018153336020, 40.25128029631820681, 6.162134726229442805 ) ) ;
#5303 = DIRECTION ( 'NONE',  ( -0.7071067811865485719, 0.7071067811865465735, 0.000000000000000000 ) ) ;
#5304 = ORIENTED_EDGE ( 'NONE', *, *, #6401, .F. ) ;
#5305 = LINE ( 'NONE', #6184, #5220 ) ;
#5307 = AXIS2_PLACEMENT_3D ( 'NONE', #7112, #4906, #6525 ) ;
#5306 = DIRECTION ( 'NONE',  ( -1.000000000000000000, 0.000000000000000000, 0.000000000000000000 ) ) ;
#5308 = ORIENTED_EDGE ( 'NONE', *, *, #2176, .T. ) ;
#5309 = CARTESIAN_POINT ( 'NONE',  ( -16.69627616777151147, 32.69713975227765701, -22.79898987322333781 ) ) ;
#5310 = VERTEX_POINT ( 'NONE', #663 ) ;
#5311 = DIRECTION ( 'NONE',  ( 1.000000000000000000, 0.000000000000000000, 0.000000000000000000 ) ) ;
#5312 = EDGE_CURVE ( 'NONE', #5399, #83, #2897, .T. ) ;
#5313 = AXIS2_PLACEMENT_3D ( 'NONE', #4751, #5346, #1931 ) ;
#5314 = ORIENTED_EDGE ( 'NONE', *, *, #1467, .F. ) ;
#5315 = ORIENTED_EDGE ( 'NONE', *, *, #4917, .T. ) ;
#5316 = CARTESIAN_POINT ( 'NONE',  ( 0.004513183761349496073, 30.25128029631820326, 8.795290647185000310 ) ) ;
#5317 = ORIENTED_EDGE ( 'NONE', *, *, #5318, .T. ) ;
#5318 = EDGE_CURVE ( 'NONE', #4868, #1076, #4756, .T. ) ;
#5319 = VERTEX_POINT ( 'NONE', #4516 ) ;
#5320 = AXIS2_PLACEMENT_3D ( 'NONE', #7188, #3852, #1056 ) ;
#5321 = DIRECTION ( 'NONE',  ( 0.000000000000000000, -1.000000000000000000, 0.000000000000000000 ) ) ;
#5322 = DIRECTION ( 'NONE',  ( -0.7071067811865483499, -0.7071067811865465735, 0.000000000000000000 ) ) ;
#5323 = CARTESIAN_POINT ( 'NONE',  ( -2.941006423437878325, 41.75128029631820681, 5.722912504225715402 ) ) ;
#5324 = FACE_OUTER_BOUND ( 'NONE', #5565, .T. ) ;
#5325 = ORIENTED_EDGE ( 'NONE', *, *, #4975, .T. ) ;
#5326 = DIRECTION ( 'NONE',  ( -1.000000000000000000, 0.000000000000000000, 0.000000000000000000 ) ) ;
#5327 = ORIENTED_EDGE ( 'NONE', *, *, #5373, .F. ) ;
#5328 = CARTESIAN_POINT ( 'NONE',  ( 9.625208355906046620, 25.62607194041217085, -0.6000000000000033085 ) ) ;
#5329 = VERTEX_POINT ( 'NONE', #5010 ) ;
#5330 = B_SPLINE_CURVE_WITH_KNOTS ( 'NONE', 3,
 ( #5208, #721, #4278, #3110 ),
 .UNSPECIFIED., .F., .F.,
 ( 4, 4 ),
 ( 0.000000000000000000, 0.0008499221942903708183 ),
 .UNSPECIFIED. ) ;
#5331 = LINE ( 'NONE', #4009, #2861 ) ;
#5332 = VERTEX_POINT ( 'NONE', #5566 ) ;
#5333 = ADVANCED_FACE ( 'NONE', ( #5013 ), #1421, .F. ) ;
#5334 = AXIS2_PLACEMENT_3D ( 'NONE', #5773, #4095, #1299 ) ;
#5335 = LINE ( 'NONE', #5684, #4624 ) ;
#5336 = EDGE_CURVE ( 'NONE', #6566, #6352, #5877, .T. ) ;
#5337 = VECTOR ( 'NONE', #5692, 1000.000000000000000 ) ;
#5338 = ORIENTED_EDGE ( 'NONE', *, *, #2219, .F. ) ;
#5339 = CARTESIAN_POINT ( 'NONE',  ( 5.400000000000004796, -4.691166140300482290, 0.000000000000000000 ) ) ;
#5340 = CIRCLE ( 'NONE', #2656, 3.749999999999989342 ) ;
#5341 = AXIS2_PLACEMENT_3D ( 'NONE', #4811, #4859, #2628 ) ;
#5342 = CYLINDRICAL_SURFACE ( 'NONE', #761, 0.5000000000000000000 ) ;
#5343 = ORIENTED_EDGE ( 'NONE', *, *, #1075, .T. ) ;
#5344 = CARTESIAN_POINT ( 'NONE',  ( 5.500000000000000000, 42.25128029631820681, 4.999999999999999112 ) ) ;
#5345 = DIRECTION ( 'NONE',  ( 1.858632295689435856E-16, -1.000000000000000000, -3.081487911019577365E-33 ) ) ;
#5346 = DIRECTION ( 'NONE',  ( 0.000000000000000000, -0.9899494936611671347, 0.1414213562373063671 ) ) ;
#5347 = DIRECTION ( 'NONE',  ( -0.5000000000000015543, 0.5000000000000035527, -0.7071067811865439090 ) ) ;
#5348 = CARTESIAN_POINT ( 'NONE',  ( 3.000000000000000000, 30.75128029631820326, -2.999999999999999112 ) ) ;
#5349 = VECTOR ( 'NONE', #6862, 999.9999999999998863 ) ;
#5350 = VERTEX_POINT ( 'NONE', #1 ) ;
#5351 = EDGE_CURVE ( 'NONE', #1525, #181, #6314, .T. ) ;
#5352 = DIRECTION ( 'NONE',  ( -1.000000000000000000, 0.000000000000000000, 0.000000000000000000 ) ) ;
#5353 = DIRECTION ( 'NONE',  ( 0.000000000000000000, 0.000000000000000000, -1.000000000000000000 ) ) ;
#5354 = CIRCLE ( 'NONE', #1436, 3.599999999999995648 ) ;
#5355 = ORIENTED_EDGE ( 'NONE', *, *, #810, .F. ) ;
#5356 = CIRCLE ( 'NONE', #1631, 2.074258476847204768 ) ;
#5357 = CARTESIAN_POINT ( 'NONE',  ( 11.53949928283222270, -15.71147595840166566, -2.399999999999989697 ) ) ;
#5358 = EDGE_CURVE ( 'NONE', #1957, #4488, #3073, .T. ) ;
#5359 = AXIS2_PLACEMENT_3D ( 'NONE', #1205, #1280, #4047 ) ;
#5360 = FACE_BOUND ( 'NONE', #7132, .T. ) ;
#5361 = DIRECTION ( 'NONE',  ( 0.000000000000000000, 0.000000000000000000, 1.000000000000000000 ) ) ;
#5362 = ADVANCED_FACE ( 'NONE', ( #6661 ), #3911, .F. ) ;
#5363 = LINE ( 'NONE', #4539, #6739 ) ;
#5364 = CARTESIAN_POINT ( 'NONE',  ( 3.000000000000000000, 18.95128041827299015, -4.898587196589411843E-16 ) ) ;
#5365 = DIRECTION ( 'NONE',  ( 0.000000000000000000, 0.000000000000000000, 1.000000000000000000 ) ) ;
#5366 = CARTESIAN_POINT ( 'NONE',  ( 9.000000000000001776, 9.280717547841103254, -2.399999999999990585 ) ) ;
#5367 = DIRECTION ( 'NONE',  ( 0.000000000000000000, -0.000000000000000000, 1.000000000000000000 ) ) ;
#5368 = CARTESIAN_POINT ( 'NONE',  ( -3.291135337094006630, 30.75128029631820326, -3.406497497526317364 ) ) ;
#5369 = CIRCLE ( 'NONE', #4288, 4.500000000000002665 ) ;
#5370 = AXIS2_PLACEMENT_3D ( 'NONE', #598, #5018, #6081 ) ;
#5371 = ORIENTED_EDGE ( 'NONE', *, *, #6620, .F. ) ;
#5372 = DIRECTION ( 'NONE',  ( 1.858632295689435856E-16, -1.000000000000000000, -0.000000000000000000 ) ) ;
#5373 = EDGE_CURVE ( 'NONE', #5837, #4429, #2290, .T. ) ;
#5374 = EDGE_CURVE ( 'NONE', #5350, #5701, #3252, .T. ) ;
#5375 = ORIENTED_EDGE ( 'NONE', *, *, #6049, .F. ) ;
#5376 = DIRECTION ( 'NONE',  ( 0.000000000000000000, 0.000000000000000000, 1.000000000000000000 ) ) ;
#5377 = CARTESIAN_POINT ( 'NONE',  ( -9.000000000000001776, -8.291166140300479270, -3.000000000000000000 ) ) ;
#5378 = CARTESIAN_POINT ( 'NONE',  ( 4.204758133569579392, 30.48536740890021690, 6.500000000000000000 ) ) ;
#5379 = EDGE_LOOP ( 'NONE', ( #4356, #2847, #3205, #2048, #466, #4877 ) ) ;
#5380 = CIRCLE ( 'NONE', #3884, 1.500000000000000000 ) ;
#5381 = DIRECTION ( 'NONE',  ( -1.000000000000000000, 0.000000000000000000, 0.000000000000000000 ) ) ;
#5382 = AXIS2_PLACEMENT_3D ( 'NONE', #349, #5943, #5352 ) ;
#5383 = VECTOR ( 'NONE', #3828, 1000.000000000000000 ) ;
#5384 = ORIENTED_EDGE ( 'NONE', *, *, #1902, .F. ) ;
#5385 = PLANE ( 'NONE',  #6615 ) ;
#5386 = EDGE_LOOP ( 'NONE', ( #4519, #5133, #6761, #775, #4217 ) ) ;
#5387 = CARTESIAN_POINT ( 'NONE',  ( -20.30049912664548373, -1.528473728810499699, -2.399999999999967049 ) ) ;
#5388 = ADVANCED_FACE ( 'NONE', ( #560 ), #2558, .F. ) ;
#5389 = CARTESIAN_POINT ( 'NONE',  ( 4.620218033846062333, 39.76383205848156166, -1.839592552672425718 ) ) ;
#5390 = APPLICATION_CONTEXT ( 'automotive_design' ) ;
#5391 = VERTEX_POINT ( 'NONE', #6826 ) ;
#5392 = EDGE_CURVE ( 'NONE', #3535, #6249, #3707, .T. ) ;
#5393 = DIRECTION ( 'NONE',  ( 0.000000000000000000, -1.000000000000000000, -0.000000000000000000 ) ) ;
#5394 = ORIENTED_EDGE ( 'NONE', *, *, #1291, .F. ) ;
#5395 = EDGE_LOOP ( 'NONE', ( #2663, #6707, #2911, #1328 ) ) ;
#5396 = ADVANCED_FACE ( 'NONE', ( #3337 ), #4232, .T. ) ;
#5397 = DIRECTION ( 'NONE',  ( 0.000000000000000000, 0.000000000000000000, 1.000000000000000000 ) ) ;
#5398 = DIRECTION ( 'NONE',  ( 0.000000000000000000, 1.000000000000000000, -3.469446951953611033E-15 ) ) ;
#5399 = VERTEX_POINT ( 'NONE', #163 ) ;
#5400 = CARTESIAN_POINT ( 'NONE',  ( 5.500000000000007105, 1.022247762629191163E-15, 6.500000000000000000 ) ) ;
#5401 = EDGE_CURVE ( 'NONE', #3598, #2485, #1944, .T. ) ;
#5402 = CYLINDRICAL_SURFACE ( 'NONE', #6310, 1.474258476847184030 ) ;
#5403 = EDGE_LOOP ( 'NONE', ( #3750, #6440, #5884, #5644, #3161 ) ) ;
#5404 = ORIENTED_EDGE ( 'NONE', *, *, #5191, .T. ) ;
#5405 = DIRECTION ( 'NONE',  ( -1.000000000000000000, 0.000000000000000000, 0.000000000000000000 ) ) ;
#5406 = ORIENTED_EDGE ( 'NONE', *, *, #5034, .F. ) ;
#5407 = CARTESIAN_POINT ( 'NONE',  ( 17.90049912664549225, -4.691166140300482290, -3.000000000000000000 ) ) ;
#5408 = VECTOR ( 'NONE', #4289, 1000.000000000000000 ) ;
#5409 = ORIENTED_EDGE ( 'NONE', *, *, #5834, .T. ) ;
#5410 = VERTEX_POINT ( 'NONE', #4590 ) ;
#5411 = CARTESIAN_POINT ( 'NONE',  ( -11.54558148745465651, -15.51148350135498433, -0.4000075429533717641 ) ) ;
#5412 =( BOUNDED_CURVE ( )  B_SPLINE_CURVE ( 3, ( #4879, #4458, #3876, #3267 ),
 .UNSPECIFIED., .F., .F. ) 
 B_SPLINE_CURVE_WITH_KNOTS ( ( 4, 4 ),
 ( 3.141592653589793116, 4.712388980384689674 ),
 .UNSPECIFIED. ) 
 CURVE ( )  GEOMETRIC_REPRESENTATION_ITEM ( )  RATIONAL_B_SPLINE_CURVE ( ( 1.000000000000000000, 0.8047378541243649375, 0.8047378541243649375, 1.000000000000000000 ) ) 
 REPRESENTATION_ITEM ( '' )  );
#5413 = CARTESIAN_POINT ( 'NONE',  ( 2.750000000000000444, 20.95128041827298659, -2.168404344971008868E-16 ) ) ;
#5414 = DIRECTION ( 'NONE',  ( 1.000000000000000000, -0.000000000000000000, 0.000000000000000000 ) ) ;
#5415 = EDGE_LOOP ( 'NONE', ( #6973, #6672, #4724, #2451, #1940, #1546, #6955, #5583 ) ) ;
#5416 = EDGE_CURVE ( 'NONE', #5310, #1681, #3798, .T. ) ;
#5417 = CARTESIAN_POINT ( 'NONE',  ( -0.3600390550959878810, 26.23663575732855691, 0.8759541701770886535 ) ) ;
#5418 = VERTEX_POINT ( 'NONE', #4108 ) ;
#5419 = DIRECTION ( 'NONE',  ( 0.000000000000000000, 0.000000000000000000, 1.000000000000000000 ) ) ;
#5420 = LINE ( 'NONE', #6841, #1639 ) ;
#5421 = DIRECTION ( 'NONE',  ( 0.5842645500517741342, 0.000000000000000000, -0.8115632665127210377 ) ) ;
#5422 = AXIS2_PLACEMENT_3D ( 'NONE', #3583, #4146, #6384 ) ;
#5423 = CIRCLE ( 'NONE', #2479, 2.399999999999992362 ) ;
#5424 = EDGE_CURVE ( 'NONE', #4856, #3003, #1066, .T. ) ;
#5425 = ADVANCED_FACE ( 'NONE', ( #6829 ), #1586, .F. ) ;
#5426 = CYLINDRICAL_SURFACE ( 'NONE', #2553, 0.5000000000000000000 ) ;
#5427 = CARTESIAN_POINT ( 'NONE',  ( 4.023894657484705206, 39.75128029631820681, -2.266682038463809779 ) ) ;
#5428 = LINE ( 'NONE', #257, #615 ) ;
#5429 = ORIENTED_EDGE ( 'NONE', *, *, #6392, .T. ) ;
#5430 = ADVANCED_FACE ( 'NONE', ( #2551 ), #5161, .F. ) ;
#5431 = AXIS2_PLACEMENT_3D ( 'NONE', #6375, #2970, #768 ) ;
#5432 = LINE ( 'NONE', #354, #3404 ) ;
#5433 = VERTEX_POINT ( 'NONE', #764 ) ;
#5434 = DIRECTION ( 'NONE',  ( 0.000000000000000000, -0.000000000000000000, 1.000000000000000000 ) ) ;
#5435 = DIRECTION ( 'NONE',  ( 1.000000000000000000, 0.000000000000000000, 0.000000000000000000 ) ) ;
#5436 = DIRECTION ( 'NONE',  ( -0.8129949950526368374, 0.000000000000000000, -0.5822706741880130377 ) ) ;
#5437 = LINE ( 'NONE', #2978, #187 ) ;
#5438 = CARTESIAN_POINT ( 'NONE',  ( -3.000000000000000000, 30.75128029631820326, -2.999999999999999112 ) ) ;
#5439 = CYLINDRICAL_SURFACE ( 'NONE', #3700, 9.999999999999998224 ) ;
#5440 = VERTEX_POINT ( 'NONE', #2331 ) ;
#5441 = EDGE_CURVE ( 'NONE', #6316, #5637, #6747, .T. ) ;
#5442 = AXIS2_PLACEMENT_3D ( 'NONE', #3948, #2807, #6180 ) ;
#5443 = LINE ( 'NONE', #6806, #985 ) ;
#5444 = CARTESIAN_POINT ( 'NONE',  ( 4.204758133569581169, 40.01719318373618961, 6.499999999999999112 ) ) ;
#5445 = DIRECTION ( 'NONE',  ( 1.000000000000000000, 0.000000000000000000, 0.000000000000000000 ) ) ;
#5446 = DIRECTION ( 'NONE',  ( 0.000000000000000000, 0.000000000000000000, 1.000000000000000000 ) ) ;
#5447 = ORIENTED_EDGE ( 'NONE', *, *, #3330, .F. ) ;
#5448 = FACE_OUTER_BOUND ( 'NONE', #1526, .T. ) ;
#5449 = DIRECTION ( 'NONE',  ( 0.000000000000000000, 0.000000000000000000, 1.000000000000000000 ) ) ;
#5450 = VECTOR ( 'NONE', #137, 1000.000000000000000 ) ;
#5451 = EDGE_CURVE ( 'NONE', #2322, #399, #7190, .T. ) ;
#5452 = LINE ( 'NONE', #472, #910 ) ;
#5453 = DIRECTION ( 'NONE',  ( 0.000000000000000000, -1.000000000000000000, 0.000000000000000000 ) ) ;
#5454 = ORIENTED_EDGE ( 'NONE', *, *, #3534, .F. ) ;
#5455 = CARTESIAN_POINT ( 'NONE',  ( 11.53949928283222270, -15.71147595840166566, -0.6000000000000033085 ) ) ;
#5456 = DIRECTION ( 'NONE',  ( -1.000000000000000000, 0.000000000000000000, 0.000000000000000000 ) ) ;
#5457 = ORIENTED_EDGE ( 'NONE', *, *, #3018, .F. ) ;
#5458 = CARTESIAN_POINT ( 'NONE',  ( 9.200944287194113613, 25.20180787170023962, 0.000000000000000000 ) ) ;
#5459 = CARTESIAN_POINT ( 'NONE',  ( 2.750000000000000444, 20.95128041827298659, -2.168404344971008868E-16 ) ) ;
#5460 = LINE ( 'NONE', #3873, #2482 ) ;
#5461 = ORIENTED_EDGE ( 'NONE', *, *, #4466, .F. ) ;
#5462 = EDGE_CURVE ( 'NONE', #2799, #2218, #5697, .T. ) ;
#5463 = ORIENTED_EDGE ( 'NONE', *, *, #3639, .F. ) ;
#5464 = PRODUCT ( 'ebb36-strain-relief-cover', 'ebb36-strain-relief-cover', '', ( #4907 ) ) ;
#5465 = ADVANCED_FACE ( 'NONE', ( #6930 ), #689, .F. ) ;
#5466 = DIRECTION ( 'NONE',  ( 0.5822706741880137038, 0.000000000000000000, 0.8129949950526362823 ) ) ;
#5467 = ORIENTED_EDGE ( 'NONE', *, *, #1817, .T. ) ;
#5468 = PLANE ( 'NONE',  #6861 ) ;
#5469 = FACE_OUTER_BOUND ( 'NONE', #198, .T. ) ;
#5470 = DIRECTION ( 'NONE',  ( 0.000000000000000000, 0.000000000000000000, 1.000000000000000000 ) ) ;
#5471 = ORIENTED_EDGE ( 'NONE', *, *, #3819, .F. ) ;
#5472 = CARTESIAN_POINT ( 'NONE',  ( -6.560660171779819194, 40.25128029631820681, -0.4393398282201759208 ) ) ;
#5473 = ORIENTED_EDGE ( 'NONE', *, *, #2938, .F. ) ;
#5474 = DIRECTION ( 'NONE',  ( 1.000000000000000000, 0.000000000000000000, 0.000000000000000000 ) ) ;
#5475 = VERTEX_POINT ( 'NONE', #4027 ) ;
#5476 = ORIENTED_EDGE ( 'NONE', *, *, #5948, .T. ) ;
#5477 = DIRECTION ( 'NONE',  ( -1.000000000000000000, 0.000000000000000000, 0.000000000000000000 ) ) ;
#5478 = DIRECTION ( 'NONE',  ( -0.000000000000000000, 1.000000000000000000, -0.000000000000000000 ) ) ;
#5479 = CARTESIAN_POINT ( 'NONE',  ( 14.30049912664548728, -7.691166140300484066, -2.399999999999990585 ) ) ;
#5480 = CARTESIAN_POINT ( 'NONE',  ( 2.399999999999982148, 23.45128041827299015, -3.000000000000000000 ) ) ;
#5481 = EDGE_CURVE ( 'NONE', #2589, #1119, #295, .T. ) ;
#5483 = AXIS2_PLACEMENT_3D ( 'NONE', #6934, #4722, #3595 ) ;
#5482 = CARTESIAN_POINT ( 'NONE',  ( -3.500000000000000444, 13.20128041827298659, -2.399999999999983924 ) ) ;
#5484 = ORIENTED_EDGE ( 'NONE', *, *, #2556, .F. ) ;
#5485 = VERTEX_POINT ( 'NONE', #3540 ) ;
#5486 = DIRECTION ( 'NONE',  ( 0.000000000000000000, 0.000000000000000000, -1.000000000000000000 ) ) ;
#5487 = VERTEX_POINT ( 'NONE', #4209 ) ;
#5488 = CIRCLE ( 'NONE', #5005, 0.2500000000000002220 ) ;
#5489 = ORIENTED_EDGE ( 'NONE', *, *, #1679, .F. ) ;
#5490 = DIRECTION ( 'NONE',  ( 0.000000000000000000, 5.204170427930421283E-15, -1.000000000000000000 ) ) ;
#5491 = ORIENTED_EDGE ( 'NONE', *, *, #4760, .T. ) ;
#5492 = DIRECTION ( 'NONE',  ( -1.000000000000000000, 0.000000000000000000, 0.000000000000000000 ) ) ;
#5493 = EDGE_CURVE ( 'NONE', #5979, #3572, #4406, .T. ) ;
#5494 = AXIS2_PLACEMENT_3D ( 'NONE', #1556, #3317, #6079 ) ;
#5495 = CARTESIAN_POINT ( 'NONE',  ( -7.000000000000002665, 30.25128029631820326, 1.818884925064438551 ) ) ;
#5496 = LINE ( 'NONE', #5250, #3475 ) ;
#5497 = ORIENTED_EDGE ( 'NONE', *, *, #5949, .F. ) ;
#5498 = DIRECTION ( 'NONE',  ( 0.001743111751035733700, 0.7071090779470879939, 0.7071023359077823756 ) ) ;
#5499 = CIRCLE ( 'NONE', #7218, 2.399999999999982148 ) ;
#5500 = ADVANCED_FACE ( 'NONE', ( #6136 ), #4765, .F. ) ;
#5501 = LINE ( 'NONE', #152, #5337 ) ;
#5502 = AXIS2_PLACEMENT_3D ( 'NONE', #4916, #5470, #2111 ) ;
#5503 = DIRECTION ( 'NONE',  ( -0.7071067811865495711, 0.000000000000000000, 0.7071067811865454633 ) ) ;
#5504 = CARTESIAN_POINT ( 'NONE',  ( -3.250000000000000000, 12.95128041827298837, -0.9999999999999983347 ) ) ;
#5505 = EDGE_CURVE ( 'NONE', #1974, #2229, #6046, .T. ) ;
#5507 = EDGE_CURVE ( 'NONE', #1676, #765, #2652, .T. ) ;
#5506 = CARTESIAN_POINT ( 'NONE',  ( -3.000000000000000000, 3.412728564523048708E-17, -0.2500000000000031086 ) ) ;
#5508 = FACE_OUTER_BOUND ( 'NONE', #5244, .T. ) ;
#5509 = CARTESIAN_POINT ( 'NONE',  ( 3.000000000000000000, 14.71521244077319501, -1.000000000000000000 ) ) ;
#5510 = ORIENTED_EDGE ( 'NONE', *, *, #5871, .T. ) ;
#5511 = DIRECTION ( 'NONE',  ( 1.000000000000000000, 0.000000000000000000, 0.000000000000000000 ) ) ;
#5512 = CARTESIAN_POINT ( 'NONE',  ( 24.15049912664551357, -1.528473728810500365, -3.000000000000000000 ) ) ;
#5513 = DIRECTION ( 'NONE',  ( 0.000000000000000000, 0.000000000000000000, 1.000000000000000000 ) ) ;
#5514 = CARTESIAN_POINT ( 'NONE',  ( -5.500000000000000000, 41.75128029631820681, 0.6213203435596476032 ) ) ;
#5516 = EDGE_CURVE ( 'NONE', #3978, #3021, #3156, .T. ) ;
#5515 = DIRECTION ( 'NONE',  ( 0.000000000000000000, -0.8297536007080709153, -0.5581298792503328610 ) ) ;
#5517 = CIRCLE ( 'NONE', #996, 0.5000000000000001110 ) ;
#5518 = EDGE_LOOP ( 'NONE', ( #2225, #3091, #2263, #863 ) ) ;
#5519 = VECTOR ( 'NONE', #6004, 1000.000000000000000 ) ;
#5520 = VERTEX_POINT ( 'NONE', #3010 ) ;
#5521 = ORIENTED_EDGE ( 'NONE', *, *, #1229, .F. ) ;
#5522 = CIRCLE ( 'NONE', #5533, 3.749999999999989342 ) ;
#5523 = AXIS2_PLACEMENT_3D ( 'NONE', #52, #676, #6767 ) ;
#5524 = DIRECTION ( 'NONE',  ( 0.000000000000000000, 1.000000000000000000, -0.000000000000000000 ) ) ;
#5525 = CARTESIAN_POINT ( 'NONE',  ( 14.30049912664548728, -4.691166140300482290, -0.5999999999999963141 ) ) ;
#5526 = CARTESIAN_POINT ( 'NONE',  ( -14.30049912664548728, 3.980218421195628409, 0.000000000000000000 ) ) ;
#5527 = CARTESIAN_POINT ( 'NONE',  ( -3.000000000000000000, 18.45128041827299015, -0.2500000000000003886 ) ) ;
#5528 = LINE ( 'NONE', #1649, #1330 ) ;
#5529 = CARTESIAN_POINT ( 'NONE',  ( -5.500000000000002665, 28.25128029631820681, 4.999999999999999112 ) ) ;
#5530 = LINE ( 'NONE', #3815, #5102 ) ;
#5531 = DIRECTION ( 'NONE',  ( 0.000000000000000000, 0.1414213562373090594, 0.9899494936611665796 ) ) ;
#5532 = EDGE_CURVE ( 'NONE', #3746, #3084, #4932, .T. ) ;
#5533 = AXIS2_PLACEMENT_3D ( 'NONE', #3878, #5535, #3249 ) ;
#5534 = ADVANCED_FACE ( 'NONE', ( #2283 ), #6405, .T. ) ;
#5535 = DIRECTION ( 'NONE',  ( -0.000000000000000000, -1.000000000000000000, 0.000000000000000000 ) ) ;
#5536 = CARTESIAN_POINT ( 'NONE',  ( 9.000000000000001776, -4.691166140300482290, -0.5999999999999963141 ) ) ;
#5537 = CARTESIAN_POINT ( 'NONE',  ( -22.36430442979903788, 12.03844772909535443, -3.000000000000000000 ) ) ;
#5538 = LINE ( 'NONE', #3846, #3620 ) ;
#5539 = CARTESIAN_POINT ( 'NONE',  ( -0.5000000000000000000, 27.55128041827300578, -3.000000000000000000 ) ) ;
#5540 = VERTEX_POINT ( 'NONE', #5287 ) ;
#5541 = ORIENTED_EDGE ( 'NONE', *, *, #6932, .F. ) ;
#5542 = DIRECTION ( 'NONE',  ( 0.000000000000000000, 0.000000000000000000, 1.000000000000000000 ) ) ;
#5543 = LINE ( 'NONE', #1424, #3529 ) ;
#5544 = FACE_OUTER_BOUND ( 'NONE', #927, .T. ) ;
#5545 = AXIS2_PLACEMENT_3D ( 'NONE', #1575, #4388, #6023 ) ;
#5546 = ORIENTED_EDGE ( 'NONE', *, *, #3736, .F. ) ;
#5548 = EDGE_CURVE ( 'NONE', #5029, #1919, #3147, .T. ) ;
#5547 = DIRECTION ( 'NONE',  ( 0.000000000000000000, 0.000000000000000000, 1.000000000000000000 ) ) ;
#5549 = EDGE_LOOP ( 'NONE', ( #1961, #4157, #3278, #5118, #6165 ) ) ;
#5550 = CARTESIAN_POINT ( 'NONE',  ( 3.000000000000000000, 15.16242603627315333, -1.894427190999916188 ) ) ;
#5551 = EDGE_LOOP ( 'NONE', ( #4233, #3121, #4839, #5119 ) ) ;
#5552 = ORIENTED_EDGE ( 'NONE', *, *, #1614, .T. ) ;
#5553 = CARTESIAN_POINT ( 'NONE',  ( 4.790898135070647434, 30.25128029631820326, 6.500000000000000000 ) ) ;
#5554 = VERTEX_POINT ( 'NONE', #276 ) ;
#5555 = VECTOR ( 'NONE', #342, 1000.000000000000000 ) ;
#5556 = AXIS2_PLACEMENT_3D ( 'NONE', #1418, #262, #4708 ) ;
#5557 = EDGE_CURVE ( 'NONE', #6249, #3746, #1938, .T. ) ;
#5558 = ORIENTED_EDGE ( 'NONE', *, *, #2296, .F. ) ;
#5559 = CARTESIAN_POINT ( 'NONE',  ( -1.600000000000000311, 29.25128029631821036, 1.950000000000000844 ) ) ;
#5560 = DIRECTION ( 'NONE',  ( -1.000000000000000000, -1.241526754781063561E-15, 0.000000000000000000 ) ) ;
#5561 = DIRECTION ( 'NONE',  ( -1.000000000000000000, 0.000000000000000000, 0.000000000000000000 ) ) ;
#5562 = ORIENTED_EDGE ( 'NONE', *, *, #6648, .F. ) ;
#5563 = ORIENTED_EDGE ( 'NONE', *, *, #1670, .T. ) ;
#5564 = AXIS2_PLACEMENT_3D ( 'NONE', #144, #1793, #197 ) ;
#5565 = EDGE_LOOP ( 'NONE', ( #2498, #7124, #2977, #1699 ) ) ;
#5566 = CARTESIAN_POINT ( 'NONE',  ( -5.400000000000009237, 9.280717547841103254, 0.000000000000000000 ) ) ;
#5567 = ORIENTED_EDGE ( 'NONE', *, *, #2948, .F. ) ;
#5568 = ADVANCED_FACE ( 'NONE', ( #6574 ), #2724, .T. ) ;
#5569 = ORIENTED_EDGE ( 'NONE', *, *, #2057, .T. ) ;
#5570 = CARTESIAN_POINT ( 'NONE',  ( -5.500000000000002665, 28.75128029631820681, 6.500000000000000000 ) ) ;
#5571 = CARTESIAN_POINT ( 'NONE',  ( 5.652034699307244558, 30.75128029631820326, 4.448075400297425652 ) ) ;
#5572 = ORIENTED_EDGE ( 'NONE', *, *, #2994, .F. ) ;
#5573 = SURFACE_SIDE_STYLE ('',( #6231 ) ) ;
#5574 = EDGE_CURVE ( 'NONE', #1925, #4729, #2466, .T. ) ;
#5576 = AXIS2_PLACEMENT_3D ( 'NONE', #4373, #413, #3195 ) ;
#5575 = DIRECTION ( 'NONE',  ( -1.000000000000000000, 0.000000000000000000, 0.000000000000000000 ) ) ;
#5577 = CONICAL_SURFACE ( 'NONE', #3944, 17.99969003592087091, 0.7853981633974570498 ) ;
#5578 = ORIENTED_EDGE ( 'NONE', *, *, #1042, .T. ) ;
#5579 = ORIENTED_EDGE ( 'NONE', *, *, #465, .F. ) ;
#5580 = ORIENTED_EDGE ( 'NONE', *, *, #1354, .F. ) ;
#5581 = DIRECTION ( 'NONE',  ( 1.000000000000000000, 0.000000000000000000, 0.000000000000000000 ) ) ;
#5582 = DIRECTION ( 'NONE',  ( -4.001029970875857235E-16, -1.000000000000000000, 0.000000000000000000 ) ) ;
#5583 = ORIENTED_EDGE ( 'NONE', *, *, #2084, .T. ) ;
#5584 = PLANE ( 'NONE',  #1689 ) ;
#5585 = EDGE_CURVE ( 'NONE', #5105, #6249, #471, .T. ) ;
#5586 = EDGE_CURVE ( 'NONE', #2674, #4695, #7104, .T. ) ;
#5587 = VECTOR ( 'NONE', #3235, 1000.000000000000114 ) ;
#5588 = CARTESIAN_POINT ( 'NONE',  ( 6.500000000000000888, 41.75128029631820681, -22.79898987322333781 ) ) ;
#5589 = VERTEX_POINT ( 'NONE', #3083 ) ;
#5590 = VECTOR ( 'NONE', #3806, 1000.000000000000000 ) ;
#5591 = AXIS2_PLACEMENT_3D ( 'NONE', #6645, #1694, #5575 ) ;
#5592 = VECTOR ( 'NONE', #1830, 1000.000000000000000 ) ;
#5593 = ORIENTED_EDGE ( 'NONE', *, *, #4321, .F. ) ;
#5594 = DIRECTION ( 'NONE',  ( 0.000000000000000000, -0.7071067811865474617, -0.7071067811865474617 ) ) ;
#5595 = CARTESIAN_POINT ( 'NONE',  ( 2.999999999999998224, 39.92105728419387134, -3.000000000000000888 ) ) ;
#5596 = EDGE_CURVE ( 'NONE', #1969, #1899, #1666, .T. ) ;
#5597 = CARTESIAN_POINT ( 'NONE',  ( 4.004924137285187591, 39.75128029631820681, -2.280268810403968338 ) ) ;
#5598 = VERTEX_POINT ( 'NONE', #2484 ) ;
#5599 = LINE ( 'NONE', #1257, #4031 ) ;
#5600 = CARTESIAN_POINT ( 'NONE',  ( -21.92549912664548728, -1.528473728810499699, 0.000000000000000000 ) ) ;
#5601 = ADVANCED_FACE ( 'NONE', ( #200 ), #6512, .F. ) ;
#5602 = DIRECTION ( 'NONE',  ( -1.000000000000000000, 0.000000000000000000, 0.000000000000000000 ) ) ;
#5603 = CIRCLE ( 'NONE', #5169, 1.000000000000000000 ) ;
#5604 = CARTESIAN_POINT ( 'NONE',  ( -1.610912703473988739, 26.23663575733231568, 0.8759541701765514166 ) ) ;
#5605 = CARTESIAN_POINT ( 'NONE',  ( -1.600000000000000311, 29.25128029631821036, 1.950000000000000844 ) ) ;
#5606 = ORIENTED_EDGE ( 'NONE', *, *, #2440, .T. ) ;
#5607 = FACE_OUTER_BOUND ( 'NONE', #3533, .T. ) ;
#5608 = ORIENTED_EDGE ( 'NONE', *, *, #5661, .T. ) ;
#5609 = CARTESIAN_POINT ( 'NONE',  ( 9.000000000000001776, -4.691166140300482290, -3.000000000000000000 ) ) ;
#5610 = FACE_BOUND ( 'NONE', #2631, .T. ) ;
#5611 = EDGE_CURVE ( 'NONE', #6331, #6949, #3615, .T. ) ;
#5612 = AXIS2_PLACEMENT_3D ( 'NONE', #2627, #510, #2698 ) ;
#5613 = FACE_OUTER_BOUND ( 'NONE', #818, .T. ) ;
#5614 = CARTESIAN_POINT ( 'NONE',  ( -1.599999999999998312, 37.04013467831804718, 1.950000000000000400 ) ) ;
#5615 = CARTESIAN_POINT ( 'NONE',  ( 4.161890565203552050, 39.75165505400883603, -2.167848748330901021 ) ) ;
#5616 = PRESENTATION_STYLE_ASSIGNMENT (( #4525 ) ) ;
#5617 = EDGE_LOOP ( 'NONE', ( #2560, #1446, #5905, #1658 ) ) ;
#5618 = EDGE_CURVE ( 'NONE', #56, #3727, #5530, .T. ) ;
#5619 = AXIS2_PLACEMENT_3D ( 'NONE', #5115, #2820, #2310 ) ;
#5620 = ORIENTED_EDGE ( 'NONE', *, *, #1644, .T. ) ;
#5621 = CIRCLE ( 'NONE', #309, 0.5000000000000000000 ) ;
#5622 = ORIENTED_EDGE ( 'NONE', *, *, #6035, .F. ) ;
#5623 = EDGE_LOOP ( 'NONE', ( #4072, #3915, #4520, #4844 ) ) ;
#5624 = DIRECTION ( 'NONE',  ( -0.000000000000000000, 1.000000000000000000, -0.000000000000000000 ) ) ;
#5625 = ORIENTED_EDGE ( 'NONE', *, *, #3357, .F. ) ;
#5626 = FACE_OUTER_BOUND ( 'NONE', #5219, .T. ) ;
#5627 = CARTESIAN_POINT ( 'NONE',  ( -2.000000000000000000, 40.25128029631820681, 1.818884925064438551 ) ) ;
#5628 = CARTESIAN_POINT ( 'NONE',  ( -2.999999999999998668, 30.45838707750475649, -3.000000000000000888 ) ) ;
#5629 = EDGE_CURVE ( 'NONE', #2748, #2418, #2810, .T. ) ;
#5630 = ORIENTED_EDGE ( 'NONE', *, *, #4664, .F. ) ;
#5631 = EDGE_CURVE ( 'NONE', #4625, #4142, #3964, .T. ) ;
#5632 = ADVANCED_FACE ( 'NONE', ( #4042 ), #4306, .T. ) ;
#5633 = ORIENTED_EDGE ( 'NONE', *, *, #2070, .F. ) ;
#5634 = DIRECTION ( 'NONE',  ( -1.000000000000000000, 0.000000000000000000, 0.000000000000000000 ) ) ;
#5635 = CARTESIAN_POINT ( 'NONE',  ( 4.620218033846062333, 39.76383205848156166, -1.839592552672425718 ) ) ;
#5636 = DIRECTION ( 'NONE',  ( -1.000000000000000000, 0.000000000000000000, 0.000000000000000000 ) ) ;
#5637 = VERTEX_POINT ( 'NONE', #4355 ) ;
#5638 = ORIENTED_EDGE ( 'NONE', *, *, #4935, .T. ) ;
#5639 = EDGE_CURVE ( 'NONE', #5433, #310, #4340, .T. ) ;
#5640 = DIRECTION ( 'NONE',  ( 1.000000000000000000, 0.000000000000000000, 0.000000000000000000 ) ) ;
#5641 = CARTESIAN_POINT ( 'NONE',  ( -5.500000000000000000, 41.75128029631820681, 5.999999999999999112 ) ) ;
#5642 = DIRECTION ( 'NONE',  ( 0.000000000000000000, 0.000000000000000000, 1.000000000000000000 ) ) ;
#5643 = CARTESIAN_POINT ( 'NONE',  ( -2.100000000000000089, 42.25128029631820681, 1.950000000000000844 ) ) ;
#5644 = ORIENTED_EDGE ( 'NONE', *, *, #4056, .F. ) ;
#5645 = ORIENTED_EDGE ( 'NONE', *, *, #4996, .T. ) ;
#5646 = VERTEX_POINT ( 'NONE', #953 ) ;
#5647 = CARTESIAN_POINT ( 'NONE',  ( -22.71750068664549005, -15.71147595840166566, -3.000000000000000000 ) ) ;
#5648 = CIRCLE ( 'NONE', #4630, 2.399999999999985256 ) ;
#5649 = ORIENTED_EDGE ( 'NONE', *, *, #2194, .T. ) ;
#5650 = AXIS2_PLACEMENT_3D ( 'NONE', #3070, #313, #7010 ) ;
#5651 = ORIENTED_EDGE ( 'NONE', *, *, #6977, .F. ) ;
#5652 = DIRECTION ( 'NONE',  ( -0.7071067811865485719, 0.7071067811865465735, 0.000000000000000000 ) ) ;
#5653 = CARTESIAN_POINT ( 'NONE',  ( -6.588041607281281742, 30.25128029631820326, -2.799826011271992154 ) ) ;
#5654 = ORIENTED_EDGE ( 'NONE', *, *, #5631, .T. ) ;
#5655 = CIRCLE ( 'NONE', #5066, 0.2500000000000002220 ) ;
#5656 = ORIENTED_EDGE ( 'NONE', *, *, #1970, .T. ) ;
#5657 = DIRECTION ( 'NONE',  ( -1.734723475976808672E-15, 1.734723475976808672E-15, -1.000000000000000000 ) ) ;
#5658 = DIRECTION ( 'NONE',  ( 0.000000000000000000, -0.7071067811865474617, 0.7071067811865474617 ) ) ;
#5659 = VECTOR ( 'NONE', #568, 1000.000000000000000 ) ;
#5660 = DIRECTION ( 'NONE',  ( -1.858632295689435856E-16, -1.000000000000000000, 0.000000000000000000 ) ) ;
#5661 = EDGE_CURVE ( 'NONE', #1980, #840, #641, .T. ) ;
#5662 = CIRCLE ( 'NONE', #3012, 0.5000000000000000000 ) ;
#5663 = CARTESIAN_POINT ( 'NONE',  ( 3.500000000000000000, 12.95128041827299015, 0.000000000000000000 ) ) ;
#5664 = VECTOR ( 'NONE', #5851, 1000.000000000000114 ) ;
#5665 = VECTOR ( 'NONE', #5478, 1000.000000000000000 ) ;
#5666 = CARTESIAN_POINT ( 'NONE',  ( 22.71750068664550781, -12.71147595840166034, -3.000000000000000000 ) ) ;
#5667 = ADVANCED_FACE ( 'NONE', ( #1332 ), #1233, .T. ) ;
#5668 = CARTESIAN_POINT ( 'NONE',  ( 1.510856933140763081, 26.07263958663784820, 0.6780507151896496554 ) ) ;
#5669 = CARTESIAN_POINT ( 'NONE',  ( 4.911353370940068963, 30.75128029631820326, -2.246090050198743526 ) ) ;
#5670 = CARTESIAN_POINT ( 'NONE',  ( 11.54558441227156607, 11.82630196011267287, 0.000000000000000000 ) ) ;
#5671 = LINE ( 'NONE', #2720, #4018 ) ;
#5672 = CARTESIAN_POINT ( 'NONE',  ( -6.500000000000002665, 28.75128029631820681, 5.000000000000000888 ) ) ;
#5673 = VECTOR ( 'NONE', #5321, 1000.000000000000000 ) ;
#5674 = ORIENTED_EDGE ( 'NONE', *, *, #2441, .T. ) ;
#5675 = EDGE_CURVE ( 'NONE', #5646, #6529, #3787, .T. ) ;
#5676 = CARTESIAN_POINT ( 'NONE',  ( 5.500000000000000000, 41.75128029631820681, 0.6213203435596476032 ) ) ;
#5677 = DIRECTION ( 'NONE',  ( -0.8115632665127205936, 0.000000000000000000, 0.5842645500517749113 ) ) ;
#5678 = CARTESIAN_POINT ( 'NONE',  ( -3.500000000000000000, 26.95128041827299015, -2.399999999999983036 ) ) ;
#5679 = FACE_OUTER_BOUND ( 'NONE', #5148, .T. ) ;
#5680 = ORIENTED_EDGE ( 'NONE', *, *, #2855, .F. ) ;
#5681 = CARTESIAN_POINT ( 'NONE',  ( 4.161890565203551162, 39.75165505400883603, -2.167848748330901465 ) ) ;
#5682 = AXIS2_PLACEMENT_3D ( 'NONE', #1777, #4555, #2347 ) ;
#5683 = CARTESIAN_POINT ( 'NONE',  ( -1.600000000000000311, 29.25128029631821036, 1.950000000000000844 ) ) ;
#5684 = CARTESIAN_POINT ( 'NONE',  ( -4.336808689942017736E-16, 26.45128041827299015, -2.399999999999983036 ) ) ;
#5685 = CARTESIAN_POINT ( 'NONE',  ( -3.000000000000000000, 13.11523069793651253, -1.563866616167444157 ) ) ;
#5686 = EDGE_CURVE ( 'NONE', #1025, #2799, #2987, .T. ) ;
#5687 = FACE_OUTER_BOUND ( 'NONE', #3885, .T. ) ;
#5688 = ORIENTED_EDGE ( 'NONE', *, *, #393, .T. ) ;
#5689 = DIRECTION ( 'NONE',  ( 1.000000000000000000, -0.000000000000000000, -0.000000000000000000 ) ) ;
#5690 = LINE ( 'NONE', #6720, #4401 ) ;
#5691 = DIRECTION ( 'NONE',  ( 0.000000000000000000, 0.000000000000000000, 1.000000000000000000 ) ) ;
#5692 = DIRECTION ( 'NONE',  ( 0.000000000000000000, 1.000000000000000000, 0.000000000000000000 ) ) ;
#5693 = FACE_OUTER_BOUND ( 'NONE', #3726, .T. ) ;
#5694 = DIRECTION ( 'NONE',  ( -1.000000000000000000, -3.345240711974376231E-15, 0.000000000000000000 ) ) ;
#5695 = DIRECTION ( 'NONE',  ( -0.000000000000000000, 1.000000000000000000, -0.000000000000000000 ) ) ;
#5696 = DIRECTION ( 'NONE',  ( 0.000000000000000000, 0.000000000000000000, 1.000000000000000000 ) ) ;
#5697 = LINE ( 'NONE', #5702, #5450 ) ;
#5698 = AXIS2_PLACEMENT_3D ( 'NONE', #1571, #1524, #4357 ) ;
#5699 = DIRECTION ( 'NONE',  ( 0.000000000000000000, -1.000000000000000000, -0.000000000000000000 ) ) ;
#5700 = VECTOR ( 'NONE', #6681, 1000.000000000000000 ) ;
#5701 = VERTEX_POINT ( 'NONE', #3224 ) ;
#5702 = CARTESIAN_POINT ( 'NONE',  ( -3.500000000000000000, 0.000000000000000000, -2.399999999999983036 ) ) ;
#5703 = ADVANCED_FACE ( 'NONE', ( #1583 ), #6020, .F. ) ;
#5704 = EDGE_CURVE ( 'NONE', #5433, #7225, #997, .T. ) ;
#5705 = VERTEX_POINT ( 'NONE', #4965 ) ;
#5706 = AXIS2_PLACEMENT_3D ( 'NONE', #3408, #5061, #5634 ) ;
#5707 = CIRCLE ( 'NONE', #6942, 3.749999999999988454 ) ;
#5708 = CARTESIAN_POINT ( 'NONE',  ( 25.71750068664550781, -12.71147595840163724, -2.399999999999989697 ) ) ;
#5709 = LINE ( 'NONE', #2615, #2816 ) ;
#5710 = ORIENTED_EDGE ( 'NONE', *, *, #2871, .T. ) ;
#5711 = DIRECTION ( 'NONE',  ( 0.000000000000000000, 0.000000000000000000, 1.000000000000000000 ) ) ;
#5712 = VECTOR ( 'NONE', #1250, 1000.000000000000114 ) ;
#5713 = EDGE_CURVE ( 'NONE', #4372, #2146, #1501, .T. ) ;
#5714 = TOROIDAL_SURFACE ( 'NONE', #3283, 1.499999999999999556, 0.5000000000000000000 ) ;
#5715 = DIRECTION ( 'NONE',  ( -0.7071067811865483499, 0.7071067811865465735, 0.000000000000000000 ) ) ;
#5716 = ORIENTED_EDGE ( 'NONE', *, *, #3547, .F. ) ;
#5717 = DIRECTION ( 'NONE',  ( -1.000000000000000000, 0.000000000000000000, 0.000000000000000000 ) ) ;
#5718 = CARTESIAN_POINT ( 'NONE',  ( 2.607821599390749867, 24.98430587422098625, 1.054858439192528419 ) ) ;
#5719 = DIRECTION ( 'NONE',  ( 1.000000000000000000, 0.000000000000000000, 0.000000000000000000 ) ) ;
#5720 = DIRECTION ( 'NONE',  ( 0.000000000000000000, 1.000000000000000000, -0.000000000000000000 ) ) ;
#5721 = ORIENTED_EDGE ( 'NONE', *, *, #97, .F. ) ;
#5722 = CIRCLE ( 'NONE', #879, 0.4999999999999999445 ) ;
#5723 = DIRECTION ( 'NONE',  ( 1.858632295689435856E-16, -1.000000000000000000, -0.000000000000000000 ) ) ;
#5724 = CARTESIAN_POINT ( 'NONE',  ( 9.000000000000001776, 9.280717547841103254, -3.000000000000000000 ) ) ;
#5725 = ORIENTED_EDGE ( 'NONE', *, *, #4769, .F. ) ;
#5726 = DIRECTION ( 'NONE',  ( 0.000000000000000000, 0.000000000000000000, -1.000000000000000000 ) ) ;
#5727 = VERTEX_POINT ( 'NONE', #2721 ) ;
#5728 = CARTESIAN_POINT ( 'NONE',  ( -6.382316136741051693, 30.25128029631820326, -3.000000000000000000 ) ) ;
#5729 = EDGE_CURVE ( 'NONE', #2738, #6634, #2115, .T. ) ;
#5730 = EDGE_CURVE ( 'NONE', #3743, #6297, #5874, .T. ) ;
#5731 = VERTEX_POINT ( 'NONE', #4445 ) ;
#5732 = ORIENTED_EDGE ( 'NONE', *, *, #4855, .F. ) ;
#5733 = CARTESIAN_POINT ( 'NONE',  ( 16.42181947020512567, 6.101538764755273014, -3.000000000000000000 ) ) ;
#5734 = EDGE_LOOP ( 'NONE', ( #5563, #4315 ) ) ;
#5735 = DIRECTION ( 'NONE',  ( 1.000000000000000000, -1.858632295689435363E-16, 0.000000000000000000 ) ) ;
#5736 = DIRECTION ( 'NONE',  ( -6.207908377626726342E-17, 1.000000000000000000, 0.000000000000000000 ) ) ;
#5737 = VECTOR ( 'NONE', #6345, 1000.000000000000114 ) ;
#5738 = ORIENTED_EDGE ( 'NONE', *, *, #4225, .F. ) ;
#5739 = ORIENTED_EDGE ( 'NONE', *, *, #7141, .F. ) ;
#5740 = ORIENTED_EDGE ( 'NONE', *, *, #5871, .F. ) ;
#5741 = CARTESIAN_POINT ( 'NONE',  ( 6.382316136741039259, 30.25128029631820326, -3.000000000000000000 ) ) ;
#5742 = ADVANCED_FACE ( 'NONE', ( #105 ), #4141, .F. ) ;
#5743 = DIRECTION ( 'NONE',  ( 0.000000000000000000, 0.000000000000000000, 1.000000000000000000 ) ) ;
#5744 = DIRECTION ( 'NONE',  ( 0.000000000000000000, -1.000000000000000000, -0.000000000000000000 ) ) ;
#5745 = LINE ( 'NONE', #5188, #6705 ) ;
#5746 = ORIENTED_EDGE ( 'NONE', *, *, #2871, .F. ) ;
#5747 = ORIENTED_EDGE ( 'NONE', *, *, #7230, .T. ) ;
#5748 = FACE_OUTER_BOUND ( 'NONE', #4261, .T. ) ;
#5749 = DIRECTION ( 'NONE',  ( -1.000000000000000000, 0.000000000000000000, 0.000000000000000000 ) ) ;
#5750 = CARTESIAN_POINT ( 'NONE',  ( 3.558769552017628346, 30.75128029631820326, 5.644138212168633650 ) ) ;
#5751 = VERTEX_POINT ( 'NONE', #4938 ) ;
#5752 = FACE_OUTER_BOUND ( 'NONE', #3226, .T. ) ;
#5753 = EDGE_CURVE ( 'NONE', #157, #5410, #24, .T. ) ;
#5754 = AXIS2_PLACEMENT_3D ( 'NONE', #6045, #2636, #2114 ) ;
#5755 = ORIENTED_EDGE ( 'NONE', *, *, #2538, .F. ) ;
#5756 = ADVANCED_FACE ( 'NONE', ( #5613 ), #627, .T. ) ;
#5757 = DIRECTION ( 'NONE',  ( 0.000000000000000000, 0.000000000000000000, -1.000000000000000000 ) ) ;
#5758 = CARTESIAN_POINT ( 'NONE',  ( 4.608111174242984553, 40.16348612848383937, -1.848263540004805305 ) ) ;
#5759 = TOROIDAL_SURFACE ( 'NONE', #4053, 5.000000000000000888, 0.5000000000000000000 ) ;
#5760 = CARTESIAN_POINT ( 'NONE',  ( 5.500000000000000000, 41.75128029631820681, 6.000000000000000000 ) ) ;
#5761 = LINE ( 'NONE', #3974, #7245 ) ;
#5762 = DIRECTION ( 'NONE',  ( -0.000000000000000000, -0.000000000000000000, -1.000000000000000000 ) ) ;
#5763 = DIRECTION ( 'NONE',  ( -6.207908377626726342E-17, 1.000000000000000000, 0.000000000000000000 ) ) ;
#5764 = EDGE_CURVE ( 'NONE', #3816, #1040, #7007, .T. ) ;
#5765 = DIRECTION ( 'NONE',  ( -0.000000000000000000, -1.000000000000000000, -0.000000000000000000 ) ) ;
#5766 = ORIENTED_EDGE ( 'NONE', *, *, #4831, .T. ) ;
#5767 = DIRECTION ( 'NONE',  ( -1.000000000000000000, 0.000000000000000000, 0.000000000000000000 ) ) ;
#5768 = FACE_OUTER_BOUND ( 'NONE', #620, .T. ) ;
#5769 = VERTEX_POINT ( 'NONE', #468 ) ;
#5770 = DIRECTION ( 'NONE',  ( 0.000000000000000000, -0.000000000000000000, -1.000000000000000000 ) ) ;
#5771 = CARTESIAN_POINT ( 'NONE',  ( 16.84608353891704979, 6.525802833467200692, 0.000000000000000000 ) ) ;
#5772 = CARTESIAN_POINT ( 'NONE',  ( 1.690003485484026458, 25.68571956837442372, 0.9546564828848219664 ) ) ;
#5773 = CARTESIAN_POINT ( 'NONE',  ( -3.631946009244122475, 41.75128029631820681, 4.999999999999999112 ) ) ;
#5774 = AXIS2_PLACEMENT_3D ( 'NONE', #808, #3664, #4785 ) ;
#5775 = VECTOR ( 'NONE', #2462, 1000.000000000000000 ) ;
#5776 = ORIENTED_EDGE ( 'NONE', *, *, #6796, .F. ) ;
#5777 = DIRECTION ( 'NONE',  ( 0.000000000000000000, 0.7071067811865475727, -0.7071067811865475727 ) ) ;
#5778 = EDGE_CURVE ( 'NONE', #642, #2927, #4538, .T. ) ;
#5779 = FACE_OUTER_BOUND ( 'NONE', #2913, .T. ) ;
#5780 = EDGE_LOOP ( 'NONE', ( #1088, #6941, #1570, #5343, #4546, #1942 ) ) ;
#5781 = ADVANCED_FACE ( 'NONE', ( #5961 ), #5584, .F. ) ;
#5782 = FACE_OUTER_BOUND ( 'NONE', #2511, .T. ) ;
#5783 = AXIS2_PLACEMENT_3D ( 'NONE', #6947, #6920, #4173 ) ;
#5784 = VERTEX_POINT ( 'NONE', #517 ) ;
#5785 = DIRECTION ( 'NONE',  ( -1.000000000000000000, 0.000000000000000000, 0.000000000000000000 ) ) ;
#5786 = EDGE_CURVE ( 'NONE', #6748, #5270, #3279, .T. ) ;
#5787 = ORIENTED_EDGE ( 'NONE', *, *, #2967, .T. ) ;
#5788 = CARTESIAN_POINT ( 'NONE',  ( 7.000000000000000000, 40.25128029631820681, 3.283583722384670628E-15 ) ) ;
#5789 = VECTOR ( 'NONE', #6539, 1000.000000000000000 ) ;
#5790 = PLANE ( 'NONE',  #2140 ) ;
#5791 = DIRECTION ( 'NONE',  ( -0.4999999999999992228, -0.5000000000000012212, -0.7071067811865472397 ) ) ;
#5792 = CARTESIAN_POINT ( 'NONE',  ( 2.586510263012056665, 30.25128029631820326, 6.084368756338572659 ) ) ;
#5793 = DIRECTION ( 'NONE',  ( 0.000000000000000000, 0.000000000000000000, -1.000000000000000000 ) ) ;
#5795 = AXIS2_PLACEMENT_3D ( 'NONE', #406, #2029, #4367 ) ;
#5794 = CARTESIAN_POINT ( 'NONE',  ( -17.30049912664548728, 3.980218421195628409, -2.400000000000003908 ) ) ;
#5796 = FACE_OUTER_BOUND ( 'NONE', #2862, .T. ) ;
#5797 = EDGE_LOOP ( 'NONE', ( #6362, #2964, #5572, #1161 ) ) ;
#5798 = DIRECTION ( 'NONE',  ( -0.000000000000000000, -0.000000000000000000, -1.000000000000000000 ) ) ;
#5799 = EDGE_LOOP ( 'NONE', ( #5915, #1773, #2856, #1363 ) ) ;
#5800 = CARTESIAN_POINT ( 'NONE',  ( 4.762005586619903141, 40.25086785013994728, 6.500000000000000000 ) ) ;
#5801 = DIRECTION ( 'NONE',  ( 1.000000000000000000, 0.000000000000000000, 0.000000000000000000 ) ) ;
#5802 = VECTOR ( 'NONE', #5456, 1000.000000000000000 ) ;
#5803 = ORIENTED_EDGE ( 'NONE', *, *, #1218, .F. ) ;
#5804 = CARTESIAN_POINT ( 'NONE',  ( -0.04437249225549069753, -1.489057109605489870, -3.000000000000000000 ) ) ;
#5805 = EDGE_LOOP ( 'NONE', ( #4966, #2999, #805, #1513 ) ) ;
#5806 = EDGE_CURVE ( 'NONE', #6587, #7031, #4325, .T. ) ;
#5807 = AXIS2_PLACEMENT_3D ( 'NONE', #1728, #3394, #5642 ) ;
#5808 = ORIENTED_EDGE ( 'NONE', *, *, #1741, .F. ) ;
#5809 = DIRECTION ( 'NONE',  ( -0.7071067811865483499, -0.7071067811865465735, 0.000000000000000000 ) ) ;
#5810 = DIRECTION ( 'NONE',  ( -0.000000000000000000, -0.000000000000000000, -1.000000000000000000 ) ) ;
#5811 = ORIENTED_EDGE ( 'NONE', *, *, #5167, .T. ) ;
#5812 = VERTEX_POINT ( 'NONE', #6604 ) ;
#5813 = EDGE_CURVE ( 'NONE', #4949, #1922, #7014, .T. ) ;
#5814 = AXIS2_PLACEMENT_3D ( 'NONE', #3164, #6992, #3654 ) ;
#5815 = DIRECTION ( 'NONE',  ( 0.000000000000000000, 0.000000000000000000, 1.000000000000000000 ) ) ;
#5816 = CARTESIAN_POINT ( 'NONE',  ( 15.71750068664550604, -8.291166140300479270, 0.000000000000000000 ) ) ;
#5817 = ADVANCED_FACE ( 'NONE', ( #2090 ), #4911, .T. ) ;
#5818 = DIRECTION ( 'NONE',  ( 1.000000000000000000, 1.241526754781063561E-15, 0.000000000000000000 ) ) ;
#5819 = DIRECTION ( 'NONE',  ( -1.000000000000000000, 0.000000000000000000, 0.000000000000000000 ) ) ;
#5820 = PLANE ( 'NONE',  #5783 ) ;
#5821 = EDGE_LOOP ( 'NONE', ( #1456, #748, #5454, #6703, #2460, #2754 ) ) ;
#5822 = CARTESIAN_POINT ( 'NONE',  ( -6.500000000000000000, 42.25128029631820681, 5.000000000000000888 ) ) ;
#5823 = CARTESIAN_POINT ( 'NONE',  ( 0.04437249225549069753, -1.489057109605489870, -2.399999999999989697 ) ) ;
#5824 = ORIENTED_EDGE ( 'NONE', *, *, #7078, .F. ) ;
#5825 = CARTESIAN_POINT ( 'NONE',  ( -6.646803743153482991, 27.75594841574085692, -3.000000000000000000 ) ) ;
#5826 = ORIENTED_EDGE ( 'NONE', *, *, #4109, .T. ) ;
#5827 = EDGE_LOOP ( 'NONE', ( #2128, #6967, #4074, #6678 ) ) ;
#5828 = ADVANCED_FACE ( 'NONE', ( #4510 ), #1047, .F. ) ;
#5829 = CARTESIAN_POINT ( 'NONE',  ( -2.788987455988408470, 18.97130995665952824, -5.402613509536758198E-16 ) ) ;
#5830 = DIRECTION ( 'NONE',  ( 1.000000000000000000, 4.001029970875857235E-16, -0.000000000000000000 ) ) ;
#5831 = AXIS2_PLACEMENT_3D ( 'NONE', #900, #3635, #7038 ) ;
#5832 = VERTEX_POINT ( 'NONE', #493 ) ;
#5834 = EDGE_CURVE ( 'NONE', #2738, #5751, #3522, .T. ) ;
#5833 = DIRECTION ( 'NONE',  ( -1.000000000000000000, 0.000000000000000000, 0.000000000000000000 ) ) ;
#5835 = LINE ( 'NONE', #5377, #6357 ) ;
#5836 = EDGE_LOOP ( 'NONE', ( #3939, #3996, #3168, #2404 ) ) ;
#5837 = VERTEX_POINT ( 'NONE', #106 ) ;
#5838 = DIRECTION ( 'NONE',  ( -0.000000000000000000, -0.000000000000000000, 1.000000000000000000 ) ) ;
#5839 = PLANE ( 'NONE',  #6641 ) ;
#5840 = CYLINDRICAL_SURFACE ( 'NONE', #3494, 1.500000000000000444 ) ;
#5841 = CARTESIAN_POINT ( 'NONE',  ( -9.200944287194111837, 25.20180787170023606, -3.000000000000000000 ) ) ;
#5842 = FACE_OUTER_BOUND ( 'NONE', #1984, .T. ) ;
#5843 = ORIENTED_EDGE ( 'NONE', *, *, #6122, .T. ) ;
#5844 = AXIS2_PLACEMENT_3D ( 'NONE', #2961, #1359, #275 ) ;
#5845 = CONICAL_SURFACE ( 'NONE', #868, 10.60000000000001741, 0.7853981633974541632 ) ;
#5846 = DIRECTION ( 'NONE',  ( 0.000000000000000000, 1.000000000000000000, 0.000000000000000000 ) ) ;
#5847 = DIRECTION ( 'NONE',  ( 0.000000000000000000, -1.000000000000000000, 0.000000000000000000 ) ) ;
#5848 = VECTOR ( 'NONE', #5152, 1000.000000000000114 ) ;
#5849 = DIRECTION ( 'NONE',  ( 0.000000000000000000, 1.000000000000000000, 0.000000000000000000 ) ) ;
#5850 = VECTOR ( 'NONE', #7109, 1000.000000000000000 ) ;
#5851 = DIRECTION ( 'NONE',  ( 0.000000000000000000, -0.9899494936611664686, 0.1414213562373094202 ) ) ;
#5852 = EDGE_CURVE ( 'NONE', #1247, #1412, #1089, .T. ) ;
#5853 = VECTOR ( 'NONE', #1559, 1000.000000000000000 ) ;
#5854 = AXIS2_PLACEMENT_3D ( 'NONE', #3545, #3987, #6319 ) ;
#5855 = CYLINDRICAL_SURFACE ( 'NONE', #4023, 0.5000000000000004441 ) ;
#5856 = ORIENTED_EDGE ( 'NONE', *, *, #345, .F. ) ;
#5857 = EDGE_CURVE ( 'NONE', #2736, #4858, #5896, .T. ) ;
#5858 = AXIS2_PLACEMENT_3D ( 'NONE', #5525, #4973, #505 ) ;
#5859 = ADVANCED_FACE ( 'NONE', ( #2580 ), #3451, .F. ) ;
#5860 = DIRECTION ( 'NONE',  ( 0.000000000000000000, 1.000000000000000000, -0.000000000000000000 ) ) ;
#5861 = CARTESIAN_POINT ( 'NONE',  ( 2.750000000000000444, 23.48663575733231568, 1.268811313033693988 ) ) ;
#5862 = LINE ( 'NONE', #6173, #1407 ) ;
#5863 = ORIENTED_EDGE ( 'NONE', *, *, #168, .T. ) ;
#5864 = CARTESIAN_POINT ( 'NONE',  ( 3.378679656440342072, 41.75128029631820681, -1.500000000000000000 ) ) ;
#5865 = DIRECTION ( 'NONE',  ( -0.7071067811865454633, 0.000000000000000000, -0.7071067811865497932 ) ) ;
#5866 = DIRECTION ( 'NONE',  ( -0.7071067811865515695, 6.133173666733426738E-15, -0.7071067811865434649 ) ) ;
#5867 = VECTOR ( 'NONE', #604, 1000.000000000000000 ) ;
#5868 = CARTESIAN_POINT ( 'NONE',  ( -9.000000000000001776, -4.691166140300482290, -0.5999999999999894307 ) ) ;
#5869 = ORIENTED_EDGE ( 'NONE', *, *, #3128, .T. ) ;
#5870 = CARTESIAN_POINT ( 'NONE',  ( -3.000000000000000000, 30.25128029631820326, -2.999999999999999112 ) ) ;
#5871 = EDGE_CURVE ( 'NONE', #1167, #1957, #4860, .T. ) ;
#5872 = CIRCLE ( 'NONE', #5795, 9.999999999999998224 ) ;
#5873 = DIRECTION ( 'NONE',  ( 0.000000000000000000, 0.000000000000000000, 1.000000000000000000 ) ) ;
#5874 = CIRCLE ( 'NONE', #3777, 2.399999999999999911 ) ;
#5875 = DIRECTION ( 'NONE',  ( -1.000000000000000000, -2.891205793294678622E-15, 0.000000000000000000 ) ) ;
#5876 = DIRECTION ( 'NONE',  ( 0.000000000000000000, 0.000000000000000000, 1.000000000000000000 ) ) ;
#5877 = LINE ( 'NONE', #2770, #5700 ) ;
#5878 = EDGE_CURVE ( 'NONE', #5832, #602, #5305, .T. ) ;
#5879 = ORIENTED_EDGE ( 'NONE', *, *, #4769, .T. ) ;
#5880 = ORIENTED_EDGE ( 'NONE', *, *, #6224, .T. ) ;
#5881 = DIRECTION ( 'NONE',  ( 0.000000000000000000, 1.000000000000000000, -0.000000000000000000 ) ) ;
#5882 = VECTOR ( 'NONE', #5004, 1000.000000000000000 ) ;
#5883 = PLANE ( 'NONE',  #5264 ) ;
#5884 = ORIENTED_EDGE ( 'NONE', *, *, #1018, .F. ) ;
#5885 = DIRECTION ( 'NONE',  ( 0.7071067811865496822, -6.133173666733471901E-16, -0.7071067811865453523 ) ) ;
#5886 = CARTESIAN_POINT ( 'NONE',  ( 6.057816332563604078, 30.25128029631820326, 4.740207675323312664 ) ) ;
#5887 = CARTESIAN_POINT ( 'NONE',  ( -25.11750068664549929, -12.71147595840164968, 0.000000000000000000 ) ) ;
#5888 = EDGE_LOOP ( 'NONE', ( #3210, #675, #7131, #5209, #420 ) ) ;
#5889 = DIRECTION ( 'NONE',  ( -0.000000000000000000, -0.000000000000000000, -1.000000000000000000 ) ) ;
#5890 = CONICAL_SURFACE ( 'NONE', #4044, 10.60000000000000497, 0.7853981633974439491 ) ;
#5891 = ORIENTED_EDGE ( 'NONE', *, *, #28, .F. ) ;
#5892 = ADVANCED_FACE ( 'NONE', ( #6853 ), #1732, .F. ) ;
#5893 = CARTESIAN_POINT ( 'NONE',  ( -2.595536630534756029, -19.48869245233285241, 6.084368756338572659 ) ) ;
#5894 = ORIENTED_EDGE ( 'NONE', *, *, #1970, .F. ) ;
#5895 = CARTESIAN_POINT ( 'NONE',  ( 4.075974153824395430, 39.75128029631820681, 6.500000000000000000 ) ) ;
#5896 = LINE ( 'NONE', #2274, #3982 ) ;
#5897 = CARTESIAN_POINT ( 'NONE',  ( 6.057816332563604966, 39.75128029631820681, 4.740207675323312664 ) ) ;
#5898 = EDGE_CURVE ( 'NONE', #3334, #3272, #3353, .T. ) ;
#5899 = AXIS2_PLACEMENT_3D ( 'NONE', #1566, #2130, #4981 ) ;
#5900 = EDGE_LOOP ( 'NONE', ( #523, #6152, #5856, #4742 ) ) ;
#5901 = ORIENTED_EDGE ( 'NONE', *, *, #201, .T. ) ;
#5902 = EDGE_LOOP ( 'NONE', ( #236, #7039, #956, #3960 ) ) ;
#5903 = CARTESIAN_POINT ( 'NONE',  ( 0.04437249225549069753, -1.489057109605489870, 0.000000000000000000 ) ) ;
#5904 = ORIENTED_EDGE ( 'NONE', *, *, #77, .T. ) ;
#5905 = ORIENTED_EDGE ( 'NONE', *, *, #5786, .T. ) ;
#5906 = CARTESIAN_POINT ( 'NONE',  ( 4.336808689942017736E-16, 23.45128041827299015, 0.000000000000000000 ) ) ;
#5907 = DIRECTION ( 'NONE',  ( -1.000000000000000000, -1.241526754781063561E-15, 0.000000000000000000 ) ) ;
#5908 = CARTESIAN_POINT ( 'NONE',  ( 5.500000000000002665, 28.25128029631820681, 5.999999999999999112 ) ) ;
#5909 =( LENGTH_UNIT ( ) NAMED_UNIT ( * ) SI_UNIT ( .MILLI., .METRE. ) );
#5910 = EDGE_CURVE ( 'NONE', #2843, #2747, #401, .T. ) ;
#5911 = DIRECTION ( 'NONE',  ( -1.000000000000000000, 0.000000000000000000, 0.000000000000000000 ) ) ;
#5912 = FACE_OUTER_BOUND ( 'NONE', #2612, .T. ) ;
#5913 = VERTEX_POINT ( 'NONE', #58 ) ;
#5914 = ORIENTED_EDGE ( 'NONE', *, *, #2800, .F. ) ;
#5915 = ORIENTED_EDGE ( 'NONE', *, *, #867, .F. ) ;
#5916 = FACE_OUTER_BOUND ( 'NONE', #7052, .T. ) ;
#5917 = ORIENTED_EDGE ( 'NONE', *, *, #2176, .F. ) ;
#5918 = CARTESIAN_POINT ( 'NONE',  ( -0.004513183761349496073, 28.75128029631821036, 8.795290647185000310 ) ) ;
#5919 = FACE_OUTER_BOUND ( 'NONE', #1627, .T. ) ;
#5921 = EDGE_CURVE ( 'NONE', #4622, #5433, #2398, .T. ) ;
#5920 = DIRECTION ( 'NONE',  ( 0.000000000000000000, 0.000000000000000000, -1.000000000000000000 ) ) ;
#5922 = FACE_OUTER_BOUND ( 'NONE', #6877, .T. ) ;
#5923 = VECTOR ( 'NONE', #1859, 1000.000000000000000 ) ;
#5924 = ORIENTED_EDGE ( 'NONE', *, *, #4664, .T. ) ;
#5925 = DIRECTION ( 'NONE',  ( -1.000000000000000000, 0.000000000000000000, 0.000000000000000000 ) ) ;
#5926 = CIRCLE ( 'NONE', #418, 1.474258476847184030 ) ;
#5927 = CARTESIAN_POINT ( 'NONE',  ( -17.30049912664549083, -4.691166140300481402, -3.000000000000000000 ) ) ;
#5928 = ADVANCED_FACE ( 'NONE', ( #2829 ), #6153, .T. ) ;
#5929 = AXIS2_PLACEMENT_3D ( 'NONE', #6935, #4082, #1237 ) ;
#5930 = FACE_OUTER_BOUND ( 'NONE', #6534, .T. ) ;
#5931 = ORIENTED_EDGE ( 'NONE', *, *, #5167, .F. ) ;
#5932 =( BOUNDED_CURVE ( )  B_SPLINE_CURVE ( 3, ( #2258, #5079, #5628, #2376 ),
 .UNSPECIFIED., .F., .T. ) 
 B_SPLINE_CURVE_WITH_KNOTS ( ( 4, 4 ),
 ( 4.712388980384687898, 6.283185307179586232 ),
 .UNSPECIFIED. ) 
 CURVE ( )  GEOMETRIC_REPRESENTATION_ITEM ( )  RATIONAL_B_SPLINE_CURVE ( ( 1.000000000000000000, 0.8047378541243646044, 0.8047378541243646044, 1.000000000000000000 ) ) 
 REPRESENTATION_ITEM ( '' )  );
#5933 = CARTESIAN_POINT ( 'NONE',  ( 7.000000000000000000, 40.25128029631820681, 3.283583722384670628E-15 ) ) ;
#5934 = DIRECTION ( 'NONE',  ( -0.000000000000000000, 1.000000000000000000, 0.000000000000000000 ) ) ;
#5935 = CARTESIAN_POINT ( 'NONE',  ( 3.000000000000000000, 20.57961352157209234, -0.2500000000000000000 ) ) ;
#5936 = CARTESIAN_POINT ( 'NONE',  ( -2.399000521136483766, 25.29492058425579160, 0.7798948702635276620 ) ) ;
#5937 = LINE ( 'NONE', #6058, #4 ) ;
#5938 = DIRECTION ( 'NONE',  ( 1.000000000000000000, 0.000000000000000000, 0.000000000000000000 ) ) ;
#5939 = VECTOR ( 'NONE', #3773, 1000.000000000000000 ) ;
#5940 = DIRECTION ( 'NONE',  ( 0.000000000000000000, -0.7071067811865430208, -0.7071067811865521247 ) ) ;
#5941 = EDGE_CURVE ( 'NONE', #1443, #5637, #7212, .T. ) ;
#5942 = AXIS2_PLACEMENT_3D ( 'NONE', #360, #3677, #4264 ) ;
#5943 = DIRECTION ( 'NONE',  ( -0.000000000000000000, -0.000000000000000000, -1.000000000000000000 ) ) ;
#5944 = CONICAL_SURFACE ( 'NONE', #4685, 2.999999999999999112, 0.7853981633974511656 ) ;
#5945 = ORIENTED_EDGE ( 'NONE', *, *, #3379, .F. ) ;
#5946 = LINE ( 'NONE', #1633, #720 ) ;
#5947 = CARTESIAN_POINT ( 'NONE',  ( -9.000000000000001776, -8.291166140300475718, 0.000000000000000000 ) ) ;
#5948 = EDGE_CURVE ( 'NONE', #6322, #2045, #4595, .T. ) ;
#5949 = EDGE_CURVE ( 'NONE', #5278, #3060, #4067, .T. ) ;
#5950 =( GEOMETRIC_REPRESENTATION_CONTEXT ( 3 ) GLOBAL_UNCERTAINTY_ASSIGNED_CONTEXT ( ( #6155 ) ) GLOBAL_UNIT_ASSIGNED_CONTEXT ( ( #2192, #6300, #2798 ) ) REPRESENTATION_CONTEXT ( 'NONE', 'WORKASPACE' ) );
#5951 = EDGE_LOOP ( 'NONE', ( #759, #4964, #2504, #2610 ) ) ;
#5952 = DIRECTION ( 'NONE',  ( -0.000000000000000000, 0.9899494936611664686, -0.1414213562373094202 ) ) ;
#5953 = LINE ( 'NONE', #2276, #1746 ) ;
#5954 = EDGE_LOOP ( 'NONE', ( #3498, #6781, #4737, #2221 ) ) ;
#5955 = CARTESIAN_POINT ( 'NONE',  ( -7.000000000000002665, 28.75128029631963855, -0.1315914118779806796 ) ) ;
#5956 = CARTESIAN_POINT ( 'NONE',  ( -3.000000000000000000, 30.25128029631820326, -2.999999999999999112 ) ) ;
#5957 = DIRECTION ( 'NONE',  ( -0.000000000000000000, 1.000000000000000000, 0.000000000000000000 ) ) ;
#5958 = DIRECTION ( 'NONE',  ( 0.000000000000000000, 0.000000000000000000, -1.000000000000000000 ) ) ;
#5959 = CARTESIAN_POINT ( 'NONE',  ( 1.839742493021590233E-15, 26.45128041827299015, 0.8452906471850275549 ) ) ;
#5960 = CARTESIAN_POINT ( 'NONE',  ( 0.000000000000000000, 0.000000000000000000, 6.500000000000000000 ) ) ;
#5961 = FACE_OUTER_BOUND ( 'NONE', #1415, .T. ) ;
#5962 = AXIS2_PLACEMENT_3D ( 'NONE', #6221, #6763, #4627 ) ;
#5963 = CARTESIAN_POINT ( 'NONE',  ( -6.000000000000000888, 9.280717547841103254, -0.5999999999999894307 ) ) ;
#5964 = EDGE_CURVE ( 'NONE', #1969, #6903, #6511, .T. ) ;
#5965 = B_SPLINE_CURVE_WITH_KNOTS ( 'NONE', 3,
 ( #5728, #5653, #3887, #5182 ),
 .UNSPECIFIED., .F., .F.,
 ( 4, 4 ),
 ( 0.000000000000000000, 0.0008611233099449321212 ),
 .UNSPECIFIED. ) ;
#5966 = ADVANCED_FACE ( 'NONE', ( #1685 ), #3952, .F. ) ;
#5967 = DIRECTION ( 'NONE',  ( -1.000000000000000000, 0.000000000000000000, 0.000000000000000000 ) ) ;
#5968 = CARTESIAN_POINT ( 'NONE',  ( -5.500000000000000000, 40.25128029631820681, 6.500000000000000000 ) ) ;
#5969 = LINE ( 'NONE', #6985, #3159 ) ;
#5970 = DIRECTION ( 'NONE',  ( 0.000000000000000000, -0.7071067811865434649, 0.7071067811865515695 ) ) ;
#5971 = ORIENTED_EDGE ( 'NONE', *, *, #857, .F. ) ;
#5972 = ORIENTED_EDGE ( 'NONE', *, *, #621, .T. ) ;
#5973 = DIRECTION ( 'NONE',  ( -0.000000000000000000, -0.000000000000000000, -1.000000000000000000 ) ) ;
#5974 = AXIS2_PLACEMENT_3D ( 'NONE', #4962, #1587, #6181 ) ;
#5975 = CIRCLE ( 'NONE', #2162, 2.225000000000025402 ) ;
#5976 = ORIENTED_EDGE ( 'NONE', *, *, #3784, .T. ) ;
#5977 = ORIENTED_EDGE ( 'NONE', *, *, #2532, .T. ) ;
#5978 = DIRECTION ( 'NONE',  ( -1.000000000000000000, 4.001029970875857235E-16, 0.000000000000000000 ) ) ;
#5979 = VERTEX_POINT ( 'NONE', #5235 ) ;
#5980 = FACE_OUTER_BOUND ( 'NONE', #6556, .T. ) ;
#5981 = DIRECTION ( 'NONE',  ( 0.000000000000000000, 0.000000000000000000, 1.000000000000000000 ) ) ;
#5982 = EDGE_LOOP ( 'NONE', ( #3099, #5739, #4086, #1087 ) ) ;
#5983 = DIRECTION ( 'NONE',  ( -0.000000000000000000, 1.000000000000000000, -0.000000000000000000 ) ) ;
#5984 = EDGE_CURVE ( 'NONE', #6657, #6850, #6679, .T. ) ;
#5985 = ORIENTED_EDGE ( 'NONE', *, *, #5878, .T. ) ;
#5986 = CARTESIAN_POINT ( 'NONE',  ( 1.599999999999999645, 29.25128029631821036, 3.050000000000000711 ) ) ;
#5987 = CONICAL_SURFACE ( 'NONE', #1880, 2.999999999999999112, 0.7853981633974453924 ) ;
#5988 = VERTEX_POINT ( 'NONE', #5277 ) ;
#5989 = DIRECTION ( 'NONE',  ( 0.000000000000000000, 0.000000000000000000, -1.000000000000000000 ) ) ;
#5990 = CARTESIAN_POINT ( 'NONE',  ( 2.586510263012057553, -19.48869245233285241, 6.084368756338572659 ) ) ;
#5991 = ORIENTED_EDGE ( 'NONE', *, *, #1998, .T. ) ;
#5992 = ADVANCED_FACE ( 'NONE', ( #5980 ), #4683, .T. ) ;
#5993 = EDGE_CURVE ( 'NONE', #2530, #3741, #1877, .T. ) ;
#5994 = AXIS2_PLACEMENT_3D ( 'NONE', #6264, #659, #2908 ) ;
#5995 = VERTEX_POINT ( 'NONE', #5794 ) ;
#5996 = ORIENTED_EDGE ( 'NONE', *, *, #1507, .T. ) ;
#5997 = VERTEX_POINT ( 'NONE', #208 ) ;
#5998 = CYLINDRICAL_SURFACE ( 'NONE', #2092, 0.2500000000000002220 ) ;
#5999 = ORIENTED_EDGE ( 'NONE', *, *, #1467, .T. ) ;
#6000 = ADVANCED_FACE ( 'NONE', ( #3093 ), #4099, .T. ) ;
#6001 = ORIENTED_EDGE ( 'NONE', *, *, #5401, .F. ) ;
#6002 = AXIS2_PLACEMENT_3D ( 'NONE', #456, #4948, #4969 ) ;
#6003 = CARTESIAN_POINT ( 'NONE',  ( 16.42181947020512567, 6.101538764755273014, -0.5999999999999963141 ) ) ;
#6004 = DIRECTION ( 'NONE',  ( 0.7071067811865491270, -0.000000000000000000, 0.7071067811865459074 ) ) ;
#6005 = ORIENTED_EDGE ( 'NONE', *, *, #1522, .F. ) ;
#6006 = VECTOR ( 'NONE', #3782, 1000.000000000000000 ) ;
#6007 = EDGE_CURVE ( 'NONE', #3064, #6047, #7126, .T. ) ;
#6009 = EDGE_CURVE ( 'NONE', #4693, #4436, #3728, .T. ) ;
#6008 = DIRECTION ( 'NONE',  ( -1.000000000000000000, 0.000000000000000000, 0.000000000000000000 ) ) ;
#6010 = LINE ( 'NONE', #6790, #5254 ) ;
#6011 = ORIENTED_EDGE ( 'NONE', *, *, #6185, .F. ) ;
#6012 = CARTESIAN_POINT ( 'NONE',  ( 3.000000000000000000, 20.57961352157209234, -0.2500000000000000000 ) ) ;
#6013 = VECTOR ( 'NONE', #5160, 1000.000000000000000 ) ;
#6014 = B_SPLINE_CURVE_WITH_KNOTS ( 'NONE', 3,
 ( #288, #6354, #4145, #3605 ),
 .UNSPECIFIED., .F., .F.,
 ( 4, 4 ),
 ( 0.000000000000000000, 0.0008499221942903932613 ),
 .UNSPECIFIED. ) ;
#6015 = CIRCLE ( 'NONE', #2173, 2.599999999999992095 ) ;
#6016 = DIRECTION ( 'NONE',  ( 0.7071067811865431318, 8.659560562354878624E-17, -0.7071067811865520136 ) ) ;
#6017 =( GEOMETRIC_REPRESENTATION_CONTEXT ( 3 ) GLOBAL_UNCERTAINTY_ASSIGNED_CONTEXT ( ( #3019 ) ) GLOBAL_UNIT_ASSIGNED_CONTEXT ( ( #5909, #2569, #1485 ) ) REPRESENTATION_CONTEXT ( 'NONE', 'WORKASPACE' ) );
#6018 = CARTESIAN_POINT ( 'NONE',  ( 16.42181947020512567, 6.101538764755273014, -2.399999999999990585 ) ) ;
#6019 = CONICAL_SURFACE ( 'NONE', #5612, 3.600000000000002309, 0.7853981633974415066 ) ;
#6021 = EDGE_CURVE ( 'NONE', #3739, #7221, #129, .T. ) ;
#6020 = PLANE ( 'NONE',  #1560 ) ;
#6022 = FACE_OUTER_BOUND ( 'NONE', #1008, .T. ) ;
#6023 = DIRECTION ( 'NONE',  ( -1.734723475976806108E-15, 0.000000000000000000, 1.000000000000000000 ) ) ;
#6024 = ORIENTED_EDGE ( 'NONE', *, *, #5373, .T. ) ;
#6025 = AXIS2_PLACEMENT_3D ( 'NONE', #92, #3462, #119 ) ;
#6026 = CARTESIAN_POINT ( 'NONE',  ( 4.832631660370656057, 40.25128029631820681, -2.167368339629330620 ) ) ;
#6027 = CIRCLE ( 'NONE', #3358, 2.399999999999999911 ) ;
#6028 = ORIENTED_EDGE ( 'NONE', *, *, #355, .T. ) ;
#6029 = CARTESIAN_POINT ( 'NONE',  ( 3.000000000000000000, 14.95128041827298482, -2.000000000000000000 ) ) ;
#6030 = CARTESIAN_POINT ( 'NONE',  ( -6.500000000000003553, 28.75128029631820681, 0.000000000000000000 ) ) ;
#6031 = DIRECTION ( 'NONE',  ( -0.5822706741880129266, 0.000000000000000000, 0.8129949950526367264 ) ) ;
#6032 = VECTOR ( 'NONE', #3162, 1000.000000000000114 ) ;
#6033 = CARTESIAN_POINT ( 'NONE',  ( -16.42181947020512567, 6.101538764755273014, -0.5999999999999894307 ) ) ;
#6034 = ORIENTED_EDGE ( 'NONE', *, *, #3457, .T. ) ;
#6035 = EDGE_CURVE ( 'NONE', #904, #3084, #1352, .T. ) ;
#6036 = ADVANCED_FACE ( 'NONE', ( #5626 ), #3005, .T. ) ;
#6037 = CARTESIAN_POINT ( 'NONE',  ( 25.11750068664549929, 5.391643985941803052, 0.000000000000000000 ) ) ;
#6038 = FACE_OUTER_BOUND ( 'NONE', #3586, .T. ) ;
#6039 = CARTESIAN_POINT ( 'NONE',  ( -4.620218033846063221, 30.75128029631820326, -1.839592552672425274 ) ) ;
#6040 = CARTESIAN_POINT ( 'NONE',  ( -0.04437249225549069753, -1.489057109605489870, -0.5999999999999928724 ) ) ;
#6041 = CARTESIAN_POINT ( 'NONE',  ( -7.000000000000000000, 42.25128029631820681, 0.6213203435596476032 ) ) ;
#6042 = ORIENTED_EDGE ( 'NONE', *, *, #2800, .T. ) ;
#6043 = VECTOR ( 'NONE', #6644, 1000.000000000000000 ) ;
#6044 = DIRECTION ( 'NONE',  ( 0.7071067811865489050, -1.839952100020048374E-15, 0.7071067811865462405 ) ) ;
#6045 = CARTESIAN_POINT ( 'NONE',  ( 3.622919641721424000, 41.75128029631820681, 4.999999999999999112 ) ) ;
#6046 = LINE ( 'NONE', #3106, #4567 ) ;
#6047 = VERTEX_POINT ( 'NONE', #2929 ) ;
#6048 = ORIENTED_EDGE ( 'NONE', *, *, #5675, .F. ) ;
#6049 = EDGE_CURVE ( 'NONE', #430, #2428, #5722, .T. ) ;
#6050 = PRESENTATION_LAYER_ASSIGNMENT (  '', '', ( #2950 ) ) ;
#6051 = CIRCLE ( 'NONE', #2767, 3.000000000000002665 ) ;
#6052 = CARTESIAN_POINT ( 'NONE',  ( -10.78249931335369105, -15.86847602325196149, -0.5999999999999928724 ) ) ;
#6053 = VERTEX_POINT ( 'NONE', #4635 ) ;
#6054 = CARTESIAN_POINT ( 'NONE',  ( 1.599999999999999423, 29.25128029631821036, 1.950000000000000844 ) ) ;
#6055 = DIRECTION ( 'NONE',  ( 0.5000000000000001110, -0.5000000000000014433, 0.7071067811865465735 ) ) ;
#6056 = DIRECTION ( 'NONE',  ( 1.734723475976807094E-15, 0.000000000000000000, 1.000000000000000000 ) ) ;
#6057 = EDGE_LOOP ( 'NONE', ( #1762, #2548 ) ) ;
#6058 = CARTESIAN_POINT ( 'NONE',  ( 22.71750068664549005, -15.71147595840165145, -2.399999999999989697 ) ) ;
#6059 = AXIS2_PLACEMENT_3D ( 'NONE', #4507, #1150, #4982 ) ;
#6060 = DIRECTION ( 'NONE',  ( -0.5000000000000024425, -0.5000000000000036637, -0.7071067811865432429 ) ) ;
#6061 = CYLINDRICAL_SURFACE ( 'NONE', #960, 0.5000000000000000000 ) ;
#6062 = EDGE_CURVE ( 'NONE', #6331, #3272, #6953, .T. ) ;
#6063 = ORIENTED_EDGE ( 'NONE', *, *, #1487, .T. ) ;
#6064 = DIRECTION ( 'NONE',  ( 0.000000000000000000, 0.000000000000000000, 1.000000000000000000 ) ) ;
#6065 = ORIENTED_EDGE ( 'NONE', *, *, #6671, .F. ) ;
#6066 = CARTESIAN_POINT ( 'NONE',  ( 7.000000000000002665, 28.66812204729179570, -0.1002465555413799836 ) ) ;
#6067 = CARTESIAN_POINT ( 'NONE',  ( -4.336808689942017736E-16, 23.45128041827299015, -3.000000000000000000 ) ) ;
#6068 = DIRECTION ( 'NONE',  ( 0.000000000000000000, 0.000000000000000000, 1.000000000000000000 ) ) ;
#6069 = FACE_OUTER_BOUND ( 'NONE', #5902, .T. ) ;
#6070 = VERTEX_POINT ( 'NONE', #4735 ) ;
#6071 = ORIENTED_EDGE ( 'NONE', *, *, #1846, .T. ) ;
#6072 = AXIS2_PLACEMENT_3D ( 'NONE', #2445, #261, #6355 ) ;
#6073 = DIRECTION ( 'NONE',  ( -1.000000000000000000, 0.000000000000000000, 0.000000000000000000 ) ) ;
#6074 = ORIENTED_EDGE ( 'NONE', *, *, #994, .T. ) ;
#6075 = ADVANCED_FACE ( 'NONE', ( #3004 ), #5203, .F. ) ;
#6076 = ORIENTED_EDGE ( 'NONE', *, *, #6343, .T. ) ;
#6077 = VERTEX_POINT ( 'NONE', #4660 ) ;
#6078 = CARTESIAN_POINT ( 'NONE',  ( 0.04437249225549069753, -1.489057109605489870, -2.399999999999989697 ) ) ;
#6079 = DIRECTION ( 'NONE',  ( 0.000000000000000000, 0.000000000000000000, -1.000000000000000000 ) ) ;
#6080 = EDGE_CURVE ( 'NONE', #3752, #5837, #1518, .T. ) ;
#6081 = DIRECTION ( 'NONE',  ( 0.000000000000000000, 0.000000000000000000, -1.000000000000000000 ) ) ;
#6082 = ORIENTED_EDGE ( 'NONE', *, *, #4396, .F. ) ;
#6083 = CARTESIAN_POINT ( 'NONE',  ( -22.78856849851096911, 12.46271179780728566, -3.000000000000000000 ) ) ;
#6084 = ORIENTED_EDGE ( 'NONE', *, *, #1497, .T. ) ;
#6085 = FACE_OUTER_BOUND ( 'NONE', #5240, .T. ) ;
#6086 = VERTEX_POINT ( 'NONE', #3072 ) ;
#6087 = EDGE_LOOP ( 'NONE', ( #1339, #4256, #1784, #2147 ) ) ;
#6088 = DIRECTION ( 'NONE',  ( -1.000000000000000000, 0.000000000000000000, 0.000000000000000000 ) ) ;
#6089 = EDGE_CURVE ( 'NONE', #1647, #6646, #4253, .T. ) ;
#6090 = EDGE_LOOP ( 'NONE', ( #515, #5638, #1491, #2996 ) ) ;
#6091 = AXIS2_PLACEMENT_3D ( 'NONE', #2691, #3826, #476 ) ;
#6092 = DIRECTION ( 'NONE',  ( -0.7071067811865485719, -0.7071067811865465735, 0.000000000000000000 ) ) ;
#6093 = CIRCLE ( 'NONE', #5706, 3.600000000000016520 ) ;
#6094 = ORIENTED_EDGE ( 'NONE', *, *, #3468, .F. ) ;
#6095 = VECTOR ( 'NONE', #66, 1000.000000000000000 ) ;
#6096 = TOROIDAL_SURFACE ( 'NONE', #5334, 1.000000000000000000, 0.5000000000000000000 ) ;
#6097 = FACE_OUTER_BOUND ( 'NONE', #5147, .T. ) ;
#6098 = ORIENTED_EDGE ( 'NONE', *, *, #548, .F. ) ;
#6099 = AXIS2_PLACEMENT_3D ( 'NONE', #5529, #2733, #574 ) ;
#6100 = DIRECTION ( 'NONE',  ( -0.000000000000000000, -0.000000000000000000, -1.000000000000000000 ) ) ;
#6101 = DIRECTION ( 'NONE',  ( -0.000000000000000000, -0.000000000000000000, -1.000000000000000000 ) ) ;
#6102 = EDGE_CURVE ( 'NONE', #6432, #2475, #4161, .T. ) ;
#6103 = EDGE_CURVE ( 'NONE', #7041, #989, #6950, .T. ) ;
#6104 = VECTOR ( 'NONE', #4890, 1000.000000000000000 ) ;
#6105 = CARTESIAN_POINT ( 'NONE',  ( 2.788987455988408470, 18.97130995665952824, -5.545851099086067149E-16 ) ) ;
#6106 = VECTOR ( 'NONE', #4821, 1000.000000000000000 ) ;
#6107 = ORIENTED_EDGE ( 'NONE', *, *, #3128, .F. ) ;
#6108 = CONICAL_SURFACE ( 'NONE', #6835, 2.999999999999999112, 0.7853981633974471688 ) ;
#6109 = ADVANCED_FACE ( 'NONE', ( #3543 ), #5031, .T. ) ;
#6110 = DIRECTION ( 'NONE',  ( 0.7071067811865483499, 0.7071067811865465735, 0.000000000000000000 ) ) ;
#6111 = LINE ( 'NONE', #3829, #1730 ) ;
#6112 = CARTESIAN_POINT ( 'NONE',  ( 25.11750068664549929, 5.391643985941802164, 0.000000000000000000 ) ) ;
#6114 = AXIS2_PLACEMENT_3D ( 'NONE', #6653, #2304, #6211 ) ;
#6113 = DIRECTION ( 'NONE',  ( 0.8115632665127211487, 0.000000000000000000, 0.5842645500517742452 ) ) ;
#6115 = CONICAL_SURFACE ( 'NONE', #1249, 2.074258476847182120, 0.7853981633974517207 ) ;
#6116 = EDGE_LOOP ( 'NONE', ( #3822, #148, #4580, #1934 ) ) ;
#6117 = LINE ( 'NONE', #383, #6562 ) ;
#6118 = ORIENTED_EDGE ( 'NONE', *, *, #3143, .T. ) ;
#6119 = CIRCLE ( 'NONE', #5564, 0.5000000000000004441 ) ;
#6120 = VERTEX_POINT ( 'NONE', #265 ) ;
#6121 = CARTESIAN_POINT ( 'NONE',  ( -3.000000000000000000, 22.64160859442493390, 1.136991343025266943 ) ) ;
#6122 = EDGE_CURVE ( 'NONE', #3903, #1025, #2666, .T. ) ;
#6123 = AXIS2_PLACEMENT_3D ( 'NONE', #1726, #229, #5273 ) ;
#6124 = ORIENTED_EDGE ( 'NONE', *, *, #6251, .F. ) ;
#6125 = CARTESIAN_POINT ( 'NONE',  ( -3.000000000000000000, 13.20128041827298659, -2.399999999999983036 ) ) ;
#6126 = CARTESIAN_POINT ( 'NONE',  ( 14.30049912664548728, -7.691166140300482290, -3.000000000000000000 ) ) ;
#6127 = EDGE_LOOP ( 'NONE', ( #5371, #3991, #2082, #2665 ) ) ;
#6128 = LINE ( 'NONE', #684, #4479 ) ;
#6129 = ORIENTED_EDGE ( 'NONE', *, *, #5686, .F. ) ;
#6130 = VERTEX_POINT ( 'NONE', #923 ) ;
#6131 = EDGE_CURVE ( 'NONE', #5041, #6335, #2257, .T. ) ;
#6132 = AXIS2_PLACEMENT_3D ( 'NONE', #5750, #708, #2841 ) ;
#6133 = CARTESIAN_POINT ( 'NONE',  ( -9.000000000000001776, -4.691166140300482290, -3.000000000000000000 ) ) ;
#6134 = CARTESIAN_POINT ( 'NONE',  ( 7.000000000000002665, 30.25128029631820326, -0.6000000000000033085 ) ) ;
#6135 = DIRECTION ( 'NONE',  ( -1.000000000000000000, -0.000000000000000000, -0.000000000000000000 ) ) ;
#6136 = FACE_OUTER_BOUND ( 'NONE', #3069, .T. ) ;
#6137 = DIRECTION ( 'NONE',  ( 0.000000000000000000, -0.000000000000000000, 1.000000000000000000 ) ) ;
#6138 = EDGE_LOOP ( 'NONE', ( #5489, #6438, #2599, #3624 ) ) ;
#6139 = CIRCLE ( 'NONE', #4149, 2.999999999999995559 ) ;
#6140 = VERTEX_POINT ( 'NONE', #6434 ) ;
#6142 = EDGE_CURVE ( 'NONE', #3651, #2843, #1435, .T. ) ;
#6141 = CARTESIAN_POINT ( 'NONE',  ( 3.000000000000000000, 22.95128041827299015, 1.345290647185026334 ) ) ;
#6143 = ADVANCED_FACE ( 'NONE', ( #756 ), #842, .F. ) ;
#6144 = CIRCLE ( 'NONE', #1949, 0.4999999999999995559 ) ;
#6145 = DIRECTION ( 'NONE',  ( -0.000000000000000000, 1.000000000000000000, 0.000000000000000000 ) ) ;
#6146 = DIRECTION ( 'NONE',  ( 0.7071067811865474617, -6.133173666733392028E-15, -0.7071067811865474617 ) ) ;
#6147 = CARTESIAN_POINT ( 'NONE',  ( -3.000000000000000000, 13.20128041827298659, -1.661437827766145015 ) ) ;
#6148 = CYLINDRICAL_SURFACE ( 'NONE', #1321, 2.999999999999999112 ) ;
#6149 = EDGE_LOOP ( 'NONE', ( #372, #3339, #6001, #1031 ) ) ;
#6150 = VERTEX_POINT ( 'NONE', #5348 ) ;
#6151 = CARTESIAN_POINT ( 'NONE',  ( 4.159417801030052431, 40.23290083715785670, -2.169619753160173303 ) ) ;
#6152 = ORIENTED_EDGE ( 'NONE', *, *, #994, .F. ) ;
#6153 = CYLINDRICAL_SURFACE ( 'NONE', #5083, 4.500000000000002665 ) ;
#6154 = EDGE_CURVE ( 'NONE', #3809, #673, #2488, .T. ) ;
#6155 = UNCERTAINTY_MEASURE_WITH_UNIT (LENGTH_MEASURE( 1.000000000000000082E-05 ), #2192, 'distance_accuracy_value', 'NONE');
#6156 = DIRECTION ( 'NONE',  ( -0.000000000000000000, -0.000000000000000000, -1.000000000000000000 ) ) ;
#6157 = ORIENTED_EDGE ( 'NONE', *, *, #6701, .T. ) ;
#6158 = DIRECTION ( 'NONE',  ( 0.000000000000000000, -1.000000000000000000, -1.365091425809202473E-16 ) ) ;
#6159 = CARTESIAN_POINT ( 'NONE',  ( -2.750000000000000000, 22.95128041827299015, 1.345290647185026334 ) ) ;
#6160 = ORIENTED_EDGE ( 'NONE', *, *, #6154, .T. ) ;
#6161 = ADVANCED_FACE ( 'NONE', ( #5469 ), #6590, .T. ) ;
#6162 = ORIENTED_EDGE ( 'NONE', *, *, #1740, .T. ) ;
#6163 = AXIS2_PLACEMENT_3D ( 'NONE', #329, #3647, #3043 ) ;
#6164 = VERTEX_POINT ( 'NONE', #6621 ) ;
#6165 = ORIENTED_EDGE ( 'NONE', *, *, #1098, .F. ) ;
#6166 = DIRECTION ( 'NONE',  ( 0.000000000000000000, 0.000000000000000000, 1.000000000000000000 ) ) ;
#6167 = LINE ( 'NONE', #5643, #5046 ) ;
#6168 = ORIENTED_EDGE ( 'NONE', *, *, #1564, .T. ) ;
#6169 = ORIENTED_EDGE ( 'NONE', *, *, #3059, .F. ) ;
#6170 = CARTESIAN_POINT ( 'NONE',  ( 0.000000000000000000, 40.25128029631820681, 1.670150133734640052 ) ) ;
#6171 = DIRECTION ( 'NONE',  ( -0.000000000000000000, -0.000000000000000000, -1.000000000000000000 ) ) ;
#6172 = ORIENTED_EDGE ( 'NONE', *, *, #3833, .T. ) ;
#6173 = CARTESIAN_POINT ( 'NONE',  ( 0.000000000000000000, 28.75128029631820681, 6.500000000000000000 ) ) ;
#6174 = CARTESIAN_POINT ( 'NONE',  ( 6.588041607281271972, 30.25128029631820326, -2.799826011271991266 ) ) ;
#6175 = CARTESIAN_POINT ( 'NONE',  ( 3.250000000000000000, 13.20128041827298482, -3.000000000000000000 ) ) ;
#6176 = LINE ( 'NONE', #3714, #245 ) ;
#6177 = VERTEX_POINT ( 'NONE', #5438 ) ;
#6178 = EDGE_LOOP ( 'NONE', ( #2689, #5656, #6425, #1972 ) ) ;
#6179 = ADVANCED_FACE ( 'NONE', ( #2133 ), #3217, .F. ) ;
#6180 = DIRECTION ( 'NONE',  ( 0.000000000000000000, 0.000000000000000000, 1.000000000000000000 ) ) ;
#6181 = DIRECTION ( 'NONE',  ( -0.8115632665127211487, 0.000000000000000000, -0.5842645500517742452 ) ) ;
#6182 = LINE ( 'NONE', #872, #1714 ) ;
#6183 = ORIENTED_EDGE ( 'NONE', *, *, #5392, .T. ) ;
#6184 = CARTESIAN_POINT ( 'NONE',  ( 7.000000000000000000, 42.25128029631820681, 6.000000000000001776 ) ) ;
#6185 = EDGE_CURVE ( 'NONE', #4429, #3466, #5121, .T. ) ;
#6186 = CIRCLE ( 'NONE', #6606, 1.000000000000000000 ) ;
#6187 = AXIS2_PLACEMENT_3D ( 'NONE', #7000, #2527, #3148 ) ;
#6188 = DIRECTION ( 'NONE',  ( 0.000000000000000000, 0.7071067811865465735, -0.7071067811865484609 ) ) ;
#6189 = VECTOR ( 'NONE', #6840, 1000.000000000000000 ) ;
#6190 = VECTOR ( 'NONE', #971, 1000.000000000000000 ) ;
#6191 = DIRECTION ( 'NONE',  ( -1.000000000000000000, 0.000000000000000000, 0.000000000000000000 ) ) ;
#6192 = LINE ( 'NONE', #2651, #5853 ) ;
#6193 = AXIS2_PLACEMENT_3D ( 'NONE', #5960, #7145, #7092 ) ;
#6194 = CARTESIAN_POINT ( 'NONE',  ( 4.620218033846064998, 39.76383205848156166, -1.839592552672422832 ) ) ;
#6195 = VECTOR ( 'NONE', #4263, 1000.000000000000000 ) ;
#6196 = CARTESIAN_POINT ( 'NONE',  ( -3.250000000000000000, 12.95128041827298837, -0.9999999999999983347 ) ) ;
#6197 = EDGE_CURVE ( 'NONE', #7046, #4100, #3936, .T. ) ;
#6198 = ORIENTED_EDGE ( 'NONE', *, *, #5374, .F. ) ;
#6199 = LINE ( 'NONE', #2708, #5939 ) ;
#6200 = ORIENTED_EDGE ( 'NONE', *, *, #5921, .T. ) ;
#6201 = CARTESIAN_POINT ( 'NONE',  ( -3.631946009244122475, 28.25128029631820681, 4.999999999999999112 ) ) ;
#6202 = CARTESIAN_POINT ( 'NONE',  ( 1.599999999999999867, 42.25128029631820681, 1.450000000000000844 ) ) ;
#6203 = CARTESIAN_POINT ( 'NONE',  ( -0.5000000000000000000, 23.95128041827299015, -3.000000000000000000 ) ) ;
#6204 = LINE ( 'NONE', #2169, #3228 ) ;
#6205 = PLANE ( 'NONE',  #3923 ) ;
#6206 = AXIS2_PLACEMENT_3D ( 'NONE', #4741, #1333, #1871 ) ;
#6207 = ORIENTED_EDGE ( 'NONE', *, *, #465, .T. ) ;
#6208 = CARTESIAN_POINT ( 'NONE',  ( 5.500000000000002665, 28.75128029631820681, 4.999999999999999112 ) ) ;
#6209 = FACE_OUTER_BOUND ( 'NONE', #6507, .T. ) ;
#6210 = CARTESIAN_POINT ( 'NONE',  ( -4.776447391190726144, 30.25128029631820326, 6.500000000000000000 ) ) ;
#6211 = DIRECTION ( 'NONE',  ( 0.5842645500517748003, 0.000000000000000000, -0.8115632665127204826 ) ) ;
#6212 = EDGE_LOOP ( 'NONE', ( #5562, #2607, #7110, #5977, #774, #2660, #4446, #2682 ) ) ;
#6213 = VECTOR ( 'NONE', #5819, 1000.000000000000000 ) ;
#6214 = ADVANCED_FACE ( 'NONE', ( #5070 ), #171, .F. ) ;
#6215 = EDGE_CURVE ( 'NONE', #3727, #4485, #4117, .T. ) ;
#6216 = VECTOR ( 'NONE', #4051, 1000.000000000000000 ) ;
#6217 = ORIENTED_EDGE ( 'NONE', *, *, #1987, .T. ) ;
#6218 = CARTESIAN_POINT ( 'NONE',  ( -0.04437249225549069753, -1.489057109605489870, -2.399999999999989697 ) ) ;
#6219 = CARTESIAN_POINT ( 'NONE',  ( 9.000000000000001776, -7.691166140300482290, -0.5999999999999963141 ) ) ;
#6220 = CARTESIAN_POINT ( 'NONE',  ( -3.500000000000000000, 13.20128041827299015, 0.000000000000000000 ) ) ;
#6221 = CARTESIAN_POINT ( 'NONE',  ( -16.69627616777151147, 32.69713975227765701, -0.6000000000000033085 ) ) ;
#6222 = VECTOR ( 'NONE', #5547, 1000.000000000000000 ) ;
#6223 = ORIENTED_EDGE ( 'NONE', *, *, #6619, .F. ) ;
#6224 = EDGE_CURVE ( 'NONE', #7150, #5410, #2622, .T. ) ;
#6225 = AXIS2_PLACEMENT_3D ( 'NONE', #6524, #2028, #4905 ) ;
#6226 = DIRECTION ( 'NONE',  ( 1.000000000000000000, -0.000000000000000000, -0.000000000000000000 ) ) ;
#6227 = CARTESIAN_POINT ( 'NONE',  ( 2.402912570958115612, 24.87158794614853008, 1.070961000345663550 ) ) ;
#6228 = VERTEX_POINT ( 'NONE', #6596 ) ;
#6229 = VECTOR ( 'NONE', #212, 1000.000000000000000 ) ;
#6230 = DIRECTION ( 'NONE',  ( -0.000000000000000000, 1.000000000000000000, -0.000000000000000000 ) ) ;
#6231 = SURFACE_STYLE_FILL_AREA ( #3940 ) ;
#6232 = VERTEX_POINT ( 'NONE', #4370 ) ;
#6233 = ORIENTED_EDGE ( 'NONE', *, *, #6648, .T. ) ;
#6234 = ORIENTED_EDGE ( 'NONE', *, *, #3569, .T. ) ;
#6235 = DIRECTION ( 'NONE',  ( 0.000000000000000000, 0.000000000000000000, 1.000000000000000000 ) ) ;
#6236 = DIRECTION ( 'NONE',  ( 0.5000000000000006661, -0.4999999999999986122, -0.7071067811865480168 ) ) ;
#6237 = AXIS2_PLACEMENT_3D ( 'NONE', #5316, #4166, #1882 ) ;
#6238 = LINE ( 'NONE', #1447, #3265 ) ;
#6240 = EDGE_CURVE ( 'NONE', #4814, #3009, #6111, .T. ) ;
#6239 = DIRECTION ( 'NONE',  ( -0.000000000000000000, 0.000000000000000000, -1.000000000000000000 ) ) ;
#6241 = ORIENTED_EDGE ( 'NONE', *, *, #6422, .T. ) ;
#6242 = EDGE_CURVE ( 'NONE', #753, #1247, #6192, .T. ) ;
#6243 = ORIENTED_EDGE ( 'NONE', *, *, #5374, .T. ) ;
#6244 = CARTESIAN_POINT ( 'NONE',  ( 4.790898135070647434, 30.25128029631820326, 6.500000000000000000 ) ) ;
#6245 = CARTESIAN_POINT ( 'NONE',  ( -4.620218033846062333, 40.25128029631820681, -1.839592552672425718 ) ) ;
#6246 = DIRECTION ( 'NONE',  ( 0.000000000000000000, 0.000000000000000000, 1.000000000000000000 ) ) ;
#6247 =( BOUNDED_CURVE ( )  B_SPLINE_CURVE ( 3, ( #3295, #2241, #1651, #2752 ),
 .UNSPECIFIED., .F., .F. ) 
 B_SPLINE_CURVE_WITH_KNOTS ( ( 4, 4 ),
 ( 4.712388980384689674, 5.819537698178772089 ),
 .UNSPECIFIED. ) 
 CURVE ( )  GEOMETRIC_REPRESENTATION_ITEM ( )  RATIONAL_B_SPLINE_CURVE ( ( 1.000000000000000000, 0.9004338722346947321, 0.9004338722346947321, 1.000000000000000000 ) ) 
 REPRESENTATION_ITEM ( '' )  );
#6248 = DIRECTION ( 'NONE',  ( -1.000000000000000000, 0.000000000000000000, 0.000000000000000000 ) ) ;
#6249 = VERTEX_POINT ( 'NONE', #438 ) ;
#6250 = VERTEX_POINT ( 'NONE', #5458 ) ;
#6251 = EDGE_CURVE ( 'NONE', #2799, #5705, #5263, .T. ) ;
#6252 = ADVANCED_FACE ( 'NONE', ( #1645 ), #6900, .F. ) ;
#6253 = DIRECTION ( 'NONE',  ( 0.000000000000000000, 0.000000000000000000, 1.000000000000000000 ) ) ;
#6254 = DIRECTION ( 'NONE',  ( 0.000000000000000000, 0.000000000000000000, 1.000000000000000000 ) ) ;
#6255 = DIRECTION ( 'NONE',  ( -0.000000000000000000, 1.000000000000000000, 1.365091425809202473E-16 ) ) ;
#6256 = ORIENTED_EDGE ( 'NONE', *, *, #5063, .F. ) ;
#6257 = DIRECTION ( 'NONE',  ( 0.000000000000000000, 1.000000000000000000, -0.000000000000000000 ) ) ;
#6258 = DIRECTION ( 'NONE',  ( 0.000000000000000000, 0.000000000000000000, 1.000000000000000000 ) ) ;
#6259 = ORIENTED_EDGE ( 'NONE', *, *, #6103, .T. ) ;
#6260 = PLANE ( 'NONE',  #3667 ) ;
#6261 = VECTOR ( 'NONE', #3104, 1000.000000000000000 ) ;
#6262 = ORIENTED_EDGE ( 'NONE', *, *, #694, .F. ) ;
#6263 = ORIENTED_EDGE ( 'NONE', *, *, #584, .T. ) ;
#6264 = CARTESIAN_POINT ( 'NONE',  ( 5.399999999999998579, 5.391643985941801276, -3.000000000000000000 ) ) ;
#6265 = CARTESIAN_POINT ( 'NONE',  ( -3.603456034538717045E-13, 40.25128029631820681, 5.045293363029683675 ) ) ;
#6266 = ORIENTED_EDGE ( 'NONE', *, *, #6540, .T. ) ;
#6267 = FACE_BOUND ( 'NONE', #4968, .T. ) ;
#6268 = VERTEX_POINT ( 'NONE', #6033 ) ;
#6269 = DIRECTION ( 'NONE',  ( 1.000000000000000000, 0.000000000000000000, 0.000000000000000000 ) ) ;
#6270 = DIRECTION ( 'NONE',  ( -1.000000000000000000, 0.000000000000000000, 0.000000000000000000 ) ) ;
#6271 = FACE_OUTER_BOUND ( 'NONE', #645, .T. ) ;
#6272 = DIRECTION ( 'NONE',  ( -0.000000000000000000, -0.000000000000000000, -1.000000000000000000 ) ) ;
#6273 = EDGE_CURVE ( 'NONE', #7158, #656, #1305, .T. ) ;
#6274 = ORIENTED_EDGE ( 'NONE', *, *, #5136, .T. ) ;
#6275 = VECTOR ( 'NONE', #2472, 1000.000000000000000 ) ;
#6276 = AXIS2_PLACEMENT_3D ( 'NONE', #13, #3927, #54 ) ;
#6277 = FACE_OUTER_BOUND ( 'NONE', #3983, .T. ) ;
#6278 = ORIENTED_EDGE ( 'NONE', *, *, #958, .T. ) ;
#6279 = CARTESIAN_POINT ( 'NONE',  ( 2.914224785597596235, 24.26578324975645984, 1.157504528401599231 ) ) ;
#6280 = CARTESIAN_POINT ( 'NONE',  ( 2.750000000000000444, 20.95128041827298659, -2.168404344971008868E-16 ) ) ;
#6281 = LINE ( 'NONE', #4444, #534 ) ;
#6282 = CARTESIAN_POINT ( 'NONE',  ( 1.599999999999999423, 41.75128029631820681, 3.050000000000000711 ) ) ;
#6283 = LINE ( 'NONE', #4927, #6725 ) ;
#6284 = VERTEX_POINT ( 'NONE', #2694 ) ;
#6285 = AXIS2_PLACEMENT_3D ( 'NONE', #6904, #4617, #1252 ) ;
#6286 = DIRECTION ( 'NONE',  ( -1.000000000000000000, 0.000000000000000000, 0.000000000000000000 ) ) ;
#6287 = EDGE_CURVE ( 'NONE', #4625, #3598, #5937, .T. ) ;
#6288 = VECTOR ( 'NONE', #6738, 1000.000000000000000 ) ;
#6289 = PLANE ( 'NONE',  #4257 ) ;
#6290 = VECTOR ( 'NONE', #1697, 1000.000000000000000 ) ;
#6291 = ADVANCED_FACE ( 'NONE', ( #4385 ), #3683, .F. ) ;
#6292 = AXIS2_PLACEMENT_3D ( 'NONE', #1084, #1108, #16 ) ;
#6293 = DIRECTION ( 'NONE',  ( 0.7071067811865454633, 0.000000000000000000, -0.7071067811865495711 ) ) ;
#6294 = DIRECTION ( 'NONE',  ( 0.000000000000000000, 0.7071067811865454633, -0.7071067811865495711 ) ) ;
#6295 = EDGE_CURVE ( 'NONE', #3727, #1167, #1558, .T. ) ;
#6296 = FACE_OUTER_BOUND ( 'NONE', #353, .T. ) ;
#6297 = VERTEX_POINT ( 'NONE', #4955 ) ;
#6298 = CARTESIAN_POINT ( 'NONE',  ( 6.000000000000000000, 9.280717547841103254, -2.399999999999990585 ) ) ;
#6299 = VECTOR ( 'NONE', #336, 1000.000000000000000 ) ;
#6300 =( NAMED_UNIT ( * ) PLANE_ANGLE_UNIT ( ) SI_UNIT ( $, .RADIAN. ) );
#6301 = ADVANCED_FACE ( 'NONE', ( #4816 ), #1510, .T. ) ;
#6302 = CARTESIAN_POINT ( 'NONE',  ( -4.336808689942017736E-16, 23.45128041827299015, -3.000000000000000000 ) ) ;
#6303 = EDGE_LOOP ( 'NONE', ( #5447, #5843, #5521, #6844 ) ) ;
#6304 = DIRECTION ( 'NONE',  ( 0.000000000000000000, -1.000000000000000000, -0.000000000000000000 ) ) ;
#6305 = ORIENTED_EDGE ( 'NONE', *, *, #6215, .F. ) ;
#6306 = DIRECTION ( 'NONE',  ( -1.000000000000000000, 0.000000000000000000, 0.000000000000000000 ) ) ;
#6307 = CARTESIAN_POINT ( 'NONE',  ( 22.71750068664550781, -12.71147595840166034, -0.6000000000000033085 ) ) ;
#6308 = CIRCLE ( 'NONE', #1259, 0.4999999999999997780 ) ;
#6310 = AXIS2_PLACEMENT_3D ( 'NONE', #1932, #337, #2544 ) ;
#6309 = CARTESIAN_POINT ( 'NONE',  ( 6.345232019367652576, 39.75128029631820681, -0.6547679806323416507 ) ) ;
#6311 = ORIENTED_EDGE ( 'NONE', *, *, #1679, .T. ) ;
#6312 = DIRECTION ( 'NONE',  ( -1.000000000000000000, 0.000000000000000000, 0.000000000000000000 ) ) ;
#6313 = DIRECTION ( 'NONE',  ( 1.000000000000000000, 0.000000000000000000, 0.000000000000000000 ) ) ;
#6314 = LINE ( 'NONE', #3336, #473 ) ;
#6315 = DIRECTION ( 'NONE',  ( -1.000000000000000000, 0.000000000000000000, 0.000000000000000000 ) ) ;
#6316 = VERTEX_POINT ( 'NONE', #7209 ) ;
#6317 = EDGE_CURVE ( 'NONE', #3610, #2305, #4990, .T. ) ;
#6318 = AXIS2_PLACEMENT_3D ( 'NONE', #5683, #2335, #4570 ) ;
#6319 = DIRECTION ( 'NONE',  ( -1.000000000000000000, 0.000000000000000000, -0.000000000000000000 ) ) ;
#6320 = DIRECTION ( 'NONE',  ( -0.000000000000000000, -0.000000000000000000, -1.000000000000000000 ) ) ;
#6321 = VECTOR ( 'NONE', #2465, 1000.000000000000000 ) ;
#6322 = VERTEX_POINT ( 'NONE', #3361 ) ;
#6323 = DIRECTION ( 'NONE',  ( 0.000000000000000000, 1.000000000000000000, -3.061276722311956186E-15 ) ) ;
#6324 = ORIENTED_EDGE ( 'NONE', *, *, #408, .F. ) ;
#6325 = DIRECTION ( 'NONE',  ( -0.000000000000000000, -0.000000000000000000, -1.000000000000000000 ) ) ;
#6326 = EDGE_CURVE ( 'NONE', #4465, #126, #6247, .T. ) ;
#6327 = EDGE_CURVE ( 'NONE', #6228, #4100, #5412, .T. ) ;
#6328 = LINE ( 'NONE', #6385, #2574 ) ;
#6329 = ORIENTED_EDGE ( 'NONE', *, *, #1218, .T. ) ;
#6330 = CARTESIAN_POINT ( 'NONE',  ( -5.652034699307244558, 30.25128029631820326, 4.448075400297424764 ) ) ;
#6331 = VERTEX_POINT ( 'NONE', #535 ) ;
#6332 = DIRECTION ( 'NONE',  ( -0.000000000000000000, 1.000000000000000000, -0.000000000000000000 ) ) ;
#6333 = ADVANCED_FACE ( 'NONE', ( #7076 ), #3130, .F. ) ;
#6334 = CARTESIAN_POINT ( 'NONE',  ( 1.843640165982670887, 25.85028093940960403, 0.7071691094695390367 ) ) ;
#6335 = VERTEX_POINT ( 'NONE', #6668 ) ;
#6336 = CARTESIAN_POINT ( 'NONE',  ( -7.000000000000000000, 41.75128029631820681, 5.000000000000000888 ) ) ;
#6337 = ORIENTED_EDGE ( 'NONE', *, *, #5191, .F. ) ;
#6338 = ADVANCED_FACE ( 'NONE', ( #6022 ), #4638, .F. ) ;
#6339 = DIRECTION ( 'NONE',  ( -0.000000000000000000, 1.000000000000000000, -0.000000000000000000 ) ) ;
#6340 = ORIENTED_EDGE ( 'NONE', *, *, #621, .F. ) ;
#6341 = DIRECTION ( 'NONE',  ( -1.000000000000000000, 0.000000000000000000, 0.000000000000000000 ) ) ;
#6342 = AXIS2_PLACEMENT_3D ( 'NONE', #1144, #4499, #5065 ) ;
#6343 = EDGE_CURVE ( 'NONE', #1806, #2941, #6549, .T. ) ;
#6344 = ORIENTED_EDGE ( 'NONE', *, *, #3534, .T. ) ;
#6345 = DIRECTION ( 'NONE',  ( 0.5842645500517748003, 0.000000000000000000, -0.8115632665127204826 ) ) ;
#6346 = ORIENTED_EDGE ( 'NONE', *, *, #2039, .T. ) ;
#6347 = CARTESIAN_POINT ( 'NONE',  ( -6.207106781186546129, 42.25128029631820681, -0.08578643762690113528 ) ) ;
#6348 = CIRCLE ( 'NONE', #1912, 1.499999999999999556 ) ;
#6349 = VERTEX_POINT ( 'NONE', #5553 ) ;
#6350 = CARTESIAN_POINT ( 'NONE',  ( -7.000000000000000000, 41.75128029631820681, 0.6213203435596476032 ) ) ;
#6351 = EDGE_LOOP ( 'NONE', ( #60, #287, #1574, #5154 ) ) ;
#6352 = VERTEX_POINT ( 'NONE', #2195 ) ;
#6353 = DIRECTION ( 'NONE',  ( 1.000000000000000000, 0.000000000000000000, 0.000000000000000000 ) ) ;
#6354 = CARTESIAN_POINT ( 'NONE',  ( -10.56851974637498692, -15.52890760847668794, -2.799955485851576942 ) ) ;
#6355 = DIRECTION ( 'NONE',  ( -1.000000000000000000, 0.000000000000000000, 0.000000000000000000 ) ) ;
#6356 = CARTESIAN_POINT ( 'NONE',  ( 6.000000000000000000, 9.280717547841103254, -3.000000000000000000 ) ) ;
#6357 = VECTOR ( 'NONE', #6510, 1000.000000000000000 ) ;
#6358 = ORIENTED_EDGE ( 'NONE', *, *, #7047, .F. ) ;
#6359 = CARTESIAN_POINT ( 'NONE',  ( 3.250000000000000888, 12.95128041827298837, -0.9999999999999983347 ) ) ;
#6360 = ORIENTED_EDGE ( 'NONE', *, *, #3853, .T. ) ;
#6361 = CARTESIAN_POINT ( 'NONE',  ( 7.000000000000000000, 41.75128029631820681, -2.499999999999998668 ) ) ;
#6362 = ORIENTED_EDGE ( 'NONE', *, *, #1921, .T. ) ;
#6363 = ORIENTED_EDGE ( 'NONE', *, *, #6343, .F. ) ;
#6364 = EDGE_CURVE ( 'NONE', #5487, #2247, #6465, .T. ) ;
#6365 = AXIS2_PLACEMENT_3D ( 'NONE', #5906, #3702, #6429 ) ;
#6366 = VECTOR ( 'NONE', #4037, 1000.000000000000114 ) ;
#6367 = EDGE_LOOP ( 'NONE', ( #1107, #1293, #2397, #5999 ) ) ;
#6368 = CARTESIAN_POINT ( 'NONE',  ( -14.30049912664548728, 3.980218421195628409, -2.400000000000003908 ) ) ;
#6369 = FACE_OUTER_BOUND ( 'NONE', #3429, .T. ) ;
#6370 = ADVANCED_FACE ( 'NONE', ( #4910 ), #2006, .F. ) ;
#6371 = LINE ( 'NONE', #6280, #7235 ) ;
#6372 = CARTESIAN_POINT ( 'NONE',  ( 17.90049912664548160, 3.980218421195628409, 0.000000000000000000 ) ) ;
#6373 = VECTOR ( 'NONE', #650, 1000.000000000000000 ) ;
#6374 = ORIENTED_EDGE ( 'NONE', *, *, #6441, .T. ) ;
#6375 = CARTESIAN_POINT ( 'NONE',  ( -0.004513183761349496073, 28.75128029631821036, 4.545290647185012745 ) ) ;
#6376 = EDGE_CURVE ( 'NONE', #1076, #6316, #709, .T. ) ;
#6377 = VECTOR ( 'NONE', #5736, 1000.000000000000000 ) ;
#6378 = DIRECTION ( 'NONE',  ( -1.000000000000000000, 0.000000000000000000, 0.000000000000000000 ) ) ;
#6379 = CYLINDRICAL_SURFACE ( 'NONE', #6365, 3.000000000000000000 ) ;
#6380 = CARTESIAN_POINT ( 'NONE',  ( 3.622919641721424000, 28.75128029631820681, 6.500000000000000000 ) ) ;
#6381 = CARTESIAN_POINT ( 'NONE',  ( 11.12132034355964016, 11.40203789140074697, -3.000000000000000000 ) ) ;
#6382 = DIRECTION ( 'NONE',  ( -8.778919873302141475E-16, 0.7071067811865444641, 0.7071067811865505703 ) ) ;
#6383 = CARTESIAN_POINT ( 'NONE',  ( -2.999999999999999556, 20.79733094897435564, -0.1035533905932739251 ) ) ;
#6384 = DIRECTION ( 'NONE',  ( -1.000000000000000000, 0.000000000000000000, 0.000000000000000000 ) ) ;
#6385 = CARTESIAN_POINT ( 'NONE',  ( -1.600000000000000311, 41.75128029631820681, 3.050000000000000711 ) ) ;
#6386 = DIRECTION ( 'NONE',  ( -0.7071067811865479058, -0.000000000000000000, -0.7071067811865472397 ) ) ;
#6387 = AXIS2_PLACEMENT_3D ( 'NONE', #4237, #892, #4286 ) ;
#6388 = FACE_OUTER_BOUND ( 'NONE', #5113, .T. ) ;
#6389 = ORIENTED_EDGE ( 'NONE', *, *, #2233, .T. ) ;
#6390 = DIRECTION ( 'NONE',  ( 0.7071067811865485719, 0.7071067811865465735, 0.000000000000000000 ) ) ;
#6391 = EDGE_CURVE ( 'NONE', #4695, #6860, #1130, .T. ) ;
#6392 = EDGE_CURVE ( 'NONE', #126, #6552, #6925, .T. ) ;
#6393 = CIRCLE ( 'NONE', #3863, 1.500000000000000000 ) ;
#6394 = PLANE ( 'NONE',  #3601 ) ;
#6395 = CARTESIAN_POINT ( 'NONE',  ( -5.500000000000002665, 28.75128029631820681, 5.999999999999998224 ) ) ;
#6396 = ORIENTED_EDGE ( 'NONE', *, *, #4087, .T. ) ;
#6397 = VECTOR ( 'NONE', #6016, 999.9999999999998863 ) ;
#6398 = STYLED_ITEM ( 'NONE', ( #3377 ), #4116 ) ;
#6399 = VERTEX_POINT ( 'NONE', #78 ) ;
#6400 = DIRECTION ( 'NONE',  ( 0.000000000000000000, -0.7071067811865475727, -0.7071067811865475727 ) ) ;
#6401 = EDGE_CURVE ( 'NONE', #6316, #5029, #273, .T. ) ;
#6402 = ORIENTED_EDGE ( 'NONE', *, *, #3240, .T. ) ;
#6403 = VECTOR ( 'NONE', #1014, 1000.000000000000000 ) ;
#6404 = DIRECTION ( 'NONE',  ( 0.000000000000000000, 0.000000000000000000, -1.000000000000000000 ) ) ;
#6405 = CYLINDRICAL_SURFACE ( 'NONE', #1380, 0.5000000000000000000 ) ;
#6406 = CARTESIAN_POINT ( 'NONE',  ( 9.000000000000001776, -4.691166140300482290, 0.000000000000000000 ) ) ;
#6407 = DIRECTION ( 'NONE',  ( -0.000000000000000000, -0.000000000000000000, 1.000000000000000000 ) ) ;
#6408 = CARTESIAN_POINT ( 'NONE',  ( -9.200944287194111837, 25.20180787170023606, 0.000000000000000000 ) ) ;
#6409 = ORIENTED_EDGE ( 'NONE', *, *, #3270, .T. ) ;
#6411 = AXIS2_PLACEMENT_3D ( 'NONE', #5251, #6272, #4135 ) ;
#6410 = DIRECTION ( 'NONE',  ( 0.000000000000000000, 0.000000000000000000, 1.000000000000000000 ) ) ;
#6412 = FACE_OUTER_BOUND ( 'NONE', #2499, .T. ) ;
#6413 = ORIENTED_EDGE ( 'NONE', *, *, #1416, .T. ) ;
#6414 = DIRECTION ( 'NONE',  ( 0.000000000000000000, -0.9899494936611666907, 0.1414213562373094202 ) ) ;
#6415 = ORIENTED_EDGE ( 'NONE', *, *, #4558, .T. ) ;
#6416 = ADVANCED_FACE ( 'NONE', ( #2783 ), #2261, .F. ) ;
#6417 = DIRECTION ( 'NONE',  ( -0.000000000000000000, -0.000000000000000000, -1.000000000000000000 ) ) ;
#6418 = FACE_OUTER_BOUND ( 'NONE', #2095, .T. ) ;
#6419 = ORIENTED_EDGE ( 'NONE', *, *, #2367, .T. ) ;
#6420 = CARTESIAN_POINT ( 'NONE',  ( -7.000000000000002665, 29.24187817336263606, -0.3165125730943574855 ) ) ;
#6421 = EDGE_LOOP ( 'NONE', ( #5869, #5473, #6691, #2148 ) ) ;
#6422 = EDGE_CURVE ( 'NONE', #3466, #2429, #3495, .T. ) ;
#6423 = AXIS2_PLACEMENT_3D ( 'NONE', #6361, #6312, #6898 ) ;
#6424 = FACE_OUTER_BOUND ( 'NONE', #813, .T. ) ;
#6425 = ORIENTED_EDGE ( 'NONE', *, *, #114, .F. ) ;
#6426 = DIRECTION ( 'NONE',  ( -0.000000000000000000, -0.000000000000000000, 1.000000000000000000 ) ) ;
#6427 = EDGE_LOOP ( 'NONE', ( #2432, #7028, #65, #3953 ) ) ;
#6428 = EDGE_CURVE ( 'NONE', #2941, #1663, #3588, .T. ) ;
#6429 = DIRECTION ( 'NONE',  ( -1.000000000000000000, 0.000000000000000000, 0.000000000000000000 ) ) ;
#6430 = CARTESIAN_POINT ( 'NONE',  ( -3.000000000000000000, 20.57961352157209234, -0.2500000000000000000 ) ) ;
#6431 = CARTESIAN_POINT ( 'NONE',  ( 0.000000000000000000, 35.25128029631821391, -3.000000000000000000 ) ) ;
#6432 = VERTEX_POINT ( 'NONE', #4976 ) ;
#6433 = CARTESIAN_POINT ( 'NONE',  ( 0.000000000000000000, 35.25128029631821391, -2.800000000000009148 ) ) ;
#6434 = CARTESIAN_POINT ( 'NONE',  ( 17.90049912664548870, 3.980218421195628409, -3.000000000000000000 ) ) ;
#6435 = ORIENTED_EDGE ( 'NONE', *, *, #4006, .T. ) ;
#6436 = EDGE_LOOP ( 'NONE', ( #440, #5304, #6762, #4792, #4208 ) ) ;
#6437 = B_SPLINE_CURVE_WITH_KNOTS ( 'NONE', 3,
 ( #4768, #889, #4744, #5357 ),
 .UNSPECIFIED., .F., .F.,
 ( 4, 4 ),
 ( 0.000000000000000000, 0.0008486923062438465372 ),
 .UNSPECIFIED. ) ;
#6438 = ORIENTED_EDGE ( 'NONE', *, *, #2030, .F. ) ;
#6439 = CARTESIAN_POINT ( 'NONE',  ( -1.600000000000000311, 29.25128029631821036, 1.950000000000000844 ) ) ;
#6440 = ORIENTED_EDGE ( 'NONE', *, *, #3811, .F. ) ;
#6441 = EDGE_CURVE ( 'NONE', #1996, #3352, #3396, .T. ) ;
#6442 = ADVANCED_FACE ( 'NONE', ( #451 ), #5426, .T. ) ;
#6443 = VECTOR ( 'NONE', #2719, 1000.000000000000000 ) ;
#6444 = ORIENTED_EDGE ( 'NONE', *, *, #5778, .F. ) ;
#6445 = ORIENTED_EDGE ( 'NONE', *, *, #5312, .F. ) ;
#6446 = FACE_OUTER_BOUND ( 'NONE', #1965, .T. ) ;
#6447 = ORIENTED_EDGE ( 'NONE', *, *, #3, .T. ) ;
#6448 = ADVANCED_FACE ( 'NONE', ( #2959 ), #4726, .T. ) ;
#6449 = AXIS2_PLACEMENT_3D ( 'NONE', #4292, #1462, #3117 ) ;
#6450 = LINE ( 'NONE', #6029, #2864 ) ;
#6451 = CARTESIAN_POINT ( 'NONE',  ( 21.92549912664548728, -1.528473728810500365, -3.000000000000000000 ) ) ;
#6452 = LINE ( 'NONE', #728, #6189 ) ;
#6453 = CARTESIAN_POINT ( 'NONE',  ( -3.250000000000000000, 13.20128041827298659, -2.399999999999983924 ) ) ;
#6454 = VECTOR ( 'NONE', #1734, 1000.000000000000114 ) ;
#6455 = ORIENTED_EDGE ( 'NONE', *, *, #3902, .T. ) ;
#6456 = CARTESIAN_POINT ( 'NONE',  ( -2.000000000000000000, 30.75128029631820326, 1.818884925064438551 ) ) ;
#6457 = EDGE_CURVE ( 'NONE', #96, #5081, #3772, .T. ) ;
#6458 = CYLINDRICAL_SURFACE ( 'NONE', #2268, 3.000000000000002665 ) ;
#6459 = AXIS2_PLACEMENT_3D ( 'NONE', #1395, #7034, #5907 ) ;
#6460 = CARTESIAN_POINT ( 'NONE',  ( 15.71750068664550604, -8.291166140300475718, 0.000000000000000000 ) ) ;
#6461 = FACE_OUTER_BOUND ( 'NONE', #2275, .T. ) ;
#6462 = ORIENTED_EDGE ( 'NONE', *, *, #5507, .T. ) ;
#6463 = CARTESIAN_POINT ( 'NONE',  ( -1.600000000000000311, 29.25128029631821036, 3.050000000000000711 ) ) ;
#6464 = ORIENTED_EDGE ( 'NONE', *, *, #2633, .F. ) ;
#6465 = CIRCLE ( 'NONE', #5370, 1.000000000000000000 ) ;
#6466 = VECTOR ( 'NONE', #2878, 1000.000000000000000 ) ;
#6467 = EDGE_LOOP ( 'NONE', ( #4764, #544, #1774, #5541 ) ) ;
#6468 = EDGE_CURVE ( 'NONE', #3946, #1498, #2654, .T. ) ;
#6469 = AXIS2_PLACEMENT_3D ( 'NONE', #2264, #4571, #1214 ) ;
#6470 = VECTOR ( 'NONE', #4341, 1000.000000000000114 ) ;
#6471 = CARTESIAN_POINT ( 'NONE',  ( -3.250000000000000444, 13.20128041827299015, 0.000000000000000000 ) ) ;
#6472 = ORIENTED_EDGE ( 'NONE', *, *, #3941, .T. ) ;
#6473 = CARTESIAN_POINT ( 'NONE',  ( 7.000000000000000000, 42.25128029631820681, 3.469446951953614189E-15 ) ) ;
#6474 =( BOUNDED_CURVE ( )  B_SPLINE_CURVE ( 3, ( #873, #3025, #2543, #4200 ),
 .UNSPECIFIED., .F., .T. ) 
 B_SPLINE_CURVE_WITH_KNOTS ( ( 4, 4 ),
 ( 4.712388980384689674, 6.283185307179586232 ),
 .UNSPECIFIED. ) 
 CURVE ( )  GEOMETRIC_REPRESENTATION_ITEM ( )  RATIONAL_B_SPLINE_CURVE ( ( 1.000000000000000000, 0.8047378541243649375, 0.8047378541243649375, 1.000000000000000000 ) ) 
 REPRESENTATION_ITEM ( '' )  );
#6475 = CARTESIAN_POINT ( 'NONE',  ( 3.622919641721424000, 30.25128029631820326, 4.999999999999999112 ) ) ;
#6476 = LINE ( 'NONE', #6883, #6729 ) ;
#6477 = ORIENTED_EDGE ( 'NONE', *, *, #3709, .T. ) ;
#6478 = CARTESIAN_POINT ( 'NONE',  ( 11.12132034355964016, 11.40203789140074697, -2.399999999999990585 ) ) ;
#6479 = DIRECTION ( 'NONE',  ( -0.7071067811865431318, 0.000000000000000000, -0.7071067811865520136 ) ) ;
#6480 = APPLICATION_PROTOCOL_DEFINITION ( 'draft international standard', 'automotive_design', 1998, #898 ) ;
#6481 = LINE ( 'NONE', #2781, #4128 ) ;
#6482 = AXIS2_PLACEMENT_3D ( 'NONE', #6453, #3097, #829 ) ;
#6483 = DIRECTION ( 'NONE',  ( -0.000000000000000000, 1.000000000000000000, 0.000000000000000000 ) ) ;
#6484 = EDGE_CURVE ( 'NONE', #2247, #3334, #3314, .T. ) ;
#6485 = EDGE_CURVE ( 'NONE', #602, #2853, #967, .T. ) ;
#6486 = LINE ( 'NONE', #3630, #1935 ) ;
#6487 = ADVANCED_FACE ( 'NONE', ( #2091 ), #618, .T. ) ;
#6488 = CARTESIAN_POINT ( 'NONE',  ( -7.000000000000002665, 28.75128029631963855, -0.1315914118779806796 ) ) ;
#6489 = CIRCLE ( 'NONE', #6887, 3.749999999999988454 ) ;
#6490 = CARTESIAN_POINT ( 'NONE',  ( -16.42181947020512567, 6.101538764755273014, -3.000000000000000000 ) ) ;
#6491 = EDGE_LOOP ( 'NONE', ( #4575, #341, #5255, #4612, #247 ) ) ;
#6492 = CARTESIAN_POINT ( 'NONE',  ( -9.000000000000001776, 9.280717547841103254, -0.5999999999999894307 ) ) ;
#6493 = LINE ( 'NONE', #1068, #6222 ) ;
#6494 = AXIS2_PLACEMENT_3D ( 'NONE', #6490, #3125, #7043 ) ;
#6495 = ORIENTED_EDGE ( 'NONE', *, *, #1096, .T. ) ;
#6496 = LINE ( 'NONE', #3173, #1601 ) ;
#6497 = LINE ( 'NONE', #6715, #1338 ) ;
#6498 = DIRECTION ( 'NONE',  ( 0.000000000000000000, 0.7071067811865515695, 0.7071067811865434649 ) ) ;
#6499 = ORIENTED_EDGE ( 'NONE', *, *, #5283, .F. ) ;
#6500 = PLANE ( 'NONE',  #7210 ) ;
#6501 = CARTESIAN_POINT ( 'NONE',  ( 25.71750068664550781, -12.71147595840163724, -0.6000000000000033085 ) ) ;
#6502 = CARTESIAN_POINT ( 'NONE',  ( -1.843640165982800116, 25.85028093940947258, 0.7071691094695611302 ) ) ;
#6503 = EDGE_CURVE ( 'NONE', #2146, #989, #612, .T. ) ;
#6504 = ORIENTED_EDGE ( 'NONE', *, *, #6503, .T. ) ;
#6505 = AXIS2_PLACEMENT_3D ( 'NONE', #1674, #1166, #4015 ) ;
#6506 = VECTOR ( 'NONE', #2825, 1000.000000000000114 ) ;
#6507 = EDGE_LOOP ( 'NONE', ( #5826, #4274, #2139, #3830 ) ) ;
#6508 = ORIENTED_EDGE ( 'NONE', *, *, #3424, .T. ) ;
#6509 = ORIENTED_EDGE ( 'NONE', *, *, #4476, .F. ) ;
#6510 = DIRECTION ( 'NONE',  ( 1.000000000000000000, 0.000000000000000000, 0.000000000000000000 ) ) ;
#6511 = CIRCLE ( 'NONE', #3965, 17.99969003592087091 ) ;
#6512 = PLANE ( 'NONE',  #4389 ) ;
#6513 = EDGE_CURVE ( 'NONE', #4858, #862, #1916, .T. ) ;
#6514 = AXIS2_PLACEMENT_3D ( 'NONE', #1262, #5657, #6776 ) ;
#6515 = VERTEX_POINT ( 'NONE', #2288 ) ;
#6516 = ORIENTED_EDGE ( 'NONE', *, *, #1429, .F. ) ;
#6517 = CARTESIAN_POINT ( 'NONE',  ( -3.000000000000000000, 14.71521244077319501, -1.000000000000000000 ) ) ;
#6518 = ORIENTED_EDGE ( 'NONE', *, *, #2966, .T. ) ;
#6519 = ADVANCED_FACE ( 'NONE', ( #790 ), #4809, .F. ) ;
#6520 = ORIENTED_EDGE ( 'NONE', *, *, #47, .T. ) ;
#6521 = AXIS2_PLACEMENT_3D ( 'NONE', #6517, #2021, #1971 ) ;
#6522 = CARTESIAN_POINT ( 'NONE',  ( -7.000000000000000000, 40.25128029631820681, 0.6213203435596476032 ) ) ;
#6523 = CARTESIAN_POINT ( 'NONE',  ( -16.42181947020512567, 6.101538764755273014, -0.5999999999999894307 ) ) ;
#6524 = CARTESIAN_POINT ( 'NONE',  ( -3.631946009244122475, -19.48869245233285241, 4.999999999999999112 ) ) ;
#6525 = DIRECTION ( 'NONE',  ( 1.000000000000000000, 1.241526754781063561E-15, 0.000000000000000000 ) ) ;
#6526 = EDGE_CURVE ( 'NONE', #1914, #1901, #6722, .T. ) ;
#6527 = CARTESIAN_POINT ( 'NONE',  ( -0.7782755299634125379, 26.37439457521912090, 0.8562743390498187557 ) ) ;
#6528 = VECTOR ( 'NONE', #605, 1000.000000000000000 ) ;
#6529 = VERTEX_POINT ( 'NONE', #1852 ) ;
#6530 = ORIENTED_EDGE ( 'NONE', *, *, #2813, .T. ) ;
#6531 = VERTEX_POINT ( 'NONE', #3971 ) ;
#6532 = B_SPLINE_CURVE_WITH_KNOTS ( 'NONE', 3,
 ( #3435, #2821, #6759, #5635 ),
 .UNSPECIFIED., .F., .F.,
 ( 4, 4 ),
 ( 0.000000000000000000, 0.0005638833903728285128 ),
 .UNSPECIFIED. ) ;
#6533 = CONICAL_SURFACE ( 'NONE', #4119, 9.999999999999998224, 0.7853981633974439491 ) ;
#6534 = EDGE_LOOP ( 'NONE', ( #3627, #3020, #499, #2066 ) ) ;
#6535 = DIRECTION ( 'NONE',  ( 0.7071067811865491270, -0.000000000000000000, 0.7071067811865459074 ) ) ;
#6536 = AXIS2_PLACEMENT_3D ( 'NONE', #4847, #4799, #2078 ) ;
#6537 = ORIENTED_EDGE ( 'NONE', *, *, #2112, .F. ) ;
#6538 = PLANE ( 'NONE',  #3791 ) ;
#6540 = EDGE_CURVE ( 'NONE', #3030, #1993, #702, .T. ) ;
#6539 = DIRECTION ( 'NONE',  ( -1.858632295689435856E-16, 1.000000000000000000, 0.000000000000000000 ) ) ;
#6541 = VERTEX_POINT ( 'NONE', #5223 ) ;
#6542 = LINE ( 'NONE', #2976, #2081 ) ;
#6543 = ORIENTED_EDGE ( 'NONE', *, *, #5631, .F. ) ;
#6544 = FACE_OUTER_BOUND ( 'NONE', #5030, .T. ) ;
#6545 = CYLINDRICAL_SURFACE ( 'NONE', #4492, 2.399999999999999911 ) ;
#6546 = CARTESIAN_POINT ( 'NONE',  ( -16.69627616777151147, 32.69713975227765701, 0.000000000000000000 ) ) ;
#6547 = DIRECTION ( 'NONE',  ( -1.000000000000000000, -0.000000000000000000, 0.000000000000000000 ) ) ;
#6548 = DIRECTION ( 'NONE',  ( 0.000000000000000000, 0.000000000000000000, 1.000000000000000000 ) ) ;
#6549 = CIRCLE ( 'NONE', #835, 0.4999999999999995559 ) ;
#6550 = DIRECTION ( 'NONE',  ( 1.000000000000000000, 0.000000000000000000, 0.000000000000000000 ) ) ;
#6551 = CONICAL_SURFACE ( 'NONE', #3761, 1.474258476847184030, 0.7853981633974566057 ) ;
#6552 = VERTEX_POINT ( 'NONE', #2416 ) ;
#6553 = DIRECTION ( 'NONE',  ( -0.7071067811865470176, 0.000000000000000000, 0.7071067811865480168 ) ) ;
#6554 = EDGE_CURVE ( 'NONE', #4949, #3727, #4986, .T. ) ;
#6555 = AXIS2_PLACEMENT_3D ( 'NONE', #2925, #153, #6919 ) ;
#6556 = EDGE_LOOP ( 'NONE', ( #4347, #6782, #133, #785 ) ) ;
#6557 = ADVANCED_FACE ( 'NONE', ( #5508 ), #357, .T. ) ;
#6558 = DIRECTION ( 'NONE',  ( -0.000000000000000000, 0.7071067811865515695, 0.7071067811865434649 ) ) ;
#6559 = DIRECTION ( 'NONE',  ( 0.000000000000000000, 1.000000000000000000, -3.469446951953611033E-15 ) ) ;
#6560 = VECTOR ( 'NONE', #7026, 1000.000000000000114 ) ;
#6561 = ORIENTED_EDGE ( 'NONE', *, *, #2135, .T. ) ;
#6562 = VECTOR ( 'NONE', #7111, 999.9999999999998863 ) ;
#6563 = CARTESIAN_POINT ( 'NONE',  ( 11.75304832720497572, 42.25128029631820681, -18.04594154601833722 ) ) ;
#6564 = EDGE_CURVE ( 'NONE', #5837, #128, #5064, .T. ) ;
#6565 = AXIS2_PLACEMENT_3D ( 'NONE', #2578, #1989, #2013 ) ;
#6566 = VERTEX_POINT ( 'NONE', #419 ) ;
#6567 = CARTESIAN_POINT ( 'NONE',  ( 14.30049912664548728, 3.980218421195628409, -3.000000000000000000 ) ) ;
#6568 = LINE ( 'NONE', #269, #3514 ) ;
#6569 = ORIENTED_EDGE ( 'NONE', *, *, #5753, .T. ) ;
#6570 = CARTESIAN_POINT ( 'NONE',  ( 22.78856849851096911, 12.46271179780728566, -0.6000000000000033085 ) ) ;
#6571 =( NAMED_UNIT ( * ) PLANE_ANGLE_UNIT ( ) SI_UNIT ( $, .RADIAN. ) );
#6572 = CARTESIAN_POINT ( 'NONE',  ( 21.92549912664548728, -1.528473728810500365, -3.000000000000000000 ) ) ;
#6573 = LINE ( 'NONE', #462, #6403 ) ;
#6574 = FACE_OUTER_BOUND ( 'NONE', #3660, .T. ) ;
#6575 = DIRECTION ( 'NONE',  ( -1.000000000000000000, 0.000000000000000000, 0.000000000000000000 ) ) ;
#6576 = EDGE_CURVE ( 'NONE', #68, #5029, #2348, .T. ) ;
#6577 = B_SPLINE_CURVE_WITH_KNOTS ( 'NONE', 3,
 ( #1478, #3160, #5411, #6591 ),
 .UNSPECIFIED., .F., .F.,
 ( 4, 4 ),
 ( 0.000000000000000000, 0.0008486923062438295152 ),
 .UNSPECIFIED. ) ;
#6578 = CARTESIAN_POINT ( 'NONE',  ( 3.000000000000000000, 14.71521244077319501, -1.000000000000000000 ) ) ;
#6579 = DIRECTION ( 'NONE',  ( -1.000000000000000000, 1.858632295689435856E-16, 0.000000000000000000 ) ) ;
#6580 = CONICAL_SURFACE ( 'NONE', #1503, 3.600000000000000977, 0.7853981633974418397 ) ;
#6581 = CARTESIAN_POINT ( 'NONE',  ( -3.500000000000000000, 0.000000000000000000, -2.399999999999983036 ) ) ;
#6582 = VERTEX_POINT ( 'NONE', #2134 ) ;
#6583 = VERTEX_POINT ( 'NONE', #6018 ) ;
#6584 = CARTESIAN_POINT ( 'NONE',  ( 3.500000000000000000, 23.95128041827299015, -3.000000000000000000 ) ) ;
#6585 = LINE ( 'NONE', #478, #5802 ) ;
#6586 = EDGE_LOOP ( 'NONE', ( #2483, #6402, #4439, #797 ) ) ;
#6587 = VERTEX_POINT ( 'NONE', #4305 ) ;
#6588 = ADVANCED_FACE ( 'NONE', ( #6544 ), #2681, .F. ) ;
#6589 = CONICAL_SURFACE ( 'NONE', #5698, 0.8500000000000174083, 0.7853981633974480570 ) ;
#6590 = CYLINDRICAL_SURFACE ( 'NONE', #4473, 17.99969003592087091 ) ;
#6591 = CARTESIAN_POINT ( 'NONE',  ( -11.53949928283222981, -15.71147595840156264, -0.6000000000000033085 ) ) ;
#6592 = CARTESIAN_POINT ( 'NONE',  ( 10.45977694124986712, -15.36032446427472387, -3.000000000000000000 ) ) ;
#6593 = DIRECTION ( 'NONE',  ( 0.7071067811865495711, 1.533293416683375223E-15, 0.7071067811865454633 ) ) ;
#6594 = ORIENTED_EDGE ( 'NONE', *, *, #3143, .F. ) ;
#6595 = EDGE_CURVE ( 'NONE', #5418, #6752, #3584, .T. ) ;
#6597 = AXIS2_PLACEMENT_3D ( 'NONE', #278, #222, #1314 ) ;
#6596 = CARTESIAN_POINT ( 'NONE',  ( 1.599999999999999645, 41.75128029631820681, 3.050000000000000711 ) ) ;
#6598 = EDGE_LOOP ( 'NONE', ( #131, #1888, #6363, #1028 ) ) ;
#6599 = ORIENTED_EDGE ( 'NONE', *, *, #3007, .F. ) ;
#6600 = DIRECTION ( 'NONE',  ( 0.4999999999999993339, -0.5000000000000006661, -0.7071067811865474617 ) ) ;
#6601 = DIRECTION ( 'NONE',  ( -1.858632295689435856E-16, -1.000000000000000000, 0.000000000000000000 ) ) ;
#6602 = EDGE_LOOP ( 'NONE', ( #3169, #3287, #1968, #1952, #2099 ) ) ;
#6603 = ORIENTED_EDGE ( 'NONE', *, *, #7228, .T. ) ;
#6604 = CARTESIAN_POINT ( 'NONE',  ( -4.790898135070647434, 30.25128029631820326, 6.500000000000000888 ) ) ;
#6605 = EDGE_CURVE ( 'NONE', #2305, #1876, #2872, .T. ) ;
#6606 = AXIS2_PLACEMENT_3D ( 'NONE', #1668, #2237, #3360 ) ;
#6607 = CARTESIAN_POINT ( 'NONE',  ( 21.92549912664548728, -1.528473728810500365, 0.000000000000000000 ) ) ;
#6608 = VERTEX_POINT ( 'NONE', #2155 ) ;
#6609 = CARTESIAN_POINT ( 'NONE',  ( 4.061835696101903537, 39.75129781338051060, -2.239508495859652282 ) ) ;
#6610 = EDGE_LOOP ( 'NONE', ( #4133, #2690, #943, #1082 ) ) ;
#6611 = ORIENTED_EDGE ( 'NONE', *, *, #6620, .T. ) ;
#6612 = VECTOR ( 'NONE', #3250, 1000.000000000000000 ) ;
#6613 = EDGE_LOOP ( 'NONE', ( #587, #1379, #2768, #888 ) ) ;
#6614 = ORIENTED_EDGE ( 'NONE', *, *, #270, .T. ) ;
#6615 = AXIS2_PLACEMENT_3D ( 'NONE', #5927, #5978, #2588 ) ;
#6616 = DIRECTION ( 'NONE',  ( 0.000000000000000000, -1.000000000000000000, 0.000000000000000000 ) ) ;
#6617 = CARTESIAN_POINT ( 'NONE',  ( -4.075974153824395430, 30.67505316356328038, 6.500000000000001776 ) ) ;
#6618 = DIRECTION ( 'NONE',  ( -1.000000000000000000, 0.000000000000000000, 0.000000000000000000 ) ) ;
#6619 = EDGE_CURVE ( 'NONE', #1899, #6086, #5926, .T. ) ;
#6620 = EDGE_CURVE ( 'NONE', #2218, #3816, #5258, .T. ) ;
#6621 = CARTESIAN_POINT ( 'NONE',  ( 3.500000000000000000, 23.95128041827299015, -2.399999999999983036 ) ) ;
#6622 = LINE ( 'NONE', #6882, #1455 ) ;
#6623 = ORIENTED_EDGE ( 'NONE', *, *, #7023, .F. ) ;
#6624 = PLANE ( 'NONE',  #4184 ) ;
#6625 = DIRECTION ( 'NONE',  ( -0.000000000000000000, 1.000000000000000000, -0.000000000000000000 ) ) ;
#6626 = LINE ( 'NONE', #142, #4280 ) ;
#6627 = CIRCLE ( 'NONE', #4435, 0.5000000000000001110 ) ;
#6628 = ADVANCED_FACE ( 'NONE', ( #5162 ), #6538, .T. ) ;
#6629 = CARTESIAN_POINT ( 'NONE',  ( -16.69627616777151147, 32.69713975227765701, -3.000000000000000000 ) ) ;
#6630 = DIRECTION ( 'NONE',  ( 0.000000000000000000, 0.000000000000000000, -1.000000000000000000 ) ) ;
#6631 = MECHANICAL_DESIGN_GEOMETRIC_PRESENTATION_REPRESENTATION (  '', ( #6398 ), #4162 ) ;
#6632 = DIRECTION ( 'NONE',  ( 1.000000000000000000, 0.000000000000000000, 0.000000000000000000 ) ) ;
#6633 = LINE ( 'NONE', #1831, #5059 ) ;
#6634 = VERTEX_POINT ( 'NONE', #5968 ) ;
#6636 = EDGE_CURVE ( 'NONE', #571, #68, #3671, .T. ) ;
#6635 = DIRECTION ( 'NONE',  ( -1.858632295689435856E-16, -1.000000000000000000, -1.232595164407830946E-32 ) ) ;
#6637 = VECTOR ( 'NONE', #170, 1000.000000000000000 ) ;
#6638 = VECTOR ( 'NONE', #474, 1000.000000000000000 ) ;
#6639 = VERTEX_POINT ( 'NONE', #447 ) ;
#6640 = CARTESIAN_POINT ( 'NONE',  ( -2.399999999999982148, 23.45128041827299015, -3.000000000000000000 ) ) ;
#6641 = AXIS2_PLACEMENT_3D ( 'NONE', #2489, #279, #4189 ) ;
#6642 = VECTOR ( 'NONE', #4134, 1000.000000000000000 ) ;
#6643 = ORIENTED_EDGE ( 'NONE', *, *, #4013, .F. ) ;
#6644 = DIRECTION ( 'NONE',  ( 0.000000000000000000, -0.7071067811865419106, -0.7071067811865531239 ) ) ;
#6645 = CARTESIAN_POINT ( 'NONE',  ( -9.000000000000001776, -4.691166140300482290, -3.000000000000000000 ) ) ;
#6646 = VERTEX_POINT ( 'NONE', #1567 ) ;
#6647 = ORIENTED_EDGE ( 'NONE', *, *, #2845, .F. ) ;
#6648 = EDGE_CURVE ( 'NONE', #7075, #673, #1392, .T. ) ;
#6649 = AXIS2_PLACEMENT_3D ( 'NONE', #6133, #557, #7236 ) ;
#6650 = VECTOR ( 'NONE', #6158, 1000.000000000000000 ) ;
#6651 = CARTESIAN_POINT ( 'NONE',  ( 6.980118714510155975, 28.59486889994022007, -0.05342625954893008566 ) ) ;
#6652 = VECTOR ( 'NONE', #3095, 1000.000000000000000 ) ;
#6653 = CARTESIAN_POINT ( 'NONE',  ( 5.652034699307244558, 30.25128029631820326, 4.448075400297424764 ) ) ;
#6654 = FACE_OUTER_BOUND ( 'NONE', #5252, .T. ) ;
#6655 = ORIENTED_EDGE ( 'NONE', *, *, #1592, .F. ) ;
#6656 = AXIS2_PLACEMENT_3D ( 'NONE', #2014, #3178, #2063 ) ;
#6657 = VERTEX_POINT ( 'NONE', #3251 ) ;
#6659 = EDGE_CURVE ( 'NONE', #4978, #6880, #3489, .T. ) ;
#6658 = CARTESIAN_POINT ( 'NONE',  ( 0.000000000000000000, 35.25128029631821391, 1.950000000000000400 ) ) ;
#6660 = ADVANCED_FACE ( 'NONE', ( #1209 ), #4402, .T. ) ;
#6661 = FACE_OUTER_BOUND ( 'NONE', #5415, .T. ) ;
#6662 = EDGE_LOOP ( 'NONE', ( #6042, #964, #4187, #369 ) ) ;
#6663 = CARTESIAN_POINT ( 'NONE',  ( 5.754307359887170570, 40.17964606136556682, -0.6676574090659999072 ) ) ;
#6664 = CARTESIAN_POINT ( 'NONE',  ( -4.204758133569579392, 30.48536740890021335, 6.500000000000000000 ) ) ;
#6665 = DIRECTION ( 'NONE',  ( -0.000000000000000000, 0.000000000000000000, -1.000000000000000000 ) ) ;
#6666 = DIRECTION ( 'NONE',  ( 0.000000000000000000, 0.000000000000000000, -1.000000000000000000 ) ) ;
#6667 = VERTEX_POINT ( 'NONE', #977 ) ;
#6668 = CARTESIAN_POINT ( 'NONE',  ( -4.336808689942017736E-16, 26.45128041827299015, 0.6284667967612598272 ) ) ;
#6669 = AXIS2_PLACEMENT_3D ( 'NONE', #5672, #5696, #3420 ) ;
#6670 = CIRCLE ( 'NONE', #823, 3.599999999999995648 ) ;
#6671 = EDGE_CURVE ( 'NONE', #6297, #3743, #2778, .T. ) ;
#6672 = ORIENTED_EDGE ( 'NONE', *, *, #5639, .T. ) ;
#6673 = CARTESIAN_POINT ( 'NONE',  ( -2.399999999999999911, 35.25128029631821391, 8.738225099390854567 ) ) ;
#6674 = ORIENTED_EDGE ( 'NONE', *, *, #3329, .T. ) ;
#6675 = DIRECTION ( 'NONE',  ( 0.000000000000000000, 0.000000000000000000, 1.000000000000000000 ) ) ;
#6676 = CIRCLE ( 'NONE', #4704, 2.999999999999995559 ) ;
#6677 = ORIENTED_EDGE ( 'NONE', *, *, #5318, .F. ) ;
#6678 = ORIENTED_EDGE ( 'NONE', *, *, #3, .F. ) ;
#6679 = LINE ( 'NONE', #3031, #221 ) ;
#6680 = AXIS2_PLACEMENT_3D ( 'NONE', #6030, #6101, #6686 ) ;
#6681 = DIRECTION ( 'NONE',  ( -1.000000000000000000, 0.000000000000000000, 0.000000000000000000 ) ) ;
#6682 = ORIENTED_EDGE ( 'NONE', *, *, #442, .T. ) ;
#6683 = ORIENTED_EDGE ( 'NONE', *, *, #4558, .F. ) ;
#6684 = CARTESIAN_POINT ( 'NONE',  ( 6.222883951726418950, 40.25128029631820681, -0.7771160482735739450 ) ) ;
#6685 = CARTESIAN_POINT ( 'NONE',  ( -4.075974153824395430, 30.75128029631820326, 6.500000000000000000 ) ) ;
#6686 = DIRECTION ( 'NONE',  ( -1.000000000000000000, 0.000000000000000000, 0.000000000000000000 ) ) ;
#6687 = CARTESIAN_POINT ( 'NONE',  ( 6.382316136741039259, 30.25128029631820326, -3.000000000000000000 ) ) ;
#6688 = EDGE_CURVE ( 'NONE', #602, #4693, #1999, .T. ) ;
#6689 = CARTESIAN_POINT ( 'NONE',  ( 2.750000000000000444, 19.01029741264793671, -4.818023603591143614E-16 ) ) ;
#6690 = ORIENTED_EDGE ( 'NONE', *, *, #5351, .T. ) ;
#6691 = ORIENTED_EDGE ( 'NONE', *, *, #518, .T. ) ;
#6692 =( BOUNDED_CURVE ( )  B_SPLINE_CURVE ( 3, ( #1158, #4494, #5595, #1185 ),
 .UNSPECIFIED., .F., .T. ) 
 B_SPLINE_CURVE_WITH_KNOTS ( ( 4, 4 ),
 ( 5.305582591136349002, 6.283185307179586232 ),
 .UNSPECIFIED. ) 
 CURVE ( )  GEOMETRIC_REPRESENTATION_ITEM ( )  RATIONAL_B_SPLINE_CURVE ( ( 1.000000000000000000, 0.9219308910521283318, 0.9219308910521283318, 1.000000000000000000 ) ) 
 REPRESENTATION_ITEM ( '' )  );
#6693 = LINE ( 'NONE', #4506, #2064 ) ;
#6694 = EDGE_LOOP ( 'NONE', ( #3563, #29, #5384, #1857 ) ) ;
#6695 = ADVANCED_FACE ( 'NONE', ( #6984 ), #6716, .T. ) ;
#6696 = DIRECTION ( 'NONE',  ( -1.000000000000000000, 0.000000000000000000, 0.000000000000000000 ) ) ;
#6697 = ORIENTED_EDGE ( 'NONE', *, *, #5898, .T. ) ;
#6698 = DIRECTION ( 'NONE',  ( 1.000000000000000000, 0.000000000000000000, 0.000000000000000000 ) ) ;
#6699 = FACE_OUTER_BOUND ( 'NONE', #3074, .T. ) ;
#6700 = CARTESIAN_POINT ( 'NONE',  ( -21.92549912664548728, -1.528473728810499699, 0.000000000000000000 ) ) ;
#6701 = EDGE_CURVE ( 'NONE', #497, #4695, #5671, .T. ) ;
#6702 = EDGE_CURVE ( 'NONE', #1606, #7239, #6281, .T. ) ;
#6703 = ORIENTED_EDGE ( 'NONE', *, *, #4456, .F. ) ;
#6704 = AXIS2_PLACEMENT_3D ( 'NONE', #2439, #3066, #4727 ) ;
#6705 = VECTOR ( 'NONE', #165, 1000.000000000000000 ) ;
#6706 = ORIENTED_EDGE ( 'NONE', *, *, #5532, .F. ) ;
#6707 = ORIENTED_EDGE ( 'NONE', *, *, #2755, .F. ) ;
#6708 = ORIENTED_EDGE ( 'NONE', *, *, #1186, .F. ) ;
#6709 = FACE_OUTER_BOUND ( 'NONE', #5551, .T. ) ;
#6710 = CARTESIAN_POINT ( 'NONE',  ( 25.11750068664549218, 5.391643985941802164, -3.000000000000000000 ) ) ;
#6711 = VECTOR ( 'NONE', #6226, 1000.000000000000000 ) ;
#6712 = VERTEX_POINT ( 'NONE', #6159 ) ;
#6713 = CARTESIAN_POINT ( 'NONE',  ( -5.400000000000009237, -4.691166140300482290, 0.000000000000000000 ) ) ;
#6714 = EDGE_CURVE ( 'NONE', #1876, #1899, #4204, .T. ) ;
#6715 = CARTESIAN_POINT ( 'NONE',  ( 7.000000000000002665, 30.25128029631820326, -22.79898987322333781 ) ) ;
#6716 = CONICAL_SURFACE ( 'NONE', #4957, 2.399999999999983036, 0.7853981633974482790 ) ;
#6717 = CARTESIAN_POINT ( 'NONE',  ( 3.622919641721424000, 41.75128029631820681, 5.999999999999999112 ) ) ;
#6718 = VECTOR ( 'NONE', #4759, 1000.000000000000000 ) ;
#6719 = DIRECTION ( 'NONE',  ( 0.000000000000000000, 0.000000000000000000, 1.000000000000000000 ) ) ;
#6720 = CARTESIAN_POINT ( 'NONE',  ( 14.30049912664548728, -8.291166140300484599, -3.000000000000000000 ) ) ;
#6721 = CARTESIAN_POINT ( 'NONE',  ( -2.750000000000000888, 23.48663575733231568, 1.268811313033693988 ) ) ;
#6722 = CIRCLE ( 'NONE', #7191, 0.4999999999999997224 ) ;
#6724 = AXIS2_PLACEMENT_3D ( 'NONE', #2759, #1149, #32 ) ;
#6723 = CARTESIAN_POINT ( 'NONE',  ( -9.000000000000001776, -7.691166140300482290, -0.5999999999999894307 ) ) ;
#6725 = VECTOR ( 'NONE', #5477, 1000.000000000000000 ) ;
#6726 = ORIENTED_EDGE ( 'NONE', *, *, #366, .F. ) ;
#6727 = DIRECTION ( 'NONE',  ( 0.000000000000000000, 1.000000000000000000, -0.000000000000000000 ) ) ;
#6728 = ORIENTED_EDGE ( 'NONE', *, *, #2659, .F. ) ;
#6729 = VECTOR ( 'NONE', #5763, 1000.000000000000000 ) ;
#6730 = ORIENTED_EDGE ( 'NONE', *, *, #611, .F. ) ;
#6731 = DIRECTION ( 'NONE',  ( 0.000000000000000000, -1.000000000000000000, 0.000000000000000000 ) ) ;
#6732 = ADVANCED_FACE ( 'NONE', ( #2525 ), #6458, .F. ) ;
#6733 = EDGE_CURVE ( 'NONE', #3978, #7135, #1818, .T. ) ;
#6734 = CONICAL_SURFACE ( 'NONE', #5899, 3.600000000000001421, 0.7853981633974418397 ) ;
#6735 = AXIS2_PLACEMENT_3D ( 'NONE', #1538, #5419, #5511 ) ;
#6736 = DIRECTION ( 'NONE',  ( -0.7071067811865489050, 0.000000000000000000, -0.7071067811865460184 ) ) ;
#6737 = VERTEX_POINT ( 'NONE', #3275 ) ;
#6738 = DIRECTION ( 'NONE',  ( 0.000000000000000000, -1.000000000000000000, 0.000000000000000000 ) ) ;
#6739 = VECTOR ( 'NONE', #1809, 1000.000000000000114 ) ;
#6740 = ORIENTED_EDGE ( 'NONE', *, *, #2312, .F. ) ;
#6741 = EDGE_LOOP ( 'NONE', ( #1369, #3231, #6599, #4881 ) ) ;
#6742 = EDGE_CURVE ( 'NONE', #3809, #6284, #5340, .T. ) ;
#6743 = AXIS2_PLACEMENT_3D ( 'NONE', #4205, #1306, #1841 ) ;
#6744 = PLANE ( 'NONE',  #6123 ) ;
#6745 = FACE_OUTER_BOUND ( 'NONE', #6149, .T. ) ;
#6746 = DIRECTION ( 'NONE',  ( 0.000000000000000000, -1.734723475976807094E-15, -1.000000000000000000 ) ) ;
#6747 = LINE ( 'NONE', #1228, #821 ) ;
#6748 = VERTEX_POINT ( 'NONE', #5071 ) ;
#6749 = DIRECTION ( 'NONE',  ( 0.000000000000000000, 0.000000000000000000, 1.000000000000000000 ) ) ;
#6750 = CYLINDRICAL_SURFACE ( 'NONE', #6387, 0.9999999999999991118 ) ;
#6751 = AXIS2_PLACEMENT_3D ( 'NONE', #377, #962, #2000 ) ;
#6752 = VERTEX_POINT ( 'NONE', #5537 ) ;
#6754 = EDGE_CURVE ( 'NONE', #4142, #2305, #3308, .T. ) ;
#6753 = DIRECTION ( 'NONE',  ( 0.000000000000000000, 0.000000000000000000, 1.000000000000000000 ) ) ;
#6755 = EDGE_CURVE ( 'NONE', #3009, #3752, #2253, .T. ) ;
#6756 = ORIENTED_EDGE ( 'NONE', *, *, #270, .F. ) ;
#6757 = CARTESIAN_POINT ( 'NONE',  ( 5.464890228573433539, 40.25128029631821391, -1.535109771426572012 ) ) ;
#6758 = CARTESIAN_POINT ( 'NONE',  ( -6.646803743153482991, 27.75594841574085692, 0.000000000000000000 ) ) ;
#6759 = CARTESIAN_POINT ( 'NONE',  ( 4.467512548189193744, 39.75683321694447159, -1.948960908722239482 ) ) ;
#6760 = FACE_OUTER_BOUND ( 'NONE', #6303, .T. ) ;
#6761 = ORIENTED_EDGE ( 'NONE', *, *, #6392, .F. ) ;
#6762 = ORIENTED_EDGE ( 'NONE', *, *, #7173, .F. ) ;
#6763 = DIRECTION ( 'NONE',  ( -0.000000000000000000, -0.000000000000000000, 1.000000000000000000 ) ) ;
#6764 = EDGE_LOOP ( 'NONE', ( #500, #7095, #6881, #5274 ) ) ;
#6765 = VECTOR ( 'NONE', #4020, 1000.000000000000000 ) ;
#6766 = EDGE_CURVE ( 'NONE', #5332, #6399, #1300, .T. ) ;
#6767 = DIRECTION ( 'NONE',  ( 0.000000000000000000, 0.000000000000000000, 1.000000000000000000 ) ) ;
#6768 = EDGE_LOOP ( 'NONE', ( #856, #5740, #1346, #2787 ) ) ;
#6769 = CARTESIAN_POINT ( 'NONE',  ( 4.296059474379193333, 40.25128029631820681, -2.686766307930285702 ) ) ;
#6770 = ADVANCED_FACE ( 'NONE', ( #3123 ), #2201, .T. ) ;
#6771 = DIRECTION ( 'NONE',  ( 0.000000000000000000, -0.000000000000000000, -1.000000000000000000 ) ) ;
#6772 = CARTESIAN_POINT ( 'NONE',  ( 4.235164736271501695E-15, -19.48869245233285241, -2.399999999999989697 ) ) ;
#6773 = ORIENTED_EDGE ( 'NONE', *, *, #3665, .F. ) ;
#6774 = ORIENTED_EDGE ( 'NONE', *, *, #5585, .T. ) ;
#6775 = DIRECTION ( 'NONE',  ( -0.000000000000000000, -0.000000000000000000, 1.000000000000000000 ) ) ;
#6776 = DIRECTION ( 'NONE',  ( -1.000000000000000000, 0.000000000000000000, 1.734723475976805517E-15 ) ) ;
#6777 = ORIENTED_EDGE ( 'NONE', *, *, #648, .F. ) ;
#6778 = AXIS2_PLACEMENT_3D ( 'NONE', #1878, #1290, #5735 ) ;
#6779 = ORIENTED_EDGE ( 'NONE', *, *, #1382, .T. ) ;
#6780 = CARTESIAN_POINT ( 'NONE',  ( -4.790898135070647434, 30.25128029631820326, 6.500000000000000888 ) ) ;
#6781 = ORIENTED_EDGE ( 'NONE', *, *, #2160, .T. ) ;
#6782 = ORIENTED_EDGE ( 'NONE', *, *, #1468, .T. ) ;
#6783 = ORIENTED_EDGE ( 'NONE', *, *, #6755, .F. ) ;
#6784 = DIRECTION ( 'NONE',  ( 1.000000000000000000, 0.000000000000000000, -0.000000000000000000 ) ) ;
#6785 = EDGE_CURVE ( 'NONE', #1799, #4622, #6805, .T. ) ;
#6786 = AXIS2_PLACEMENT_3D ( 'NONE', #4913, #2717, #1516 ) ;
#6787 = LINE ( 'NONE', #491, #3464 ) ;
#6788 = ORIENTED_EDGE ( 'NONE', *, *, #3892, .F. ) ;
#6789 = VERTEX_POINT ( 'NONE', #3474 ) ;
#6790 = CARTESIAN_POINT ( 'NONE',  ( 17.30049912664548728, 3.980218421195628409, -3.000000000000000000 ) ) ;
#6791 = CARTESIAN_POINT ( 'NONE',  ( 2.921918026749785291, 24.23652407920948448, 0.9184944125909646484 ) ) ;
#6792 = CARTESIAN_POINT ( 'NONE',  ( 6.000000000000000000, 9.280717547841103254, -0.5999999999999963141 ) ) ;
#6793 = CARTESIAN_POINT ( 'NONE',  ( 25.71750068664550781, -12.71147595840163724, -3.000000000000000000 ) ) ;
#6794 = FACE_OUTER_BOUND ( 'NONE', #5518, .T. ) ;
#6795 = ORIENTED_EDGE ( 'NONE', *, *, #906, .T. ) ;
#6796 = EDGE_CURVE ( 'NONE', #5540, #3981, #6893, .T. ) ;
#6797 = LINE ( 'NONE', #1743, #7233 ) ;
#6798 = AXIS2_PLACEMENT_3D ( 'NONE', #1887, #5793, #4734 ) ;
#6799 = CARTESIAN_POINT ( 'NONE',  ( 3.622919641721424000, 28.25128029631820681, 4.999999999999999112 ) ) ;
#6800 = LINE ( 'NONE', #2446, #5157 ) ;
#6801 = CIRCLE ( 'NONE', #2577, 1.500000000000000000 ) ;
#6802 = ORIENTED_EDGE ( 'NONE', *, *, #810, .T. ) ;
#6803 = CARTESIAN_POINT ( 'NONE',  ( -5.400000000000005684, 9.280717547841103254, -3.000000000000000000 ) ) ;
#6804 = ADVANCED_FACE ( 'NONE', ( #1048 ), #6205, .F. ) ;
#6805 = LINE ( 'NONE', #1269, #3765 ) ;
#6806 = CARTESIAN_POINT ( 'NONE',  ( -17.90049912664548160, -4.691166140300481402, -3.000000000000000000 ) ) ;
#6807 = AXIS2_PLACEMENT_3D ( 'NONE', #1221, #5695, #6865 ) ;
#6808 = DIRECTION ( 'NONE',  ( -0.7071067811865491270, -0.000000000000000000, -0.7071067811865459074 ) ) ;
#6809 = LINE ( 'NONE', #4365, #5164 ) ;
#6810 = EDGE_LOOP ( 'NONE', ( #746, #907, #781, #4081 ) ) ;
#6811 = CARTESIAN_POINT ( 'NONE',  ( -3.192641070706016215, 12.95128041827298837, -1.114719235250507756 ) ) ;
#6812 = EDGE_CURVE ( 'NONE', #987, #4897, #5420, .T. ) ;
#6813 = DIRECTION ( 'NONE',  ( -1.734723475976808672E-15, 0.000000000000000000, 1.000000000000000000 ) ) ;
#6814 = CIRCLE ( 'NONE', #1713, 1.625000000000001332 ) ;
#6815 = VERTEX_POINT ( 'NONE', #3397 ) ;
#6816 = DIRECTION ( 'NONE',  ( 0.000000000000000000, 0.000000000000000000, 1.000000000000000000 ) ) ;
#6817 = CARTESIAN_POINT ( 'NONE',  ( 14.30049912664548728, -7.691166140300482290, -0.5999999999999963141 ) ) ;
#6818 = CARTESIAN_POINT ( 'NONE',  ( 0.3927698782865078897, 26.45128041827299015, 0.6284667967618844386 ) ) ;
#6819 = CARTESIAN_POINT ( 'NONE',  ( 2.099999999999999201, 42.25128029631820681, 1.450000000000000844 ) ) ;
#6820 = ORIENTED_EDGE ( 'NONE', *, *, #639, .F. ) ;
#6822 = AXIS2_PLACEMENT_3D ( 'NONE', #384, #5414, #5958 ) ;
#6821 = DIRECTION ( 'NONE',  ( -0.000000000000000000, 1.000000000000000000, -0.000000000000000000 ) ) ;
#6823 = LINE ( 'NONE', #726, #1840 ) ;
#6824 = CARTESIAN_POINT ( 'NONE',  ( 3.378679656440342072, 42.25128029631820681, -1.500000000000000000 ) ) ;
#6825 = CARTESIAN_POINT ( 'NONE',  ( 3.000000000000000000, 30.25128029631820326, -2.999999999999999112 ) ) ;
#6826 = CARTESIAN_POINT ( 'NONE',  ( -2.750000000000000888, 23.48663575733231568, 1.268811313033693988 ) ) ;
#6827 = LINE ( 'NONE', #990, #4931 ) ;
#6828 = EDGE_CURVE ( 'NONE', #4978, #6748, #1470, .T. ) ;
#6829 = FACE_OUTER_BOUND ( 'NONE', #6090, .T. ) ;
#6830 = CARTESIAN_POINT ( 'NONE',  ( 9.000000000000001776, -8.291166140300479270, 0.000000000000000000 ) ) ;
#6831 = CARTESIAN_POINT ( 'NONE',  ( 22.36430442979903788, 12.03844772909535088, 0.000000000000000000 ) ) ;
#6832 = CIRCLE ( 'NONE', #1736, 3.600000000000001421 ) ;
#6833 = ORIENTED_EDGE ( 'NONE', *, *, #583, .F. ) ;
#6834 = EDGE_CURVE ( 'NONE', #3816, #5485, #4457, .T. ) ;
#6835 = AXIS2_PLACEMENT_3D ( 'NONE', #4414, #4366, #530 ) ;
#6836 = DIRECTION ( 'NONE',  ( 1.000000000000000000, 0.000000000000000000, -0.000000000000000000 ) ) ;
#6837 = DIRECTION ( 'NONE',  ( 1.000000000000000000, 0.000000000000000000, 0.000000000000000000 ) ) ;
#6838 = ADVANCED_FACE ( 'NONE', ( #3854 ), #2614, .F. ) ;
#6839 = ORIENTED_EDGE ( 'NONE', *, *, #6273, .F. ) ;
#6840 = DIRECTION ( 'NONE',  ( 0.000000000000000000, 0.000000000000000000, -1.000000000000000000 ) ) ;
#6841 = CARTESIAN_POINT ( 'NONE',  ( -3.250000000000000444, 12.95128041827298482, -3.000000000000000000 ) ) ;
#6842 = CIRCLE ( 'NONE', #4138, 1.500000000000000000 ) ;
#6843 = DIRECTION ( 'NONE',  ( 0.000000000000000000, -1.000000000000000000, 0.000000000000000000 ) ) ;
#6844 = ORIENTED_EDGE ( 'NONE', *, *, #1075, .F. ) ;
#6845 = DIRECTION ( 'NONE',  ( -1.000000000000000000, 0.000000000000000000, 0.000000000000000000 ) ) ;
#6846 = VERTEX_POINT ( 'NONE', #653 ) ;
#6847 = AXIS2_PLACEMENT_3D ( 'NONE', #1085, #7197, #6675 ) ;
#6848 = CIRCLE ( 'NONE', #5814, 2.074258476847182120 ) ;
#6849 = EDGE_CURVE ( 'NONE', #5988, #6228, #4633, .T. ) ;
#6850 = VERTEX_POINT ( 'NONE', #1245 ) ;
#6851 = EDGE_CURVE ( 'NONE', #5769, #2853, #1124, .T. ) ;
#6852 = EDGE_LOOP ( 'NONE', ( #2566, #4933, #3450, #4889 ) ) ;
#6853 = FACE_OUTER_BOUND ( 'NONE', #3650, .T. ) ;
#6854 = CARTESIAN_POINT ( 'NONE',  ( -14.30049912664548728, 3.980218421195628409, -3.000000000000000000 ) ) ;
#6855 = CARTESIAN_POINT ( 'NONE',  ( 4.336808689942017736E-16, 23.45128041827299015, -3.000000000000000000 ) ) ;
#6856 = CARTESIAN_POINT ( 'NONE',  ( -17.90049912664547094, 5.391643985941815487, 0.000000000000000000 ) ) ;
#6857 = ORIENTED_EDGE ( 'NONE', *, *, #3925, .T. ) ;
#6858 = DIRECTION ( 'NONE',  ( 0.000000000000000000, 0.000000000000000000, 1.000000000000000000 ) ) ;
#6859 = ORIENTED_EDGE ( 'NONE', *, *, #3518, .F. ) ;
#6860 = VERTEX_POINT ( 'NONE', #2321 ) ;
#6861 = AXIS2_PLACEMENT_3D ( 'NONE', #1000, #5989, #7125 ) ;
#6862 = DIRECTION ( 'NONE',  ( 0.7071067811865440200, 0.000000000000000000, -0.7071067811865511255 ) ) ;
#6863 = CARTESIAN_POINT ( 'NONE',  ( -22.71750068664550781, -12.71147595840166744, -3.000000000000000000 ) ) ;
#6864 = CARTESIAN_POINT ( 'NONE',  ( 4.790898135070645658, 40.25128029631820681, 6.500000000000000888 ) ) ;
#6865 = DIRECTION ( 'NONE',  ( 0.000000000000000000, 0.000000000000000000, 1.000000000000000000 ) ) ;
#6866 = VERTEX_POINT ( 'NONE', #2883 ) ;
#6867 = CARTESIAN_POINT ( 'NONE',  ( -3.000000000000000888, 23.48663575733231923, 1.268811313033693766 ) ) ;
#6868 = DIRECTION ( 'NONE',  ( -0.4947305811393559738, 7.537775992563168942E-16, -0.8690464038735304930 ) ) ;
#6869 = ORIENTED_EDGE ( 'NONE', *, *, #3342, .F. ) ;
#6870 = VECTOR ( 'NONE', #5322, 1000.000000000000114 ) ;
#6871 = ORIENTED_EDGE ( 'NONE', *, *, #326, .F. ) ;
#6872 = EDGE_CURVE ( 'NONE', #3077, #1630, #7068, .T. ) ;
#6873 = ORIENTED_EDGE ( 'NONE', *, *, #3197, .T. ) ;
#6874 = CARTESIAN_POINT ( 'NONE',  ( -3.000000000000000000, 18.45128041827299015, -0.2500000000000003886 ) ) ;
#6875 = CARTESIAN_POINT ( 'NONE',  ( 6.500000000000002665, 28.25128029631820681, 5.000000000000000888 ) ) ;
#6876 = ORIENTED_EDGE ( 'NONE', *, *, #5228, .F. ) ;
#6877 = EDGE_LOOP ( 'NONE', ( #3292, #6509, #3036, #6859 ) ) ;
#6878 = ADVANCED_FACE ( 'NONE', ( #961 ), #5759, .F. ) ;
#6879 = FACE_BOUND ( 'NONE', #3557, .T. ) ;
#6880 = VERTEX_POINT ( 'NONE', #1197 ) ;
#6881 = ORIENTED_EDGE ( 'NONE', *, *, #2967, .F. ) ;
#6882 = CARTESIAN_POINT ( 'NONE',  ( -25.71750068664550426, 5.391643985941802164, -2.399999999999989697 ) ) ;
#6883 = CARTESIAN_POINT ( 'NONE',  ( 5.400000000000003908, 5.391643985941801276, 0.000000000000000000 ) ) ;
#6884 = EDGE_CURVE ( 'NONE', #2429, #6331, #1043, .T. ) ;
#6885 = SHAPE_DEFINITION_REPRESENTATION ( #2306, #4116 ) ;
#6887 = AXIS2_PLACEMENT_3D ( 'NONE', #3200, #1081, #4441 ) ;
#6886 = CARTESIAN_POINT ( 'NONE',  ( -3.631946009244122475, 28.75128029631821036, 4.999999999999999112 ) ) ;
#6888 = DIRECTION ( 'NONE',  ( -0.7071067811865454633, 0.000000000000000000, 0.7071067811865495711 ) ) ;
#6889 = LINE ( 'NONE', #6381, #3668 ) ;
#6890 = ORIENTED_EDGE ( 'NONE', *, *, #769, .T. ) ;
#6891 = CARTESIAN_POINT ( 'NONE',  ( 1.599999999999999645, 29.25128029631821036, 3.050000000000000711 ) ) ;
#6892 = CARTESIAN_POINT ( 'NONE',  ( -0.5000000000000000000, 27.55128041827300578, -3.000000000000000000 ) ) ;
#6893 = LINE ( 'NONE', #57, #164 ) ;
#6894 = DIRECTION ( 'NONE',  ( 6.207908377626726342E-17, -1.000000000000000000, 0.000000000000000000 ) ) ;
#6895 = DIRECTION ( 'NONE',  ( -1.000000000000000000, 0.000000000000000000, 0.000000000000000000 ) ) ;
#6896 = FACE_OUTER_BOUND ( 'NONE', #1177, .T. ) ;
#6897 = AXIS2_PLACEMENT_3D ( 'NONE', #4988, #4452, #6073 ) ;
#6898 = DIRECTION ( 'NONE',  ( 0.000000000000000000, 0.000000000000000000, 1.000000000000000000 ) ) ;
#6899 = EDGE_CURVE ( 'NONE', #7037, #3981, #3666, .T. ) ;
#6900 = CYLINDRICAL_SURFACE ( 'NONE', #4348, 1.000000000000000000 ) ;
#6901 = CARTESIAN_POINT ( 'NONE',  ( -21.92549912664548728, -1.528473728810499699, -3.000000000000000000 ) ) ;
#6902 = LINE ( 'NONE', #1858, #1737 ) ;
#6903 = VERTEX_POINT ( 'NONE', #6772 ) ;
#6904 = CARTESIAN_POINT ( 'NONE',  ( 16.42181947020512567, 6.101538764755273014, -0.5999999999999963141 ) ) ;
#6905 = ORIENTED_EDGE ( 'NONE', *, *, #5416, .F. ) ;
#6906 = AXIS2_PLACEMENT_3D ( 'NONE', #2364, #4034, #1795 ) ;
#6907 = CARTESIAN_POINT ( 'NONE',  ( -3.631946009244122475, 28.75128029631821036, 6.500000000000000000 ) ) ;
#6908 = DIRECTION ( 'NONE',  ( 0.000000000000000000, -1.734723475976807094E-15, -1.000000000000000000 ) ) ;
#6909 = EDGE_CURVE ( 'NONE', #753, #6860, #1552, .T. ) ;
#6910 = CIRCLE ( 'NONE', #4314, 9.999999999999998224 ) ;
#6911 = VERTEX_POINT ( 'NONE', #1754 ) ;
#6912 = CONICAL_SURFACE ( 'NONE', #2756, 3.600000000000016964, 0.7853981633974479459 ) ;
#6913 = DIRECTION ( 'NONE',  ( 0.8129949950526368374, 0.000000000000000000, -0.5822706741880130377 ) ) ;
#6914 = DIRECTION ( 'NONE',  ( 0.000000000000000000, 0.000000000000000000, -1.000000000000000000 ) ) ;
#6915 = CARTESIAN_POINT ( 'NONE',  ( 3.250000000000000888, 12.95128041827299015, 0.000000000000000000 ) ) ;
#6916 = VECTOR ( 'NONE', #4431, 1000.000000000000000 ) ;
#6917 = ORIENTED_EDGE ( 'NONE', *, *, #1005, .T. ) ;
#6918 = ADVANCED_FACE ( 'NONE', ( #4900 ), #1388, .T. ) ;
#6919 = DIRECTION ( 'NONE',  ( 0.000000000000000000, 0.000000000000000000, 1.000000000000000000 ) ) ;
#6920 = DIRECTION ( 'NONE',  ( -0.4999999999999971689, -0.4999999999999985567, 0.7071067811865505703 ) ) ;
#6921 = CARTESIAN_POINT ( 'NONE',  ( 2.586510263012057553, -19.48869245233285241, 6.084368756338572659 ) ) ;
#6922 = FACE_OUTER_BOUND ( 'NONE', #4312, .T. ) ;
#6923 = CARTESIAN_POINT ( 'NONE',  ( 3.134318014997544033, 12.97103705772359561, -1.230746427952776223 ) ) ;
#6924 = ORIENTED_EDGE ( 'NONE', *, *, #6391, .F. ) ;
#6925 =( BOUNDED_CURVE ( )  B_SPLINE_CURVE ( 3, ( #4433, #7189, #6105, #6689 ),
 .UNSPECIFIED., .F., .F. ) 
 B_SPLINE_CURVE_WITH_KNOTS ( ( 4, 4 ),
 ( 4.248741371383882637, 4.712388980384689674 ),
 .UNSPECIFIED. ) 
 CURVE ( )  GEOMETRIC_REPRESENTATION_ITEM ( )  RATIONAL_B_SPLINE_CURVE ( ( 1.000000000000000000, 0.9821659929784867238, 0.9821659929784867238, 1.000000000000000000 ) ) 
 REPRESENTATION_ITEM ( '' )  );
#6926 = CARTESIAN_POINT ( 'NONE',  ( -17.90049912664547449, -4.691166140300481402, 0.000000000000000000 ) ) ;
#6927 = VECTOR ( 'NONE', #1373, 1000.000000000000114 ) ;
#6928 = ADVANCED_FACE ( 'NONE', ( #4375 ), #7161, .F. ) ;
#6929 = CARTESIAN_POINT ( 'NONE',  ( 16.69627616777151147, 32.69713975227765701, 0.000000000000000000 ) ) ;
#6930 = FACE_OUTER_BOUND ( 'NONE', #6810, .T. ) ;
#6931 = CARTESIAN_POINT ( 'NONE',  ( -7.000000000000002665, 28.75128029631963855, -0.1315914118779806796 ) ) ;
#6932 = EDGE_CURVE ( 'NONE', #5036, #3466, #3207, .T. ) ;
#6933 = CARTESIAN_POINT ( 'NONE',  ( -22.71750068664550781, -12.71147595840166744, -3.000000000000000000 ) ) ;
#6934 = CARTESIAN_POINT ( 'NONE',  ( 5.500000000000000000, 41.75128029631820681, 4.999999999999999112 ) ) ;
#6935 = CARTESIAN_POINT ( 'NONE',  ( -6.500000000000000888, 41.75128029631820681, 0.6213203435596476032 ) ) ;
#6936 = LINE ( 'NONE', #3776, #4838 ) ;
#6937 = ORIENTED_EDGE ( 'NONE', *, *, #271, .F. ) ;
#6938 = CARTESIAN_POINT ( 'NONE',  ( 6.000000000000000888, -4.691166140300482290, -0.5999999999999963141 ) ) ;
#6939 = EDGE_CURVE ( 'NONE', #2898, #3986, #5662, .T. ) ;
#6940 = LINE ( 'NONE', #5506, #5383 ) ;
#6941 = ORIENTED_EDGE ( 'NONE', *, *, #6484, .F. ) ;
#6942 = AXIS2_PLACEMENT_3D ( 'NONE', #5918, #7042, #3713 ) ;
#6943 = ORIENTED_EDGE ( 'NONE', *, *, #3088, .T. ) ;
#6944 = CARTESIAN_POINT ( 'NONE',  ( -2.750000000000000000, 23.45128041827299015, 1.021323939618402621 ) ) ;
#6945 = DIRECTION ( 'NONE',  ( 0.000000000000000000, 0.000000000000000000, 1.000000000000000000 ) ) ;
#6946 = CARTESIAN_POINT ( 'NONE',  ( -6.057816332563604966, 30.75128029631820326, 4.740207675323311776 ) ) ;
#6947 = CARTESIAN_POINT ( 'NONE',  ( 22.78856849851096911, 12.46271179780728566, -2.399999999999989697 ) ) ;
#6948 = CARTESIAN_POINT ( 'NONE',  ( 0.000000000000000000, 35.25128029631821391, 1.950000000000000400 ) ) ;
#6949 = VERTEX_POINT ( 'NONE', #3556 ) ;
#6950 = LINE ( 'NONE', #1400, #5555 ) ;
#6951 = DIRECTION ( 'NONE',  ( -0.000000000000000000, -1.000000000000000000, 0.000000000000000000 ) ) ;
#6952 = EDGE_LOOP ( 'NONE', ( #4919, #4676, #3375, #3643, #1615, #633, #5409, #6172, #706, #1422 ) ) ;
#6953 = B_SPLINE_CURVE_WITH_KNOTS ( 'NONE', 3,
 ( #6359, #1836, #6923, #2399, #3530, #182 ),
 .UNSPECIFIED., .F., .F.,
 ( 4, 2, 4 ),
 ( -6.324575559474334575E-06, 0.0003787870899571991372, 0.0007638987554738725302 ),
 .UNSPECIFIED. ) ;
#6954 = CARTESIAN_POINT ( 'NONE',  ( -2.750000000000000000, 19.01029741264793671, -4.818023603591143614E-16 ) ) ;
#6955 = ORIENTED_EDGE ( 'NONE', *, *, #5993, .F. ) ;
#6956 = CARTESIAN_POINT ( 'NONE',  ( -1.600000000000000311, 42.04417351513166778, 1.950000000000001066 ) ) ;
#6957 = AXIS2_PLACEMENT_3D ( 'NONE', #854, #3608, #5326 ) ;
#6958 = EDGE_CURVE ( 'NONE', #3423, #5769, #609, .T. ) ;
#6959 = ORIENTED_EDGE ( 'NONE', *, *, #23, .F. ) ;
#6960 = CARTESIAN_POINT ( 'NONE',  ( -6.500000000000002665, 28.25128029631820681, 0.000000000000000000 ) ) ;
#6961 = ORIENTED_EDGE ( 'NONE', *, *, #393, .F. ) ;
#6962 = CARTESIAN_POINT ( 'NONE',  ( 9.000000000000001776, -7.691166140300482290, -0.5999999999999963141 ) ) ;
#6963 = CARTESIAN_POINT ( 'NONE',  ( 0.001479088665831894108, -18.88868673148682120, -3.000000000000000000 ) ) ;
#6964 = ORIENTED_EDGE ( 'NONE', *, *, #7181, .T. ) ;
#6965 = ADVANCED_FACE ( 'NONE', ( #2338 ), #6096, .T. ) ;
#6966 = AXIS2_PLACEMENT_3D ( 'NONE', #323, #3081, #3662 ) ;
#6967 = ORIENTED_EDGE ( 'NONE', *, *, #5336, .F. ) ;
#6968 = EDGE_LOOP ( 'NONE', ( #4252, #6643, #1434, #4594 ) ) ;
#6969 = CARTESIAN_POINT ( 'NONE',  ( -16.42181947020512567, 6.101538764755273014, -3.000000000000000000 ) ) ;
#6970 = DIRECTION ( 'NONE',  ( 0.000000000000000000, 0.9899494936611670237, -0.1414213562373065058 ) ) ;
#6971 = CARTESIAN_POINT ( 'NONE',  ( 10.45977694124986712, -15.36032446427472387, -3.000000000000000000 ) ) ;
#6972 = LINE ( 'NONE', #2456, #599 ) ;
#6973 = ORIENTED_EDGE ( 'NONE', *, *, #5704, .F. ) ;
#6974 = CARTESIAN_POINT ( 'NONE',  ( -3.000000000000000888, 25.20863973115370982, 0.7911935534078327059 ) ) ;
#6975 = EDGE_LOOP ( 'NONE', ( #7198, #5089, #1182, #6464 ) ) ;
#6976 = DIRECTION ( 'NONE',  ( -1.000000000000000000, 0.000000000000000000, 0.000000000000000000 ) ) ;
#6977 = EDGE_CURVE ( 'NONE', #6130, #2589, #6981, .T. ) ;
#6978 = LINE ( 'NONE', #3754, #5408 ) ;
#6979 = EDGE_LOOP ( 'NONE', ( #3344, #3693, #1360, #2838 ) ) ;
#6980 = CARTESIAN_POINT ( 'NONE',  ( 4.439339828220161266, 42.25128029631820681, -2.560660171779823635 ) ) ;
#6981 = CIRCLE ( 'NONE', #4568, 2.074258476847202992 ) ;
#6982 = CIRCLE ( 'NONE', #89, 1.000000000000000000 ) ;
#6983 = EDGE_CURVE ( 'NONE', #6515, #3032, #351, .T. ) ;
#6984 = FACE_OUTER_BOUND ( 'NONE', #2626, .T. ) ;
#6985 = CARTESIAN_POINT ( 'NONE',  ( 7.000000000000002665, 28.75128029631820681, -22.79898987322333781 ) ) ;
#6986 = CIRCLE ( 'NONE', #1355, 0.4999999999999995559 ) ;
#6987 = ORIENTED_EDGE ( 'NONE', *, *, #6554, .T. ) ;
#6988 = DIRECTION ( 'NONE',  ( -0.000000000000000000, -0.000000000000000000, -1.000000000000000000 ) ) ;
#6989 = PLANE ( 'NONE',  #6459 ) ;
#6990 = DIRECTION ( 'NONE',  ( 0.000000000000000000, -1.000000000000000000, 0.000000000000000000 ) ) ;
#6991 = DIRECTION ( 'NONE',  ( -1.000000000000000000, 0.000000000000000000, 0.000000000000000000 ) ) ;
#6992 = DIRECTION ( 'NONE',  ( -0.000000000000000000, -0.000000000000000000, -1.000000000000000000 ) ) ;
#6993 = AXIS2_PLACEMENT_3D ( 'NONE', #2739, #3328, #3839 ) ;
#6994 = VECTOR ( 'NONE', #470, 1000.000000000000000 ) ;
#6995 = ORIENTED_EDGE ( 'NONE', *, *, #6401, .T. ) ;
#6996 = CARTESIAN_POINT ( 'NONE',  ( 3.378679656440349177, 5.391643985941799500, -3.000000000000000000 ) ) ;
#6997 = EDGE_CURVE ( 'NONE', #6552, #2530, #6371, .T. ) ;
#6998 = EDGE_CURVE ( 'NONE', #5029, #1443, #6452, .T. ) ;
#6999 = ADVANCED_FACE ( 'NONE', ( #3481 ), #4980, .T. ) ;
#7000 = CARTESIAN_POINT ( 'NONE',  ( -4.753048327204941970, 41.75128029631820681, -11.04594154601834077 ) ) ;
#7001 = VERTEX_POINT ( 'NONE', #3527 ) ;
#7002 = VECTOR ( 'NONE', #6110, 1000.000000000000114 ) ;
#7003 = DIRECTION ( 'NONE',  ( 0.000000000000000000, -1.000000000000000000, 0.000000000000000000 ) ) ;
#7004 = EDGE_CURVE ( 'NONE', #1525, #2830, #1721, .T. ) ;
#7005 = FACE_OUTER_BOUND ( 'NONE', #1133, .T. ) ;
#7006 = CARTESIAN_POINT ( 'NONE',  ( -15.71750068664550604, 5.391643985941802164, -2.399999999999989697 ) ) ;
#7007 = LINE ( 'NONE', #1568, #1151 ) ;
#7008 = DIRECTION ( 'NONE',  ( -1.858632295689435856E-16, 1.000000000000000000, 0.000000000000000000 ) ) ;
#7009 = CARTESIAN_POINT ( 'NONE',  ( 5.652034699307244558, 30.25128029631820326, 4.448075400297425652 ) ) ;
#7010 = DIRECTION ( 'NONE',  ( 1.000000000000000000, 0.000000000000000000, 0.000000000000000000 ) ) ;
#7011 = CARTESIAN_POINT ( 'NONE',  ( 5.500000000000002665, 30.25128029631820326, 6.500000000000000000 ) ) ;
#7012 = CARTESIAN_POINT ( 'NONE',  ( -2.402912570958193328, 24.87158794614853718, 1.070961000345662884 ) ) ;
#7013 = CARTESIAN_POINT ( 'NONE',  ( -3.000000000000000000, 23.45128041827299015, 1.021323939618402399 ) ) ;
#7014 = LINE ( 'NONE', #6041, #2189 ) ;
#7015 = EDGE_LOOP ( 'NONE', ( #4662, #5649, #224, #732 ) ) ;
#7016 = CARTESIAN_POINT ( 'NONE',  ( 7.000000000000002665, 30.25128029631820326, -0.6000000000000033085 ) ) ;
#7017 = ORIENTED_EDGE ( 'NONE', *, *, #5611, .F. ) ;
#7018 = CARTESIAN_POINT ( 'NONE',  ( 4.075974153824395430, 39.82750742907313679, 6.500000000000000000 ) ) ;
#7019 = LINE ( 'NONE', #2405, #4952 ) ;
#7020 = DIRECTION ( 'NONE',  ( -0.5822706741880129266, 0.000000000000000000, -0.8129949950526367264 ) ) ;
#7021 = ORIENTED_EDGE ( 'NONE', *, *, #6997, .T. ) ;
#7022 = ADVANCED_FACE ( 'NONE', ( #5752 ), #1267, .T. ) ;
#7023 = EDGE_CURVE ( 'NONE', #1806, #713, #2944, .T. ) ;
#7024 = AXIS2_PLACEMENT_3D ( 'NONE', #3325, #2858, #1169 ) ;
#7025 = LINE ( 'NONE', #1814, #5712 ) ;
#7026 = DIRECTION ( 'NONE',  ( -0.8129949950526367264, 0.000000000000000000, -0.5822706741880129266 ) ) ;
#7027 = FACE_OUTER_BOUND ( 'NONE', #1684, .T. ) ;
#7028 = ORIENTED_EDGE ( 'NONE', *, *, #839, .T. ) ;
#7029 = CARTESIAN_POINT ( 'NONE',  ( -3.000000000000000000, 23.45128041827299015, 1.021323939618402399 ) ) ;
#7030 = ADVANCED_FACE ( 'NONE', ( #1910 ), #4721, .T. ) ;
#7031 = VERTEX_POINT ( 'NONE', #5670 ) ;
#7032 = VECTOR ( 'NONE', #6775, 1000.000000000000000 ) ;
#7033 = AXIS2_PLACEMENT_3D ( 'NONE', #3867, #4923, #525 ) ;
#7034 = DIRECTION ( 'NONE',  ( 8.778919873302141475E-16, -0.7071067811865444641, 0.7071067811865505703 ) ) ;
#7035 = CARTESIAN_POINT ( 'NONE',  ( -3.500000000000000000, 23.95128041827299015, 0.000000000000000000 ) ) ;
#7036 = EDGE_CURVE ( 'NONE', #4090, #3739, #4540, .T. ) ;
#7037 = VERTEX_POINT ( 'NONE', #2319 ) ;
#7038 = DIRECTION ( 'NONE',  ( -1.000000000000000000, 0.000000000000000000, 0.000000000000000000 ) ) ;
#7039 = ORIENTED_EDGE ( 'NONE', *, *, #3253, .F. ) ;
#7040 = CARTESIAN_POINT ( 'NONE',  ( 2.399999999999999911, 35.25128029631821391, 8.738225099390854567 ) ) ;
#7041 = VERTEX_POINT ( 'NONE', #4604 ) ;
#7042 = DIRECTION ( 'NONE',  ( 0.000000000000000000, -1.000000000000000000, 0.000000000000000000 ) ) ;
#7043 = DIRECTION ( 'NONE',  ( -0.7071067811865483499, -0.7071067811865465735, 0.000000000000000000 ) ) ;
#7044 = AXIS2_PLACEMENT_3D ( 'NONE', #5275, #338, #4219 ) ;
#7045 = ORIENTED_EDGE ( 'NONE', *, *, #681, .F. ) ;
#7046 = VERTEX_POINT ( 'NONE', #6819 ) ;
#7047 = EDGE_CURVE ( 'NONE', #2927, #2579, #875, .T. ) ;
#7048 = LINE ( 'NONE', #5100, #6528 ) ;
#7049 = ORIENTED_EDGE ( 'NONE', *, *, #345, .T. ) ;
#7050 = ORIENTED_EDGE ( 'NONE', *, *, #4702, .F. ) ;
#7051 = CARTESIAN_POINT ( 'NONE',  ( -14.30049912664548728, -8.291166140300475718, 0.000000000000000000 ) ) ;
#7052 = EDGE_LOOP ( 'NONE', ( #486, #2590, #4165, #5579 ) ) ;
#7053 = CARTESIAN_POINT ( 'NONE',  ( -5.500000000000000000, 41.75128029631820681, 4.999999999999999112 ) ) ;
#7054 = CONICAL_SURFACE ( 'NONE', #4459, 10.60000000000001030, 0.7853981633974541632 ) ;
#7055 = VERTEX_POINT ( 'NONE', #2882 ) ;
#7056 = ORIENTED_EDGE ( 'NONE', *, *, #1391, .F. ) ;
#7057 = CARTESIAN_POINT ( 'NONE',  ( 3.622919641721424000, 41.75128029631820681, 4.999999999999999112 ) ) ;
#7058 = DIRECTION ( 'NONE',  ( -1.000000000000000000, 0.000000000000000000, 0.000000000000000000 ) ) ;
#7059 = DIRECTION ( 'NONE',  ( 0.000000000000000000, 0.000000000000000000, 1.000000000000000000 ) ) ;
#7060 = DIRECTION ( 'NONE',  ( 0.000000000000000000, 1.000000000000000000, 0.000000000000000000 ) ) ;
#7061 = ORIENTED_EDGE ( 'NONE', *, *, #4619, .T. ) ;
#7062 = CARTESIAN_POINT ( 'NONE',  ( -2.914224785597600231, 24.26578324975645984, 1.157504528401641863 ) ) ;
#7063 = DIRECTION ( 'NONE',  ( 1.000000000000000000, 1.241526754781063561E-15, 0.000000000000000000 ) ) ;
#7064 = FACE_OUTER_BOUND ( 'NONE', #4886, .T. ) ;
#7065 = ORIENTED_EDGE ( 'NONE', *, *, #6197, .F. ) ;
#7066 = CARTESIAN_POINT ( 'NONE',  ( 14.30049912664548728, 3.980218421195628409, -2.399999999999990585 ) ) ;
#7067 = EDGE_CURVE ( 'NONE', #1362, #4865, #1994, .T. ) ;
#7068 = LINE ( 'NONE', #5175, #3933 ) ;
#7069 = AXIS2_PLACEMENT_3D ( 'NONE', #6944, #6970, #3628 ) ;
#7070 = ADVANCED_FACE ( 'NONE', ( #1203 ), #443, .F. ) ;
#7071 = DIRECTION ( 'NONE',  ( -1.000000000000000000, 0.000000000000000000, -0.000000000000000000 ) ) ;
#7072 = DIRECTION ( 'NONE',  ( -0.000000000000000000, -0.000000000000000000, 1.000000000000000000 ) ) ;
#7073 = CARTESIAN_POINT ( 'NONE',  ( -24.15049912664551357, -1.528473728810499699, -3.000000000000000000 ) ) ;
#7074 = CARTESIAN_POINT ( 'NONE',  ( 2.750000000000000444, 22.95128041827299015, 1.345290647185026334 ) ) ;
#7075 = VERTEX_POINT ( 'NONE', #852 ) ;
#7076 = FACE_OUTER_BOUND ( 'NONE', #1287, .T. ) ;
#7077 = PLANE ( 'NONE',  #1033 ) ;
#7078 = EDGE_CURVE ( 'NONE', #3084, #1980, #695, .T. ) ;
#7079 = TOROIDAL_SURFACE ( 'NONE', #2624, 1.000000000000000000, 0.5000000000000000000 ) ;
#7080 = VERTEX_POINT ( 'NONE', #3680 ) ;
#7081 = EDGE_CURVE ( 'NONE', #3185, #5913, #6015, .T. ) ;
#7082 = DIRECTION ( 'NONE',  ( 0.000000000000000000, 0.000000000000000000, -1.000000000000000000 ) ) ;
#7083 = CARTESIAN_POINT ( 'NONE',  ( 4.235164736271501695E-15, -19.48869245233285241, -0.5999999999999928724 ) ) ;
#7084 = DIRECTION ( 'NONE',  ( 8.673617379884033500E-16, 0.000000000000000000, 1.000000000000000000 ) ) ;
#7085 = CONICAL_SURFACE ( 'NONE', #7201, 3.599999999999995648, 0.7853981633974490562 ) ;
#7086 = VERTEX_POINT ( 'NONE', #5886 ) ;
#7087 = DIRECTION ( 'NONE',  ( 0.000000000000000000, 0.000000000000000000, 1.000000000000000000 ) ) ;
#7088 = CARTESIAN_POINT ( 'NONE',  ( 0.000000000000000000, 40.25128029631820681, 1.670150133734640052 ) ) ;
#7089 = DIRECTION ( 'NONE',  ( -0.000000000000000000, 1.000000000000000000, 0.000000000000000000 ) ) ;
#7090 = CARTESIAN_POINT ( 'NONE',  ( 2.000000000000000000, 30.25128029631820326, 1.818884925064438551 ) ) ;
#7091 = LINE ( 'NONE', #578, #4561 ) ;
#7092 = DIRECTION ( 'NONE',  ( 1.000000000000000000, 0.000000000000000000, -0.000000000000000000 ) ) ;
#7093 = CARTESIAN_POINT ( 'NONE',  ( 3.378679656440342516, 40.16586011838587211, -3.000000000000000000 ) ) ;
#7094 = EDGE_CURVE ( 'NONE', #4693, #5769, #6627, .T. ) ;
#7095 = ORIENTED_EDGE ( 'NONE', *, *, #239, .F. ) ;
#7096 = B_SPLINE_CURVE_WITH_KNOTS ( 'NONE', 3,
 ( #4349, #998, #2715, #2675, #1021, #7093 ),
 .UNSPECIFIED., .F., .F.,
 ( 4, 2, 4 ),
 ( 2.932721784639060050E-17, 0.0004407568101118474434, 0.0008815136202236640954 ),
 .UNSPECIFIED. ) ;
#7097 = CARTESIAN_POINT ( 'NONE',  ( -14.30049912664548728, 3.980218421195628409, -0.5999999999999894307 ) ) ;
#7098 = LINE ( 'NONE', #4045, #2277 ) ;
#7099 = DIRECTION ( 'NONE',  ( 1.000000000000000000, 0.000000000000000000, -0.000000000000000000 ) ) ;
#7100 = CARTESIAN_POINT ( 'NONE',  ( -2.000000000000000000, 30.25128029631820326, 1.818884925064438551 ) ) ;
#7101 = CARTESIAN_POINT ( 'NONE',  ( 4.110931225620106488, 30.60392057553160683, 6.500000000000000000 ) ) ;
#7102 = VERTEX_POINT ( 'NONE', #1909 ) ;
#7103 = FACE_OUTER_BOUND ( 'NONE', #5403, .T. ) ;
#7104 = CIRCLE ( 'NONE', #1272, 0.5000000000000004441 ) ;
#7105 = AXIS2_PLACEMENT_3D ( 'NONE', #579, #4482, #3995 ) ;
#7106 = DIRECTION ( 'NONE',  ( -4.001029970875857235E-16, 1.000000000000000000, 0.000000000000000000 ) ) ;
#7107 = ADVANCED_FACE ( 'NONE', ( #3041 ), #4732, .F. ) ;
#7108 = LINE ( 'NONE', #6963, #390 ) ;
#7109 = DIRECTION ( 'NONE',  ( 0.7071067811865491270, -0.000000000000000000, -0.7071067811865459074 ) ) ;
#7110 = ORIENTED_EDGE ( 'NONE', *, *, #6428, .F. ) ;
#7111 = DIRECTION ( 'NONE',  ( -0.7071067811865472397, 0.000000000000000000, 0.7071067811865479058 ) ) ;
#7112 = CARTESIAN_POINT ( 'NONE',  ( 22.71750068664549005, -15.71147595840165145, -3.000000000000000000 ) ) ;
#7113 = DIRECTION ( 'NONE',  ( 0.000000000000000000, 0.000000000000000000, 1.000000000000000000 ) ) ;
#7114 = DIRECTION ( 'NONE',  ( 0.000000000000000000, 0.000000000000000000, -1.000000000000000000 ) ) ;
#7115 = EDGE_CURVE ( 'NONE', #3946, #6086, #263, .T. ) ;
#7116 = ORIENTED_EDGE ( 'NONE', *, *, #4917, .F. ) ;
#7118 = AXIS2_PLACEMENT_3D ( 'NONE', #4882, #484, #6575 ) ;
#7117 = DIRECTION ( 'NONE',  ( -0.000000000000000000, 1.734723475976807094E-15, 1.000000000000000000 ) ) ;
#7119 = DIRECTION ( 'NONE',  ( -0.000000000000000000, 1.000000000000000000, 0.000000000000000000 ) ) ;
#7120 = CIRCLE ( 'NONE', #4467, 2.399999999999999911 ) ;
#7121 = ORIENTED_EDGE ( 'NONE', *, *, #573, .T. ) ;
#7122 = ORIENTED_EDGE ( 'NONE', *, *, #1059, .T. ) ;
#7123 = DIRECTION ( 'NONE',  ( 0.000000000000000000, 1.000000000000000000, -0.000000000000000000 ) ) ;
#7124 = ORIENTED_EDGE ( 'NONE', *, *, #5416, .T. ) ;
#7125 = DIRECTION ( 'NONE',  ( -1.000000000000000000, 0.000000000000000000, -0.000000000000000000 ) ) ;
#7126 = CIRCLE ( 'NONE', #503, 2.399999999999999911 ) ;
#7127 = CARTESIAN_POINT ( 'NONE',  ( -15.71750068664550604, 5.391643985941802164, -3.000000000000000000 ) ) ;
#7128 = CARTESIAN_POINT ( 'NONE',  ( 3.250000000000000888, 12.95128041827298482, -3.000000000000000000 ) ) ;
#7129 = EDGE_CURVE ( 'NONE', #642, #5350, #6800, .T. ) ;
#7130 = AXIS2_PLACEMENT_3D ( 'NONE', #6451, #3678, #260 ) ;
#7131 = ORIENTED_EDGE ( 'NONE', *, *, #3281, .F. ) ;
#7132 = EDGE_LOOP ( 'NONE', ( #5891, #185 ) ) ;
#7133 = ORIENTED_EDGE ( 'NONE', *, *, #1452, .F. ) ;
#7134 = ORIENTED_EDGE ( 'NONE', *, *, #715, .F. ) ;
#7135 = VERTEX_POINT ( 'NONE', #4777 ) ;
#7136 = AXIS2_PLACEMENT_3D ( 'NONE', #6471, #1476, #3672 ) ;
#7137 = CARTESIAN_POINT ( 'NONE',  ( 4.911353370940068963, 30.25128029631820326, -2.246090050198743526 ) ) ;
#7138 = CARTESIAN_POINT ( 'NONE',  ( -3.631946009244122475, 28.75128029631821036, 4.999999999999999112 ) ) ;
#7139 = DIRECTION ( 'NONE',  ( 0.000000000000000000, 0.000000000000000000, 1.000000000000000000 ) ) ;
#7140 = CARTESIAN_POINT ( 'NONE',  ( -25.11750068664549929, 5.391643985941802164, -3.000000000000000000 ) ) ;
#7141 = EDGE_CURVE ( 'NONE', #2853, #6515, #4011, .T. ) ;
#7143 = EDGE_CURVE ( 'NONE', #765, #3539, #2520, .T. ) ;
#7142 = CARTESIAN_POINT ( 'NONE',  ( -25.11750068664549929, -12.71147595840164968, 0.000000000000000000 ) ) ;
#7144 = ORIENTED_EDGE ( 'NONE', *, *, #4908, .F. ) ;
#7145 = DIRECTION ( 'NONE',  ( 0.000000000000000000, 0.000000000000000000, 1.000000000000000000 ) ) ;
#7146 = VERTEX_POINT ( 'NONE', #7011 ) ;
#7147 = ORIENTED_EDGE ( 'NONE', *, *, #1550, .F. ) ;
#7148 = B_SPLINE_CURVE_WITH_KNOTS ( 'NONE', 3,
 ( #55, #2833, #7237, #6134 ),
 .UNSPECIFIED., .F., .F.,
 ( 4, 4 ),
 ( 0.0003611292724651895885, 0.001932430427580778248 ),
 .UNSPECIFIED. ) ;
#7149 = CONICAL_SURFACE ( 'NONE', #847, 2.225000000000025402, 0.7853981633974419507 ) ;
#7150 = VERTEX_POINT ( 'NONE', #5302 ) ;
#7151 = ADVANCED_FACE ( 'NONE', ( #2702 ), #1885, .T. ) ;
#7152 = CARTESIAN_POINT ( 'NONE',  ( 22.78856849851096911, 12.46271179780728566, -0.6000000000000033085 ) ) ;
#7153 = DIRECTION ( 'NONE',  ( -0.5842645500517748003, -0.000000000000000000, 0.8115632665127204826 ) ) ;
#7154 = ORIENTED_EDGE ( 'NONE', *, *, #2358, .F. ) ;
#7156 = EDGE_CURVE ( 'NONE', #5554, #5705, #1810, .T. ) ;
#7155 = DIRECTION ( 'NONE',  ( 1.000000000000000000, 0.000000000000000000, -0.000000000000000000 ) ) ;
#7157 = ORIENTED_EDGE ( 'NONE', *, *, #4996, .F. ) ;
#7158 = VERTEX_POINT ( 'NONE', #802 ) ;
#7159 = CARTESIAN_POINT ( 'NONE',  ( 4.161890565203551162, 39.75165505400882893, -2.167848748330901465 ) ) ;
#7160 = LINE ( 'NONE', #6219, #5659 ) ;
#7161 = CYLINDRICAL_SURFACE ( 'NONE', #4304, 0.5000000000000000000 ) ;
#7162 = CARTESIAN_POINT ( 'NONE',  ( 14.30049912664548728, -8.291166140300479270, 0.000000000000000000 ) ) ;
#7163 = AXIS2_PLACEMENT_3D ( 'NONE', #2239, #5116, #5660 ) ;
#7164 = LINE ( 'NONE', #2573, #6718 ) ;
#7165 = DIRECTION ( 'NONE',  ( 0.5822706741880129266, 0.000000000000000000, -0.8129949950526367264 ) ) ;
#7166 = DIRECTION ( 'NONE',  ( 0.000000000000000000, -1.000000000000000000, 0.000000000000000000 ) ) ;
#7167 = DIRECTION ( 'NONE',  ( -0.7071067811865497932, 0.000000000000000000, -0.7071067811865452413 ) ) ;
#7168 = DIRECTION ( 'NONE',  ( -0.8129949950526363933, -4.002428958826663206E-16, -0.5822706741880134818 ) ) ;
#7169 = VECTOR ( 'NONE', #4379, 1000.000000000000000 ) ;
#7170 = CARTESIAN_POINT ( 'NONE',  ( 3.622919641721424000, 40.25128029631820681, 4.999999999999999112 ) ) ;
#7171 = LINE ( 'NONE', #6969, #6106 ) ;
#7172 = DIRECTION ( 'NONE',  ( 0.8129949950526367264, 0.000000000000000000, -0.5822706741880129266 ) ) ;
#7173 = EDGE_CURVE ( 'NONE', #3810, #6316, #3302, .T. ) ;
#7174 = AXIS2_PLACEMENT_3D ( 'NONE', #130, #3999, #1757 ) ;
#7175 = CARTESIAN_POINT ( 'NONE',  ( 3.000000000000000000, 13.95128041827298837, -2.000000000000000000 ) ) ;
#7176 = CARTESIAN_POINT ( 'NONE',  ( 6.949102955666232262, 28.53149281894095424, 0.000000000000000000 ) ) ;
#7177 = DIRECTION ( 'NONE',  ( 0.000000000000000000, -1.000000000000000000, -0.000000000000000000 ) ) ;
#7178 = CARTESIAN_POINT ( 'NONE',  ( -4.075974153824395430, 30.25128029631820326, 6.500000000000000000 ) ) ;
#7179 = LINE ( 'NONE', #1361, #6642 ) ;
#7180 = ORIENTED_EDGE ( 'NONE', *, *, #3759, .F. ) ;
#7181 = EDGE_CURVE ( 'NONE', #5350, #6164, #2163, .T. ) ;
#7182 = AXIS2_PLACEMENT_3D ( 'NONE', #2980, #1508, #5911 ) ;
#7183 = ORIENTED_EDGE ( 'NONE', *, *, #7004, .T. ) ;
#7184 = DIRECTION ( 'NONE',  ( -0.000000000000000000, -0.000000000000000000, -1.000000000000000000 ) ) ;
#7185 = ADVANCED_FACE ( 'NONE', ( #5922 ), #5820, .F. ) ;
#7186 = ORIENTED_EDGE ( 'NONE', *, *, #3379, .T. ) ;
#7187 = CARTESIAN_POINT ( 'NONE',  ( 6.000000000000000888, -4.691166140300482290, -3.000000000000000000 ) ) ;
#7188 = CARTESIAN_POINT ( 'NONE',  ( -5.500000000000000000, 42.25128029631820681, 0.6213203435596476032 ) ) ;
#7189 = CARTESIAN_POINT ( 'NONE',  ( 2.826931958131044809, 18.93336545451688835, -0.008957481878049140117 ) ) ;
#7190 = CIRCLE ( 'NONE', #5134, 1.625000000000001332 ) ;
#7191 = AXIS2_PLACEMENT_3D ( 'NONE', #3519, #3548, #747 ) ;
#7192 = CARTESIAN_POINT ( 'NONE',  ( 0.000000000000000000, 30.25128029631820326, 1.670150133734640052 ) ) ;
#7193 = EDGE_CURVE ( 'NONE', #195, #2828, #1191, .T. ) ;
#7194 = CARTESIAN_POINT ( 'NONE',  ( -3.000000000000000000, 23.45128041827299015, -2.399999999999983036 ) ) ;
#7195 = DIRECTION ( 'NONE',  ( 0.000000000000000000, 0.000000000000000000, -1.000000000000000000 ) ) ;
#7196 = VECTOR ( 'NONE', #4471, 1000.000000000000000 ) ;
#7197 = DIRECTION ( 'NONE',  ( 0.000000000000000000, -1.000000000000000000, -0.000000000000000000 ) ) ;
#7198 = ORIENTED_EDGE ( 'NONE', *, *, #3759, .T. ) ;
#7199 = ORIENTED_EDGE ( 'NONE', *, *, #2359, .F. ) ;
#7200 = VECTOR ( 'NONE', #4718, 1000.000000000000000 ) ;
#7201 = AXIS2_PLACEMENT_3D ( 'NONE', #2284, #3596, #5785 ) ;
#7202 = CIRCLE ( 'NONE', #2814, 5.000000000000000888 ) ;
#7203 = ORIENTED_EDGE ( 'NONE', *, *, #3862, .F. ) ;
#7204 = CARTESIAN_POINT ( 'NONE',  ( -21.92549912664548728, -1.528473728810499699, -3.000000000000000000 ) ) ;
#7205 = ORIENTED_EDGE ( 'NONE', *, *, #3101, .F. ) ;
#7206 = CARTESIAN_POINT ( 'NONE',  ( -5.500000000000000000, 41.75128029631820681, 0.6213203435596476032 ) ) ;
#7207 = ORIENTED_EDGE ( 'NONE', *, *, #880, .F. ) ;
#7208 = EDGE_CURVE ( 'NONE', #6529, #2736, #2330, .T. ) ;
#7210 = AXIS2_PLACEMENT_3D ( 'NONE', #1976, #3653, #2517 ) ;
#7209 = CARTESIAN_POINT ( 'NONE',  ( -9.625208355906046620, 25.62607194041217085, -0.6000000000000041966 ) ) ;
#7211 = EDGE_LOOP ( 'NONE', ( #2055, #1673, #6839, #6788 ) ) ;
#7212 = CIRCLE ( 'NONE', #3194, 9.999999999999998224 ) ;
#7213 = ORIENTED_EDGE ( 'NONE', *, *, #3518, .T. ) ;
#7214 = ADVANCED_FACE ( 'NONE', ( #6709 ), #5840, .T. ) ;
#7215 = ORIENTED_EDGE ( 'NONE', *, *, #6080, .F. ) ;
#7216 = DIRECTION ( 'NONE',  ( -0.7071067811865479058, 0.000000000000000000, 0.7071067811865472397 ) ) ;
#7217 = EDGE_CURVE ( 'NONE', #3192, #1647, #3841, .T. ) ;
#7218 = AXIS2_PLACEMENT_3D ( 'NONE', #743, #6320, #2917 ) ;
#7219 = CARTESIAN_POINT ( 'NONE',  ( -3.250000000000000444, 13.20128041827299015, -2.290057105453108007E-14 ) ) ;
#7220 = ORIENTED_EDGE ( 'NONE', *, *, #1845, .T. ) ;
#7221 = VERTEX_POINT ( 'NONE', #991 ) ;
#7222 = DIRECTION ( 'NONE',  ( 0.000000000000000000, -1.000000000000000000, 0.000000000000000000 ) ) ;
#7223 = LINE ( 'NONE', #4554, #3740 ) ;
#7224 = EDGE_LOOP ( 'NONE', ( #6256, #4902, #5914, #2136 ) ) ;
#7225 = VERTEX_POINT ( 'NONE', #5935 ) ;
#7226 = DIRECTION ( 'NONE',  ( 0.000000000000000000, 1.000000000000000000, 0.000000000000000000 ) ) ;
#7227 = EDGE_LOOP ( 'NONE', ( #2110, #432, #5183, #1495, #5055, #513, #3831, #2204, #249, #5467 ) ) ;
#7228 = EDGE_CURVE ( 'NONE', #4360, #6232, #3204, .T. ) ;
#7230 = EDGE_CURVE ( 'NONE', #3812, #5418, #1985, .T. ) ;
#7229 = CARTESIAN_POINT ( 'NONE',  ( 4.057072775181987723, 40.24893507709086293, -2.242919721256864118 ) ) ;
#7231 = FACE_OUTER_BOUND ( 'NONE', #6436, .T. ) ;
#7232 = EDGE_LOOP ( 'NONE', ( #3258, #984, #315, #2388, #4002 ) ) ;
#7233 = VECTOR ( 'NONE', #2796, 1000.000000000000114 ) ;
#7234 = ORIENTED_EDGE ( 'NONE', *, *, #3270, .F. ) ;
#7235 = VECTOR ( 'NONE', #6255, 1000.000000000000000 ) ;
#7236 = DIRECTION ( 'NONE',  ( -1.000000000000000000, 0.000000000000000000, 0.000000000000000000 ) ) ;
#7237 = CARTESIAN_POINT ( 'NONE',  ( 7.000000000000002665, 29.74104377325220483, -0.4752033175283194022 ) ) ;
#7238 = LINE ( 'NONE', #2469, #4283 ) ;
#7239 = VERTEX_POINT ( 'NONE', #4244 ) ;
#7241 = AXIS2_PLACEMENT_3D ( 'NONE', #4442, #5513, #3274 ) ;
#7240 = DIRECTION ( 'NONE',  ( -1.000000000000000000, 0.000000000000000000, 0.000000000000000000 ) ) ;
#7242 = VECTOR ( 'NONE', #2121, 1000.000000000000000 ) ;
#7243 = ORIENTED_EDGE ( 'NONE', *, *, #4210, .F. ) ;
#7244 = VECTOR ( 'NONE', #5201, 1000.000000000000000 ) ;
#7245 = VECTOR ( 'NONE', #1727, 1000.000000000000000 ) ;
#7246 = EDGE_LOOP ( 'NONE', ( #1278, #6647, #4790, #2382, #601 ) ) ;
ENDSEC;
END-ISO-10303-21;
