ISO-10303-21;
HEADER;
FILE_DESCRIPTION (( 'STEP AP214' ),
    '1' );
FILE_NAME ('nozzle-brush-mount.STL.STEP',
    '2026-07-30T06:03:21',
    ( '' ),
    ( '' ),
    'SwSTEP 2.0',
    'SolidWorks 2018',
    '' );
FILE_SCHEMA (( 'AUTOMOTIVE_DESIGN' ));
ENDSEC;

DATA;
#1 = DIRECTION ( 'NONE',  ( -1.000000000000000000, 0.000000000000000000, 1.240927428851029466E-16 ) ) ;
#2 = LINE ( 'NONE', #1550, #1580 ) ;
#3 = DIRECTION ( 'NONE',  ( -8.580961589581277185E-16, -0.7071067811864670816, 0.7071067811866279529 ) ) ;
#4 = FILL_AREA_STYLE_COLOUR ( '', #1956 ) ;
#5 = AXIS2_PLACEMENT_3D ( 'NONE', #1741, #551, #168 ) ;
#6 = CARTESIAN_POINT ( 'NONE',  ( -7.834314575050655094, -4.450000000004244782, 0.000000000000000000 ) ) ;
#7 = ORIENTED_EDGE ( 'NONE', *, *, #578, .T. ) ;
#8 = ADVANCED_FACE ( 'NONE', ( #529 ), #1142, .F. ) ;
#9 = VERTEX_POINT ( 'NONE', #843 ) ;
#10 = CARTESIAN_POINT ( 'NONE',  ( 43.66700000000745518, -3.049999999999953637, 14.70000000015666686 ) ) ;
#11 = EDGE_CURVE ( 'NONE', #2004, #1277, #260, .T. ) ;
#12 = ORIENTED_EDGE ( 'NONE', *, *, #1761, .F. ) ;
#13 = ORIENTED_EDGE ( 'NONE', *, *, #929, .F. ) ;
#14 = CARTESIAN_POINT ( 'NONE',  ( -2.800000000000000266, -4.450000000004338929, -1.027386408600270055E-13 ) ) ;
#15 = EDGE_LOOP ( 'NONE', ( #18, #1913, #1596, #2553 ) ) ;
#16 = CARTESIAN_POINT ( 'NONE',  ( 45.91700000000749071, -3.349999999999950351, 16.50000000015655033 ) ) ;
#17 = EDGE_CURVE ( 'NONE', #49, #178, #987, .T. ) ;
#18 = ORIENTED_EDGE ( 'NONE', *, *, #824, .T. ) ;
#19 = CARTESIAN_POINT ( 'NONE',  ( 7.999999999999996447, 4.849999999995429967, 3.652049423042631440E-16 ) ) ;
#20 = CARTESIAN_POINT ( 'NONE',  ( 44.11700000000746513, 1.499999999999999556, 16.20000000015655317 ) ) ;
#21 = AXIS2_PLACEMENT_3D ( 'NONE', #664, #1465, #1427 ) ;
#22 = ORIENTED_EDGE ( 'NONE', *, *, #779, .F. ) ;
#23 = CYLINDRICAL_SURFACE ( 'NONE', #737, 0.4499999999999990119 ) ;
#24 =( GEOMETRIC_REPRESENTATION_CONTEXT ( 3 ) GLOBAL_UNCERTAINTY_ASSIGNED_CONTEXT ( ( #1807 ) ) GLOBAL_UNIT_ASSIGNED_CONTEXT ( ( #2194, #801, #2210 ) ) REPRESENTATION_CONTEXT ( 'NONE', 'WORKASPACE' ) );
#25 = DIRECTION ( 'NONE',  ( -3.154042683564268203E-16, -2.568466037843052757E-13, -1.000000000000000000 ) ) ;
#26 = FACE_OUTER_BOUND ( 'NONE', #2247, .T. ) ;
#27 = VECTOR ( 'NONE', #264, 1000.000000000000000 ) ;
#28 = DIRECTION ( 'NONE',  ( 0.000000000000000000, -0.7071067811865440200, -0.7071067811865511255 ) ) ;
#29 = PLANE ( 'NONE',  #864 ) ;
#30 = DIRECTION ( 'NONE',  ( 1.000000000000000000, -1.337623968704080708E-15, -4.484155085839413631E-44 ) ) ;
#31 = CIRCLE ( 'NONE', #1748, 2.099999999999994316 ) ;
#32 = CARTESIAN_POINT ( 'NONE',  ( 44.11700000000746513, -1.500000000000000444, 16.20000000015655317 ) ) ;
#33 = EDGE_CURVE ( 'NONE', #2387, #1614, #2055, .T. ) ;
#34 = VECTOR ( 'NONE', #1380, 999.9999999999998863 ) ;
#35 = VECTOR ( 'NONE', #1795, 1000.000000000000000 ) ;
#36 = CARTESIAN_POINT ( 'NONE',  ( -7.787867965644072576, -4.637867965644376866, 16.50000000015655743 ) ) ;
#37 = LINE ( 'NONE', #1398, #2343 ) ;
#38 = AXIS2_PLACEMENT_3D ( 'NONE', #617, #434, #1408 ) ;
#39 = DIRECTION ( 'NONE',  ( -0.000000000000000000, -0.000000000000000000, 1.000000000000000000 ) ) ;
#40 = CARTESIAN_POINT ( 'NONE',  ( -9.599999999999894840, 2.684314575046139240, 0.000000000000000000 ) ) ;
#41 = CONICAL_SURFACE ( 'NONE', #273, 0.4499999999999851341, 0.7853981633974428389 ) ;
#42 = AXIS2_PLACEMENT_3D ( 'NONE', #1553, #1332, #755 ) ;
#43 = CARTESIAN_POINT ( 'NONE',  ( -2.000000000000008882, 2.449293598294716768E-16, 15.00000000000000000 ) ) ;
#44 = ORIENTED_EDGE ( 'NONE', *, *, #1898, .F. ) ;
#45 = CARTESIAN_POINT ( 'NONE',  ( 7.999999999999996447, 4.449999999995430500, 0.000000000000000000 ) ) ;
#46 = ORIENTED_EDGE ( 'NONE', *, *, #512, .T. ) ;
#47 = ORIENTED_EDGE ( 'NONE', *, *, #116, .T. ) ;
#48 = EDGE_LOOP ( 'NONE', ( #375, #680, #2382, #2538, #263, #1267, #769, #2160 ) ) ;
#49 = VERTEX_POINT ( 'NONE', #1131 ) ;
#50 = VERTEX_POINT ( 'NONE', #329 ) ;
#51 = EDGE_CURVE ( 'NONE', #2537, #2483, #1017, .T. ) ;
#52 = EDGE_LOOP ( 'NONE', ( #2122, #1366, #1121, #357 ) ) ;
#53 = DIRECTION ( 'NONE',  ( 0.7071067811865472397, 0.7071067811865479058, -1.816179752606167269E-13 ) ) ;
#54 = DIRECTION ( 'NONE',  ( 1.000000000000000000, 0.000000000000000000, 0.000000000000000000 ) ) ;
#55 = EDGE_CURVE ( 'NONE', #2483, #1945, #131, .T. ) ;
#56 = CARTESIAN_POINT ( 'NONE',  ( 43.91700000000749782, 4.849999999999547562, 16.20000000015647856 ) ) ;
#57 = CARTESIAN_POINT ( 'NONE',  ( -2.800000000000093525, -4.450000000004505907, -1.000000000000000000 ) ) ;
#58 = VECTOR ( 'NONE', #272, 1000.000000000000000 ) ;
#59 = CARTESIAN_POINT ( 'NONE',  ( 43.66700000000746940, 2.600000000000009859, 16.20000000015655317 ) ) ;
#60 = FACE_BOUND ( 'NONE', #2255, .T. ) ;
#61 = VECTOR ( 'NONE', #764, 1000.000000000000114 ) ;
#62 = CARTESIAN_POINT ( 'NONE',  ( 29.66700000000746584, -8.202417770456769887E-13, 14.70000000015588348 ) ) ;
#63 = FACE_OUTER_BOUND ( 'NONE', #1502, .T. ) ;
#64 = CARTESIAN_POINT ( 'NONE',  ( 10.00000000000000000, 2.849999999995528555, 0.4000000000001363576 ) ) ;
#65 = VECTOR ( 'NONE', #124, 1000.000000000000000 ) ;
#66 = EDGE_CURVE ( 'NONE', #2088, #652, #1642, .T. ) ;
#67 = ADVANCED_FACE ( 'NONE', ( #2215 ), #2135, .T. ) ;
#68 = FACE_OUTER_BOUND ( 'NONE', #713, .T. ) ;
#69 = CARTESIAN_POINT ( 'NONE',  ( -9.999999999999994671, -2.850000000000387779, 16.20000000015656028 ) ) ;
#70 = CARTESIAN_POINT ( 'NONE',  ( 10.00000000000000000, 65.44147454200154357, 0.000000000000000000 ) ) ;
#71 = ORIENTED_EDGE ( 'NONE', *, *, #2177, .T. ) ;
#72 = DIRECTION ( 'NONE',  ( -0.000000000000000000, -1.000000000000000000, -0.000000000000000000 ) ) ;
#73 = VERTEX_POINT ( 'NONE', #1735 ) ;
#74 = ORIENTED_EDGE ( 'NONE', *, *, #2318, .F. ) ;
#75 = ORIENTED_EDGE ( 'NONE', *, *, #1019, .F. ) ;
#76 = CARTESIAN_POINT ( 'NONE',  ( 43.70486796565149490, 4.637867965643635237, 16.50000000015655033 ) ) ;
#77 = ADVANCED_FACE ( 'NONE', ( #1115 ), #41, .F. ) ;
#78 = EDGE_LOOP ( 'NONE', ( #501, #998 ) ) ;
#79 = EDGE_CURVE ( 'NONE', #2157, #2533, #592, .T. ) ;
#80 = SURFACE_SIDE_STYLE ('',( #1771 ) ) ;
#81 = ORIENTED_EDGE ( 'NONE', *, *, #656, .F. ) ;
#82 = CARTESIAN_POINT ( 'NONE',  ( 7.834314575050713714, 4.449999999995430500, 0.000000000000000000 ) ) ;
#83 = CONICAL_SURFACE ( 'NONE', #951, 2.000000000000008882, 0.7853981633974485010 ) ;
#84 = VECTOR ( 'NONE', #2517, 1000.000000000000000 ) ;
#85 = PLANE ( 'NONE',  #1022 ) ;
#86 = DIRECTION ( 'NONE',  ( -0.5773502691896164052, 0.5773502691896243988, -0.5773502691896363892 ) ) ;
#87 = AXIS2_PLACEMENT_3D ( 'NONE', #1085, #2474, #863 ) ;
#88 = VECTOR ( 'NONE', #1374, 1000.000000000000000 ) ;
#89 = DIRECTION ( 'NONE',  ( 0.000000000000000000, 0.000000000000000000, 1.000000000000000000 ) ) ;
#90 = LINE ( 'NONE', #239, #1515 ) ;
#91 = CARTESIAN_POINT ( 'NONE',  ( 44.11700000000746513, -2.599999999999991651, -14.83675676154699197 ) ) ;
#92 = VECTOR ( 'NONE', #705, 1000.000000000000227 ) ;
#93 = VECTOR ( 'NONE', #1007, 1000.000000000000000 ) ;
#94 = DIRECTION ( 'NONE',  ( 1.000000000000000000, 0.000000000000000000, 0.000000000000000000 ) ) ;
#95 = EDGE_CURVE ( 'NONE', #1780, #174, #2180, .T. ) ;
#96 = CARTESIAN_POINT ( 'NONE',  ( -7.999999999999994671, 4.849999999998402700, 11.50000000015707613 ) ) ;
#97 = CIRCLE ( 'NONE', #813, 0.4499999999999834133 ) ;
#98 = DIRECTION ( 'NONE',  ( -1.000000000000000000, 1.215888987933778743E-15, 0.000000000000000000 ) ) ;
#99 = VECTOR ( 'NONE', #735, 1000.000000000000000 ) ;
#100 = EDGE_CURVE ( 'NONE', #1123, #1879, #2550, .T. ) ;
#101 = CARTESIAN_POINT ( 'NONE',  ( 43.91700000000749071, 2.849999999997812949, 9.500000000156553881 ) ) ;
#102 = VERTEX_POINT ( 'NONE', #530 ) ;
#103 = AXIS2_PLACEMENT_3D ( 'NONE', #2329, #2144, #2539 ) ;
#104 = ORIENTED_EDGE ( 'NONE', *, *, #1057, .T. ) ;
#105 = DIRECTION ( 'NONE',  ( -0.000000000000000000, -1.000000000000000000, -0.000000000000000000 ) ) ;
#106 = ORIENTED_EDGE ( 'NONE', *, *, #1057, .F. ) ;
#107 = CARTESIAN_POINT ( 'NONE',  ( 43.91700000000749071, 65.44147454200154357, 9.500000000156553881 ) ) ;
#108 = ORIENTED_EDGE ( 'NONE', *, *, #1120, .F. ) ;
#109 = ORIENTED_EDGE ( 'NONE', *, *, #1314, .T. ) ;
#110 = DIRECTION ( 'NONE',  ( 0.000000000000000000, 0.000000000000000000, 1.000000000000000000 ) ) ;
#111 = ORIENTED_EDGE ( 'NONE', *, *, #1222, .T. ) ;
#112 = VERTEX_POINT ( 'NONE', #166 ) ;
#113 = DIRECTION ( 'NONE',  ( 1.000000000000000000, -0.000000000000000000, 0.000000000000000000 ) ) ;
#114 = DIRECTION ( 'NONE',  ( -0.5773502691895272543, -0.5773502691896753580, -0.5773502691896745809 ) ) ;
#115 = DIRECTION ( 'NONE',  ( 1.000000000000000000, 0.000000000000000000, 0.000000000000000000 ) ) ;
#116 = EDGE_CURVE ( 'NONE', #1466, #1337, #560, .T. ) ;
#117 = DIRECTION ( 'NONE',  ( 1.000000000000000000, 0.000000000000000000, -1.240927428851029466E-16 ) ) ;
#118 = LINE ( 'NONE', #1792, #1227 ) ;
#119 = DIRECTION ( 'NONE',  ( 4.336808689942018229E-16, 0.000000000000000000, -1.000000000000000000 ) ) ;
#120 = AXIS2_PLACEMENT_3D ( 'NONE', #794, #1412, #2222 ) ;
#121 = FACE_OUTER_BOUND ( 'NONE', #891, .T. ) ;
#122 = CARTESIAN_POINT ( 'NONE',  ( 2.000000000000008882, 0.000000000000000000, 15.00000000000000000 ) ) ;
#123 = FACE_OUTER_BOUND ( 'NONE', #214, .T. ) ;
#124 = DIRECTION ( 'NONE',  ( 0.000000000000000000, 0.000000000000000000, 1.000000000000000000 ) ) ;
#125 = MECHANICAL_DESIGN_GEOMETRIC_PRESENTATION_REPRESENTATION (  '', ( #2254 ), #24 ) ;
#126 = LINE ( 'NONE', #43, #2466 ) ;
#127 = CARTESIAN_POINT ( 'NONE',  ( -10.00100000000000300, 1.499999999999999556, 14.70000000015510011 ) ) ;
#128 = CIRCLE ( 'NONE', #1378, 0.4499999999999968470 ) ;
#129 = LINE ( 'NONE', #999, #230 ) ;
#130 = CARTESIAN_POINT ( 'NONE',  ( -10.00000000000000000, -2.850000000004445866, 0.4000000000002057465 ) ) ;
#131 = LINE ( 'NONE', #334, #99 ) ;
#132 = CARTESIAN_POINT ( 'NONE',  ( -2.799999999999999822, 4.449999999995187139, -1.000000000000000000 ) ) ;
#133 = EDGE_CURVE ( 'NONE', #1371, #9, #2114, .T. ) ;
#134 = VERTEX_POINT ( 'NONE', #547 ) ;
#135 = DIRECTION ( 'NONE',  ( -0.000000000000000000, -0.000000000000000000, 1.000000000000000000 ) ) ;
#136 = CARTESIAN_POINT ( 'NONE',  ( -3.808661324937352877, 5.268786673826974187, -9.718786673831447231 ) ) ;
#137 = EDGE_CURVE ( 'NONE', #890, #2537, #1676, .T. ) ;
#138 = ORIENTED_EDGE ( 'NONE', *, *, #2543, .F. ) ;
#139 = CARTESIAN_POINT ( 'NONE',  ( 15.21700000000746300, -2.599999999999953015, 14.70000000015588704 ) ) ;
#140 = ORIENTED_EDGE ( 'NONE', *, *, #1618, .F. ) ;
#141 = ORIENTED_EDGE ( 'NONE', *, *, #207, .F. ) ;
#142 = DIRECTION ( 'NONE',  ( -1.337623968704080905E-15, -1.000000000000000000, 2.568466037843052757E-13 ) ) ;
#143 = EDGE_LOOP ( 'NONE', ( #1594, #1557, #1856, #917 ) ) ;
#144 = CARTESIAN_POINT ( 'NONE',  ( 44.11700000000744382, -2.599999999999990763, 16.20000000015655317 ) ) ;
#145 = VERTEX_POINT ( 'NONE', #1108 ) ;
#146 = DIRECTION ( 'NONE',  ( 0.000000000000000000, 2.568466037843052757E-13, 1.000000000000000000 ) ) ;
#147 = CARTESIAN_POINT ( 'NONE',  ( 0.000000000000000000, 0.000000000000000000, 14.69999999999999041 ) ) ;
#148 = EDGE_CURVE ( 'NONE', #2537, #1815, #1521, .T. ) ;
#149 = UNCERTAINTY_MEASURE_WITH_UNIT (LENGTH_MEASURE( 1.000000000000000082E-05 ), #1399, 'distance_accuracy_value', 'NONE');
#150 = VECTOR ( 'NONE', #1224, 1000.000000000000000 ) ;
#151 = DIRECTION ( 'NONE',  ( -1.000000000000000000, 0.000000000000000000, 0.000000000000000000 ) ) ;
#152 = EDGE_CURVE ( 'NONE', #753, #1614, #287, .T. ) ;
#153 = CIRCLE ( 'NONE', #42, 1.699999999999999956 ) ;
#154 = CARTESIAN_POINT ( 'NONE',  ( 15.21700000000746300, 2.600000000000044054, -14.83675676154699197 ) ) ;
#155 = DIRECTION ( 'NONE',  ( 0.000000000000000000, 2.568466037843052757E-13, 1.000000000000000000 ) ) ;
#156 = VECTOR ( 'NONE', #39, 1000.000000000000000 ) ;
#157 = DIRECTION ( 'NONE',  ( -3.154042683564268203E-16, -2.568466037843052757E-13, -1.000000000000000000 ) ) ;
#158 = AXIS2_PLACEMENT_3D ( 'NONE', #2455, #2045, #1862 ) ;
#159 = ADVANCED_FACE ( 'NONE', ( #68 ), #919, .F. ) ;
#160 = VECTOR ( 'NONE', #2403, 1000.000000000000000 ) ;
#161 = CARTESIAN_POINT ( 'NONE',  ( 44.11700000000746513, -2.599999999999991651, -14.83675676154699197 ) ) ;
#162 = FACE_OUTER_BOUND ( 'NONE', #171, .T. ) ;
#163 = LINE ( 'NONE', #721, #1261 ) ;
#164 = DIRECTION ( 'NONE',  ( 0.000000000000000000, 1.000000000000000000, 0.000000000000000000 ) ) ;
#165 = VECTOR ( 'NONE', #2428, 1000.000000000000000 ) ;
#166 = CARTESIAN_POINT ( 'NONE',  ( 2.700000000000002398, -4.016709005506392921E-30, 15.00000000000000178 ) ) ;
#167 = ORIENTED_EDGE ( 'NONE', *, *, #1881, .F. ) ;
#168 = DIRECTION ( 'NONE',  ( 0.000000000000000000, -0.000000000000000000, 1.000000000000000000 ) ) ;
#169 = EDGE_CURVE ( 'NONE', #2061, #1682, #2408, .T. ) ;
#170 = ADVANCED_FACE ( 'NONE', ( #650 ), #1348, .F. ) ;
#171 = EDGE_LOOP ( 'NONE', ( #1368, #1626, #1027, #1060 ) ) ;
#172 = EDGE_LOOP ( 'NONE', ( #2416, #2555, #688, #2534 ) ) ;
#173 = DIRECTION ( 'NONE',  ( -1.000000000000000000, 1.337623968704080708E-15, 0.000000000000000000 ) ) ;
#174 = VERTEX_POINT ( 'NONE', #2346 ) ;
#175 = AXIS2_PLACEMENT_3D ( 'NONE', #1006, #1226, #2028 ) ;
#176 = VERTEX_POINT ( 'NONE', #1173 ) ;
#177 = ORIENTED_EDGE ( 'NONE', *, *, #152, .F. ) ;
#178 = VERTEX_POINT ( 'NONE', #1357 ) ;
#179 = PLANE ( 'NONE',  #5 ) ;
#180 = ORIENTED_EDGE ( 'NONE', *, *, #95, .F. ) ;
#181 = DIRECTION ( 'NONE',  ( -1.959530488568959963E-27, 1.000000000000000000, -1.157737547549125920E-15 ) ) ;
#182 = CARTESIAN_POINT ( 'NONE',  ( 43.91700000000749071, -2.850000000002673950, 9.500000000156553881 ) ) ;
#183 = ADVANCED_FACE ( 'NONE', ( #1392 ), #1673, .F. ) ;
#184 = CARTESIAN_POINT ( 'NONE',  ( 10.00000000000000000, -2.850000000004454304, 0.4000000000002044698 ) ) ;
#185 = CYLINDRICAL_SURFACE ( 'NONE', #1463, 0.4499999999999851341 ) ;
#186 = EDGE_CURVE ( 'NONE', #134, #2090, #1172, .T. ) ;
#187 = DIRECTION ( 'NONE',  ( -0.7071067811865472397, 0.7071067811865479058, 0.000000000000000000 ) ) ;
#188 = VECTOR ( 'NONE', #808, 1000.000000000000000 ) ;
#189 = EDGE_CURVE ( 'NONE', #1245, #2093, #2084, .T. ) ;
#190 = FACE_OUTER_BOUND ( 'NONE', #1251, .T. ) ;
#191 = DIRECTION ( 'NONE',  ( 1.000000000000000000, -1.337623968704080708E-15, 0.000000000000000000 ) ) ;
#192 = VECTOR ( 'NONE', #427, 1000.000000000000000 ) ;
#193 = PRESENTATION_LAYER_ASSIGNMENT (  '', '', ( #932 ) ) ;
#194 = FACE_OUTER_BOUND ( 'NONE', #1753, .T. ) ;
#195 = CARTESIAN_POINT ( 'NONE',  ( 45.91700000000745518, 2.849999999999588418, 16.20000000015649988 ) ) ;
#196 = LINE ( 'NONE', #1469, #854 ) ;
#197 = DIRECTION ( 'NONE',  ( 0.000000000000000000, 0.000000000000000000, -1.000000000000000000 ) ) ;
#198 = EDGE_LOOP ( 'NONE', ( #1712, #297, #2281, #1528 ) ) ;
#199 = ADVANCED_FACE ( 'NONE', ( #2145 ), #821, .F. ) ;
#200 = CARTESIAN_POINT ( 'NONE',  ( -10.00100000000000300, -1.500000000000000444, 16.20000000015656028 ) ) ;
#201 = CARTESIAN_POINT ( 'NONE',  ( 45.91700000000749071, -4.850000000001664979, 11.50000000015656276 ) ) ;
#202 = ORIENTED_EDGE ( 'NONE', *, *, #286, .T. ) ;
#203 = DIRECTION ( 'NONE',  ( -1.295090654469298014E-28, -2.568466037843053262E-13, -1.000000000000000000 ) ) ;
#204 = DIRECTION ( 'NONE',  ( 0.000000000000000000, -1.000000000000000000, 1.284980352575411516E-15 ) ) ;
#205 = ORIENTED_EDGE ( 'NONE', *, *, #1554, .T. ) ;
#206 = PLANE ( 'NONE',  #2130 ) ;
#207 = EDGE_CURVE ( 'NONE', #1824, #1151, #2549, .T. ) ;
#208 = ORIENTED_EDGE ( 'NONE', *, *, #186, .F. ) ;
#209 = ORIENTED_EDGE ( 'NONE', *, *, #301, .F. ) ;
#210 = CARTESIAN_POINT ( 'NONE',  ( 0.5196152422706601381, -92.91227994683285374, 15.00000000000010836 ) ) ;
#211 = ORIENTED_EDGE ( 'NONE', *, *, #2389, .T. ) ;
#212 = CARTESIAN_POINT ( 'NONE',  ( 0.000000000000000000, 0.000000000000000000, 16.50000000015655743 ) ) ;
#213 = CARTESIAN_POINT ( 'NONE',  ( -8.000000000000003553, -4.850000000004443201, 0.4000000000001796008 ) ) ;
#214 = EDGE_LOOP ( 'NONE', ( #2512, #2288, #738, #2220 ) ) ;
#215 = ADVANCED_FACE ( 'NONE', ( #885 ), #1974, .T. ) ;
#216 = VERTEX_POINT ( 'NONE', #1547 ) ;
#217 = LINE ( 'NONE', #439, #485 ) ;
#218 = DIRECTION ( 'NONE',  ( 0.6785983445457360874, 0.2810846377149495146, 0.6785983445459043972 ) ) ;
#219 = CARTESIAN_POINT ( 'NONE',  ( 9.599999999999894840, -2.684314575055195107, 0.000000000000000000 ) ) ;
#220 = CARTESIAN_POINT ( 'NONE',  ( 0.000000000000000000, 0.000000000000000000, 16.50000000015655743 ) ) ;
#221 = VECTOR ( 'NONE', #105, 1000.000000000000000 ) ;
#222 = DIRECTION ( 'NONE',  ( -0.7071067811865475727, -0.000000000000000000, -0.7071067811865475727 ) ) ;
#223 = EDGE_CURVE ( 'NONE', #1491, #1791, #1876, .T. ) ;
#224 = COLOUR_RGB ( '',0.7921568627450980005, 0.8196078431372548767, 0.9333333333333333481 ) ;
#225 = CARTESIAN_POINT ( 'NONE',  ( 15.66700000000746229, 2.600000000000043610, 14.70000000015521735 ) ) ;
#226 = DIRECTION ( 'NONE',  ( 0.2810846377148351616, 0.6785983445459209396, 0.6785983445457670626 ) ) ;
#227 = FACE_OUTER_BOUND ( 'NONE', #349, .T. ) ;
#228 = FILL_AREA_STYLE ('',( #4 ) ) ;
#229 = VECTOR ( 'NONE', #2174, 1000.000000000000114 ) ;
#230 = VECTOR ( 'NONE', #2209, 1000.000000000000000 ) ;
#231 = CARTESIAN_POINT ( 'NONE',  ( 15.21700000000746300, 2.600000000000044054, 16.20000000015655672 ) ) ;
#232 = DIRECTION ( 'NONE',  ( 0.7071067811865461294, 0.7071067811865489050, -0.000000000000000000 ) ) ;
#233 = ORIENTED_EDGE ( 'NONE', *, *, #962, .T. ) ;
#234 = DIRECTION ( 'NONE',  ( -1.000000000000000000, 0.000000000000000000, 0.000000000000000000 ) ) ;
#235 = DIRECTION ( 'NONE',  ( -0.5773502691895271433, 0.5773502691896761352, 0.5773502691896740258 ) ) ;
#236 = ORIENTED_EDGE ( 'NONE', *, *, #33, .T. ) ;
#237 = VERTEX_POINT ( 'NONE', #1964 ) ;
#238 = EDGE_LOOP ( 'NONE', ( #1329, #2006, #1998, #12 ) ) ;
#239 = CARTESIAN_POINT ( 'NONE',  ( 15.21700000000746300, 2.600000000000044054, 16.20000000015655672 ) ) ;
#240 = EDGE_LOOP ( 'NONE', ( #2190, #440, #2556, #1788 ) ) ;
#241 = VERTEX_POINT ( 'NONE', #2183 ) ;
#242 = DIRECTION ( 'NONE',  ( -1.000000000000000000, 0.000000000000000000, 0.000000000000000000 ) ) ;
#243 = EDGE_CURVE ( 'NONE', #1682, #655, #1362, .T. ) ;
#244 = ORIENTED_EDGE ( 'NONE', *, *, #2472, .T. ) ;
#245 = DIRECTION ( 'NONE',  ( 0.000000000000000000, 0.000000000000000000, 1.000000000000000000 ) ) ;
#246 = DIRECTION ( 'NONE',  ( 8.597633485380226030E-16, 0.7071067811865470176, -0.7071067811865480168 ) ) ;
#247 = DIRECTION ( 'NONE',  ( 0.7071067811864613084, 0.7071067811866337260, -1.819246339439754091E-13 ) ) ;
#248 = ORIENTED_EDGE ( 'NONE', *, *, #1134, .F. ) ;
#249 = FACE_OUTER_BOUND ( 'NONE', #423, .T. ) ;
#250 = VECTOR ( 'NONE', #441, 999.9999999999998863 ) ;
#251 = CARTESIAN_POINT ( 'NONE',  ( 9.999999999999948486, -2.850000000004506262, 0.4000000000002750800 ) ) ;
#252 = CARTESIAN_POINT ( 'NONE',  ( 43.66700000000746940, 3.050000000000006040, 14.70000000015510189 ) ) ;
#253 = VECTOR ( 'NONE', #319, 1000.000000000000000 ) ;
#254 = EDGE_CURVE ( 'NONE', #178, #925, #97, .T. ) ;
#255 = LINE ( 'NONE', #2425, #160 ) ;
#256 = LINE ( 'NONE', #701, #1809 ) ;
#257 = CARTESIAN_POINT ( 'NONE',  ( 43.91700000000749071, -2.850000000002673950, 9.500000000156553881 ) ) ;
#258 = FACE_OUTER_BOUND ( 'NONE', #1888, .T. ) ;
#259 = CARTESIAN_POINT ( 'NONE',  ( -6.970752932154553605, -2.365177769775108629, 18.68482223038135004 ) ) ;
#260 = CIRCLE ( 'NONE', #2458, 0.4499999999999781952 ) ;
#261 = CARTESIAN_POINT ( 'NONE',  ( 15.66700000000745696, -2.599999999999953459, 16.50000000015655388 ) ) ;
#262 = ORIENTED_EDGE ( 'NONE', *, *, #2062, .F. ) ;
#263 = ORIENTED_EDGE ( 'NONE', *, *, #133, .T. ) ;
#264 = DIRECTION ( 'NONE',  ( 3.154042683564268203E-16, 2.568466037843052757E-13, 1.000000000000000000 ) ) ;
#265 = ORIENTED_EDGE ( 'NONE', *, *, #2267, .T. ) ;
#266 = ADVANCED_FACE ( 'NONE', ( #258 ), #1775, .T. ) ;
#267 = VERTEX_POINT ( 'NONE', #775 ) ;
#268 = EDGE_CURVE ( 'NONE', #600, #1791, #1608, .T. ) ;
#269 = ORIENTED_EDGE ( 'NONE', *, *, #51, .T. ) ;
#270 = DIRECTION ( 'NONE',  ( -9.458429789483281695E-16, -0.7071067811865553443, -0.7071067811865396902 ) ) ;
#271 = ORIENTED_EDGE ( 'NONE', *, *, #2454, .F. ) ;
#272 = DIRECTION ( 'NONE',  ( -0.000000000000000000, -0.000000000000000000, 1.000000000000000000 ) ) ;
#273 = AXIS2_PLACEMENT_3D ( 'NONE', #1327, #2118, #1301 ) ;
#274 = DIRECTION ( 'NONE',  ( 1.826024711524442321E-16, 0.000000000000000000, 1.000000000000000000 ) ) ;
#275 = CIRCLE ( 'NONE', #2271, 0.7499999999999729106 ) ;
#276 = CARTESIAN_POINT ( 'NONE',  ( 0.000000000000000000, 0.000000000000000000, 14.69999999999999041 ) ) ;
#277 = VECTOR ( 'NONE', #1895, 999.9999999999998863 ) ;
#278 = ADVANCED_FACE ( 'NONE', ( #1084 ), #968, .F. ) ;
#279 = LINE ( 'NONE', #832, #2104 ) ;
#280 = DIRECTION ( 'NONE',  ( -3.429832238196187882E-21, 2.568466037843053262E-13, 1.000000000000000000 ) ) ;
#281 = EDGE_CURVE ( 'NONE', #2533, #1371, #37, .T. ) ;
#282 = LINE ( 'NONE', #825, #1359 ) ;
#283 = VECTOR ( 'NONE', #1442, 1000.000000000000114 ) ;
#284 = DIRECTION ( 'NONE',  ( 0.000000000000000000, 2.568466037843052757E-13, 1.000000000000000000 ) ) ;
#285 = VECTOR ( 'NONE', #336, 1000.000000000000000 ) ;
#286 = EDGE_CURVE ( 'NONE', #2316, #2151, #1265, .T. ) ;
#287 = LINE ( 'NONE', #127, #700 ) ;
#288 = DIRECTION ( 'NONE',  ( 0.7071067811865495711, -1.022195611122264414E-15, -0.7071067811865454633 ) ) ;
#289 = ORIENTED_EDGE ( 'NONE', *, *, #2214, .T. ) ;
#290 = DIRECTION ( 'NONE',  ( -1.000000000000000000, 1.276756478318929824E-15, -3.429832566126753129E-21 ) ) ;
#291 = DIRECTION ( 'NONE',  ( -3.154042683564268203E-16, -2.568466037843052757E-13, -1.000000000000000000 ) ) ;
#292 = ADVANCED_FACE ( 'NONE', ( #734 ), #1193, .F. ) ;
#293 = VERTEX_POINT ( 'NONE', #10 ) ;
#294 = DIRECTION ( 'NONE',  ( 0.000000000000000000, -1.000000000000000000, 0.000000000000000000 ) ) ;
#295 = VERTEX_POINT ( 'NONE', #20 ) ;
#296 = ORIENTED_EDGE ( 'NONE', *, *, #243, .F. ) ;
#297 = ORIENTED_EDGE ( 'NONE', *, *, #316, .T. ) ;
#298 = ORIENTED_EDGE ( 'NONE', *, *, #1252, .F. ) ;
#299 = DIRECTION ( 'NONE',  ( -0.000000000000000000, 0.000000000000000000, -1.000000000000000000 ) ) ;
#300 = ORIENTED_EDGE ( 'NONE', *, *, #1508, .F. ) ;
#301 = EDGE_CURVE ( 'NONE', #1245, #652, #2310, .T. ) ;
#302 = CARTESIAN_POINT ( 'NONE',  ( 45.91700000000749071, 1.799999999999996048, 16.50000000015655033 ) ) ;
#303 = VERTEX_POINT ( 'NONE', #2228 ) ;
#304 = DIRECTION ( 'NONE',  ( 0.000000000000000000, -1.000000000000000000, 0.000000000000000000 ) ) ;
#305 = AXIS2_PLACEMENT_3D ( 'NONE', #57, #2059, #851 ) ;
#306 = CLOSED_SHELL ( 'NONE', ( #827, #1032, #170, #1046, #1991, #1766, #2169, #159, #1884, #2362, #371, #1715, #527, #2391, #2348, #971, #2326, #988, #2072, #841, #347, #358, #773, #915, #1591, #338, #1645, #1871, #2142, #552, #954, #1928, #67, #215, #542, #478 ) ) ;
#307 = FACE_OUTER_BOUND ( 'NONE', #1278, .T. ) ;
#308 = CARTESIAN_POINT ( 'NONE',  ( -3.000000000000000444, 3.673940397442060361E-16, 16.20000000015656028 ) ) ;
#309 = AXIS2_PLACEMENT_3D ( 'NONE', #2492, #2361, #344 ) ;
#310 = LINE ( 'NONE', #2082, #27 ) ;
#311 = DIRECTION ( 'NONE',  ( -1.000000000000000000, 0.000000000000000000, 0.000000000000000000 ) ) ;
#312 = VECTOR ( 'NONE', #72, 1000.000000000000000 ) ;
#313 = DIRECTION ( 'NONE',  ( 0.000000000000000000, -1.000000000000000000, -0.000000000000000000 ) ) ;
#314 = LINE ( 'NONE', #1202, #1635 ) ;
#315 = LINE ( 'NONE', #2258, #285 ) ;
#316 = EDGE_CURVE ( 'NONE', #2090, #1684, #1740, .T. ) ;
#317 = CARTESIAN_POINT ( 'NONE',  ( -10.00000000000000000, 2.849999999995448174, 5.136932075686105514E-13 ) ) ;
#318 = FACE_OUTER_BOUND ( 'NONE', #1877, .T. ) ;
#319 = DIRECTION ( 'NONE',  ( 3.154042683564268203E-16, 2.568466037843052757E-13, 1.000000000000000000 ) ) ;
#320 = VERTEX_POINT ( 'NONE', #219 ) ;
#321 = EDGE_CURVE ( 'NONE', #174, #1221, #436, .T. ) ;
#322 = CARTESIAN_POINT ( 'NONE',  ( 2.099999999999994316, 2.571758278209434068E-16, -1.000000000000000000 ) ) ;
#323 = ORIENTED_EDGE ( 'NONE', *, *, #1919, .F. ) ;
#324 = ORIENTED_EDGE ( 'NONE', *, *, #762, .T. ) ;
#325 = DIRECTION ( 'NONE',  ( -1.000000000000000000, 0.000000000000000000, 0.000000000000000000 ) ) ;
#326 = EDGE_LOOP ( 'NONE', ( #1280, #1916, #140, #421 ) ) ;
#327 = CARTESIAN_POINT ( 'NONE',  ( 3.026159643143736755, 2.545611989828971744, -12.62615964314680639 ) ) ;
#328 = ORIENTED_EDGE ( 'NONE', *, *, #95, .T. ) ;
#329 = CARTESIAN_POINT ( 'NONE',  ( -2.800000000000000266, -4.450000000004256329, 0.000000000000000000 ) ) ;
#330 = VERTEX_POINT ( 'NONE', #607 ) ;
#331 = DIRECTION ( 'NONE',  ( 0.2810846377147900865, -0.6785983445456824636, 0.6785983445460241903 ) ) ;
#332 = EDGE_LOOP ( 'NONE', ( #2285, #1724, #1905, #1101 ) ) ;
#333 = EDGE_CURVE ( 'NONE', #102, #2088, #2212, .T. ) ;
#334 = CARTESIAN_POINT ( 'NONE',  ( -9.717157287525177267, -2.567157287529720389, 0.000000000000000000 ) ) ;
#335 = CIRCLE ( 'NONE', #2221, 3.000000000000000444 ) ;
#336 = DIRECTION ( 'NONE',  ( -3.154042683564267710E-16, -2.568466037843052757E-13, -1.000000000000000000 ) ) ;
#337 = AXIS2_PLACEMENT_3D ( 'NONE', #70, #1453, #274 ) ;
#338 = ADVANCED_FACE ( 'NONE', ( #318 ), #2012, .T. ) ;
#339 = LINE ( 'NONE', #1471, #1924 ) ;
#340 = FACE_OUTER_BOUND ( 'NONE', #1939, .T. ) ;
#341 = FACE_OUTER_BOUND ( 'NONE', #326, .T. ) ;
#342 = VECTOR ( 'NONE', #1290, 1000.000000000000000 ) ;
#343 = LINE ( 'NONE', #646, #433 ) ;
#344 = DIRECTION ( 'NONE',  ( 1.000000000000000000, -1.337623968704080905E-15, 3.429832581760361559E-21 ) ) ;
#345 = EDGE_CURVE ( 'NONE', #629, #1379, #1546, .T. ) ;
#346 = ORIENTED_EDGE ( 'NONE', *, *, #413, .F. ) ;
#347 = ADVANCED_FACE ( 'NONE', ( #558 ), #29, .T. ) ;
#348 = CARTESIAN_POINT ( 'NONE',  ( -7.999999999999998224, 4.849999999995552535, 0.4000000000001016631 ) ) ;
#349 = EDGE_LOOP ( 'NONE', ( #927, #1941, #1306, #81, #1886, #298 ) ) ;
#350 = ORIENTED_EDGE ( 'NONE', *, *, #1592, .F. ) ;
#351 = VERTEX_POINT ( 'NONE', #40 ) ;
#352 = EDGE_LOOP ( 'NONE', ( #1214, #2529, #2417, #766, #2257, #572, #538, #1687 ) ) ;
#353 = DIRECTION ( 'NONE',  ( -0.7071067811865417996, 8.659560562354863833E-17, 0.7071067811865531239 ) ) ;
#354 = ORIENTED_EDGE ( 'NONE', *, *, #1962, .F. ) ;
#355 = CARTESIAN_POINT ( 'NONE',  ( 0.000000000000000000, 0.000000000000000000, 15.00000000000000178 ) ) ;
#356 = VERTEX_POINT ( 'NONE', #2003 ) ;
#357 = ORIENTED_EDGE ( 'NONE', *, *, #1669, .T. ) ;
#358 = ADVANCED_FACE ( 'NONE', ( #1488 ), #2410, .T. ) ;
#359 = CARTESIAN_POINT ( 'NONE',  ( 43.79273593129557440, 4.549999999999557510, 16.50000000015655033 ) ) ;
#360 = PLANE ( 'NONE',  #662 ) ;
#361 = EDGE_CURVE ( 'NONE', #805, #2157, #129, .T. ) ;
#362 = LINE ( 'NONE', #2132, #486 ) ;
#363 = DIRECTION ( 'NONE',  ( -1.000000000000000000, 0.000000000000000000, 0.000000000000000000 ) ) ;
#364 = VECTOR ( 'NONE', #2011, 1000.000000000000000 ) ;
#365 = AXIS2_PLACEMENT_3D ( 'NONE', #1954, #2152, #781 ) ;
#366 = FACE_OUTER_BOUND ( 'NONE', #198, .T. ) ;
#367 = FACE_OUTER_BOUND ( 'NONE', #516, .T. ) ;
#368 = DIRECTION ( 'NONE',  ( 1.000000000000000000, -0.000000000000000000, 0.000000000000000000 ) ) ;
#369 = VECTOR ( 'NONE', #760, 1000.000000000000000 ) ;
#370 = VECTOR ( 'NONE', #914, 1000.000000000000000 ) ;
#371 = ADVANCED_FACE ( 'NONE', ( #2239 ), #1600, .T. ) ;
#372 = CARTESIAN_POINT ( 'NONE',  ( -2.799999999999999822, 4.449999999995083222, -0.9999999999998974154 ) ) ;
#373 = LINE ( 'NONE', #1867, #1774 ) ;
#374 = ORIENTED_EDGE ( 'NONE', *, *, #1167, .T. ) ;
#375 = ORIENTED_EDGE ( 'NONE', *, *, #1551, .F. ) ;
#376 = CARTESIAN_POINT ( 'NONE',  ( 43.91700000000749071, -4.850000000001662315, 11.50000000015656276 ) ) ;
#377 = EDGE_CURVE ( 'NONE', #1245, #1346, #1423, .T. ) ;
#378 = ORIENTED_EDGE ( 'NONE', *, *, #778, .T. ) ;
#379 = ORIENTED_EDGE ( 'NONE', *, *, #1222, .F. ) ;
#380 = DIRECTION ( 'NONE',  ( 1.000000000000000000, 0.000000000000000000, -1.240927428851029466E-16 ) ) ;
#381 = DIRECTION ( 'NONE',  ( 1.000000000000000000, -1.215888987933778743E-15, 0.000000000000000000 ) ) ;
#382 = AXIS2_PLACEMENT_3D ( 'NONE', #1640, #834, #1061 ) ;
#383 = ORIENTED_EDGE ( 'NONE', *, *, #578, .F. ) ;
#384 = ORIENTED_EDGE ( 'NONE', *, *, #2423, .F. ) ;
#385 = ADVANCED_FACE ( 'NONE', ( #1015 ), #2020, .T. ) ;
#386 = ORIENTED_EDGE ( 'NONE', *, *, #377, .F. ) ;
#387 = CARTESIAN_POINT ( 'NONE',  ( 9.599999999999894840, 65.44147454200154357, 0.000000000000000000 ) ) ;
#388 = ORIENTED_EDGE ( 'NONE', *, *, #1472, .T. ) ;
#389 = CARTESIAN_POINT ( 'NONE',  ( -2.399999999999893774, -4.850000000004810907, -0.9999999999999995559 ) ) ;
#390 = CARTESIAN_POINT ( 'NONE',  ( 45.91700000000740545, -4.550000000000470557, 16.50000000015655033 ) ) ;
#391 = CLOSED_SHELL ( 'NONE', ( #1381, #736, #183, #397, #1170, #2158, #1537, #1325, #1755, #1158, #385, #1514, #711, #1578, #1661, #928, #593, #647, #605, #1076, #1341, #564, #1948, #1846, #2047, #1797, #199, #292, #2116, #1185, #1549, #1367, #2270, #2187, #266, #1566, #750, #1312, #1526, #1264, #2473, #1739, #1393, #2402, #1782, #2242, #868, #1143, #785, #77, #2569, #278, #8, #2060, #1354, #1977 ) ) ;
#392 = DIRECTION ( 'NONE',  ( -1.000000000000000000, 0.000000000000000000, 1.240927428851029466E-16 ) ) ;
#393 = FACE_OUTER_BOUND ( 'NONE', #1742, .T. ) ;
#394 = EDGE_CURVE ( 'NONE', #1824, #1334, #2498, .T. ) ;
#395 = DIRECTION ( 'NONE',  ( 0.000000000000000000, -1.000000000000000000, 0.000000000000000000 ) ) ;
#396 = LINE ( 'NONE', #1717, #2430 ) ;
#397 = ADVANCED_FACE ( 'NONE', ( #2438 ), #1294, .F. ) ;
#398 = AXIS2_PLACEMENT_3D ( 'NONE', #708, #1721, #2313 ) ;
#399 = FACE_OUTER_BOUND ( 'NONE', #1441, .T. ) ;
#400 = PLANE ( 'NONE',  #991 ) ;
#401 = CARTESIAN_POINT ( 'NONE',  ( 6.933333333333961512, 5.916666666664696983, 12.56666666682338374 ) ) ;
#402 = DIRECTION ( 'NONE',  ( -1.240927428851029466E-16, 0.000000000000000000, -1.000000000000000000 ) ) ;
#403 = LINE ( 'NONE', #1054, #2464 ) ;
#404 = AXIS2_PLACEMENT_3D ( 'NONE', #948, #800, #1678 ) ;
#405 = DIRECTION ( 'NONE',  ( 2.508251607829031958E-37, -1.157737547549075630E-15, -1.000000000000000000 ) ) ;
#406 = CONICAL_SURFACE ( 'NONE', #1358, 3.000000000000000444, 0.7853981633974562726 ) ;
#407 = DIRECTION ( 'NONE',  ( -0.000000000000000000, -0.000000000000000000, 1.000000000000000000 ) ) ;
#408 = VERTEX_POINT ( 'NONE', #474 ) ;
#409 = ORIENTED_EDGE ( 'NONE', *, *, #2367, .T. ) ;
#410 = EDGE_CURVE ( 'NONE', #2563, #600, #1902, .T. ) ;
#411 = ORIENTED_EDGE ( 'NONE', *, *, #1505, .T. ) ;
#412 = DIRECTION ( 'NONE',  ( 1.000000000000000000, 0.000000000000000000, 0.000000000000000000 ) ) ;
#413 = EDGE_CURVE ( 'NONE', #1221, #1851, #373, .T. ) ;
#414 = ORIENTED_EDGE ( 'NONE', *, *, #449, .T. ) ;
#415 = ORIENTED_EDGE ( 'NONE', *, *, #1389, .T. ) ;
#416 = ORIENTED_EDGE ( 'NONE', *, *, #2246, .F. ) ;
#417 = DIRECTION ( 'NONE',  ( -1.000000000000000000, 1.215888987933778546E-15, -3.429832550493144699E-21 ) ) ;
#418 = ORIENTED_EDGE ( 'NONE', *, *, #2571, .F. ) ;
#419 = CARTESIAN_POINT ( 'NONE',  ( -7.999999999999992895, 4.849999999999687894, 16.50000000015655743 ) ) ;
#420 = AXIS2_PLACEMENT_3D ( 'NONE', #2551, #2383, #1 ) ;
#421 = ORIENTED_EDGE ( 'NONE', *, *, #462, .F. ) ;
#422 = DIRECTION ( 'NONE',  ( -0.000000000000000000, -0.000000000000000000, 1.000000000000000000 ) ) ;
#423 = EDGE_LOOP ( 'NONE', ( #511, #1647, #2005, #2446 ) ) ;
#424 = PLANE ( 'NONE',  #2007 ) ;
#425 = CARTESIAN_POINT ( 'NONE',  ( 43.91700000000749782, 4.849999999995231903, -0.5999999999998992806 ) ) ;
#426 = VECTOR ( 'NONE', #1150, 1000.000000000000114 ) ;
#427 = DIRECTION ( 'NONE',  ( 0.000000000000000000, 1.000000000000000000, 0.000000000000000000 ) ) ;
#428 = EDGE_CURVE ( 'NONE', #1720, #604, #1709, .T. ) ;
#429 = FACE_OUTER_BOUND ( 'NONE', #1464, .T. ) ;
#430 = DIRECTION ( 'NONE',  ( 1.000000000000000000, 0.000000000000000000, 0.000000000000000000 ) ) ;
#431 = VECTOR ( 'NONE', #2117, 1000.000000000000000 ) ;
#432 = DIRECTION ( 'NONE',  ( 1.215888987933778546E-15, 1.000000000000000000, -2.568466037843052757E-13 ) ) ;
#433 = VECTOR ( 'NONE', #2452, 1000.000000000000000 ) ;
#434 = DIRECTION ( 'NONE',  ( -3.097720492815727042E-17, -1.000000000000000000, 0.000000000000000000 ) ) ;
#435 = LINE ( 'NONE', #1295, #1083 ) ;
#436 = LINE ( 'NONE', #1583, #2276 ) ;
#437 = DIRECTION ( 'NONE',  ( 4.336808689942018229E-16, 2.568466037843052757E-13, 1.000000000000000000 ) ) ;
#438 = VECTOR ( 'NONE', #931, 1000.000000000000000 ) ;
#439 = CARTESIAN_POINT ( 'NONE',  ( 43.91700000000753334, -4.850000000000412648, 16.20000000015660291 ) ) ;
#440 = ORIENTED_EDGE ( 'NONE', *, *, #751, .T. ) ;
#441 = DIRECTION ( 'NONE',  ( 0.7071067811865435759, 0.000000000000000000, -0.7071067811865515695 ) ) ;
#442 = DIRECTION ( 'NONE',  ( 4.336808689942018229E-16, 2.568466037843052757E-13, 1.000000000000000000 ) ) ;
#443 = ORIENTED_EDGE ( 'NONE', *, *, #1837, .F. ) ;
#444 = EDGE_CURVE ( 'NONE', #1559, #73, #945, .T. ) ;
#445 = ORIENTED_EDGE ( 'NONE', *, *, #2454, .T. ) ;
#446 = ORIENTED_EDGE ( 'NONE', *, *, #641, .F. ) ;
#447 = EDGE_LOOP ( 'NONE', ( #1242, #608, #1477, #1499 ) ) ;
#448 = DIRECTION ( 'NONE',  ( -0.000000000000000000, -1.000000000000000000, -0.000000000000000000 ) ) ;
#449 = EDGE_CURVE ( 'NONE', #1334, #2381, #343, .T. ) ;
#450 = ORIENTED_EDGE ( 'NONE', *, *, #695, .T. ) ;
#451 = DIRECTION ( 'NONE',  ( -1.000000000000000000, 1.215888987933810692E-15, 1.240927428851029466E-16 ) ) ;
#452 = AXIS2_PLACEMENT_3D ( 'NONE', #1500, #494, #871 ) ;
#453 = VERTEX_POINT ( 'NONE', #1850 ) ;
#454 = CARTESIAN_POINT ( 'NONE',  ( -9.999999999999998224, 2.849999999997887556, 9.500000000156564539 ) ) ;
#455 = DIRECTION ( 'NONE',  ( -1.000000000000000000, 3.097720492815727042E-17, 1.215526755664021572E-28 ) ) ;
#456 = LINE ( 'NONE', #570, #1313 ) ;
#457 = LINE ( 'NONE', #668, #2489 ) ;
#458 = DIRECTION ( 'NONE',  ( -0.000000000000000000, -0.000000000000000000, 1.000000000000000000 ) ) ;
#459 = DIRECTION ( 'NONE',  ( 0.7071067811865469066, 0.7071067811865482389, -8.774681999009492850E-17 ) ) ;
#460 = FACE_OUTER_BOUND ( 'NONE', #952, .T. ) ;
#461 =( NAMED_UNIT ( * ) SI_UNIT ( $, .STERADIAN. ) SOLID_ANGLE_UNIT ( ) );
#462 = EDGE_CURVE ( 'NONE', #9, #2479, #1808, .T. ) ;
#463 = VECTOR ( 'NONE', #1436, 1000.000000000000000 ) ;
#464 = DIRECTION ( 'NONE',  ( -0.7071067811865469066, -0.7071067811865482389, 8.774681999008058109E-17 ) ) ;
#465 = VECTOR ( 'NONE', #1250, 1000.000000000000000 ) ;
#466 = AXIS2_PLACEMENT_3D ( 'NONE', #786, #2014, #2439 ) ;
#467 = CARTESIAN_POINT ( 'NONE',  ( -6.933333333333952631, 5.916666666664718299, 12.56666666682339084 ) ) ;
#468 = VECTOR ( 'NONE', #1713, 1000.000000000000114 ) ;
#469 = CARTESIAN_POINT ( 'NONE',  ( 2.799999999999999822, -4.450000000004520118, -1.000000000000000000 ) ) ;
#470 = EDGE_LOOP ( 'NONE', ( #1820, #1086, #384, #934 ) ) ;
#471 = EDGE_LOOP ( 'NONE', ( #354, #1935, #271, #1025, #1569, #747, #740, #236, #177, #1727, #44, #1404 ) ) ;
#472 = EDGE_LOOP ( 'NONE', ( #1961, #860, #1279, #75 ) ) ;
#473 = VERTEX_POINT ( 'NONE', #64 ) ;
#474 = CARTESIAN_POINT ( 'NONE',  ( 43.66700000000745518, -3.349999999999966782, 16.50000000015655033 ) ) ;
#475 = ORIENTED_EDGE ( 'NONE', *, *, #1729, .F. ) ;
#476 = EDGE_CURVE ( 'NONE', #320, #745, #2495, .T. ) ;
#477 = ORIENTED_EDGE ( 'NONE', *, *, #1089, .T. ) ;
#478 = ADVANCED_FACE ( 'NONE', ( #852 ), #1031, .T. ) ;
#479 = ORIENTED_EDGE ( 'NONE', *, *, #712, .T. ) ;
#480 = DIRECTION ( 'NONE',  ( 1.000000000000000000, -0.000000000000000000, -0.000000000000000000 ) ) ;
#481 = AXIS2_PLACEMENT_3D ( 'NONE', #2217, #1416, #597 ) ;
#482 = ORIENTED_EDGE ( 'NONE', *, *, #1282, .F. ) ;
#483 = DIRECTION ( 'NONE',  ( 0.5773502691896245098, 0.5773502691896280625, 0.5773502691896246208 ) ) ;
#484 = PRODUCT_DEFINITION_SHAPE ( 'NONE', 'NONE',  #649 ) ;
#485 = VECTOR ( 'NONE', #464, 999.9999999999998863 ) ;
#486 = VECTOR ( 'NONE', #748, 1000.000000000000000 ) ;
#487 = CARTESIAN_POINT ( 'NONE',  ( 45.61700000000750066, 65.44147454200154357, 16.50000000015655033 ) ) ;
#488 = FACE_OUTER_BOUND ( 'NONE', #2293, .T. ) ;
#489 = CARTESIAN_POINT ( 'NONE',  ( 0.000000000000000000, 0.000000000000000000, 9.500000000156553881 ) ) ;
#490 = LINE ( 'NONE', #886, #644 ) ;
#491 = CARTESIAN_POINT ( 'NONE',  ( 44.41700000000745518, 2.600000000000008971, 16.50000000015655033 ) ) ;
#492 = PRESENTATION_STYLE_ASSIGNMENT (( #1786 ) ) ;
#493 = VECTOR ( 'NONE', #1177, 1000.000000000000000 ) ;
#494 = DIRECTION ( 'NONE',  ( 0.7071067811865489050, -0.7071067811865461294, 1.814888558150029504E-13 ) ) ;
#495 = FACE_OUTER_BOUND ( 'NONE', #2351, .T. ) ;
#496 = EDGE_CURVE ( 'NONE', #652, #1827, #1543, .T. ) ;
#497 = VECTOR ( 'NONE', #2421, 1000.000000000000000 ) ;
#498 = AXIS2_PLACEMENT_3D ( 'NONE', #2373, #1763, #2171 ) ;
#499 = VECTOR ( 'NONE', #1533, 1000.000000000000000 ) ;
#500 = PLANE ( 'NONE',  #1822 ) ;
#501 = ORIENTED_EDGE ( 'NONE', *, *, #2504, .T. ) ;
#502 = DIRECTION ( 'NONE',  ( 0.5773502691896266192, -0.5773502691894784045, 0.5773502691897721695 ) ) ;
#503 = EDGE_LOOP ( 'NONE', ( #1468, #574, #1035, #233 ) ) ;
#504 = EDGE_LOOP ( 'NONE', ( #798, #571, #2536, #1716 ) ) ;
#505 = ORIENTED_EDGE ( 'NONE', *, *, #2195, .F. ) ;
#506 = CARTESIAN_POINT ( 'NONE',  ( -7.717157287525292730, 4.567157287520740461, 0.000000000000000000 ) ) ;
#507 = ORIENTED_EDGE ( 'NONE', *, *, #2427, .F. ) ;
#508 = ORIENTED_EDGE ( 'NONE', *, *, #986, .T. ) ;
#509 = DIRECTION ( 'NONE',  ( 0.000000000000000000, 0.000000000000000000, 1.000000000000000000 ) ) ;
#510 = PLANE ( 'NONE',  #1675 ) ;
#511 = ORIENTED_EDGE ( 'NONE', *, *, #1489, .T. ) ;
#512 = EDGE_CURVE ( 'NONE', #604, #2485, #2273, .T. ) ;
#513 = DIRECTION ( 'NONE',  ( -0.6785983445458870778, -0.2810846377146266617, 0.6785983445458871888 ) ) ;
#514 = DIRECTION ( 'NONE',  ( 4.336808689942018229E-16, 2.568466037843052757E-13, 1.000000000000000000 ) ) ;
#515 = AXIS2_PLACEMENT_3D ( 'NONE', #2213, #405, #1617 ) ;
#516 = EDGE_LOOP ( 'NONE', ( #830, #2153, #1475, #1184 ) ) ;
#517 = FACE_OUTER_BOUND ( 'NONE', #2226, .T. ) ;
#518 = CARTESIAN_POINT ( 'NONE',  ( 32.61133333333443574, 8.455666666664619413, -1.805666666516493990 ) ) ;
#519 = VECTOR ( 'NONE', #2249, 1000.000000000000227 ) ;
#520 = CARTESIAN_POINT ( 'NONE',  ( 45.91700000000749071, 2.849999999999624389, 16.50000000015706192 ) ) ;
#521 = LINE ( 'NONE', #742, #585 ) ;
#522 = DIRECTION ( 'NONE',  ( 1.000000000000000000, 0.000000000000000000, 0.000000000000000000 ) ) ;
#523 = FACE_OUTER_BOUND ( 'NONE', #741, .T. ) ;
#524 = CARTESIAN_POINT ( 'NONE',  ( 15.41700000000748183, -4.850000000000801670, 14.70000000015712871 ) ) ;
#525 = EDGE_CURVE ( 'NONE', #176, #870, #1455, .T. ) ;
#526 = FACE_OUTER_BOUND ( 'NONE', #472, .T. ) ;
#527 = ADVANCED_FACE ( 'NONE', ( #162 ), #2269, .F. ) ;
#528 = DIRECTION ( 'NONE',  ( 0.000000000000000000, -1.000000000000000000, 1.284980352575411516E-15 ) ) ;
#529 = FACE_OUTER_BOUND ( 'NONE', #2447, .T. ) ;
#530 = CARTESIAN_POINT ( 'NONE',  ( 10.00000000000000178, 2.849999999997854250, 9.500000000156553881 ) ) ;
#531 = PRODUCT ( 'nozzle-brush-mount.STL', 'nozzle-brush-mount.STL', '', ( #969 ) ) ;
#532 = EDGE_CURVE ( 'NONE', #1815, #50, #2054, .T. ) ;
#533 = ORIENTED_EDGE ( 'NONE', *, *, #532, .F. ) ;
#534 = ORIENTED_EDGE ( 'NONE', *, *, #1638, .T. ) ;
#535 = DIRECTION ( 'NONE',  ( -3.154042683564268203E-16, 0.000000000000000000, -1.000000000000000000 ) ) ;
#536 = ORIENTED_EDGE ( 'NONE', *, *, #1204, .F. ) ;
#537 = CARTESIAN_POINT ( 'NONE',  ( 0.000000000000000000, 0.000000000000000000, -1.000000000000000000 ) ) ;
#538 = ORIENTED_EDGE ( 'NONE', *, *, #2440, .T. ) ;
#539 = DIRECTION ( 'NONE',  ( 0.2810846377149140429, 0.6785983445458200203, -0.6785983445458352303 ) ) ;
#540 = VERTEX_POINT ( 'NONE', #252 ) ;
#541 = PLANE ( 'NONE',  #817 ) ;
#542 = ADVANCED_FACE ( 'NONE', ( #673 ), #1841, .T. ) ;
#543 = EDGE_LOOP ( 'NONE', ( #1585, #1909, #2515, #1619 ) ) ;
#544 = DIRECTION ( 'NONE',  ( 0.000000000000000000, 0.000000000000000000, -1.000000000000000000 ) ) ;
#545 = EDGE_CURVE ( 'NONE', #356, #567, #2526, .T. ) ;
#546 = DIRECTION ( 'NONE',  ( -3.154042683564268203E-16, 0.000000000000000000, -1.000000000000000000 ) ) ;
#547 = CARTESIAN_POINT ( 'NONE',  ( -7.999999999999998224, -4.850000000000385114, 16.20000000015661712 ) ) ;
#548 = FACE_OUTER_BOUND ( 'NONE', #2096, .T. ) ;
#549 = AXIS2_PLACEMENT_3D ( 'NONE', #1415, #432, #417 ) ;
#550 = FACE_OUTER_BOUND ( 'NONE', #1400, .T. ) ;
#551 = DIRECTION ( 'NONE',  ( 0.000000000000000000, 1.000000000000000000, 0.000000000000000000 ) ) ;
#552 = ADVANCED_FACE ( 'NONE', ( #2024 ), #1105, .F. ) ;
#553 = VECTOR ( 'NONE', #853, 1000.000000000000000 ) ;
#554 = DIRECTION ( 'NONE',  ( -0.000000000000000000, -0.000000000000000000, 1.000000000000000000 ) ) ;
#555 = FACE_OUTER_BOUND ( 'NONE', #52, .T. ) ;
#556 = LINE ( 'NONE', #583, #2307 ) ;
#557 = CARTESIAN_POINT ( 'NONE',  ( 0.000000000000000000, 0.000000000000000000, 15.00000000000000178 ) ) ;
#558 = FACE_OUTER_BOUND ( 'NONE', #504, .T. ) ;
#559 = EDGE_CURVE ( 'NONE', #295, #2485, #732, .T. ) ;
#560 = LINE ( 'NONE', #2513, #1995 ) ;
#561 = PLANE ( 'NONE',  #2067 ) ;
#562 = CARTESIAN_POINT ( 'NONE',  ( 43.66700000000746229, -2.599999999999990763, -14.83675676154699197 ) ) ;
#563 = EDGE_LOOP ( 'NONE', ( #2441, #248, #1149, #22 ) ) ;
#564 = ADVANCED_FACE ( 'NONE', ( #1639 ), #2405, .F. ) ;
#565 = CARTESIAN_POINT ( 'NONE',  ( 2.800000000000000266, 4.449999999995332800, 1.027386415137143731E-13 ) ) ;
#566 = ORIENTED_EDGE ( 'NONE', *, *, #1837, .T. ) ;
#567 = VERTEX_POINT ( 'NONE', #867 ) ;
#568 = ORIENTED_EDGE ( 'NONE', *, *, #1369, .T. ) ;
#569 = AXIS2_PLACEMENT_3D ( 'NONE', #1037, #653, #430 ) ;
#570 = CARTESIAN_POINT ( 'NONE',  ( -9.999999999999996447, 65.44147454200154357, 9.500000000156553881 ) ) ;
#571 = ORIENTED_EDGE ( 'NONE', *, *, #2200, .F. ) ;
#572 = ORIENTED_EDGE ( 'NONE', *, *, #1632, .T. ) ;
#573 = DIRECTION ( 'NONE',  ( -0.000000000000000000, -0.000000000000000000, 1.000000000000000000 ) ) ;
#574 = ORIENTED_EDGE ( 'NONE', *, *, #1333, .T. ) ;
#575 = DIRECTION ( 'NONE',  ( -1.240927428851029466E-16, 0.000000000000000000, -1.000000000000000000 ) ) ;
#576 = ORIENTED_EDGE ( 'NONE', *, *, #1389, .F. ) ;
#577 = PLANE ( 'NONE',  #1904 ) ;
#578 = EDGE_CURVE ( 'NONE', #174, #134, #913, .T. ) ;
#579 = DIRECTION ( 'NONE',  ( 0.5000000000000165423, 0.5000000000000160982, -0.7071067811865245911 ) ) ;
#580 = EDGE_CURVE ( 'NONE', #1337, #49, #1260, .T. ) ;
#581 = FACE_OUTER_BOUND ( 'NONE', #895, .T. ) ;
#582 = DIRECTION ( 'NONE',  ( 1.000000000000000000, 0.000000000000000000, 0.000000000000000000 ) ) ;
#583 = CARTESIAN_POINT ( 'NONE',  ( 1.699999999999999956, 0.000000000000000000, -1.000000000000000000 ) ) ;
#584 = CARTESIAN_POINT ( 'NONE',  ( 0.000000000000000000, 0.000000000000000000, 9.500000000156553881 ) ) ;
#585 = VECTOR ( 'NONE', #944, 999.9999999999998863 ) ;
#586 = FACE_OUTER_BOUND ( 'NONE', #563, .T. ) ;
#587 = CONICAL_SURFACE ( 'NONE', #87, 0.4499999999999955147, 0.7853981633974437271 ) ;
#588 = CARTESIAN_POINT ( 'NONE',  ( 0.000000000000000000, 0.000000000000000000, 15.29999999999999716 ) ) ;
#589 = LINE ( 'NONE', #1646, #1049 ) ;
#590 = DIRECTION ( 'NONE',  ( 0.000000000000000000, 0.000000000000000000, 1.000000000000000000 ) ) ;
#591 = DIRECTION ( 'NONE',  ( 1.000000000000000000, 0.000000000000000000, 0.000000000000000000 ) ) ;
#592 = LINE ( 'NONE', #911, #468 ) ;
#593 = ADVANCED_FACE ( 'NONE', ( #227 ), #510, .F. ) ;
#594 = EDGE_CURVE ( 'NONE', #1684, #955, #1323, .T. ) ;
#595 = ORIENTED_EDGE ( 'NONE', *, *, #496, .F. ) ;
#596 = DIRECTION ( 'NONE',  ( 0.000000000000000000, 0.000000000000000000, -1.000000000000000000 ) ) ;
#597 = DIRECTION ( 'NONE',  ( -3.154042683564268203E-16, -2.568466037843052757E-13, -1.000000000000000000 ) ) ;
#598 =( NAMED_UNIT ( * ) PLANE_ANGLE_UNIT ( ) SI_UNIT ( $, .RADIAN. ) );
#599 = AXIS2_PLACEMENT_3D ( 'NONE', #2525, #1512, #2300 ) ;
#600 = VERTEX_POINT ( 'NONE', #677 ) ;
#601 = EDGE_LOOP ( 'NONE', ( #837, #714, #963, #409 ) ) ;
#602 = DIRECTION ( 'NONE',  ( -4.336808689942018229E-16, 2.568466037843052757E-13, 1.000000000000000000 ) ) ;
#603 = ORIENTED_EDGE ( 'NONE', *, *, #345, .T. ) ;
#604 = VERTEX_POINT ( 'NONE', #491 ) ;
#605 = ADVANCED_FACE ( 'NONE', ( #2112 ), #1668, .T. ) ;
#606 = CARTESIAN_POINT ( 'NONE',  ( 47.07591295284795763, 12.47629049310166849, 8.573709507052303280 ) ) ;
#607 = CARTESIAN_POINT ( 'NONE',  ( 14.91700000000746584, 2.600000000000044498, 16.50000000015655388 ) ) ;
#608 = ORIENTED_EDGE ( 'NONE', *, *, #751, .F. ) ;
#609 = DIRECTION ( 'NONE',  ( -0.7071067811865477948, 8.659560562354937789E-17, 0.7071067811865473507 ) ) ;
#610 = FACE_OUTER_BOUND ( 'NONE', #1918, .T. ) ;
#611 = EDGE_CURVE ( 'NONE', #2475, #2064, #1736, .T. ) ;
#612 = CARTESIAN_POINT ( 'NONE',  ( 0.000000000000000000, 0.000000000000000000, 15.29999999999999716 ) ) ;
#613 = VECTOR ( 'NONE', #1504, 1000.000000000000000 ) ;
#614 = AXIS2_PLACEMENT_3D ( 'NONE', #2436, #246, #1425 ) ;
#615 = VECTOR ( 'NONE', #226, 999.9999999999998863 ) ;
#616 = DIRECTION ( 'NONE',  ( -1.826024711524442568E-16, -2.568466037843052757E-13, -1.000000000000000000 ) ) ;
#617 = CARTESIAN_POINT ( 'NONE',  ( 15.66700000000745696, -3.049999999999952749, -14.83675676154699197 ) ) ;
#618 = SURFACE_SIDE_STYLE ('',( #1047 ) ) ;
#619 = VECTOR ( 'NONE', #392, 1000.000000000000000 ) ;
#620 = CARTESIAN_POINT ( 'NONE',  ( 2.799999999994016608, -4.450000000010336798, 5.983795956536027885E-12 ) ) ;
#621 = LINE ( 'NONE', #195, #34 ) ;
#622 = CIRCLE ( 'NONE', #1921, 3.299999999999988720 ) ;
#623 = VECTOR ( 'NONE', #1558, 1000.000000000000000 ) ;
#624 = VECTOR ( 'NONE', #146, 1000.000000000000000 ) ;
#625 = CARTESIAN_POINT ( 'NONE',  ( -9.787867965643993529, 2.637867965643683643, 16.50000000015655743 ) ) ;
#626 = VERTEX_POINT ( 'NONE', #1892 ) ;
#627 = DIRECTION ( 'NONE',  ( -1.000000000000000000, 1.215888987933778743E-15, 0.000000000000000000 ) ) ;
#628 = EDGE_CURVE ( 'NONE', #241, #2061, #880, .T. ) ;
#629 = VERTEX_POINT ( 'NONE', #1274 ) ;
#630 = ORIENTED_EDGE ( 'NONE', *, *, #2558, .F. ) ;
#631 = ORIENTED_EDGE ( 'NONE', *, *, #2504, .F. ) ;
#632 = DIRECTION ( 'NONE',  ( 0.6785983445458200203, -0.2810846377149504582, -0.6785983445458200203 ) ) ;
#633 = ORIENTED_EDGE ( 'NONE', *, *, #137, .T. ) ;
#634 = VERTEX_POINT ( 'NONE', #1699 ) ;
#635 = AXIS2_PLACEMENT_3D ( 'NONE', #1200, #245, #234 ) ;
#636 = ORIENTED_EDGE ( 'NONE', *, *, #2076, .F. ) ;
#637 = DIRECTION ( 'NONE',  ( 0.7071067811865475727, 0.000000000000000000, -0.7071067811865475727 ) ) ;
#638 = DIRECTION ( 'NONE',  ( 0.7071067811865474617, -1.022195611122267569E-15, 0.7071067811865474617 ) ) ;
#639 = CYLINDRICAL_SURFACE ( 'NONE', #1733, 0.4499999999999955147 ) ;
#640 = CARTESIAN_POINT ( 'NONE',  ( -9.999999999999996447, 65.44147454200154357, 9.500000000156553881 ) ) ;
#641 = EDGE_CURVE ( 'NONE', #1223, #870, #1670, .T. ) ;
#642 = VECTOR ( 'NONE', #632, 1000.000000000000227 ) ;
#643 = DIRECTION ( 'NONE',  ( -1.240927428851029466E-16, 0.000000000000000000, -1.000000000000000000 ) ) ;
#644 = VECTOR ( 'NONE', #513, 1000.000000000000114 ) ;
#645 = AXIS2_PLACEMENT_3D ( 'NONE', #390, #3, #958 ) ;
#646 = CARTESIAN_POINT ( 'NONE',  ( 2.099999999999994316, 2.571758278209434068E-16, -1.000000000000000000 ) ) ;
#647 = ADVANCED_FACE ( 'NONE', ( #2208, #1203 ), #500, .T. ) ;
#648 = FACE_OUTER_BOUND ( 'NONE', #1858, .T. ) ;
#649 = PRODUCT_DEFINITION ( 'UNKNOWN', '', #1482, #2108 ) ;
#650 = FACE_OUTER_BOUND ( 'NONE', #1751, .T. ) ;
#651 = CARTESIAN_POINT ( 'NONE',  ( -2.366666666719582146, 9.616666666714984046, 5.166666666719535783 ) ) ;
#652 = VERTEX_POINT ( 'NONE', #96 ) ;
#653 = DIRECTION ( 'NONE',  ( 0.000000000000000000, 0.000000000000000000, 1.000000000000000000 ) ) ;
#654 = CARTESIAN_POINT ( 'NONE',  ( 21.57857998347775208, 33.86289455852377017, 0.000000000000000000 ) ) ;
#655 = VERTEX_POINT ( 'NONE', #1506 ) ;
#656 = EDGE_CURVE ( 'NONE', #2061, #1556, #1419, .T. ) ;
#657 = SURFACE_STYLE_USAGE ( .BOTH. , #80 ) ;
#658 = ORIENTED_EDGE ( 'NONE', *, *, #2263, .F. ) ;
#659 = ORIENTED_EDGE ( 'NONE', *, *, #941, .F. ) ;
#660 = EDGE_CURVE ( 'NONE', #890, #567, #2140, .T. ) ;
#661 = ORIENTED_EDGE ( 'NONE', *, *, #2352, .T. ) ;
#662 = AXIS2_PLACEMENT_3D ( 'NONE', #1128, #1770, #2161 ) ;
#663 = ORIENTED_EDGE ( 'NONE', *, *, #1249, .T. ) ;
#664 = CARTESIAN_POINT ( 'NONE',  ( 2.800000000000000266, 65.44147454200154357, 0.000000000000000000 ) ) ;
#665 = CARTESIAN_POINT ( 'NONE',  ( 9.717157287525358456, 2.567157287520784426, 0.000000000000000000 ) ) ;
#666 = FACE_OUTER_BOUND ( 'NONE', #857, .T. ) ;
#667 = FACE_OUTER_BOUND ( 'NONE', #503, .T. ) ;
#668 = CARTESIAN_POINT ( 'NONE',  ( 43.91700000000749071, 4.849999999999547562, 16.20000000015647856 ) ) ;
#669 = FACE_OUTER_BOUND ( 'NONE', #332, .T. ) ;
#670 = CARTESIAN_POINT ( 'NONE',  ( 0.000000000000000000, 0.000000000000000000, -1.000000000000000000 ) ) ;
#671 = EDGE_CURVE ( 'NONE', #805, #9, #621, .T. ) ;
#672 = PLANE ( 'NONE',  #2360 ) ;
#673 = FACE_OUTER_BOUND ( 'NONE', #1339, .T. ) ;
#674 = AXIS2_PLACEMENT_3D ( 'NONE', #1917, #1701, #294 ) ;
#675 = LINE ( 'NONE', #2385, #1112 ) ;
#676 = DIRECTION ( 'NONE',  ( -0.7071067811865476838, -0.7071067811865474617, 0.000000000000000000 ) ) ;
#677 = CARTESIAN_POINT ( 'NONE',  ( 3.000000000000000444, 0.000000000000000000, 16.20000000015656028 ) ) ;
#678 = VECTOR ( 'NONE', #938, 1000.000000000000114 ) ;
#679 = CARTESIAN_POINT ( 'NONE',  ( 14.91700000000746584, 2.600000000000044498, 16.50000000015655388 ) ) ;
#680 = ORIENTED_EDGE ( 'NONE', *, *, #2195, .T. ) ;
#681 = ORIENTED_EDGE ( 'NONE', *, *, #1694, .T. ) ;
#682 = DIRECTION ( 'NONE',  ( 0.000000000000000000, -1.000000000000000000, 0.000000000000000000 ) ) ;
#683 = EDGE_LOOP ( 'NONE', ( #1247, #706, #2379, #995 ) ) ;
#684 = ORIENTED_EDGE ( 'NONE', *, *, #1783, .F. ) ;
#685 = EDGE_CURVE ( 'NONE', #1680, #112, #1013, .T. ) ;
#686 = ORIENTED_EDGE ( 'NONE', *, *, #858, .T. ) ;
#687 = DIRECTION ( 'NONE',  ( 0.6785983445457065555, 0.2810846377150865161, -0.6785983445458773078 ) ) ;
#688 = ORIENTED_EDGE ( 'NONE', *, *, #1003, .F. ) ;
#689 = ORIENTED_EDGE ( 'NONE', *, *, #333, .F. ) ;
#690 = DIRECTION ( 'NONE',  ( -1.000000000000000000, 0.000000000000000000, 0.000000000000000000 ) ) ;
#691 = VERTEX_POINT ( 'NONE', #359 ) ;
#692 = DIRECTION ( 'NONE',  ( -0.000000000000000000, -1.000000000000000000, -0.000000000000000000 ) ) ;
#693 = LINE ( 'NONE', #36, #150 ) ;
#694 = DIRECTION ( 'NONE',  ( -0.5773502691895762151, -0.5773502691897254291, -0.5773502691895755490 ) ) ;
#695 = EDGE_CURVE ( 'NONE', #1644, #1655, #1957, .T. ) ;
#696 = LINE ( 'NONE', #2256, #553 ) ;
#697 = DIRECTION ( 'NONE',  ( 0.000000000000000000, 0.7071067811865483499, 0.7071067811865466846 ) ) ;
#698 = VECTOR ( 'NONE', #288, 1000.000000000000000 ) ;
#699 = EDGE_CURVE ( 'NONE', #2151, #925, #1114, .T. ) ;
#700 = VECTOR ( 'NONE', #2127, 1000.000000000000000 ) ;
#701 = CARTESIAN_POINT ( 'NONE',  ( 0.9333333333333797555, -6.316666666671221897, 0.8666666666667431906 ) ) ;
#702 = AXIS2_PLACEMENT_3D ( 'NONE', #1972, #977, #582 ) ;
#703 = ORIENTED_EDGE ( 'NONE', *, *, #1868, .T. ) ;
#704 = DIRECTION ( 'NONE',  ( 0.000000000000000000, 0.000000000000000000, 1.000000000000000000 ) ) ;
#705 = DIRECTION ( 'NONE',  ( 0.5773502691897239858, -0.5773502691894297767, 0.5773502691897234307 ) ) ;
#706 = ORIENTED_EDGE ( 'NONE', *, *, #829, .T. ) ;
#707 = DIRECTION ( 'NONE',  ( 0.000000000000000000, 0.7071067811863671615, -0.7071067811867279840 ) ) ;
#708 = CARTESIAN_POINT ( 'NONE',  ( -2.800000000000000266, -4.450000000004338929, 1.795138786959144149E-11 ) ) ;
#709 = ORIENTED_EDGE ( 'NONE', *, *, #377, .T. ) ;
#710 = CARTESIAN_POINT ( 'NONE',  ( 43.66700000000746229, -2.599999999999990763, 14.70000000015654962 ) ) ;
#711 = ADVANCED_FACE ( 'NONE', ( #555 ), #1342, .T. ) ;
#712 = EDGE_CURVE ( 'NONE', #145, #600, #2546, .T. ) ;
#713 = EDGE_LOOP ( 'NONE', ( #839, #1065, #2191, #2229 ) ) ;
#714 = ORIENTED_EDGE ( 'NONE', *, *, #11, .T. ) ;
#715 = CARTESIAN_POINT ( 'NONE',  ( -7.999999999999992895, 4.849999999999687894, 16.50000000015655743 ) ) ;
#716 = ORIENTED_EDGE ( 'NONE', *, *, #1109, .F. ) ;
#717 = EDGE_CURVE ( 'NONE', #1565, #1221, #942, .T. ) ;
#718 = CARTESIAN_POINT ( 'NONE',  ( 45.25033333334117458, 4.183333333331498594, 10.83333333349023775 ) ) ;
#719 = ORIENTED_EDGE ( 'NONE', *, *, #1523, .T. ) ;
#720 = CARTESIAN_POINT ( 'NONE',  ( 43.66700000000747650, 3.050000000000010036, 16.20000000015655317 ) ) ;
#721 = CARTESIAN_POINT ( 'NONE',  ( -9.700000000000001066, 65.44147454200154357, 16.50000000015655743 ) ) ;
#722 = AXIS2_PLACEMENT_3D ( 'NONE', #1490, #89, #311 ) ;
#723 = EDGE_LOOP ( 'NONE', ( #703, #2163, #13, #776 ) ) ;
#724 = FACE_OUTER_BOUND ( 'NONE', #543, .T. ) ;
#725 = CARTESIAN_POINT ( 'NONE',  ( 43.66700000000746229, -2.599999999999990763, 16.20000000015655317 ) ) ;
#726 = CIRCLE ( 'NONE', #1562, 1.699999999999999956 ) ;
#727 = CARTESIAN_POINT ( 'NONE',  ( 15.66700000000745696, -3.349999999999949463, 16.50000000015655388 ) ) ;
#728 = CARTESIAN_POINT ( 'NONE',  ( -2.799999999999999822, -4.850000000004449419, 0.4000000000002070788 ) ) ;
#729 = VECTOR ( 'NONE', #1356, 1000.000000000000000 ) ;
#730 = FACE_OUTER_BOUND ( 'NONE', #723, .T. ) ;
#731 = EDGE_CURVE ( 'NONE', #216, #634, #2, .T. ) ;
#732 = LINE ( 'NONE', #2445, #1607 ) ;
#733 = LINE ( 'NONE', #1704, #1958 ) ;
#734 = FACE_OUTER_BOUND ( 'NONE', #240, .T. ) ;
#735 = DIRECTION ( 'NONE',  ( -0.7071067811865474617, 0.7071067811865476838, 0.000000000000000000 ) ) ;
#736 = ADVANCED_FACE ( 'NONE', ( #526 ), #406, .F. ) ;
#737 = AXIS2_PLACEMENT_3D ( 'NONE', #1018, #2426, #54 ) ;
#738 = ORIENTED_EDGE ( 'NONE', *, *, #525, .F. ) ;
#739 = CARTESIAN_POINT ( 'NONE',  ( 45.61700000000750066, -2.725735931288537195, 16.50000000015655033 ) ) ;
#740 = ORIENTED_EDGE ( 'NONE', *, *, #2283, .T. ) ;
#741 = EDGE_LOOP ( 'NONE', ( #269, #872, #533, #1176 ) ) ;
#742 = CARTESIAN_POINT ( 'NONE',  ( -2.466666666660798590, -4.783333333343802174, -0.6666666666606980707 ) ) ;
#743 = ORIENTED_EDGE ( 'NONE', *, *, #17, .T. ) ;
#744 = EDGE_LOOP ( 'NONE', ( #2198, #1622, #2503, #1001 ) ) ;
#745 = VERTEX_POINT ( 'NONE', #184 ) ;
#746 = DIRECTION ( 'NONE',  ( -2.508251607829031958E-37, 1.157737547549075630E-15, 1.000000000000000000 ) ) ;
#747 = ORIENTED_EDGE ( 'NONE', *, *, #2143, .F. ) ;
#748 = DIRECTION ( 'NONE',  ( 0.7071067811865476838, 0.7071067811865474617, -8.774681999008056876E-17 ) ) ;
#749 = ORIENTED_EDGE ( 'NONE', *, *, #941, .T. ) ;
#750 = ADVANCED_FACE ( 'NONE', ( #1519 ), #577, .T. ) ;
#751 = EDGE_CURVE ( 'NONE', #1777, #2004, #2435, .T. ) ;
#752 = CARTESIAN_POINT ( 'NONE',  ( 44.11700000000746513, -2.599999999999991651, 16.20000000015655317 ) ) ;
#753 = VERTEX_POINT ( 'NONE', #1767 ) ;
#754 = LINE ( 'NONE', #1133, #2203 ) ;
#755 = DIRECTION ( 'NONE',  ( -1.000000000000000000, 0.000000000000000000, 0.000000000000000000 ) ) ;
#756 = VECTOR ( 'NONE', #616, 1000.000000000000000 ) ;
#757 = CIRCLE ( 'NONE', #2376, 1.699999999999999956 ) ;
#758 = LINE ( 'NONE', #2023, #1705 ) ;
#759 = LINE ( 'NONE', #888, #1544 ) ;
#760 = DIRECTION ( 'NONE',  ( 1.000000000000000000, -1.337623968704112657E-15, -1.240927428851029466E-16 ) ) ;
#761 = CARTESIAN_POINT ( 'NONE',  ( 2.399999999999798739, 4.849999999995540101, 0.4000000000001020517 ) ) ;
#762 = EDGE_CURVE ( 'NONE', #2557, #1244, #984, .T. ) ;
#763 = ORIENTED_EDGE ( 'NONE', *, *, #1931, .T. ) ;
#764 = DIRECTION ( 'NONE',  ( -0.2810846377148301101, -0.6785983445457535179, 0.6785983445459364827 ) ) ;
#765 = CARTESIAN_POINT ( 'NONE',  ( 15.66700000000746229, 2.600000000000043610, 16.20000000015655672 ) ) ;
#766 = ORIENTED_EDGE ( 'NONE', *, *, #66, .F. ) ;
#767 = CARTESIAN_POINT ( 'NONE',  ( 43.66700000000745518, -3.349999999999966782, 16.50000000015655033 ) ) ;
#768 = DIRECTION ( 'NONE',  ( -0.000000000000000000, -0.000000000000000000, 1.000000000000000000 ) ) ;
#769 = ORIENTED_EDGE ( 'NONE', *, *, #797, .F. ) ;
#770 = ORIENTED_EDGE ( 'NONE', *, *, #1036, .T. ) ;
#771 = ORIENTED_EDGE ( 'NONE', *, *, #2336, .F. ) ;
#772 = EDGE_LOOP ( 'NONE', ( #1275, #1271, #379, #2386 ) ) ;
#773 = ADVANCED_FACE ( 'NONE', ( #1231 ), #972, .T. ) ;
#774 = ORIENTED_EDGE ( 'NONE', *, *, #907, .T. ) ;
#775 = CARTESIAN_POINT ( 'NONE',  ( -9.700000000000001066, 2.725735931287677438, 16.50000000015655743 ) ) ;
#776 = ORIENTED_EDGE ( 'NONE', *, *, #762, .F. ) ;
#777 = CARTESIAN_POINT ( 'NONE',  ( 6.260254936722227548, -3.885218122431151500, 32.46025493687879049 ) ) ;
#778 = EDGE_CURVE ( 'NONE', #626, #933, #1452, .T. ) ;
#779 = EDGE_CURVE ( 'NONE', #2479, #295, #2401, .T. ) ;
#780 = LINE ( 'NONE', #1484, #1038 ) ;
#781 = DIRECTION ( 'NONE',  ( -1.000000000000000000, 0.000000000000000000, 0.000000000000000000 ) ) ;
#782 = CARTESIAN_POINT ( 'NONE',  ( -9.999999999999994671, 65.44147454200154357, 16.20000000015656028 ) ) ;
#783 = FACE_OUTER_BOUND ( 'NONE', #1147, .T. ) ;
#784 = AXIS2_PLACEMENT_3D ( 'NONE', #161, #368, #544 ) ;
#785 = ADVANCED_FACE ( 'NONE', ( #586 ), #993, .F. ) ;
#786 = CARTESIAN_POINT ( 'NONE',  ( 45.91700000000749071, 1.799999999999996048, 16.50000000015655033 ) ) ;
#787 = DIRECTION ( 'NONE',  ( -1.000000000000000000, 3.097720492815727042E-17, 1.240927428851029466E-16 ) ) ;
#788 = LINE ( 'NONE', #1418, #192 ) ;
#789 = PLANE ( 'NONE',  #420 ) ;
#790 = VECTOR ( 'NONE', #291, 1000.000000000000000 ) ;
#791 = CARTESIAN_POINT ( 'NONE',  ( -2.799999999999999822, -4.450000000004602718, -1.000000000000000000 ) ) ;
#792 = FACE_OUTER_BOUND ( 'NONE', #2312, .T. ) ;
#793 = VECTOR ( 'NONE', #2552, 999.9999999999998863 ) ;
#794 = CARTESIAN_POINT ( 'NONE',  ( 0.000000000000000000, 0.000000000000000000, -1.000000000000000000 ) ) ;
#795 = EDGE_LOOP ( 'NONE', ( #209, #709, #2121, #595 ) ) ;
#796 = DIRECTION ( 'NONE',  ( -1.295090654469298014E-28, -2.568466037843053262E-13, -1.000000000000000000 ) ) ;
#797 = EDGE_CURVE ( 'NONE', #1614, #2479, #758, .T. ) ;
#798 = ORIENTED_EDGE ( 'NONE', *, *, #444, .F. ) ;
#799 = DIRECTION ( 'NONE',  ( 0.6785983445458084740, 0.2810846377150065245, 0.6785983445458084740 ) ) ;
#800 = DIRECTION ( 'NONE',  ( -0.5000000000000405231, 0.5000000000000407452, 0.7071067811864901742 ) ) ;
#801 =( NAMED_UNIT ( * ) PLANE_ANGLE_UNIT ( ) SI_UNIT ( $, .RADIAN. ) );
#802 = ORIENTED_EDGE ( 'NONE', *, *, #2518, .F. ) ;
#803 = ORIENTED_EDGE ( 'NONE', *, *, #2181, .F. ) ;
#804 = ORIENTED_EDGE ( 'NONE', *, *, #189, .T. ) ;
#805 = VERTEX_POINT ( 'NONE', #1609 ) ;
#806 = DIRECTION ( 'NONE',  ( -1.000000000000000000, 0.000000000000000000, 1.240927428851029466E-16 ) ) ;
#807 = ORIENTED_EDGE ( 'NONE', *, *, #2246, .T. ) ;
#808 = DIRECTION ( 'NONE',  ( -0.000000000000000000, -0.000000000000000000, 1.000000000000000000 ) ) ;
#809 = DIRECTION ( 'NONE',  ( 1.000000000000000000, -1.215888987933778743E-15, 0.000000000000000000 ) ) ;
#810 = ORIENTED_EDGE ( 'NONE', *, *, #877, .T. ) ;
#811 = EDGE_CURVE ( 'NONE', #473, #102, #255, .T. ) ;
#812 = VECTOR ( 'NONE', #2317, 1000.000000000000000 ) ;
#813 = AXIS2_PLACEMENT_3D ( 'NONE', #765, #590, #2172 ) ;
#814 = DIRECTION ( 'NONE',  ( -0.000000000000000000, -1.000000000000000000, 2.568466037843053262E-13 ) ) ;
#815 = DIRECTION ( 'NONE',  ( -0.2810846377147792063, 0.6785983445459328189, 0.6785983445457781649 ) ) ;
#816 = VECTOR ( 'NONE', #98, 1000.000000000000000 ) ;
#817 = AXIS2_PLACEMENT_3D ( 'NONE', #2314, #1520, #2120 ) ;
#818 = PRESENTATION_STYLE_ASSIGNMENT (( #657 ) ) ;
#819 = LINE ( 'NONE', #201, #2406 ) ;
#820 = CARTESIAN_POINT ( 'NONE',  ( 2.000000000000010658, 0.000000000000000000, 15.00000000000000178 ) ) ;
#821 = CYLINDRICAL_SURFACE ( 'NONE', #1039, 0.4499999999999781952 ) ;
#822 = CARTESIAN_POINT ( 'NONE',  ( 15.66700000000746940, 3.350000000000019185, 16.50000000015655388 ) ) ;
#823 = ORIENTED_EDGE ( 'NONE', *, *, #1554, .F. ) ;
#824 = EDGE_CURVE ( 'NONE', #1684, #267, #2110, .T. ) ;
#825 = CARTESIAN_POINT ( 'NONE',  ( 44.11700000000746513, -2.599999999999991651, 16.20000000015655317 ) ) ;
#826 = ORIENTED_EDGE ( 'NONE', *, *, #2162, .F. ) ;
#827 = ADVANCED_FACE ( 'NONE', ( #1136 ), #1870, .F. ) ;
#828 = CARTESIAN_POINT ( 'NONE',  ( 15.66700000000745696, -2.599999999999953459, -14.83675676154699197 ) ) ;
#829 = EDGE_CURVE ( 'NONE', #2559, #50, #1667, .T. ) ;
#830 = ORIENTED_EDGE ( 'NONE', *, *, #559, .T. ) ;
#831 = ORIENTED_EDGE ( 'NONE', *, *, #1638, .F. ) ;
#832 = CARTESIAN_POINT ( 'NONE',  ( 15.66700000000746940, 3.350000000000019185, 16.50000000015655388 ) ) ;
#833 = ORIENTED_EDGE ( 'NONE', *, *, #1649, .F. ) ;
#834 = DIRECTION ( 'NONE',  ( -0.000000000000000000, -0.000000000000000000, -1.000000000000000000 ) ) ;
#835 = ORIENTED_EDGE ( 'NONE', *, *, #79, .T. ) ;
#836 = AXIS2_PLACEMENT_3D ( 'NONE', #670, #2274, #1625 ) ;
#837 = ORIENTED_EDGE ( 'NONE', *, *, #1403, .T. ) ;
#838 = DIRECTION ( 'NONE',  ( 0.000000000000000000, 1.000000000000000000, 0.000000000000000000 ) ) ;
#839 = ORIENTED_EDGE ( 'NONE', *, *, #333, .T. ) ;
#840 = CARTESIAN_POINT ( 'NONE',  ( 44.41700000000745518, 65.44147454200154357, 16.50000000015655033 ) ) ;
#841 = ADVANCED_FACE ( 'NONE', ( #1990 ), #1321, .F. ) ;
#842 = LINE ( 'NONE', #1564, #2043 ) ;
#843 = CARTESIAN_POINT ( 'NONE',  ( 45.91700000000749071, 2.849999999999547562, 16.20000000015655317 ) ) ;
#844 = CARTESIAN_POINT ( 'NONE',  ( 43.91700000000749071, 4.849999999999162092, 14.70000000015463826 ) ) ;
#845 = EDGE_CURVE ( 'NONE', #2064, #2475, #1291, .T. ) ;
#846 = CIRCLE ( 'NONE', #1542, 0.7499999999999763522 ) ;
#847 = DIRECTION ( 'NONE',  ( -1.000000000000000000, 0.000000000000000000, 0.000000000000000000 ) ) ;
#848 = LINE ( 'NONE', #2311, #2304 ) ;
#849 = AXIS2_PLACEMENT_3D ( 'NONE', #1390, #596, #1804 ) ;
#850 = DIRECTION ( 'NONE',  ( -0.7071067811865475727, -0.000000000000000000, -0.7071067811865475727 ) ) ;
#851 = DIRECTION ( 'NONE',  ( 1.000000000000000000, -1.337623968704080708E-15, 0.000000000000000000 ) ) ;
#852 = FACE_OUTER_BOUND ( 'NONE', #965, .T. ) ;
#853 = DIRECTION ( 'NONE',  ( 0.7071067811865531239, 0.000000000000000000, 0.7071067811865419106 ) ) ;
#854 = VECTOR ( 'NONE', #1685, 1000.000000000000000 ) ;
#855 = DIRECTION ( 'NONE',  ( -4.336808689942018229E-16, 2.568466037843052757E-13, 1.000000000000000000 ) ) ;
#856 = CARTESIAN_POINT ( 'NONE',  ( 45.71700000000749498, 1.699999999999997513, 16.40000000015654891 ) ) ;
#857 = EDGE_LOOP ( 'NONE', ( #1852, #1968, #2411, #1816 ) ) ;
#858 = EDGE_CURVE ( 'NONE', #1379, #267, #909, .T. ) ;
#859 = CARTESIAN_POINT ( 'NONE',  ( -10.00000000000009415, -4.450000000004242118, 0.000000000000000000 ) ) ;
#860 = ORIENTED_EDGE ( 'NONE', *, *, #1710, .T. ) ;
#861 = EDGE_LOOP ( 'NONE', ( #603, #1058, #1882, #350 ) ) ;
#862 = ORIENTED_EDGE ( 'NONE', *, *, #1915, .T. ) ;
#863 = DIRECTION ( 'NONE',  ( 1.000000000000000000, 0.000000000000000000, 0.000000000000000000 ) ) ;
#864 = AXIS2_PLACEMENT_3D ( 'NONE', #1993, #990, #1613 ) ;
#865 = ORIENTED_EDGE ( 'NONE', *, *, #189, .F. ) ;
#866 = CARTESIAN_POINT ( 'NONE',  ( 1.699999999999999956, 0.000000000000000000, 9.500000000156553881 ) ) ;
#867 = CARTESIAN_POINT ( 'NONE',  ( 8.000000000000000000, -4.850000000001614353, 11.50000000015656276 ) ) ;
#868 = ADVANCED_FACE ( 'NONE', ( #341 ), #2431, .F. ) ;
#869 = AXIS2_PLACEMENT_3D ( 'NONE', #2514, #1525, #157 ) ;
#870 = VERTEX_POINT ( 'NONE', #32 ) ;
#871 = DIRECTION ( 'NONE',  ( 1.826024711524442321E-16, 2.568466037843052757E-13, 1.000000000000000000 ) ) ;
#872 = ORIENTED_EDGE ( 'NONE', *, *, #1997, .F. ) ;
#873 = CONICAL_SURFACE ( 'NONE', #1322, 0.4499999999999781952, 0.7853981633974485010 ) ;
#874 = DIRECTION ( 'NONE',  ( 1.000000000000000000, -1.337623968704080905E-15, 3.429832581760361559E-21 ) ) ;
#875 = EDGE_CURVE ( 'NONE', #453, #1145, #2306, .T. ) ;
#876 = LINE ( 'NONE', #1832, #188 ) ;
#877 = EDGE_CURVE ( 'NONE', #925, #2560, #90, .T. ) ;
#878 = VECTOR ( 'NONE', #573, 1000.000000000000000 ) ;
#879 = DIRECTION ( 'NONE',  ( -0.5773502691896255090, -0.5773502691894782934, 0.5773502691897736128 ) ) ;
#880 = LINE ( 'NONE', #1298, #1138 ) ;
#881 = AXIS2_PLACEMENT_3D ( 'NONE', #2478, #458, #94 ) ;
#882 = LINE ( 'NONE', #1116, #370 ) ;
#883 = CARTESIAN_POINT ( 'NONE',  ( 1.699999999999999956, 0.000000000000000000, 14.69999999999999041 ) ) ;
#884 = DIRECTION ( 'NONE',  ( 0.000000000000000000, -1.000000000000000000, 0.000000000000000000 ) ) ;
#885 = FACE_OUTER_BOUND ( 'NONE', #1855, .T. ) ;
#886 = CARTESIAN_POINT ( 'NONE',  ( 57.85592129509920056, 7.795263120527716083, 4.261078705064845096 ) ) ;
#887 = ORIENTED_EDGE ( 'NONE', *, *, #316, .F. ) ;
#888 = CARTESIAN_POINT ( 'NONE',  ( -1.189511221624681259, -0.7994239431516475536, -8.410488778377331442 ) ) ;
#889 = ORIENTED_EDGE ( 'NONE', *, *, #1422, .T. ) ;
#890 = VERTEX_POINT ( 'NONE', #1026 ) ;
#891 = EDGE_LOOP ( 'NONE', ( #1970, #2126 ) ) ;
#892 = DIRECTION ( 'NONE',  ( 0.000000000000000000, -1.000000000000000000, 0.000000000000000000 ) ) ;
#893 = EDGE_CURVE ( 'NONE', #1429, #2475, #126, .T. ) ;
#894 = ORIENTED_EDGE ( 'NONE', *, *, #476, .T. ) ;
#895 = EDGE_LOOP ( 'NONE', ( #1213, #1942, #636, #324 ) ) ;
#896 = ORIENTED_EDGE ( 'NONE', *, *, #2124, .T. ) ;
#897 = DIRECTION ( 'NONE',  ( 1.000000000000000000, 0.000000000000000000, 0.000000000000000000 ) ) ;
#898 = ORIENTED_EDGE ( 'NONE', *, *, #660, .T. ) ;
#899 = PLANE ( 'NONE',  #309 ) ;
#900 = ORIENTED_EDGE ( 'NONE', *, *, #1505, .F. ) ;
#901 = CARTESIAN_POINT ( 'NONE',  ( 0.000000000000000000, 0.000000000000000000, -1.000000000000000000 ) ) ;
#902 = CARTESIAN_POINT ( 'NONE',  ( 45.91700000000749071, -1.500000000000000444, 14.70000000015510011 ) ) ;
#903 = FACE_BOUND ( 'NONE', #1758, .T. ) ;
#904 = CARTESIAN_POINT ( 'NONE',  ( 15.66700000000746051, -3.049999999999952749, 16.20000000015655672 ) ) ;
#905 = LINE ( 'NONE', #1688, #277 ) ;
#906 = PLANE ( 'NONE',  #1195 ) ;
#907 = EDGE_CURVE ( 'NONE', #295, #1720, #788, .T. ) ;
#908 = CYLINDRICAL_SURFACE ( 'NONE', #1934, 1.699999999999999956 ) ;
#909 = LINE ( 'NONE', #625, #1577 ) ;
#910 = DIRECTION ( 'NONE',  ( 1.000000000000000000, -1.215888987933778743E-15, 0.000000000000000000 ) ) ;
#911 = CARTESIAN_POINT ( 'NONE',  ( 43.91700000000749071, 4.849999999998336975, 11.50000000015707435 ) ) ;
#912 = EDGE_CURVE ( 'NONE', #1145, #356, #314, .T. ) ;
#913 = LINE ( 'NONE', #1283, #1873 ) ;
#914 = DIRECTION ( 'NONE',  ( -1.000000000000000000, 1.215888987933778743E-15, 0.000000000000000000 ) ) ;
#915 = ADVANCED_FACE ( 'NONE', ( #730 ), #1586, .T. ) ;
#916 = AXIS2_PLACEMENT_3D ( 'NONE', #2139, #579, #187 ) ;
#917 = ORIENTED_EDGE ( 'NONE', *, *, #2000, .F. ) ;
#918 = ORIENTED_EDGE ( 'NONE', *, *, #152, .T. ) ;
#919 = PLANE ( 'NONE',  #1604 ) ;
#920 = EDGE_LOOP ( 'NONE', ( #922, #862, #2443, #374 ) ) ;
#921 = CARTESIAN_POINT ( 'NONE',  ( -2.800000000000000266, 65.44147454200154357, 0.000000000000000000 ) ) ;
#922 = ORIENTED_EDGE ( 'NONE', *, *, #1352, .F. ) ;
#923 = EDGE_CURVE ( 'NONE', #303, #1024, #2138, .T. ) ;
#924 = ORIENTED_EDGE ( 'NONE', *, *, #243, .T. ) ;
#925 = VERTEX_POINT ( 'NONE', #231 ) ;
#926 = CARTESIAN_POINT ( 'NONE',  ( -9.999999999999998224, 2.849999999997887556, 9.500000000156564539 ) ) ;
#927 = ORIENTED_EDGE ( 'NONE', *, *, #281, .T. ) ;
#928 = ADVANCED_FACE ( 'NONE', ( #2337 ), #1798, .T. ) ;
#929 = EDGE_CURVE ( 'NONE', #1244, #2031, #1806, .T. ) ;
#930 = ORIENTED_EDGE ( 'NONE', *, *, #2501, .T. ) ;
#931 = DIRECTION ( 'NONE',  ( 0.5773502691896252870, 0.5773502691896268413, -0.5773502691896252870 ) ) ;
#932 = STYLED_ITEM ( 'NONE', ( #2233 ), #1522 ) ;
#933 = VERTEX_POINT ( 'NONE', #1845 ) ;
#934 = ORIENTED_EDGE ( 'NONE', *, *, #2049, .F. ) ;
#935 = PLANE ( 'NONE',  #784 ) ;
#936 = VECTOR ( 'NONE', #1272, 1000.000000000000000 ) ;
#937 = PLANE ( 'NONE',  #2290 ) ;
#938 = DIRECTION ( 'NONE',  ( 0.7071067811865417996, 0.000000000000000000, 0.7071067811865531239 ) ) ;
#939 = VECTOR ( 'NONE', #218, 1000.000000000000000 ) ;
#940 = LINE ( 'NONE', #2488, #816 ) ;
#941 = EDGE_CURVE ( 'NONE', #1277, #870, #282, .T. ) ;
#942 = LINE ( 'NONE', #2359, #369 ) ;
#943 = LINE ( 'NONE', #1933, #1636 ) ;
#944 = DIRECTION ( 'NONE',  ( -0.5773502691896174044, 0.5773502691896252870, -0.5773502691896346128 ) ) ;
#945 = LINE ( 'NONE', #1240, #1932 ) ;
#946 = DIRECTION ( 'NONE',  ( 1.000000000000000000, 0.000000000000000000, 0.000000000000000000 ) ) ;
#947 = AXIS2_PLACEMENT_3D ( 'NONE', #1164, #1579, #2554 ) ;
#948 = CARTESIAN_POINT ( 'NONE',  ( 49.46636930536068633, 61.89210523664834795, 16.50000000015655033 ) ) ;
#949 = ORIENTED_EDGE ( 'NONE', *, *, #1187, .F. ) ;
#950 = CARTESIAN_POINT ( 'NONE',  ( 0.000000000000000000, 0.000000000000000000, 15.29999999999999716 ) ) ;
#951 = AXIS2_PLACEMENT_3D ( 'NONE', #2573, #1603, #1810 ) ;
#952 = EDGE_LOOP ( 'NONE', ( #831, #2377, #661, #1754 ) ) ;
#953 = CARTESIAN_POINT ( 'NONE',  ( 3.299999999999990052, 0.000000000000000000, 16.50000000015655743 ) ) ;
#954 = ADVANCED_FACE ( 'NONE', ( #523 ), #1073, .T. ) ;
#955 = VERTEX_POINT ( 'NONE', #454 ) ;
#956 = EDGE_LOOP ( 'NONE', ( #411, #262, #576, #208 ) ) ;
#957 = CARTESIAN_POINT ( 'NONE',  ( -10.00000000000000000, 2.849999999995550759, 0.4000000000000308864 ) ) ;
#958 = DIRECTION ( 'NONE',  ( -1.000000000000000000, 1.337623968704112657E-15, 1.240927428851029466E-16 ) ) ;
#959 = ORIENTED_EDGE ( 'NONE', *, *, #611, .T. ) ;
#960 = ORIENTED_EDGE ( 'NONE', *, *, #1459, .F. ) ;
#961 = DIRECTION ( 'NONE',  ( 1.000000000000000000, -1.215888987933778743E-15, 0.000000000000000000 ) ) ;
#962 = EDGE_CURVE ( 'NONE', #1299, #1827, #2370, .T. ) ;
#963 = ORIENTED_EDGE ( 'NONE', *, *, #1300, .F. ) ;
#964 = CARTESIAN_POINT ( 'NONE',  ( 43.66700000000745518, -3.049999999999953637, 16.20000000015655317 ) ) ;
#965 = EDGE_LOOP ( 'NONE', ( #2296, #771, #2353, #2507 ) ) ;
#966 = EDGE_CURVE ( 'NONE', #691, #1379, #981, .T. ) ;
#967 = DIRECTION ( 'NONE',  ( -8.774681999009512571E-17, -0.7071067811865464625, -0.7071067811865485719 ) ) ;
#968 = PLANE ( 'NONE',  #1947 ) ;
#969 = PRODUCT_CONTEXT ( 'NONE', #1568, 'mechanical' ) ;
#970 = AXIS2_PLACEMENT_3D ( 'NONE', #355, #1122, #528 ) ;
#971 = ADVANCED_FACE ( 'NONE', ( #63 ), #2244, .F. ) ;
#972 = PLANE ( 'NONE',  #2037 ) ;
#973 = LINE ( 'NONE', #1166, #2331 ) ;
#974 = MANIFOLD_SOLID_BREP ( 'Chamfer4', #391 ) ;
#975 = LINE ( 'NONE', #2486, #936 ) ;
#976 = LINE ( 'NONE', #302, #2398 ) ;
#977 = DIRECTION ( 'NONE',  ( -0.000000000000000000, -0.000000000000000000, 1.000000000000000000 ) ) ;
#978 = DIRECTION ( 'NONE',  ( -8.774681999009508873E-17, 0.7071067811865467956, -0.7071067811865483499 ) ) ;
#979 = CARTESIAN_POINT ( 'NONE',  ( 44.11700000000746513, -2.599999999999991651, 16.20000000015655317 ) ) ;
#980 = EDGE_CURVE ( 'NONE', #1563, #1277, #403, .T. ) ;
#981 = LINE ( 'NONE', #2236, #1259 ) ;
#982 = LINE ( 'NONE', #1776, #1518 ) ;
#983 = CARTESIAN_POINT ( 'NONE',  ( 15.66700000000746051, -3.049999999999952749, 16.20000000015655672 ) ) ;
#984 = LINE ( 'NONE', #565, #2524 ) ;
#985 = CARTESIAN_POINT ( 'NONE',  ( 0.000000000000000000, 0.000000000000000000, -1.000000000000000000 ) ) ;
#986 = EDGE_CURVE ( 'NONE', #1655, #1429, #757, .T. ) ;
#987 = LINE ( 'NONE', #720, #1296 ) ;
#988 = ADVANCED_FACE ( 'NONE', ( #1168, #2574 ), #1066, .F. ) ;
#989 = DIRECTION ( 'NONE',  ( -2.508251607829031541E-37, 1.157737547549125920E-15, 1.000000000000000000 ) ) ;
#990 = DIRECTION ( 'NONE',  ( -0.7071067811864606423, 0.7071067811866343922, -1.819246339439755858E-13 ) ) ;
#991 = AXIS2_PLACEMENT_3D ( 'NONE', #56, #1839, #451 ) ;
#992 = VERTEX_POINT ( 'NONE', #1243 ) ;
#993 = PLANE ( 'NONE',  #466 ) ;
#994 = ORIENTED_EDGE ( 'NONE', *, *, #923, .T. ) ;
#995 = ORIENTED_EDGE ( 'NONE', *, *, #1373, .T. ) ;
#996 = ORIENTED_EDGE ( 'NONE', *, *, #133, .F. ) ;
#997 = CARTESIAN_POINT ( 'NONE',  ( 10.00000000000000178, -2.850000000002628209, 9.500000000156553881 ) ) ;
#998 = ORIENTED_EDGE ( 'NONE', *, *, #223, .T. ) ;
#999 = CARTESIAN_POINT ( 'NONE',  ( 43.91700000000749071, 4.849999999998339639, 11.50000000015707613 ) ) ;
#1000 = APPLICATION_CONTEXT ( 'automotive_design' ) ;
#1001 = ORIENTED_EDGE ( 'NONE', *, *, #628, .T. ) ;
#1002 = DIRECTION ( 'NONE',  ( -0.5773502691895306960, -0.5773502691895273653, 0.5773502691898192429 ) ) ;
#1003 = EDGE_CURVE ( 'NONE', #1746, #2559, #1450, .T. ) ;
#1004 = AXIS2_PLACEMENT_3D ( 'NONE', #2241, #2261, #1433 ) ;
#1005 = CIRCLE ( 'NONE', #2083, 0.4499999999999838574 ) ;
#1006 = CARTESIAN_POINT ( 'NONE',  ( 43.91700000000749782, 4.849999999999162092, 14.70000000015463826 ) ) ;
#1007 = DIRECTION ( 'NONE',  ( -0.000000000000000000, -0.000000000000000000, 1.000000000000000000 ) ) ;
#1008 = VECTOR ( 'NONE', #1760, 1000.000000000000000 ) ;
#1009 = DIRECTION ( 'NONE',  ( 1.000000000000000000, -1.337623968704080708E-15, -4.484155085839413631E-44 ) ) ;
#1010 = LINE ( 'NONE', #19, #756 ) ;
#1011 = CIRCLE ( 'NONE', #849, 3.000000000000000444 ) ;
#1012 = CARTESIAN_POINT ( 'NONE',  ( -3.299999999999990941, 4.041334437186254663E-16, 16.50000000015655743 ) ) ;
#1013 = CIRCLE ( 'NONE', #2079, 2.700000000000002398 ) ;
#1014 = VECTOR ( 'NONE', #2078, 1000.000000000000000 ) ;
#1015 = FACE_OUTER_BOUND ( 'NONE', #1432, .T. ) ;
#1016 = CARTESIAN_POINT ( 'NONE',  ( 0.000000000000000000, 0.000000000000000000, -1.000000000000000000 ) ) ;
#1017 = LINE ( 'NONE', #136, #2243 ) ;
#1018 = CARTESIAN_POINT ( 'NONE',  ( 43.66700000000746940, 2.600000000000009859, -14.83675676154699197 ) ) ;
#1019 = EDGE_CURVE ( 'NONE', #112, #2563, #696, .T. ) ;
#1020 = ORIENTED_EDGE ( 'NONE', *, *, #1191, .T. ) ;
#1021 = CARTESIAN_POINT ( 'NONE',  ( -10.00000000000004796, 2.849999999995501909, 0.4000000000000308864 ) ) ;
#1022 = AXIS2_PLACEMENT_3D ( 'NONE', #1079, #850, #682 ) ;
#1023 = ORIENTED_EDGE ( 'NONE', *, *, #2283, .F. ) ;
#1024 = VERTEX_POINT ( 'NONE', #1456 ) ;
#1025 = ORIENTED_EDGE ( 'NONE', *, *, #2032, .F. ) ;
#1026 = CARTESIAN_POINT ( 'NONE',  ( -8.000000000000000000, -4.850000000001593037, 11.50000000015656632 ) ) ;
#1027 = ORIENTED_EDGE ( 'NONE', *, *, #811, .T. ) ;
#1028 = ORIENTED_EDGE ( 'NONE', *, *, #2472, .F. ) ;
#1029 = VERTEX_POINT ( 'NONE', #469 ) ;
#1030 = DIRECTION ( 'NONE',  ( 0.7071067811865461294, 0.7071067811865489050, 0.000000000000000000 ) ) ;
#1031 = PLANE ( 'NONE',  #1269 ) ;
#1032 = ADVANCED_FACE ( 'NONE', ( #340 ), #2022, .F. ) ;
#1033 = ORIENTED_EDGE ( 'NONE', *, *, #1783, .T. ) ;
#1034 = FILL_AREA_STYLE_COLOUR ( '', #1929 ) ;
#1035 = ORIENTED_EDGE ( 'NONE', *, *, #1070, .T. ) ;
#1036 = EDGE_CURVE ( 'NONE', #1151, #2381, #31, .T. ) ;
#1037 = CARTESIAN_POINT ( 'NONE',  ( 0.000000000000000000, 0.000000000000000000, 16.20000000015656028 ) ) ;
#1038 = VECTOR ( 'NONE', #1878, 1000.000000000000000 ) ;
#1039 = AXIS2_PLACEMENT_3D ( 'NONE', #562, #554, #946 ) ;
#1040 = LINE ( 'NONE', #2566, #88 ) ;
#1041 = CARTESIAN_POINT ( 'NONE',  ( 15.66700000000745696, -3.349999999999949463, 16.50000000015655388 ) ) ;
#1042 = CARTESIAN_POINT ( 'NONE',  ( 44.11700000000746513, 2.600000000000009415, 16.20000000015655317 ) ) ;
#1043 = LINE ( 'NONE', #1734, #1289 ) ;
#1044 = DIRECTION ( 'NONE',  ( 1.000000000000000000, 0.000000000000000000, 0.000000000000000000 ) ) ;
#1045 = VECTOR ( 'NONE', #2030, 1000.000000000000000 ) ;
#1046 = ADVANCED_FACE ( 'NONE', ( #190 ), #2282, .T. ) ;
#1047 = SURFACE_STYLE_FILL_AREA ( #228 ) ;
#1048 = DIRECTION ( 'NONE',  ( 1.000000000000000000, -1.215888987933778743E-15, 0.000000000000000000 ) ) ;
#1049 = VECTOR ( 'NONE', #879, 1000.000000000000000 ) ;
#1050 = CARTESIAN_POINT ( 'NONE',  ( 45.91700000000749071, -2.850000000002170353, 9.500000000174093628 ) ) ;
#1051 = CARTESIAN_POINT ( 'NONE',  ( 26.07766666667168209, 16.53933333333583278, -1.839333333179229202 ) ) ;
#1052 = ORIENTED_EDGE ( 'NONE', *, *, #1572, .F. ) ;
#1053 = EDGE_CURVE ( 'NONE', #1527, #1429, #1355, .T. ) ;
#1054 = CARTESIAN_POINT ( 'NONE',  ( 44.41700000000745518, -2.599999999999990763, 16.50000000015655033 ) ) ;
#1055 = ORIENTED_EDGE ( 'NONE', *, *, #2372, .F. ) ;
#1056 = PLANE ( 'NONE',  #2186 ) ;
#1057 = EDGE_CURVE ( 'NONE', #2328, #1945, #2077, .T. ) ;
#1058 = ORIENTED_EDGE ( 'NONE', *, *, #966, .F. ) ;
#1059 = DIRECTION ( 'NONE',  ( 1.000000000000000000, -1.215888987933810692E-15, -1.240927428851029466E-16 ) ) ;
#1060 = ORIENTED_EDGE ( 'NONE', *, *, #1689, .T. ) ;
#1061 = DIRECTION ( 'NONE',  ( 1.000000000000000000, 0.000000000000000000, 0.000000000000000000 ) ) ;
#1062 = UNCERTAINTY_MEASURE_WITH_UNIT (LENGTH_MEASURE( 1.000000000000000082E-05 ), #2027, 'distance_accuracy_value', 'NONE');
#1063 = ORIENTED_EDGE ( 'NONE', *, *, #2177, .F. ) ;
#1064 = AXIS2_PLACEMENT_3D ( 'NONE', #1077, #2297, #2467 ) ;
#1065 = ORIENTED_EDGE ( 'NONE', *, *, #66, .T. ) ;
#1066 = PLANE ( 'NONE',  #158 ) ;
#1067 = EDGE_LOOP ( 'NONE', ( #1938, #1759, #2125, #445 ) ) ;
#1068 = DIRECTION ( 'NONE',  ( 0.000000000000000000, 1.000000000000000000, 0.000000000000000000 ) ) ;
#1069 = CARTESIAN_POINT ( 'NONE',  ( -2.399999999999798295, 4.849999999995288746, -0.5999999999998989475 ) ) ;
#1070 = EDGE_CURVE ( 'NONE', #2328, #1299, #1926, .T. ) ;
#1071 = CARTESIAN_POINT ( 'NONE',  ( 3.000000000000000444, 0.000000000000000000, -14.48528137423857309 ) ) ;
#1072 = VECTOR ( 'NONE', #448, 1000.000000000000000 ) ;
#1073 = PLANE ( 'NONE',  #1340 ) ;
#1074 = EDGE_CURVE ( 'NONE', #1644, #1527, #1165, .T. ) ;
#1075 = LINE ( 'NONE', #1113, #1448 ) ;
#1076 = ADVANCED_FACE ( 'NONE', ( #1703 ), #1887, .T. ) ;
#1077 = CARTESIAN_POINT ( 'NONE',  ( 79.85060523665254095, 31.50786930535656083, 16.50000000015654678 ) ) ;
#1078 =( GEOMETRIC_REPRESENTATION_CONTEXT ( 3 ) GLOBAL_UNCERTAINTY_ASSIGNED_CONTEXT ( ( #1443 ) ) GLOBAL_UNIT_ASSIGNED_CONTEXT ( ( #1447, #1235, #461 ) ) REPRESENTATION_CONTEXT ( 'NONE', 'WORKASPACE' ) );
#1079 = CARTESIAN_POINT ( 'NONE',  ( 45.91700000000749071, 65.44147454200154357, 16.20000000015655317 ) ) ;
#1080 = LINE ( 'NONE', #727, #2493 ) ;
#1081 = VECTOR ( 'NONE', #2292, 1000.000000000000000 ) ;
#1082 = DIRECTION ( 'NONE',  ( -0.000000000000000000, -0.000000000000000000, 1.000000000000000000 ) ) ;
#1083 = VECTOR ( 'NONE', #514, 1000.000000000000000 ) ;
#1084 = FACE_OUTER_BOUND ( 'NONE', #2188, .T. ) ;
#1085 = CARTESIAN_POINT ( 'NONE',  ( 15.66700000000745696, -2.599999999999953459, 16.20000000015655672 ) ) ;
#1086 = ORIENTED_EDGE ( 'NONE', *, *, #11, .F. ) ;
#1087 = CARTESIAN_POINT ( 'NONE',  ( 8.000000000000000000, -4.850000000001613465, 11.50000000015656276 ) ) ;
#1088 = ORIENTED_EDGE ( 'NONE', *, *, #1572, .T. ) ;
#1089 = EDGE_CURVE ( 'NONE', #1299, #890, #2368, .T. ) ;
#1090 = CARTESIAN_POINT ( 'NONE',  ( 45.61700000000750066, -1.799999999999996048, 16.50000000015655033 ) ) ;
#1091 = ORIENTED_EDGE ( 'NONE', *, *, #2016, .T. ) ;
#1092 = ORIENTED_EDGE ( 'NONE', *, *, #797, .T. ) ;
#1093 = ORIENTED_EDGE ( 'NONE', *, *, #2231, .F. ) ;
#1094 = AXIS2_PLACEMENT_3D ( 'NONE', #425, #1218, #809 ) ;
#1095 = ORIENTED_EDGE ( 'NONE', *, *, #116, .F. ) ;
#1096 = ORIENTED_EDGE ( 'NONE', *, *, #2016, .F. ) ;
#1097 = DIRECTION ( 'NONE',  ( 1.000000000000000000, 0.000000000000000000, -3.154042683564268203E-16 ) ) ;
#1098 = CARTESIAN_POINT ( 'NONE',  ( 44.11700000000746513, -1.500000000000000444, 16.50000000015655033 ) ) ;
#1099 = VERTEX_POINT ( 'NONE', #1692 ) ;
#1100 = PLANE ( 'NONE',  #2412 ) ;
#1101 = ORIENTED_EDGE ( 'NONE', *, *, #1915, .F. ) ;
#1102 = LINE ( 'NONE', #45, #2299 ) ;
#1103 = CARTESIAN_POINT ( 'NONE',  ( 44.41700000000745518, 65.44147454200154357, 16.50000000015655033 ) ) ;
#1104 = EDGE_CURVE ( 'NONE', #73, #50, #1869, .T. ) ;
#1105 = PLANE ( 'NONE',  #1440 ) ;
#1106 = LINE ( 'NONE', #2202, #1288 ) ;
#1107 = CARTESIAN_POINT ( 'NONE',  ( -2.099999999999994316, 0.000000000000000000, -1.000000000000000000 ) ) ;
#1108 = CARTESIAN_POINT ( 'NONE',  ( -3.000000000000000444, 3.673940397442060361E-16, 16.20000000015656028 ) ) ;
#1109 = EDGE_CURVE ( 'NONE', #9, #1024, #490, .T. ) ;
#1110 = VECTOR ( 'NONE', #380, 1000.000000000000000 ) ;
#1111 = VECTOR ( 'NONE', #1643, 1000.000000000000000 ) ;
#1112 = VECTOR ( 'NONE', #1584, 1000.000000000000000 ) ;
#1113 = CARTESIAN_POINT ( 'NONE',  ( -3.000000000000000444, 3.673940397442060361E-16, 15.29999999999999716 ) ) ;
#1114 = LINE ( 'NONE', #2570, #2080 ) ;
#1115 = FACE_OUTER_BOUND ( 'NONE', #238, .T. ) ;
#1116 = CARTESIAN_POINT ( 'NONE',  ( -2.800000000000000266, 4.849999999995289635, -0.5999999999998989475 ) ) ;
#1117 = ORIENTED_EDGE ( 'NONE', *, *, #2372, .T. ) ;
#1118 = ORIENTED_EDGE ( 'NONE', *, *, #79, .F. ) ;
#1119 = PLANE ( 'NONE',  #1826 ) ;
#1120 = EDGE_CURVE ( 'NONE', #1559, #1245, #940, .T. ) ;
#1121 = ORIENTED_EDGE ( 'NONE', *, *, #1743, .F. ) ;
#1122 = DIRECTION ( 'NONE',  ( -2.508251607829031958E-37, 1.157737547549075630E-15, 1.000000000000000000 ) ) ;
#1123 = VERTEX_POINT ( 'NONE', #1090 ) ;
#1124 = CARTESIAN_POINT ( 'NONE',  ( 43.91700000000749071, -4.850000000000377121, 16.50000000015655033 ) ) ;
#1125 = VERTEX_POINT ( 'NONE', #2303 ) ;
#1126 = AXIS2_PLACEMENT_3D ( 'NONE', #588, #1982, #1593 ) ;
#1127 = ORIENTED_EDGE ( 'NONE', *, *, #778, .F. ) ;
#1128 = CARTESIAN_POINT ( 'NONE',  ( 14.40913069465054441, 33.93360523664456707, 16.50000000015655388 ) ) ;
#1129 = EDGE_LOOP ( 'NONE', ( #1650, #244, #2418, #1430 ) ) ;
#1130 = CARTESIAN_POINT ( 'NONE',  ( 44.11700000000747224, -1.500000000000000444, 14.70000000015510011 ) ) ;
#1131 = CARTESIAN_POINT ( 'NONE',  ( 43.66700000000746940, 3.050000000000006040, 16.20000000015655317 ) ) ;
#1132 = VECTOR ( 'NONE', #787, 1000.000000000000000 ) ;
#1133 = CARTESIAN_POINT ( 'NONE',  ( 13.16666666671282826, 0.3166666667099087840, 6.333333333442396018 ) ) ;
#1134 = EDGE_CURVE ( 'NONE', #2485, #303, #976, .T. ) ;
#1135 = SURFACE_STYLE_FILL_AREA ( #1630 ) ;
#1136 = FACE_OUTER_BOUND ( 'NONE', #1829, .T. ) ;
#1137 = CARTESIAN_POINT ( 'NONE',  ( 2.799999999999998934, 4.449999999995180033, -1.000000000000000000 ) ) ;
#1138 = VECTOR ( 'NONE', #884, 1000.000000000000000 ) ;
#1139 = VECTOR ( 'NONE', #2484, 999.9999999999998863 ) ;
#1140 = AXIS2_PLACEMENT_3D ( 'NONE', #985, #1388, #1178 ) ;
#1141 = VECTOR ( 'NONE', #1757, 1000.000000000000114 ) ;
#1142 = CONICAL_SURFACE ( 'NONE', #2323, 0.4499999999999990119, 0.7853981633974530530 ) ;
#1143 = ADVANCED_FACE ( 'NONE', ( #1387 ), #2101, .F. ) ;
#1144 = CARTESIAN_POINT ( 'NONE',  ( 3.000000000000000444, 0.000000000000000000, 16.20000000015656028 ) ) ;
#1145 = VERTEX_POINT ( 'NONE', #1900 ) ;
#1146 = CARTESIAN_POINT ( 'NONE',  ( 1.699999999999999956, 0.000000000000000000, -1.000000000000000000 ) ) ;
#1147 = EDGE_LOOP ( 'NONE', ( #1821, #823, #716, #1501 ) ) ;
#1148 = ORIENTED_EDGE ( 'NONE', *, *, #641, .T. ) ;
#1149 = ORIENTED_EDGE ( 'NONE', *, *, #559, .F. ) ;
#1150 = DIRECTION ( 'NONE',  ( 0.5773502691896216232, 0.5773502691896283956, 0.5773502691896271743 ) ) ;
#1151 = VERTEX_POINT ( 'NONE', #1107 ) ;
#1152 = ORIENTED_EDGE ( 'NONE', *, *, #1333, .F. ) ;
#1153 = EDGE_CURVE ( 'NONE', #955, #241, #848, .T. ) ;
#1154 = CARTESIAN_POINT ( 'NONE',  ( -10.00100000000000300, -1.500000000000000444, 16.20000000015656028 ) ) ;
#1155 = ORIENTED_EDGE ( 'NONE', *, *, #545, .F. ) ;
#1156 = CARTESIAN_POINT ( 'NONE',  ( -2.099999999999994316, 0.000000000000000000, -1.000000000000000000 ) ) ;
#1157 = EDGE_LOOP ( 'NONE', ( #1552, #1524, #835, #1335, #2092 ) ) ;
#1158 = ADVANCED_FACE ( 'NONE', ( #366 ), #1711, .F. ) ;
#1159 = CARTESIAN_POINT ( 'NONE',  ( 43.91700000000749782, 4.849999999995488587, 0.4000000000001016631 ) ) ;
#1160 = CIRCLE ( 'NONE', #1276, 0.7499999999999885647 ) ;
#1161 = CARTESIAN_POINT ( 'NONE',  ( 9.599999999999894840, 2.684314575046247597, 0.000000000000000000 ) ) ;
#1162 = DIRECTION ( 'NONE',  ( 1.000000000000000000, 0.000000000000000000, 0.000000000000000000 ) ) ;
#1163 = LINE ( 'NONE', #259, #615 ) ;
#1164 = CARTESIAN_POINT ( 'NONE',  ( 0.000000000000000000, 0.000000000000000000, 16.20000000015656028 ) ) ;
#1165 = CIRCLE ( 'NONE', #722, 1.699999999999999956 ) ;
#1166 = CARTESIAN_POINT ( 'NONE',  ( 15.21700000000746300, -2.599999999999953015, -14.83675676154699197 ) ) ;
#1167 = EDGE_CURVE ( 'NONE', #600, #145, #1417, .T. ) ;
#1168 = FACE_BOUND ( 'NONE', #2414, .T. ) ;
#1169 = LINE ( 'NONE', #1268, #1014 ) ;
#1170 = ADVANCED_FACE ( 'NONE', ( #460 ), #908, .F. ) ;
#1171 = DIRECTION ( 'NONE',  ( -0.000000000000000000, -0.000000000000000000, 1.000000000000000000 ) ) ;
#1172 = LINE ( 'NONE', #2154, #1205 ) ;
#1173 = CARTESIAN_POINT ( 'NONE',  ( 44.41700000000745518, -1.799999999999996048, 16.50000000015655033 ) ) ;
#1174 = CARTESIAN_POINT ( 'NONE',  ( 43.91700000000749071, 2.849999999997812061, 9.500000000156553881 ) ) ;
#1175 = AXIS2_PLACEMENT_3D ( 'NONE', #1690, #2075, #2100 ) ;
#1176 = ORIENTED_EDGE ( 'NONE', *, *, #148, .F. ) ;
#1177 = DIRECTION ( 'NONE',  ( -0.000000000000000000, -0.000000000000000000, 1.000000000000000000 ) ) ;
#1178 = DIRECTION ( 'NONE',  ( 1.000000000000000000, 0.000000000000000000, 0.000000000000000000 ) ) ;
#1179 = ORIENTED_EDGE ( 'NONE', *, *, #1352, .T. ) ;
#1180 = PLANE ( 'NONE',  #2548 ) ;
#1181 = DIRECTION ( 'NONE',  ( -1.000000000000000000, 0.000000000000000000, 1.240927428851029466E-16 ) ) ;
#1182 = CARTESIAN_POINT ( 'NONE',  ( 2.799999999999999822, 4.449999999995076116, -1.000000000000000000 ) ) ;
#1183 = ORIENTED_EDGE ( 'NONE', *, *, #525, .T. ) ;
#1184 = ORIENTED_EDGE ( 'NONE', *, *, #907, .F. ) ;
#1185 = ADVANCED_FACE ( 'NONE', ( #1513 ), #561, .F. ) ;
#1186 = CARTESIAN_POINT ( 'NONE',  ( -15.97510523664125870, 3.549369305352809256, 16.50000000015655743 ) ) ;
#1187 = EDGE_CURVE ( 'NONE', #2328, #2537, #1574, .T. ) ;
#1188 = ORIENTED_EDGE ( 'NONE', *, *, #17, .F. ) ;
#1189 = CARTESIAN_POINT ( 'NONE',  ( -2.399999999999893774, -4.850000000004706990, -0.5999999999997919220 ) ) ;
#1190 = ORIENTED_EDGE ( 'NONE', *, *, #824, .F. ) ;
#1191 = EDGE_CURVE ( 'NONE', #2424, #453, #1768, .T. ) ;
#1192 = PLANE ( 'NONE',  #2429 ) ;
#1193 = PLANE ( 'NONE',  #38 ) ;
#1194 = ORIENTED_EDGE ( 'NONE', *, *, #1074, .T. ) ;
#1195 = AXIS2_PLACEMENT_3D ( 'NONE', #1725, #1698, #509 ) ;
#1196 = DIRECTION ( 'NONE',  ( -0.000000000000000000, -0.000000000000000000, -1.000000000000000000 ) ) ;
#1197 = FACE_OUTER_BOUND ( 'NONE', #1401, .T. ) ;
#1198 = VECTOR ( 'NONE', #353, 1000.000000000000114 ) ;
#1199 = LINE ( 'NONE', #1823, #1894 ) ;
#1200 = CARTESIAN_POINT ( 'NONE',  ( 15.66700000000745696, -2.599999999999953459, 16.20000000015655672 ) ) ;
#1201 = DIRECTION ( 'NONE',  ( 0.7071067811865475727, 0.000000000000000000, -0.7071067811865475727 ) ) ;
#1202 = CARTESIAN_POINT ( 'NONE',  ( 7.999999999999998224, -4.850000000004464518, 0.4000000000003059442 ) ) ;
#1203 = FACE_BOUND ( 'NONE', #2350, .T. ) ;
#1204 = EDGE_CURVE ( 'NONE', #1746, #2557, #2544, .T. ) ;
#1205 = VECTOR ( 'NONE', #1383, 1000.000000000000000 ) ;
#1206 = SURFACE_SIDE_STYLE ('',( #1135 ) ) ;
#1207 = CARTESIAN_POINT ( 'NONE',  ( 44.91700000000762572, 3.849999999997947953, 10.50000000015668711 ) ) ;
#1208 =( GEOMETRIC_REPRESENTATION_CONTEXT ( 3 ) GLOBAL_UNCERTAINTY_ASSIGNED_CONTEXT ( ( #1062 ) ) GLOBAL_UNIT_ASSIGNED_CONTEXT ( ( #2027, #2444, #1606 ) ) REPRESENTATION_CONTEXT ( 'NONE', 'WORKASPACE' ) );
#1209 = EDGE_LOOP ( 'NONE', ( #2345, #743, #1920, #1825 ) ) ;
#1210 = CARTESIAN_POINT ( 'NONE',  ( 45.91700000000749071, 65.44147454200154357, 16.20000000015655317 ) ) ;
#1211 = ORIENTED_EDGE ( 'NONE', *, *, #2162, .T. ) ;
#1212 = DIRECTION ( 'NONE',  ( -1.240927428851029466E-16, 0.000000000000000000, -1.000000000000000000 ) ) ;
#1213 = ORIENTED_EDGE ( 'NONE', *, *, #2279, .T. ) ;
#1214 = ORIENTED_EDGE ( 'NONE', *, *, #2200, .T. ) ;
#1215 = ORIENTED_EDGE ( 'NONE', *, *, #1689, .F. ) ;
#1216 = CARTESIAN_POINT ( 'NONE',  ( -1.699999999999999956, 2.081899558550500280E-16, 14.69999999999999041 ) ) ;
#1217 = ORIENTED_EDGE ( 'NONE', *, *, #845, .F. ) ;
#1218 = DIRECTION ( 'NONE',  ( 8.597633485380219128E-16, 0.7071067811865464625, -0.7071067811865486830 ) ) ;
#1219 = EDGE_LOOP ( 'NONE', ( #1819, #2327, #2510, #2321 ) ) ;
#1220 = CARTESIAN_POINT ( 'NONE',  ( 43.66700000000746940, 2.600000000000009859, 16.20000000015655317 ) ) ;
#1221 = VERTEX_POINT ( 'NONE', #2355 ) ;
#1222 = EDGE_CURVE ( 'NONE', #1912, #2559, #521, .T. ) ;
#1223 = VERTEX_POINT ( 'NONE', #1130 ) ;
#1224 = DIRECTION ( 'NONE',  ( 0.7071067811865474617, -0.7071067811865476838, -8.774681999009499013E-17 ) ) ;
#1225 = CARTESIAN_POINT ( 'NONE',  ( -9.700000000000001066, 65.44147454200154357, 16.50000000015655743 ) ) ;
#1226 = DIRECTION ( 'NONE',  ( 1.215888987933778546E-15, 1.000000000000000000, -2.568466037843052757E-13 ) ) ;
#1227 = VECTOR ( 'NONE', #2206, 1000.000000000000000 ) ;
#1228 = LINE ( 'NONE', #1431, #250 ) ;
#1229 = DIRECTION ( 'NONE',  ( 0.7071067811865474617, -0.7071067811865476838, 0.000000000000000000 ) ) ;
#1230 = FACE_BOUND ( 'NONE', #78, .T. ) ;
#1231 = FACE_OUTER_BOUND ( 'NONE', #2450, .T. ) ;
#1232 = LINE ( 'NONE', #1576, #93 ) ;
#1233 = EDGE_CURVE ( 'NONE', #112, #1680, #1483, .T. ) ;
#1234 = VECTOR ( 'NONE', #235, 1000.000000000000114 ) ;
#1235 =( NAMED_UNIT ( * ) PLANE_ANGLE_UNIT ( ) SI_UNIT ( $, .RADIAN. ) );
#1236 = VECTOR ( 'NONE', #1310, 1000.000000000000000 ) ;
#1237 = CARTESIAN_POINT ( 'NONE',  ( 2.800000000000000266, 65.44147454200154357, 0.000000000000000000 ) ) ;
#1238 = EDGE_CURVE ( 'NONE', #1457, #745, #1043, .T. ) ;
#1239 = DIRECTION ( 'NONE',  ( 0.000000000000000000, 2.568466037843052757E-13, 1.000000000000000000 ) ) ;
#1240 = CARTESIAN_POINT ( 'NONE',  ( 13.03900000000242798, 20.28899999999794801, 15.83900000000243402 ) ) ;
#1241 = STYLED_ITEM ( 'NONE', ( #818 ), #974 ) ;
#1242 = ORIENTED_EDGE ( 'NONE', *, *, #2423, .T. ) ;
#1243 = CARTESIAN_POINT ( 'NONE',  ( 7.999999999999996447, 4.849999999995532107, 0.4000000000001020517 ) ) ;
#1244 = VERTEX_POINT ( 'NONE', #1336 ) ;
#1245 = VERTEX_POINT ( 'NONE', #348 ) ;
#1246 = CARTESIAN_POINT ( 'NONE',  ( 2.799999999999999822, 65.44147454200154357, -1.000000000000000000 ) ) ;
#1247 = ORIENTED_EDGE ( 'NONE', *, *, #1003, .T. ) ;
#1248 = PLANE ( 'NONE',  #2098 ) ;
#1249 = EDGE_CURVE ( 'NONE', #1334, #1824, #2235, .T. ) ;
#1250 = DIRECTION ( 'NONE',  ( -0.5773502691896251759, 0.5773502691896269523, -0.5773502691896251759 ) ) ;
#1251 = EDGE_LOOP ( 'NONE', ( #1155, #388, #2035, #684 ) ) ;
#1252 = EDGE_CURVE ( 'NONE', #2533, #241, #2170, .T. ) ;
#1253 = PLANE ( 'NONE',  #1064 ) ;
#1254 = LINE ( 'NONE', #387, #2073 ) ;
#1255 = MECHANICAL_DESIGN_GEOMETRIC_PRESENTATION_REPRESENTATION (  '', ( #932 ), #1208 ) ;
#1256 = CYLINDRICAL_SURFACE ( 'NONE', #881, 1.699999999999999956 ) ;
#1257 = LINE ( 'NONE', #1397, #364 ) ;
#1258 = DIRECTION ( 'NONE',  ( 1.000000000000000000, -1.337623968704080708E-15, 0.000000000000000000 ) ) ;
#1259 = VECTOR ( 'NONE', #2465, 1000.000000000000000 ) ;
#1260 = LINE ( 'NONE', #1883, #1930 ) ;
#1261 = VECTOR ( 'NONE', #2097, 1000.000000000000000 ) ;
#1262 = DIRECTION ( 'NONE',  ( -0.000000000000000000, -0.000000000000000000, 1.000000000000000000 ) ) ;
#1263 = CARTESIAN_POINT ( 'NONE',  ( -2.799999999994045918, -4.450000000010294166, 6.042138371252250846E-12 ) ) ;
#1264 = ADVANCED_FACE ( 'NONE', ( #2521 ), #937, .F. ) ;
#1265 = LINE ( 'NONE', #2375, #1326 ) ;
#1266 = EDGE_CURVE ( 'NONE', #1532, #1777, #1080, .T. ) ;
#1267 = ORIENTED_EDGE ( 'NONE', *, *, #462, .T. ) ;
#1268 = CARTESIAN_POINT ( 'NONE',  ( -9.599999999999894840, 65.44147454200154357, 0.000000000000000000 ) ) ;
#1269 = AXIS2_PLACEMENT_3D ( 'NONE', #2469, #1631, #442 ) ;
#1270 = ORIENTED_EDGE ( 'NONE', *, *, #1036, .F. ) ;
#1271 = ORIENTED_EDGE ( 'NONE', *, *, #829, .F. ) ;
#1272 = DIRECTION ( 'NONE',  ( -1.000000000000000000, 1.215888987933778743E-15, 0.000000000000000000 ) ) ;
#1273 = ORIENTED_EDGE ( 'NONE', *, *, #712, .F. ) ;
#1274 = CARTESIAN_POINT ( 'NONE',  ( -7.999999999999992895, 4.849999999999610623, 16.20000000015648567 ) ) ;
#1275 = ORIENTED_EDGE ( 'NONE', *, *, #532, .T. ) ;
#1276 = AXIS2_PLACEMENT_3D ( 'NONE', #261, #1212, #2048 ) ;
#1277 = VERTEX_POINT ( 'NONE', #144 ) ;
#1278 = EDGE_LOOP ( 'NONE', ( #2456, #749, #446, #1683 ) ) ;
#1279 = ORIENTED_EDGE ( 'NONE', *, *, #1285, .F. ) ;
#1280 = ORIENTED_EDGE ( 'NONE', *, *, #1109, .T. ) ;
#1281 = DIRECTION ( 'NONE',  ( 0.000000000000000000, 0.000000000000000000, -1.000000000000000000 ) ) ;
#1282 = EDGE_CURVE ( 'NONE', #1337, #604, #1953, .T. ) ;
#1283 = CARTESIAN_POINT ( 'NONE',  ( -8.000000000000000000, -4.850000000000385114, 16.20000000015663844 ) ) ;
#1284 = CARTESIAN_POINT ( 'NONE',  ( -1.699999999999999956, 2.081899558550500280E-16, -1.000000000000000000 ) ) ;
#1285 = EDGE_CURVE ( 'NONE', #2563, #2508, #1011, .T. ) ;
#1286 = FACE_OUTER_BOUND ( 'NONE', #1438, .T. ) ;
#1287 = CARTESIAN_POINT ( 'NONE',  ( -7.999999999999994671, 4.849999999998402700, 11.50000000015707613 ) ) ;
#1288 = VECTOR ( 'NONE', #1171, 1000.000000000000000 ) ;
#1289 = VECTOR ( 'NONE', #1516, 1000.000000000000000 ) ;
#1290 = DIRECTION ( 'NONE',  ( 1.826024711524442568E-16, 2.568466037843052757E-13, 1.000000000000000000 ) ) ;
#1291 = CIRCLE ( 'NONE', #515, 2.000000000000012434 ) ;
#1292 = CARTESIAN_POINT ( 'NONE',  ( -7.666666666660654883, -5.183333333340851112, 11.83333333349599137 ) ) ;
#1293 = LINE ( 'NONE', #767, #229 ) ;
#1294 = CYLINDRICAL_SURFACE ( 'NONE', #1004, 3.000000000000000444 ) ;
#1295 = CARTESIAN_POINT ( 'NONE',  ( 2.399999999999893774, -4.850000000004559553, 1.734723475978441269E-16 ) ) ;
#1296 = VECTOR ( 'NONE', #2520, 1000.000000000000000 ) ;
#1297 = CARTESIAN_POINT ( 'NONE',  ( 44.11700000000746513, 2.600000000000009415, 16.20000000015655317 ) ) ;
#1298 = CARTESIAN_POINT ( 'NONE',  ( 43.91700000000749071, 65.44147454200154357, 9.500000000156553881 ) ) ;
#1299 = VERTEX_POINT ( 'NONE', #1744 ) ;
#1300 = EDGE_CURVE ( 'NONE', #2245, #1277, #1838, .T. ) ;
#1301 = DIRECTION ( 'NONE',  ( 1.000000000000000000, 0.000000000000000000, 0.000000000000000000 ) ) ;
#1302 = ORIENTED_EDGE ( 'NONE', *, *, #1437, .T. ) ;
#1303 = ORIENTED_EDGE ( 'NONE', *, *, #2181, .T. ) ;
#1304 = AXIS2_PLACEMENT_3D ( 'NONE', #1210, #222, #2204 ) ;
#1305 = ORIENTED_EDGE ( 'NONE', *, *, #731, .F. ) ;
#1306 = ORIENTED_EDGE ( 'NONE', *, *, #1649, .T. ) ;
#1307 = VERTEX_POINT ( 'NONE', #1161 ) ;
#1308 = CARTESIAN_POINT ( 'NONE',  ( 0.000000000000000000, 0.000000000000000000, 16.20000000015656028 ) ) ;
#1309 = EDGE_LOOP ( 'NONE', ( #2224, #346, #1611, #2008 ) ) ;
#1310 = DIRECTION ( 'NONE',  ( 0.000000000000000000, 1.000000000000000000, 0.000000000000000000 ) ) ;
#1311 = DIRECTION ( 'NONE',  ( -0.000000000000000000, -1.000000000000000000, -0.000000000000000000 ) ) ;
#1312 = ADVANCED_FACE ( 'NONE', ( #123 ), #1192, .F. ) ;
#1313 = VECTOR ( 'NONE', #1960, 1000.000000000000000 ) ;
#1314 = EDGE_CURVE ( 'NONE', #870, #1879, #1633, .T. ) ;
#1315 = VECTOR ( 'NONE', #1281, 1000.000000000000000 ) ;
#1316 = DIRECTION ( 'NONE',  ( -0.5773502691896259531, -0.5773502691896260641, -0.5773502691896253980 ) ) ;
#1317 = DIRECTION ( 'NONE',  ( 1.000000000000000000, 0.000000000000000000, -1.240927428851029466E-16 ) ) ;
#1318 = EDGE_CURVE ( 'NONE', #805, #691, #1896, .T. ) ;
#1319 = VECTOR ( 'NONE', #910, 1000.000000000000000 ) ;
#1320 = DIRECTION ( 'NONE',  ( -0.000000000000000000, -0.000000000000000000, 1.000000000000000000 ) ) ;
#1321 = CONICAL_SURFACE ( 'NONE', #120, 2.099999999999994316, 0.7853981633974418397 ) ;
#1322 = AXIS2_PLACEMENT_3D ( 'NONE', #725, #704, #2105 ) ;
#1323 = LINE ( 'NONE', #317, #790 ) ;
#1324 = LINE ( 'NONE', #665, #1139 ) ;
#1325 = ADVANCED_FACE ( 'NONE', ( #399, #1230 ), #789, .F. ) ;
#1326 = VECTOR ( 'NONE', #1745, 1000.000000000000000 ) ;
#1327 = CARTESIAN_POINT ( 'NONE',  ( 15.66700000000746229, 2.600000000000043610, 16.20000000015655672 ) ) ;
#1328 = DIRECTION ( 'NONE',  ( -0.000000000000000000, -0.000000000000000000, 1.000000000000000000 ) ) ;
#1329 = ORIENTED_EDGE ( 'NONE', *, *, #2263, .T. ) ;
#1330 = EDGE_CURVE ( 'NONE', #1307, #473, #1952, .T. ) ;
#1331 = ORIENTED_EDGE ( 'NONE', *, *, #962, .F. ) ;
#1332 = DIRECTION ( 'NONE',  ( 0.000000000000000000, 0.000000000000000000, 1.000000000000000000 ) ) ;
#1333 = EDGE_CURVE ( 'NONE', #1346, #2328, #1040, .T. ) ;
#1334 = VERTEX_POINT ( 'NONE', #1963 ) ;
#1335 = ORIENTED_EDGE ( 'NONE', *, *, #1252, .T. ) ;
#1336 = CARTESIAN_POINT ( 'NONE',  ( 2.800000000000000266, 4.449999999995436717, 0.000000000000000000 ) ) ;
#1337 = VERTEX_POINT ( 'NONE', #2192 ) ;
#1338 = CARTESIAN_POINT ( 'NONE',  ( 68.23082484734135278, 20.81382484733393312, -6.113824847177311561 ) ) ;
#1339 = EDGE_LOOP ( 'NONE', ( #111, #167, #1793, #802 ) ) ;
#1340 = AXIS2_PLACEMENT_3D ( 'NONE', #859, #270, #1258 ) ;
#1341 = ADVANCED_FACE ( 'NONE', ( #121, #60 ), #1180, .T. ) ;
#1342 = PLANE ( 'NONE',  #2561 ) ;
#1343 = ORIENTED_EDGE ( 'NONE', *, *, #966, .T. ) ;
#1344 = CARTESIAN_POINT ( 'NONE',  ( 13.03900000000239956, 20.28899999999766379, 14.83900000000244468 ) ) ;
#1345 = AXIS2_PLACEMENT_3D ( 'NONE', #2422, #1409, #591 ) ;
#1346 = VERTEX_POINT ( 'NONE', #957 ) ;
#1347 = DIRECTION ( 'NONE',  ( 0.000000000000000000, 0.7071067811865495711, -0.7071067811865454633 ) ) ;
#1348 = PLANE ( 'NONE',  #2490 ) ;
#1349 = PLANE ( 'NONE',  #404 ) ;
#1350 = DIRECTION ( 'NONE',  ( 1.000000000000000000, 0.000000000000000000, 0.000000000000000000 ) ) ;
#1351 = VECTOR ( 'NONE', #2051, 1000.000000000000114 ) ;
#1352 = EDGE_CURVE ( 'NONE', #2508, #145, #1106, .T. ) ;
#1353 = LINE ( 'NONE', #1492, #1629 ) ;
#1354 = ADVANCED_FACE ( 'NONE', ( #669 ), #2018, .F. ) ;
#1355 = LINE ( 'NONE', #1284, #2572 ) ;
#1356 = DIRECTION ( 'NONE',  ( 4.336808689942018229E-16, -2.568466037843052757E-13, -1.000000000000000000 ) ) ;
#1357 = CARTESIAN_POINT ( 'NONE',  ( 15.66700000000746940, 3.050000000000010036, 16.20000000015655672 ) ) ;
#1358 = AXIS2_PLACEMENT_3D ( 'NONE', #950, #768, #1350 ) ;
#1359 = VECTOR ( 'NONE', #838, 1000.000000000000000 ) ;
#1360 = LINE ( 'NONE', #2056, #2081 ) ;
#1361 = DIRECTION ( 'NONE',  ( 4.336808689942018229E-16, 2.568466037843052757E-13, 1.000000000000000000 ) ) ;
#1362 = LINE ( 'NONE', #1575, #793 ) ;
#1363 = DIRECTION ( 'NONE',  ( -0.5773502691896212902, 0.5773502691896292838, 0.5773502691896266192 ) ) ;
#1364 = ORIENTED_EDGE ( 'NONE', *, *, #55, .F. ) ;
#1365 = DIRECTION ( 'NONE',  ( 1.000000000000000000, 0.000000000000000000, -1.240927428851029466E-16 ) ) ;
#1366 = ORIENTED_EDGE ( 'NONE', *, *, #1817, .T. ) ;
#1367 = ADVANCED_FACE ( 'NONE', ( #429 ), #1582, .F. ) ;
#1368 = ORIENTED_EDGE ( 'NONE', *, *, #1238, .T. ) ;
#1369 = EDGE_CURVE ( 'NONE', #1815, #1912, #2168, .T. ) ;
#1370 = ORIENTED_EDGE ( 'NONE', *, *, #2389, .F. ) ;
#1371 = VERTEX_POINT ( 'NONE', #2182 ) ;
#1372 = ORIENTED_EDGE ( 'NONE', *, *, #545, .T. ) ;
#1373 = EDGE_CURVE ( 'NONE', #73, #1746, #1414, .T. ) ;
#1374 = DIRECTION ( 'NONE',  ( 0.000000000000000000, -1.000000000000000000, 0.000000000000000000 ) ) ;
#1375 = ORIENTED_EDGE ( 'NONE', *, *, #186, .T. ) ;
#1376 = CARTESIAN_POINT ( 'NONE',  ( 2.799999999999906564, -4.450000000004353140, 0.000000000000000000 ) ) ;
#1377 = APPLICATION_PROTOCOL_DEFINITION ( 'draft international standard', 'automotive_design', 1998, #1000 ) ;
#1378 = AXIS2_PLACEMENT_3D ( 'NONE', #2547, #203, #2562 ) ;
#1379 = VERTEX_POINT ( 'NONE', #1567 ) ;
#1380 = DIRECTION ( 'NONE',  ( 0.7071067811865479058, -0.7071067811865472397, -8.774681999006793466E-17 ) ) ;
#1381 = ADVANCED_FACE ( 'NONE', ( #2432 ), #2268, .F. ) ;
#1382 = FACE_OUTER_BOUND ( 'NONE', #1309, .T. ) ;
#1383 = DIRECTION ( 'NONE',  ( -0.7071067811865474617, 0.7071067811865476838, 8.774681999008056876E-17 ) ) ;
#1384 = CARTESIAN_POINT ( 'NONE',  ( 15.21700000000746300, -2.599999999999953015, 16.20000000015655672 ) ) ;
#1385 = LINE ( 'NONE', #2278, #2133 ) ;
#1386 = DIRECTION ( 'NONE',  ( 0.6785983445458767527, -0.2810846377146767328, 0.6785983445458767527 ) ) ;
#1387 = FACE_OUTER_BOUND ( 'NONE', #1428, .T. ) ;
#1388 = DIRECTION ( 'NONE',  ( 0.000000000000000000, 0.000000000000000000, 1.000000000000000000 ) ) ;
#1389 = EDGE_CURVE ( 'NONE', #2090, #2193, #1199, .T. ) ;
#1390 = CARTESIAN_POINT ( 'NONE',  ( 0.000000000000000000, 0.000000000000000000, 15.29999999999999716 ) ) ;
#1391 = VECTOR ( 'NONE', #2462, 1000.000000000000000 ) ;
#1392 = FACE_OUTER_BOUND ( 'NONE', #1965, .T. ) ;
#1393 = ADVANCED_FACE ( 'NONE', ( #1573 ), #400, .T. ) ;
#1394 = ORIENTED_EDGE ( 'NONE', *, *, #1835, .F. ) ;
#1395 = CARTESIAN_POINT ( 'NONE',  ( 15.66700000000746229, 2.600000000000043610, -14.83675676154699197 ) ) ;
#1396 = ORIENTED_EDGE ( 'NONE', *, *, #779, .T. ) ;
#1397 = CARTESIAN_POINT ( 'NONE',  ( 43.66700000000746940, 3.050000000000010036, 14.70000000015510011 ) ) ;
#1398 = CARTESIAN_POINT ( 'NONE',  ( 45.65033333334003629, 3.116666666665725671, 11.23333333348909946 ) ) ;
#1399 =( LENGTH_UNIT ( ) NAMED_UNIT ( * ) SI_UNIT ( .MILLI., .METRE. ) );
#1400 = EDGE_LOOP ( 'NONE', ( #328, #7, #2036, #930 ) ) ;
#1401 = EDGE_LOOP ( 'NONE', ( #894, #2356, #1370, #1063 ) ) ;
#1402 = EDGE_LOOP ( 'NONE', ( #1555, #2029, #1217, #475 ) ) ;
#1403 = EDGE_CURVE ( 'NONE', #293, #2004, #1765, .T. ) ;
#1404 = ORIENTED_EDGE ( 'NONE', *, *, #1476, .F. ) ;
#1405 = CARTESIAN_POINT ( 'NONE',  ( 43.66700000000746940, 2.600000000000009859, 14.70000000015521735 ) ) ;
#1406 = ORIENTED_EDGE ( 'NONE', *, *, #2000, .T. ) ;
#1407 = CARTESIAN_POINT ( 'NONE',  ( 44.11700000000746513, -2.599999999992405275, 14.70000000015654962 ) ) ;
#1408 = DIRECTION ( 'NONE',  ( 1.000000000000000000, -3.097720492815727042E-17, 0.000000000000000000 ) ) ;
#1409 = DIRECTION ( 'NONE',  ( 0.000000000000000000, 0.000000000000000000, 1.000000000000000000 ) ) ;
#1410 = ORIENTED_EDGE ( 'NONE', *, *, #1536, .F. ) ;
#1411 = CARTESIAN_POINT ( 'NONE',  ( -2.000000000000010658, 2.449293598294718740E-16, 15.00000000000000178 ) ) ;
#1412 = DIRECTION ( 'NONE',  ( -0.000000000000000000, -0.000000000000000000, -1.000000000000000000 ) ) ;
#1413 = FACE_OUTER_BOUND ( 'NONE', #48, .T. ) ;
#1414 = LINE ( 'NONE', #372, #2542 ) ;
#1415 = CARTESIAN_POINT ( 'NONE',  ( 43.91700000000749782, 4.849999999999162092, 14.70000000015463826 ) ) ;
#1416 = DIRECTION ( 'NONE',  ( -0.7071067811865476838, -0.7071067811865473507, 1.818409997575865853E-13 ) ) ;
#1417 = CIRCLE ( 'NONE', #2021, 3.000000000000000444 ) ;
#1418 = CARTESIAN_POINT ( 'NONE',  ( 44.11700000000746513, -2.599999999999991651, 16.20000000015655317 ) ) ;
#1419 = LINE ( 'NONE', #518, #92 ) ;
#1420 = LINE ( 'NONE', #487, #1486 ) ;
#1421 = CARTESIAN_POINT ( 'NONE',  ( 7.999999999999998224, 4.849999999998384048, 11.50000000015707613 ) ) ;
#1422 = EDGE_CURVE ( 'NONE', #1466, #178, #279, .T. ) ;
#1423 = LINE ( 'NONE', #1021, #497 ) ;
#1424 = SURFACE_STYLE_USAGE ( .BOTH. , #1206 ) ;
#1425 = DIRECTION ( 'NONE',  ( 1.000000000000000000, -1.215888987933778743E-15, 0.000000000000000000 ) ) ;
#1426 = ORIENTED_EDGE ( 'NONE', *, *, #281, .F. ) ;
#1427 = DIRECTION ( 'NONE',  ( 1.000000000000000000, 0.000000000000000000, -0.000000000000000000 ) ) ;
#1428 = EDGE_LOOP ( 'NONE', ( #2219, #1561, #658, #443 ) ) ;
#1429 = VERTEX_POINT ( 'NONE', #1216 ) ;
#1430 = ORIENTED_EDGE ( 'NONE', *, *, #1898, .T. ) ;
#1431 = CARTESIAN_POINT ( 'NONE',  ( 14.91700000000746762, -2.599999999999953015, 16.50000000015655388 ) ) ;
#1432 = EDGE_LOOP ( 'NONE', ( #2010, #1375, #1410, #924 ) ) ;
#1433 = DIRECTION ( 'NONE',  ( 1.000000000000000000, 0.000000000000000000, 0.000000000000000000 ) ) ;
#1434 = ORIENTED_EDGE ( 'NONE', *, *, #2231, .T. ) ;
#1435 = ORIENTED_EDGE ( 'NONE', *, *, #444, .T. ) ;
#1436 = DIRECTION ( 'NONE',  ( -0.5773502691896210681, 0.5773502691896288397, 0.5773502691896273964 ) ) ;
#1437 = EDGE_CURVE ( 'NONE', #2480, #753, #2491, .T. ) ;
#1438 = EDGE_LOOP ( 'NONE', ( #1305, #896, #180, #803, #833 ) ) ;
#1439 = DIRECTION ( 'NONE',  ( -0.000000000000000000, -0.000000000000000000, 1.000000000000000000 ) ) ;
#1440 = AXIS2_PLACEMENT_3D ( 'NONE', #2494, #2107, #1473 ) ;
#1441 = EDGE_LOOP ( 'NONE', ( #47, #1756, #46, #2259, #994, #205, #1343, #686, #1590, #2041, #1651, #2069, #1434, #2087, #681, #1880, #763, #1091, #566, #1686 ) ) ;
#1442 = DIRECTION ( 'NONE',  ( 0.6785983445458092511, -0.2810846377145959640, 0.6785983445459775609 ) ) ;
#1443 = UNCERTAINTY_MEASURE_WITH_UNIT (LENGTH_MEASURE( 1.000000000000000082E-05 ), #1447, 'distance_accuracy_value', 'NONE');
#1444 = FACE_OUTER_BOUND ( 'NONE', #1129, .T. ) ;
#1445 = DIRECTION ( 'NONE',  ( 1.000000000000000000, 0.000000000000000000, 0.000000000000000000 ) ) ;
#1446 = AXIS2_PLACEMENT_3D ( 'NONE', #979, #1201, #2567 ) ;
#1447 =( LENGTH_UNIT ( ) NAMED_UNIT ( * ) SI_UNIT ( .MILLI., .METRE. ) );
#1448 = VECTOR ( 'NONE', #2099, 1000.000000000000000 ) ;
#1449 = DIRECTION ( 'NONE',  ( 1.000000000000000000, 0.000000000000000000, 0.000000000000000000 ) ) ;
#1450 = LINE ( 'NONE', #1653, #312 ) ;
#1451 = CARTESIAN_POINT ( 'NONE',  ( 44.41700000000745518, -2.599999999999990763, 16.50000000015655033 ) ) ;
#1452 = CIRCLE ( 'NONE', #2165, 1.699999999999999956 ) ;
#1453 = DIRECTION ( 'NONE',  ( -1.000000000000000000, 0.000000000000000000, 1.826024711524442321E-16 ) ) ;
#1454 = EDGE_CURVE ( 'NONE', #2088, #992, #1010, .T. ) ;
#1455 = LINE ( 'NONE', #1051, #465 ) ;
#1456 = CARTESIAN_POINT ( 'NONE',  ( 45.61700000000750066, 2.725735931287635694, 16.50000000015655033 ) ) ;
#1457 = VERTEX_POINT ( 'NONE', #997 ) ;
#1458 = CARTESIAN_POINT ( 'NONE',  ( -9.700000000000001066, -2.725735931288448821, 16.50000000015655743 ) ) ;
#1459 = EDGE_CURVE ( 'NONE', #1494, #2560, #1228, .T. ) ;
#1460 = ORIENTED_EDGE ( 'NONE', *, *, #2336, .T. ) ;
#1461 = CARTESIAN_POINT ( 'NONE',  ( 45.91700000000749071, 1.499999999999999556, 14.70000000015510011 ) ) ;
#1462 = DIRECTION ( 'NONE',  ( 0.000000000000000000, -1.000000000000000000, 0.000000000000000000 ) ) ;
#1463 = AXIS2_PLACEMENT_3D ( 'NONE', #1395, #2415, #1598 ) ;
#1464 = EDGE_LOOP ( 'NONE', ( #1092, #1396, #1597, #918 ) ) ;
#1465 = DIRECTION ( 'NONE',  ( 0.000000000000000000, 0.000000000000000000, 1.000000000000000000 ) ) ;
#1466 = VERTEX_POINT ( 'NONE', #822 ) ;
#1467 = ORIENTED_EDGE ( 'NONE', *, *, #845, .T. ) ;
#1468 = ORIENTED_EDGE ( 'NONE', *, *, #1944, .T. ) ;
#1469 = CARTESIAN_POINT ( 'NONE',  ( 7.717157287525264309, -4.567157287529832743, 0.000000000000000000 ) ) ;
#1470 = ORIENTED_EDGE ( 'NONE', *, *, #1632, .F. ) ;
#1471 = CARTESIAN_POINT ( 'NONE',  ( 15.66700000000745696, -3.049999999999950528, -14.83675676154699197 ) ) ;
#1472 = EDGE_CURVE ( 'NONE', #356, #745, #1803, .T. ) ;
#1473 = DIRECTION ( 'NONE',  ( 0.000000000000000000, -1.000000000000000000, 0.000000000000000000 ) ) ;
#1474 = ORIENTED_EDGE ( 'NONE', *, *, #1726, .F. ) ;
#1475 = ORIENTED_EDGE ( 'NONE', *, *, #428, .F. ) ;
#1476 = EDGE_CURVE ( 'NONE', #237, #540, #1257, .T. ) ;
#1477 = ORIENTED_EDGE ( 'NONE', *, *, #1266, .F. ) ;
#1478 = PRESENTATION_LAYER_ASSIGNMENT (  '', '', ( #1241 ) ) ;
#1479 = FACE_OUTER_BOUND ( 'NONE', #2420, .T. ) ;
#1480 = CARTESIAN_POINT ( 'NONE',  ( 43.91700000000749071, 2.849999999997812949, 9.500000000156553881 ) ) ;
#1481 = LINE ( 'NONE', #2207, #642 ) ;
#1482 = PRODUCT_DEFINITION_FORMATION_WITH_SPECIFIED_SOURCE ( 'ANY', '', #531, .NOT_KNOWN. ) ;
#1483 = CIRCLE ( 'NONE', #970, 2.700000000000002398 ) ;
#1484 = CARTESIAN_POINT ( 'NONE',  ( 44.11700000000746513, -2.599999999992405275, 14.70000000015654962 ) ) ;
#1485 = VECTOR ( 'NONE', #2266, 1000.000000000000000 ) ;
#1486 = VECTOR ( 'NONE', #1068, 1000.000000000000000 ) ;
#1487 = DIRECTION ( 'NONE',  ( -0.000000000000000000, -0.000000000000000000, 1.000000000000000000 ) ) ;
#1488 = FACE_OUTER_BOUND ( 'NONE', #1831, .T. ) ;
#1489 = EDGE_CURVE ( 'NONE', #237, #178, #876, .T. ) ;
#1490 = CARTESIAN_POINT ( 'NONE',  ( 0.000000000000000000, 0.000000000000000000, 9.500000000156553881 ) ) ;
#1491 = VERTEX_POINT ( 'NONE', #1012 ) ;
#1492 = CARTESIAN_POINT ( 'NONE',  ( -2.399999999999798739, 4.849999999995443289, 1.734723475973097229E-16 ) ) ;
#1493 = AXIS2_PLACEMENT_3D ( 'NONE', #1376, #1946, #191 ) ;
#1494 = VERTEX_POINT ( 'NONE', #1812 ) ;
#1495 = ORIENTED_EDGE ( 'NONE', *, *, #476, .F. ) ;
#1496 = EDGE_LOOP ( 'NONE', ( #719, #505, #1976, #1093 ) ) ;
#1497 = DIRECTION ( 'NONE',  ( -0.7071067811865472397, 0.000000000000000000, 0.7071067811865479058 ) ) ;
#1498 = AXIS2_PLACEMENT_3D ( 'NONE', #2499, #313, #1695 ) ;
#1499 = ORIENTED_EDGE ( 'NONE', *, *, #1931, .F. ) ;
#1500 = CARTESIAN_POINT ( 'NONE',  ( 10.00000000000000000, -2.850000000004557332, 1.754043330353661040E-11 ) ) ;
#1501 = ORIENTED_EDGE ( 'NONE', *, *, #671, .F. ) ;
#1502 = EDGE_LOOP ( 'NONE', ( #71, #1020, #2094, #1749, #807, #2289 ) ) ;
#1503 = DIRECTION ( 'NONE',  ( 0.5773502691896242878, 0.5773502691896209571, -0.5773502691896319483 ) ) ;
#1504 = DIRECTION ( 'NONE',  ( 0.000000000000000000, -1.000000000000000000, 0.000000000000000000 ) ) ;
#1505 = EDGE_CURVE ( 'NONE', #134, #1565, #1163, .T. ) ;
#1506 = CARTESIAN_POINT ( 'NONE',  ( -8.000000000000000000, -4.850000000001593037, 11.50000000015656632 ) ) ;
#1507 = CARTESIAN_POINT ( 'NONE',  ( 10.00000000000000533, -2.850000000002628209, 9.500000000156553881 ) ) ;
#1508 = EDGE_CURVE ( 'NONE', #2560, #1777, #1700, .T. ) ;
#1509 = LINE ( 'NONE', #2230, #2516 ) ;
#1510 = LINE ( 'NONE', #122, #84 ) ;
#1511 = AXIS2_PLACEMENT_3D ( 'NONE', #2113, #1320, #522 ) ;
#1512 = DIRECTION ( 'NONE',  ( 0.7071067811866363906, 0.000000000000000000, 0.7071067811864586439 ) ) ;
#1513 = FACE_OUTER_BOUND ( 'NONE', #2166, .T. ) ;
#1514 = ADVANCED_FACE ( 'NONE', ( #2205 ), #2227, .T. ) ;
#1515 = VECTOR ( 'NONE', #2413, 1000.000000000000000 ) ;
#1516 = DIRECTION ( 'NONE',  ( -1.826024711524442321E-16, -2.568466037843052757E-13, -1.000000000000000000 ) ) ;
#1517 = DIRECTION ( 'NONE',  ( -1.000000000000000000, 0.000000000000000000, 0.000000000000000000 ) ) ;
#1518 = VECTOR ( 'NONE', #1984, 1000.000000000000000 ) ;
#1519 = FACE_OUTER_BOUND ( 'NONE', #956, .T. ) ;
#1520 = DIRECTION ( 'NONE',  ( 0.000000000000000000, 0.000000000000000000, 1.000000000000000000 ) ) ;
#1521 = LINE ( 'NONE', #728, #2026 ) ;
#1522 = MANIFOLD_SOLID_BREP ( 'Chamfer5', #306 ) ;
#1523 = EDGE_CURVE ( 'NONE', #1851, #216, #1481, .T. ) ;
#1524 = ORIENTED_EDGE ( 'NONE', *, *, #2044, .F. ) ;
#1525 = DIRECTION ( 'NONE',  ( -0.7071067811865473507, 0.7071067811865476838, -1.813949507636466412E-13 ) ) ;
#1526 = ADVANCED_FACE ( 'NONE', ( #488 ), #2434, .F. ) ;
#1527 = VERTEX_POINT ( 'NONE', #2019 ) ;
#1528 = ORIENTED_EDGE ( 'NONE', *, *, #1854, .F. ) ;
#1529 = CARTESIAN_POINT ( 'NONE',  ( -2.800000000000001155, 4.449999999995442046, 0.000000000000000000 ) ) ;
#1530 = ORIENTED_EDGE ( 'NONE', *, *, #1729, .T. ) ;
#1531 = DIRECTION ( 'NONE',  ( -1.000000000000000000, 0.000000000000000000, -0.000000000000000000 ) ) ;
#1532 = VERTEX_POINT ( 'NONE', #1041 ) ;
#1533 = DIRECTION ( 'NONE',  ( -3.154042683564267710E-16, -2.568466037843052757E-13, -1.000000000000000000 ) ) ;
#1534 = LINE ( 'NONE', #16, #1132 ) ;
#1535 = CARTESIAN_POINT ( 'NONE',  ( -1.699999999999999956, 2.081899558550500280E-16, -0.6000000000000004219 ) ) ;
#1536 = EDGE_CURVE ( 'NONE', #1682, #2090, #310, .T. ) ;
#1537 = ADVANCED_FACE ( 'NONE', ( #1836 ), #1256, .F. ) ;
#1538 = LINE ( 'NONE', #1674, #1581 ) ;
#1539 = DIRECTION ( 'NONE',  ( 1.000000000000000000, 0.000000000000000000, 0.000000000000000000 ) ) ;
#1540 = AXIS2_PLACEMENT_3D ( 'NONE', #1897, #1487, #115 ) ;
#1541 = VECTOR ( 'NONE', #692, 1000.000000000000000 ) ;
#1542 = AXIS2_PLACEMENT_3D ( 'NONE', #2500, #2335, #151 ) ;
#1543 = LINE ( 'NONE', #467, #2340 ) ;
#1544 = VECTOR ( 'NONE', #1737, 1000.000000000000000 ) ;
#1545 = CARTESIAN_POINT ( 'NONE',  ( 44.11700000000744382, -2.599999999999990763, -14.83675676154699197 ) ) ;
#1546 = LINE ( 'NONE', #1813, #1959 ) ;
#1547 = CARTESIAN_POINT ( 'NONE',  ( 45.91700000000749071, -2.850000000000449507, 16.20000000015660291 ) ) ;
#1548 = ORIENTED_EDGE ( 'NONE', *, *, #929, .T. ) ;
#1549 = ADVANCED_FACE ( 'NONE', ( #2136 ), #2461, .T. ) ;
#1550 = CARTESIAN_POINT ( 'NONE',  ( 45.91700000000749071, -2.850000000001656986, 11.50000000015604940 ) ) ;
#1551 = EDGE_CURVE ( 'NONE', #1879, #2387, #1385, .T. ) ;
#1552 = ORIENTED_EDGE ( 'NONE', *, *, #1669, .F. ) ;
#1553 = CARTESIAN_POINT ( 'NONE',  ( 0.000000000000000000, 0.000000000000000000, 9.500000000156553881 ) ) ;
#1554 = EDGE_CURVE ( 'NONE', #1024, #691, #1893, .T. ) ;
#1555 = ORIENTED_EDGE ( 'NONE', *, *, #2352, .F. ) ;
#1556 = VERTEX_POINT ( 'NONE', #1859 ) ;
#1557 = ORIENTED_EDGE ( 'NONE', *, *, #394, .F. ) ;
#1558 = DIRECTION ( 'NONE',  ( -0.7071067811865430208, 0.000000000000000000, -0.7071067811865521247 ) ) ;
#1559 = VERTEX_POINT ( 'NONE', #2240 ) ;
#1560 = CARTESIAN_POINT ( 'NONE',  ( 15.66700000000745696, -3.049999999999950528, 14.70000000015666508 ) ) ;
#1561 = ORIENTED_EDGE ( 'NONE', *, *, #877, .F. ) ;
#1562 = AXIS2_PLACEMENT_3D ( 'NONE', #489, #1891, #690 ) ;
#1563 = VERTEX_POINT ( 'NONE', #1451 ) ;
#1564 = CARTESIAN_POINT ( 'NONE',  ( -2.799999999999998934, -4.450000000004505907, -1.000000000000000000 ) ) ;
#1565 = VERTEX_POINT ( 'NONE', #1648 ) ;
#1566 = ADVANCED_FACE ( 'NONE', ( #1601 ), #85, .F. ) ;
#1567 = CARTESIAN_POINT ( 'NONE',  ( -7.875735931288057046, 4.549999999999620570, 16.50000000015655743 ) ) ;
#1568 = APPLICATION_CONTEXT ( 'automotive_design' ) ;
#1569 = ORIENTED_EDGE ( 'NONE', *, *, #2367, .F. ) ;
#1570 = DIRECTION ( 'NONE',  ( -0.000000000000000000, -0.000000000000000000, 1.000000000000000000 ) ) ;
#1571 = VECTOR ( 'NONE', #455, 1000.000000000000000 ) ;
#1572 = EDGE_CURVE ( 'NONE', #2147, #992, #2519, .T. ) ;
#1573 = FACE_OUTER_BOUND ( 'NONE', #861, .T. ) ;
#1574 = LINE ( 'NONE', #2338, #431 ) ;
#1575 = CARTESIAN_POINT ( 'NONE',  ( -7.666666666660654883, -5.183333333340851112, 11.83333333349599137 ) ) ;
#1576 = CARTESIAN_POINT ( 'NONE',  ( 44.11700000000746513, 2.600000000000009415, -14.83675676154699197 ) ) ;
#1577 = VECTOR ( 'NONE', #1996, 1000.000000000000000 ) ;
#1578 = ADVANCED_FACE ( 'NONE', ( #1286 ), #1666, .T. ) ;
#1579 = DIRECTION ( 'NONE',  ( 0.000000000000000000, 0.000000000000000000, 1.000000000000000000 ) ) ;
#1580 = VECTOR ( 'NONE', #2176, 1000.000000000000000 ) ;
#1581 = VECTOR ( 'NONE', #304, 1000.000000000000000 ) ;
#1582 = PLANE ( 'NONE',  #498 ) ;
#1583 = CARTESIAN_POINT ( 'NONE',  ( 43.96057100522765637, -4.955189711729316215, 16.09481028842779438 ) ) ;
#1584 = DIRECTION ( 'NONE',  ( 1.000000000000000000, -1.337623968704080708E-15, -4.484155085839413631E-44 ) ) ;
#1585 = ORIENTED_EDGE ( 'NONE', *, *, #1070, .F. ) ;
#1586 = PLANE ( 'NONE',  #2393 ) ;
#1587 = ORIENTED_EDGE ( 'NONE', *, *, #1191, .F. ) ;
#1588 = EDGE_CURVE ( 'NONE', #2471, #1777, #339, .T. ) ;
#1589 = ORIENTED_EDGE ( 'NONE', *, *, #986, .F. ) ;
#1590 = ORIENTED_EDGE ( 'NONE', *, *, #2318, .T. ) ;
#1591 = ADVANCED_FACE ( 'NONE', ( #1479 ), #1248, .T. ) ;
#1592 = EDGE_CURVE ( 'NONE', #629, #805, #457, .T. ) ;
#1593 = DIRECTION ( 'NONE',  ( 1.000000000000000000, 0.000000000000000000, 0.000000000000000000 ) ) ;
#1594 = ORIENTED_EDGE ( 'NONE', *, *, #449, .F. ) ;
#1595 = AXIS2_PLACEMENT_3D ( 'NONE', #1237, #2457, #1637 ) ;
#1596 = ORIENTED_EDGE ( 'NONE', *, *, #345, .F. ) ;
#1597 = ORIENTED_EDGE ( 'NONE', *, *, #1726, .T. ) ;
#1598 = DIRECTION ( 'NONE',  ( 1.000000000000000000, 0.000000000000000000, 0.000000000000000000 ) ) ;
#1599 = LINE ( 'NONE', #1246, #1072 ) ;
#1600 = PLANE ( 'NONE',  #175 ) ;
#1601 = FACE_OUTER_BOUND ( 'NONE', #1496, .T. ) ;
#1602 = CARTESIAN_POINT ( 'NONE',  ( 2.399999999999804956, 4.849999999999212719, 14.70000000015465602 ) ) ;
#1603 = DIRECTION ( 'NONE',  ( -0.000000000000000000, -0.000000000000000000, 1.000000000000000000 ) ) ;
#1604 = AXIS2_PLACEMENT_3D ( 'NONE', #2540, #1908, #697 ) ;
#1605 = VECTOR ( 'NONE', #1002, 999.9999999999998863 ) ;
#1606 =( NAMED_UNIT ( * ) SI_UNIT ( $, .STERADIAN. ) SOLID_ANGLE_UNIT ( ) );
#1607 = VECTOR ( 'NONE', #483, 1000.000000000000227 ) ;
#1608 = LINE ( 'NONE', #1144, #678 ) ;
#1609 = CARTESIAN_POINT ( 'NONE',  ( 43.91700000000749071, 4.849999999999547562, 16.20000000015649988 ) ) ;
#1610 = VECTOR ( 'NONE', #2322, 1000.000000000000000 ) ;
#1611 = ORIENTED_EDGE ( 'NONE', *, *, #321, .F. ) ;
#1612 = CARTESIAN_POINT ( 'NONE',  ( 43.66700000000745518, -3.049999999999953637, -14.83675676154699197 ) ) ;
#1613 = DIRECTION ( 'NONE',  ( 4.336808689942018229E-16, -2.568466037843052757E-13, -1.000000000000000000 ) ) ;
#1614 = VERTEX_POINT ( 'NONE', #1461 ) ;
#1615 = ORIENTED_EDGE ( 'NONE', *, *, #1330, .F. ) ;
#1616 = VERTEX_POINT ( 'NONE', #1069 ) ;
#1617 = DIRECTION ( 'NONE',  ( 0.000000000000000000, -1.000000000000000000, 8.673617379883981238E-16 ) ) ;
#1618 = EDGE_CURVE ( 'NONE', #2479, #303, #1986, .T. ) ;
#1619 = ORIENTED_EDGE ( 'NONE', *, *, #1089, .F. ) ;
#1620 = ORIENTED_EDGE ( 'NONE', *, *, #2501, .F. ) ;
#1621 = CARTESIAN_POINT ( 'NONE',  ( 15.66700000000745696, -3.049999999999952749, 14.70000000015666686 ) ) ;
#1622 = ORIENTED_EDGE ( 'NONE', *, *, #1854, .T. ) ;
#1623 = CARTESIAN_POINT ( 'NONE',  ( 45.91700000000749071, 1.499999999999999556, 16.20000000015655317 ) ) ;
#1624 = ORIENTED_EDGE ( 'NONE', *, *, #811, .F. ) ;
#1625 = DIRECTION ( 'NONE',  ( 1.000000000000000000, 0.000000000000000000, 0.000000000000000000 ) ) ;
#1626 = ORIENTED_EDGE ( 'NONE', *, *, #2571, .T. ) ;
#1627 = CARTESIAN_POINT ( 'NONE',  ( 43.66700000000746940, 3.050000000000006040, -14.83675676154699197 ) ) ;
#1628 = CIRCLE ( 'NONE', #1679, 0.4499999999999959588 ) ;
#1629 = VECTOR ( 'NONE', #855, 1000.000000000000000 ) ;
#1630 = FILL_AREA_STYLE ('',( #2419 ) ) ;
#1631 = DIRECTION ( 'NONE',  ( 0.7071067811866361685, -0.7071067811864588659, 1.813113165772571359E-13 ) ) ;
#1632 = EDGE_CURVE ( 'NONE', #992, #2031, #975, .T. ) ;
#1633 = LINE ( 'NONE', #200, #1110 ) ;
#1634 = DIRECTION ( 'NONE',  ( -0.7071067811865474617, 0.000000000000000000, -0.7071067811865474617 ) ) ;
#1635 = VECTOR ( 'NONE', #1009, 1000.000000000000000 ) ;
#1636 = VECTOR ( 'NONE', #1311, 1000.000000000000000 ) ;
#1637 = DIRECTION ( 'NONE',  ( 4.336808689942018229E-16, 0.000000000000000000, 1.000000000000000000 ) ) ;
#1638 = EDGE_CURVE ( 'NONE', #1527, #1644, #726, .T. ) ;
#1639 = FACE_OUTER_BOUND ( 'NONE', #920, .T. ) ;
#1640 = CARTESIAN_POINT ( 'NONE',  ( 0.000000000000000000, 0.000000000000000000, -0.6000000000000004219 ) ) ;
#1641 = AXIS2_PLACEMENT_3D ( 'NONE', #904, #2325, #2522 ) ;
#1642 = LINE ( 'NONE', #1940, #1610 ) ;
#1643 = DIRECTION ( 'NONE',  ( 0.000000000000000000, 1.000000000000000000, 0.000000000000000000 ) ) ;
#1644 = VERTEX_POINT ( 'NONE', #866 ) ;
#1645 = ADVANCED_FACE ( 'NONE', ( #2074 ), #1677, .F. ) ;
#1646 = CARTESIAN_POINT ( 'NONE',  ( 33.94466666667132415, -14.82233333333528691, 21.47233333349528905 ) ) ;
#1647 = ORIENTED_EDGE ( 'NONE', *, *, #254, .T. ) ;
#1648 = CARTESIAN_POINT ( 'NONE',  ( -7.875735931288049940, -4.550000000000398614, 16.50000000015655743 ) ) ;
#1649 = EDGE_CURVE ( 'NONE', #634, #1556, #1664, .T. ) ;
#1650 = ORIENTED_EDGE ( 'NONE', *, *, #2532, .T. ) ;
#1651 = ORIENTED_EDGE ( 'NONE', *, *, #717, .T. ) ;
#1652 = ORIENTED_EDGE ( 'NONE', *, *, #55, .T. ) ;
#1653 = CARTESIAN_POINT ( 'NONE',  ( -2.799999999999999822, 65.44147454200154357, -1.000000000000000000 ) ) ;
#1654 = EDGE_CURVE ( 'NONE', #473, #992, #905, .T. ) ;
#1655 = VERTEX_POINT ( 'NONE', #883 ) ;
#1656 = CARTESIAN_POINT ( 'NONE',  ( 15.21700000000746300, 2.600000000000044054, 14.70000000015521735 ) ) ;
#1657 = AXIS2_PLACEMENT_3D ( 'NONE', #2320, #2482, #546 ) ;
#1658 = ORIENTED_EDGE ( 'NONE', *, *, #1801, .F. ) ;
#1659 = DIRECTION ( 'NONE',  ( -0.4999999999998937517, 0.4999999999998939182, -0.7071067811866977859 ) ) ;
#1660 = DIRECTION ( 'NONE',  ( -0.5773502691896222894, -0.5773502691896287287, -0.5773502691896262862 ) ) ;
#1661 = ADVANCED_FACE ( 'NONE', ( #1413 ), #906, .F. ) ;
#1662 = FACE_OUTER_BOUND ( 'NONE', #2319, .T. ) ;
#1663 = DIRECTION ( 'NONE',  ( -0.000000000000000000, -0.000000000000000000, 1.000000000000000000 ) ) ;
#1664 = LINE ( 'NONE', #1707, #1950 ) ;
#1665 = VECTOR ( 'NONE', #1030, 1000.000000000000114 ) ;
#1666 = PLANE ( 'NONE',  #1842 ) ;
#1667 = LINE ( 'NONE', #14, #1840 ) ;
#1668 = PLANE ( 'NONE',  #1175 ) ;
#1669 = EDGE_CURVE ( 'NONE', #2250, #955, #396, .T. ) ;
#1670 = LINE ( 'NONE', #1098, #65 ) ;
#1671 = DIRECTION ( 'NONE',  ( 1.000000000000000000, 0.000000000000000000, 0.000000000000000000 ) ) ;
#1672 = CYLINDRICAL_SURFACE ( 'NONE', #1511, 1.699999999999999956 ) ;
#1673 = CONICAL_SURFACE ( 'NONE', #2523, 3.000000000000000444, 0.7853981633974401744 ) ;
#1674 = CARTESIAN_POINT ( 'NONE',  ( 45.91700000000749071, 65.44147454200154357, 16.20000000015655317 ) ) ;
#1675 = AXIS2_PLACEMENT_3D ( 'NONE', #107, #1497, #892 ) ;
#1676 = LINE ( 'NONE', #1702, #499 ) ;
#1677 = PLANE ( 'NONE',  #599 ) ;
#1678 = DIRECTION ( 'NONE',  ( 0.7071067811865476838, 0.7071067811865474617, -8.774681999009502710E-17 ) ) ;
#1679 = AXIS2_PLACEMENT_3D ( 'NONE', #1405, #2396, #2189 ) ;
#1680 = VERTEX_POINT ( 'NONE', #1906 ) ;
#1681 = DIRECTION ( 'NONE',  ( -9.458429789485591085E-16, -0.7071067811867279840, -0.7071067811863671615 ) ) ;
#1682 = VERTEX_POINT ( 'NONE', #1923 ) ;
#1683 = ORIENTED_EDGE ( 'NONE', *, *, #2143, .T. ) ;
#1684 = VERTEX_POINT ( 'NONE', #2089 ) ;
#1685 = DIRECTION ( 'NONE',  ( -0.7071067811865462405, -0.7071067811865489050, 0.000000000000000000 ) ) ;
#1686 = ORIENTED_EDGE ( 'NONE', *, *, #1761, .T. ) ;
#1687 = ORIENTED_EDGE ( 'NONE', *, *, #2427, .T. ) ;
#1688 = CARTESIAN_POINT ( 'NONE',  ( 8.000000000000047962, 4.849999999995481481, 0.4000000000001364686 ) ) ;
#1689 = EDGE_CURVE ( 'NONE', #102, #1457, #2568, .T. ) ;
#1690 = CARTESIAN_POINT ( 'NONE',  ( 44.91700000000762572, 3.849999999997947953, 10.50000000015668711 ) ) ;
#1691 = ORIENTED_EDGE ( 'NONE', *, *, #699, .T. ) ;
#1692 = CARTESIAN_POINT ( 'NONE',  ( 2.399999999999798295, 4.849999999995283417, -0.5999999999998989475 ) ) ;
#1693 = ORIENTED_EDGE ( 'NONE', *, *, #1868, .F. ) ;
#1694 = EDGE_CURVE ( 'NONE', #176, #1563, #2397, .T. ) ;
#1695 = DIRECTION ( 'NONE',  ( 0.000000000000000000, 0.000000000000000000, -1.000000000000000000 ) ) ;
#1696 = AXIS2_PLACEMENT_3D ( 'NONE', #2511, #1681, #707 ) ;
#1697 = LINE ( 'NONE', #1989, #1762 ) ;
#1698 = DIRECTION ( 'NONE',  ( -1.000000000000000000, 0.000000000000000000, 0.000000000000000000 ) ) ;
#1699 = CARTESIAN_POINT ( 'NONE',  ( 45.91700000000749071, -2.850000000001656986, 11.50000000015655388 ) ) ;
#1700 = CIRCLE ( 'NONE', #635, 0.4499999999999972911 ) ;
#1701 = DIRECTION ( 'NONE',  ( -0.7071067811865454633, -0.000000000000000000, -0.7071067811865495711 ) ) ;
#1702 = CARTESIAN_POINT ( 'NONE',  ( -8.000000000000003553, -4.850000000004546230, -6.308085367108898700E-16 ) ) ;
#1703 = FACE_OUTER_BOUND ( 'NONE', #2252, .T. ) ;
#1704 = CARTESIAN_POINT ( 'NONE',  ( 4.210907311515729390, 4.297678957621845264, -8.747678957630609986 ) ) ;
#1705 = VECTOR ( 'NONE', #422, 1000.000000000000000 ) ;
#1706 = CIRCLE ( 'NONE', #2463, 1.699999999999999956 ) ;
#1707 = CARTESIAN_POINT ( 'NONE',  ( 67.34749151401075551, 18.58049151400716070, 32.93049151415980447 ) ) ;
#1708 = CARTESIAN_POINT ( 'NONE',  ( 15.41700000000748183, -4.850000000001624123, 11.50000000015656276 ) ) ;
#1709 = LINE ( 'NONE', #1042, #2178 ) ;
#1710 = EDGE_CURVE ( 'NONE', #1680, #2508, #1075, .T. ) ;
#1711 = PLANE ( 'NONE',  #1657 ) ;
#1712 = ORIENTED_EDGE ( 'NONE', *, *, #1536, .T. ) ;
#1713 = DIRECTION ( 'NONE',  ( 0.5773502691895278094, -0.5773502691896758021, -0.5773502691896735817 ) ) ;
#1714 = DIRECTION ( 'NONE',  ( 1.000000000000000000, -0.000000000000000000, 4.336808689942018229E-16 ) ) ;
#1715 = ADVANCED_FACE ( 'NONE', ( #667 ), #1119, .F. ) ;
#1716 = ORIENTED_EDGE ( 'NONE', *, *, #1373, .F. ) ;
#1717 = CARTESIAN_POINT ( 'NONE',  ( -6.933333333333952631, 5.916666666664718299, 12.56666666682339084 ) ) ;
#1718 = EDGE_LOOP ( 'NONE', ( #2354, #1179, #479, #2470 ) ) ;
#1719 = CARTESIAN_POINT ( 'NONE',  ( 2.800000000000001155, -4.450000000004353140, 0.000000000000000000 ) ) ;
#1720 = VERTEX_POINT ( 'NONE', #1297 ) ;
#1721 = DIRECTION ( 'NONE',  ( -0.7071067811866430519, -0.7071067811864519825, 1.813113165772553689E-13 ) ) ;
#1722 = ORIENTED_EDGE ( 'NONE', *, *, #169, .F. ) ;
#1723 = CARTESIAN_POINT ( 'NONE',  ( 45.91700000000749071, -1.500000000000000444, 14.70000000015510011 ) ) ;
#1724 = ORIENTED_EDGE ( 'NONE', *, *, #1233, .F. ) ;
#1725 = CARTESIAN_POINT ( 'NONE',  ( 45.91700000000749071, 65.44147454200154357, 9.500000000156553881 ) ) ;
#1726 = EDGE_CURVE ( 'NONE', #295, #753, #1865, .T. ) ;
#1727 = ORIENTED_EDGE ( 'NONE', *, *, #1437, .F. ) ;
#1728 = DIRECTION ( 'NONE',  ( 0.000000000000000000, 0.000000000000000000, 1.000000000000000000 ) ) ;
#1729 = EDGE_CURVE ( 'NONE', #1655, #2064, #1510, .T. ) ;
#1730 = VECTOR ( 'NONE', #1363, 1000.000000000000114 ) ;
#1731 = CARTESIAN_POINT ( 'NONE',  ( 2.399999999999798295, 4.849999999995180389, -1.000000000000000000 ) ) ;
#1732 = VECTOR ( 'NONE', #1866, 999.9999999999998863 ) ;
#1733 = AXIS2_PLACEMENT_3D ( 'NONE', #828, #1439, #1449 ) ;
#1734 = CARTESIAN_POINT ( 'NONE',  ( 10.00000000000000000, -2.850000000004557332, -5.136932069148585729E-13 ) ) ;
#1735 = CARTESIAN_POINT ( 'NONE',  ( -2.800000000000000266, 4.449999999995339905, 0.000000000000000000 ) ) ;
#1736 = CIRCLE ( 'NONE', #2248, 2.000000000000012434 ) ;
#1737 = DIRECTION ( 'NONE',  ( 0.6785983445456444940, -0.2810846377153856102, -0.6785983445458153573 ) ) ;
#1738 = CIRCLE ( 'NONE', #1789, 0.4499999999999990119 ) ;
#1739 = ADVANCED_FACE ( 'NONE', ( #2460 ), #873, .F. ) ;
#1740 = LINE ( 'NONE', #782, #165 ) ;
#1741 = CARTESIAN_POINT ( 'NONE',  ( 43.66700000000746940, 3.050000000000010036, -14.83675676154699197 ) ) ;
#1742 = EDGE_LOOP ( 'NONE', ( #2119, #1589, #1530, #1849 ) ) ;
#1743 = EDGE_CURVE ( 'NONE', #2250, #629, #2333, .T. ) ;
#1744 = CARTESIAN_POINT ( 'NONE',  ( -9.999999999999996447, -2.850000000002108624, 9.500000000156060054 ) ) ;
#1745 = DIRECTION ( 'NONE',  ( 0.000000000000000000, 1.000000000000000000, -2.568466037843053262E-13 ) ) ;
#1746 = VERTEX_POINT ( 'NONE', #132 ) ;
#1747 = DIRECTION ( 'NONE',  ( 0.000000000000000000, 1.000000000000000000, 0.000000000000000000 ) ) ;
#1748 = AXIS2_PLACEMENT_3D ( 'NONE', #901, #110, #1671 ) ;
#1749 = ORIENTED_EDGE ( 'NONE', *, *, #2095, .T. ) ;
#1750 = ORIENTED_EDGE ( 'NONE', *, *, #2558, .T. ) ;
#1751 = EDGE_LOOP ( 'NONE', ( #1033, #826, #477, #898 ) ) ;
#1752 = PLANE ( 'NONE',  #916 ) ;
#1753 = EDGE_LOOP ( 'NONE', ( #2349, #2071, #1652, #265, #289, #1973 ) ) ;
#1754 = ORIENTED_EDGE ( 'NONE', *, *, #695, .F. ) ;
#1755 = ADVANCED_FACE ( 'NONE', ( #550 ), #1914, .T. ) ;
#1756 = ORIENTED_EDGE ( 'NONE', *, *, #1282, .T. ) ;
#1757 = DIRECTION ( 'NONE',  ( 0.2810846377151910436, -0.6785983445457723917, -0.6785983445457681729 ) ) ;
#1758 = EDGE_LOOP ( 'NONE', ( #1394, #1127 ) ) ;
#1759 = ORIENTED_EDGE ( 'NONE', *, *, #1508, .T. ) ;
#1760 = DIRECTION ( 'NONE',  ( 0.000000000000000000, 1.000000000000000000, 0.000000000000000000 ) ) ;
#1761 = EDGE_CURVE ( 'NONE', #330, #1466, #846, .T. ) ;
#1762 = VECTOR ( 'NONE', #1818, 1000.000000000000000 ) ;
#1763 = DIRECTION ( 'NONE',  ( 0.000000000000000000, 1.000000000000000000, 0.000000000000000000 ) ) ;
#1764 = DIRECTION ( 'NONE',  ( 0.000000000000000000, 0.000000000000000000, 1.000000000000000000 ) ) ;
#1765 = LINE ( 'NONE', #1612, #156 ) ;
#1766 = ADVANCED_FACE ( 'NONE', ( #26 ), #899, .T. ) ;
#1767 = CARTESIAN_POINT ( 'NONE',  ( 44.11700000000746513, 1.499999999999999556, 14.70000000015549624 ) ) ;
#1768 = LINE ( 'NONE', #1719, #1988 ) ;
#1769 = AXIS2_PLACEMENT_3D ( 'NONE', #710, #1927, #1903 ) ;
#1770 = DIRECTION ( 'NONE',  ( 0.5000000000000545120, 0.5000000000000550671, 0.7071067811864701902 ) ) ;
#1771 = SURFACE_STYLE_FILL_AREA ( #2070 ) ;
#1772 = FACE_OUTER_BOUND ( 'NONE', #683, .T. ) ;
#1773 = DIRECTION ( 'NONE',  ( 4.336808689942018229E-16, -2.568466037843052757E-13, -1.000000000000000000 ) ) ;
#1774 = VECTOR ( 'NONE', #459, 999.9999999999998863 ) ;
#1775 = PLANE ( 'NONE',  #645 ) ;
#1776 = CARTESIAN_POINT ( 'NONE',  ( 10.00000000000000000, 65.44147454200154357, 0.4000000000002044698 ) ) ;
#1777 = VERTEX_POINT ( 'NONE', #2291 ) ;
#1778 = CARTESIAN_POINT ( 'NONE',  ( -10.00100000000000300, 1.499999999999999556, 16.20000000015656028 ) ) ;
#1779 = EDGE_CURVE ( 'NONE', #145, #1491, #2363, .T. ) ;
#1780 = VERTEX_POINT ( 'NONE', #376 ) ;
#1781 = CARTESIAN_POINT ( 'NONE',  ( -9.599999999999894840, -2.684314575055003260, 0.000000000000000000 ) ) ;
#1782 = ADVANCED_FACE ( 'NONE', ( #783 ), #360, .T. ) ;
#1783 = EDGE_CURVE ( 'NONE', #567, #1457, #754, .T. ) ;
#1784 = ORIENTED_EDGE ( 'NONE', *, *, #1551, .T. ) ;
#1785 = DIRECTION ( 'NONE',  ( -9.458429789485591085E-16, -0.7071067811867279840, -0.7071067811863671615 ) ) ;
#1786 = SURFACE_STYLE_USAGE ( .BOTH. , #618 ) ;
#1787 = ORIENTED_EDGE ( 'NONE', *, *, #656, .T. ) ;
#1788 = ORIENTED_EDGE ( 'NONE', *, *, #2032, .T. ) ;
#1789 = AXIS2_PLACEMENT_3D ( 'NONE', #1220, #2253, #363 ) ;
#1790 = DIRECTION ( 'NONE',  ( 8.597633485380208281E-16, 0.7071067811865455743, -0.7071067811865495711 ) ) ;
#1791 = VERTEX_POINT ( 'NONE', #953 ) ;
#1792 = CARTESIAN_POINT ( 'NONE',  ( -10.00000000000000000, 2.849999999995448174, 5.136932075686105514E-13 ) ) ;
#1793 = ORIENTED_EDGE ( 'NONE', *, *, #2334, .F. ) ;
#1794 = DIRECTION ( 'NONE',  ( 3.154042683564267710E-16, 2.568466037843052757E-13, 1.000000000000000000 ) ) ;
#1795 = DIRECTION ( 'NONE',  ( -0.000000000000000000, -0.000000000000000000, 1.000000000000000000 ) ) ;
#1796 = EDGE_CURVE ( 'NONE', #1746, #1616, #1802, .T. ) ;
#1797 = ADVANCED_FACE ( 'NONE', ( #307 ), #935, .F. ) ;
#1798 = PLANE ( 'NONE',  #2409 ) ;
#1799 = VECTOR ( 'NONE', #627, 1000.000000000000000 ) ;
#1800 = DIRECTION ( 'NONE',  ( 0.000000000000000000, -1.000000000000000000, 2.582810508676672124E-13 ) ) ;
#1801 = EDGE_CURVE ( 'NONE', #2093, #73, #2046, .T. ) ;
#1802 = LINE ( 'NONE', #1344, #426 ) ;
#1803 = LINE ( 'NONE', #251, #1665 ) ;
#1804 = DIRECTION ( 'NONE',  ( 1.000000000000000000, 0.000000000000000000, 0.000000000000000000 ) ) ;
#1805 = CARTESIAN_POINT ( 'NONE',  ( -1.699999999999999956, 2.081899558550500280E-16, -1.000000000000000000 ) ) ;
#1806 = LINE ( 'NONE', #651, #463 ) ;
#1807 = UNCERTAINTY_MEASURE_WITH_UNIT (LENGTH_MEASURE( 1.000000000000000082E-05 ), #2194, 'distance_accuracy_value', 'NONE');
#1808 = LINE ( 'NONE', #2234, #2468 ) ;
#1809 = VECTOR ( 'NONE', #1503, 1000.000000000000114 ) ;
#1810 = DIRECTION ( 'NONE',  ( 1.000000000000000000, 0.000000000000000000, 0.000000000000000000 ) ) ;
#1811 = VECTOR ( 'NONE', #1794, 1000.000000000000000 ) ;
#1812 = CARTESIAN_POINT ( 'NONE',  ( 14.91700000000746762, -2.599999999999953015, 16.50000000015655388 ) ) ;
#1813 = CARTESIAN_POINT ( 'NONE',  ( -3.898111886520998048, -5.052833914894888423, 26.10283391505364392 ) ) ;
#1814 = CARTESIAN_POINT ( 'NONE',  ( -3.000000000000000444, 3.673940397442060361E-16, 15.29999999999999716 ) ) ;
#1815 = VERTEX_POINT ( 'NONE', #1943 ) ;
#1816 = ORIENTED_EDGE ( 'NONE', *, *, #223, .F. ) ;
#1817 = EDGE_CURVE ( 'NONE', #1684, #629, #362, .T. ) ;
#1818 = DIRECTION ( 'NONE',  ( -1.000000000000000000, 1.337623968704080708E-15, 0.000000000000000000 ) ) ;
#1819 = ORIENTED_EDGE ( 'NONE', *, *, #1743, .T. ) ;
#1820 = ORIENTED_EDGE ( 'NONE', *, *, #980, .T. ) ;
#1821 = ORIENTED_EDGE ( 'NONE', *, *, #1318, .T. ) ;
#1822 = AXIS2_PLACEMENT_3D ( 'NONE', #1480, #299, #325 ) ;
#1823 = CARTESIAN_POINT ( 'NONE',  ( 3.302457071073407580, 2.660058131727968789, 29.50245707122996208 ) ) ;
#1824 = VERTEX_POINT ( 'NONE', #1535 ) ;
#1825 = ORIENTED_EDGE ( 'NONE', *, *, #1476, .T. ) ;
#1826 = AXIS2_PLACEMENT_3D ( 'NONE', #2308, #1097, #535 ) ;
#1827 = VERTEX_POINT ( 'NONE', #926 ) ;
#1828 = CARTESIAN_POINT ( 'NONE',  ( 45.61700000000750066, 65.44147454200154357, 16.50000000015655033 ) ) ;
#1829 = EDGE_LOOP ( 'NONE', ( #2129, #414, #1270, #141 ) ) ;
#1830 = PLANE ( 'NONE',  #1595 ) ;
#1831 = EDGE_LOOP ( 'NONE', ( #2066, #507, #1693, #536 ) ) ;
#1832 = CARTESIAN_POINT ( 'NONE',  ( 15.66700000000746940, 3.050000000000010036, -14.83675676154699197 ) ) ;
#1833 = DIRECTION ( 'NONE',  ( 0.2810846377148792374, -0.6785983445457436369, 0.6785983445459260466 ) ) ;
#1834 = LINE ( 'NONE', #506, #1485 ) ;
#1835 = EDGE_CURVE ( 'NONE', #933, #626, #153, .T. ) ;
#1836 = FACE_OUTER_BOUND ( 'NONE', #2063, .T. ) ;
#1837 = EDGE_CURVE ( 'NONE', #1494, #330, #2541, .T. ) ;
#1838 = LINE ( 'NONE', #1545, #878 ) ;
#1839 = DIRECTION ( 'NONE',  ( 9.475101685282447477E-16, 0.7071067811866427189, 0.7071067811864523156 ) ) ;
#1840 = VECTOR ( 'NONE', #602, 1000.000000000000000 ) ;
#1841 = PLANE ( 'NONE',  #305 ) ;
#1842 = AXIS2_PLACEMENT_3D ( 'NONE', #1050, #2451, #1239 ) ;
#1843 = LINE ( 'NONE', #2332, #2175 ) ;
#1844 = VECTOR ( 'NONE', #2052, 1000.000000000000000 ) ;
#1845 = CARTESIAN_POINT ( 'NONE',  ( 1.699999999999999956, 0.000000000000000000, 9.500000000156553881 ) ) ;
#1846 = ADVANCED_FACE ( 'NONE', ( #2017 ), #179, .F. ) ;
#1847 = ORIENTED_EDGE ( 'NONE', *, *, #671, .T. ) ;
#1848 = DIRECTION ( 'NONE',  ( -4.336808689942018229E-16, -2.568466037843052757E-13, -1.000000000000000000 ) ) ;
#1849 = ORIENTED_EDGE ( 'NONE', *, *, #611, .F. ) ;
#1850 = CARTESIAN_POINT ( 'NONE',  ( 2.800000000000000266, -4.450000000004353140, 0.000000000000000000 ) ) ;
#1851 = VERTEX_POINT ( 'NONE', #739 ) ;
#1852 = ORIENTED_EDGE ( 'NONE', *, *, #1779, .F. ) ;
#1853 = DIRECTION ( 'NONE',  ( 0.000000000000000000, 0.000000000000000000, 1.000000000000000000 ) ) ;
#1854 = EDGE_CURVE ( 'NONE', #1682, #955, #456, .T. ) ;
#1855 = EDGE_LOOP ( 'NONE', ( #211, #2315, #2358, #1587 ) ) ;
#1856 = ORIENTED_EDGE ( 'NONE', *, *, #207, .T. ) ;
#1857 = CARTESIAN_POINT ( 'NONE',  ( 43.66700000000746229, -2.599999999999990763, 16.50000000015655033 ) ) ;
#1858 = EDGE_LOOP ( 'NONE', ( #630, #1910, #2388, #2477 ) ) ;
#1859 = CARTESIAN_POINT ( 'NONE',  ( 44.91700000000736281, -3.850000000002042899, 10.50000000015643487 ) ) ;
#1860 = CARTESIAN_POINT ( 'NONE',  ( -3.394556213699393421, 2.698206845674608445, -12.99455621370251102 ) ) ;
#1861 = ORIENTED_EDGE ( 'NONE', *, *, #148, .T. ) ;
#1862 = DIRECTION ( 'NONE',  ( 1.000000000000000000, 0.000000000000000000, -0.000000000000000000 ) ) ;
#1863 = CARTESIAN_POINT ( 'NONE',  ( 45.91700000000749071, -1.799999999999996048, 16.50000000015655033 ) ) ;
#1864 = LINE ( 'NONE', #1621, #1571 ) ;
#1865 = LINE ( 'NONE', #2509, #1315 ) ;
#1866 = DIRECTION ( 'NONE',  ( -0.7071067811865479058, 0.7071067811865472397, 8.774681999009502710E-17 ) ) ;
#1867 = CARTESIAN_POINT ( 'NONE',  ( 45.70486796565158016, -2.637867965644453250, 16.50000000015655033 ) ) ;
#1868 = EDGE_CURVE ( 'NONE', #2557, #1099, #2565, .T. ) ;
#1869 = LINE ( 'NONE', #2295, #1541 ) ;
#1870 = CONICAL_SURFACE ( 'NONE', #2305, 2.099999999999994316, 0.7853981633974418397 ) ;
#1871 = ADVANCED_FACE ( 'NONE', ( #2394 ), #1752, .T. ) ;
#1872 = DIRECTION ( 'NONE',  ( 0.000000000000000000, 0.000000000000000000, -1.000000000000000000 ) ) ;
#1873 = VECTOR ( 'NONE', #2280, 1000.000000000000000 ) ;
#1874 = FACE_OUTER_BOUND ( 'NONE', #15, .T. ) ;
#1875 = AXIS2_PLACEMENT_3D ( 'NONE', #2380, #2199, #2407 ) ;
#1876 = CIRCLE ( 'NONE', #1985, 3.299999999999988720 ) ;
#1877 = EDGE_LOOP ( 'NONE', ( #1548, #1470, #1052, #2286 ) ) ;
#1878 = DIRECTION ( 'NONE',  ( -0.000000000000000000, -1.000000000000000000, 2.568466037843053262E-13 ) ) ;
#1879 = VERTEX_POINT ( 'NONE', #2123 ) ;
#1880 = ORIENTED_EDGE ( 'NONE', *, *, #2049, .T. ) ;
#1881 = EDGE_CURVE ( 'NONE', #1029, #2559, #842, .T. ) ;
#1882 = ORIENTED_EDGE ( 'NONE', *, *, #1318, .F. ) ;
#1883 = CARTESIAN_POINT ( 'NONE',  ( 43.66700000000746940, 3.350000000000005862, 16.50000000015655033 ) ) ;
#1884 = ADVANCED_FACE ( 'NONE', ( #610 ), #1979, .T. ) ;
#1885 = ORIENTED_EDGE ( 'NONE', *, *, #51, .F. ) ;
#1886 = ORIENTED_EDGE ( 'NONE', *, *, #628, .F. ) ;
#1887 = PLANE ( 'NONE',  #1696 ) ;
#1888 = EDGE_LOOP ( 'NONE', ( #2150, #2001, #900, #383 ) ) ;
#1889 = CARTESIAN_POINT ( 'NONE',  ( 44.11700000000744382, -2.599999999999990763, 14.70000000015654962 ) ) ;
#1890 = AXIS2_PLACEMENT_3D ( 'NONE', #62, #280, #290 ) ;
#1891 = DIRECTION ( 'NONE',  ( 0.000000000000000000, 0.000000000000000000, 1.000000000000000000 ) ) ;
#1892 = CARTESIAN_POINT ( 'NONE',  ( -1.699999999999999956, 2.081899558550500280E-16, 9.500000000156553881 ) ) ;
#1893 = LINE ( 'NONE', #76, #1732 ) ;
#1894 = VECTOR ( 'NONE', #799, 1000.000000000000000 ) ;
#1895 = DIRECTION ( 'NONE',  ( -0.7071067811865472397, 0.7071067811865479058, 0.000000000000000000 ) ) ;
#1896 = LINE ( 'NONE', #606, #61 ) ;
#1897 = CARTESIAN_POINT ( 'NONE',  ( 0.000000000000000000, 0.000000000000000000, -14.48528137423857309 ) ) ;
#1898 = EDGE_CURVE ( 'NONE', #540, #2480, #1628, .T. ) ;
#1899 = VECTOR ( 'NONE', #1966, 1000.000000000000000 ) ;
#1900 = CARTESIAN_POINT ( 'NONE',  ( 2.399999999999893774, -4.850000000004456524, 0.4000000000003059442 ) ) ;
#1901 = VECTOR ( 'NONE', #381, 1000.000000000000000 ) ;
#1902 = LINE ( 'NONE', #1071, #1844 ) ;
#1903 = DIRECTION ( 'NONE',  ( 4.625929269271678278E-14, -1.000000000000000000, 2.582810508676687270E-13 ) ) ;
#1904 = AXIS2_PLACEMENT_3D ( 'NONE', #1186, #2366, #2148 ) ;
#1905 = ORIENTED_EDGE ( 'NONE', *, *, #1019, .T. ) ;
#1906 = CARTESIAN_POINT ( 'NONE',  ( -2.700000000000002398, 3.490243377569918097E-16, 15.00000000000000178 ) ) ;
#1907 = CARTESIAN_POINT ( 'NONE',  ( 0.000000000000000000, 0.000000000000000000, 15.00000000000000178 ) ) ;
#1908 = DIRECTION ( 'NONE',  ( 8.597633485380222086E-16, 0.7071067811865466846, -0.7071067811865483499 ) ) ;
#1909 = ORIENTED_EDGE ( 'NONE', *, *, #1187, .T. ) ;
#1910 = ORIENTED_EDGE ( 'NONE', *, *, #394, .T. ) ;
#1911 = PLANE ( 'NONE',  #1641 ) ;
#1912 = VERTEX_POINT ( 'NONE', #1189 ) ;
#1913 = ORIENTED_EDGE ( 'NONE', *, *, #858, .F. ) ;
#1914 = PLANE ( 'NONE',  #1951 ) ;
#1915 = EDGE_CURVE ( 'NONE', #2508, #2563, #335, .T. ) ;
#1916 = ORIENTED_EDGE ( 'NONE', *, *, #923, .F. ) ;
#1917 = CARTESIAN_POINT ( 'NONE',  ( 15.21700000000746300, 2.600000000000044054, 16.20000000015655672 ) ) ;
#1918 = EDGE_LOOP ( 'NONE', ( #1624, #2449, #2506, #689 ) ) ;
#1919 = EDGE_CURVE ( 'NONE', #1307, #320, #1254, .T. ) ;
#1920 = ORIENTED_EDGE ( 'NONE', *, *, #1489, .F. ) ;
#1921 = AXIS2_PLACEMENT_3D ( 'NONE', #220, #402, #2184 ) ;
#1922 = VECTOR ( 'NONE', #2277, 1000.000000000000000 ) ;
#1923 = CARTESIAN_POINT ( 'NONE',  ( -9.999999999999996447, -2.850000000002108624, 9.500000000156060054 ) ) ;
#1924 = VECTOR ( 'NONE', #1262, 1000.000000000000000 ) ;
#1925 = DIRECTION ( 'NONE',  ( -1.000000000000000000, 0.000000000000000000, 0.000000000000000000 ) ) ;
#1926 = LINE ( 'NONE', #2496, #253 ) ;
#1927 = DIRECTION ( 'NONE',  ( -1.295090654469298014E-28, -2.568466037843053262E-13, -1.000000000000000000 ) ) ;
#1928 = ADVANCED_FACE ( 'NONE', ( #1197 ), #206, .T. ) ;
#1929 = COLOUR_RGB ( '',0.7921568627450980005, 0.8196078431372548767, 0.9333333333333333481 ) ;
#1930 = VECTOR ( 'NONE', #2301, 1000.000000000000000 ) ;
#1931 = EDGE_CURVE ( 'NONE', #408, #1532, #1534, .T. ) ;
#1932 = VECTOR ( 'NONE', #1660, 1000.000000000000000 ) ;
#1933 = CARTESIAN_POINT ( 'NONE',  ( 2.800000000000000266, 65.44147454200154357, 0.000000000000000000 ) ) ;
#1934 = AXIS2_PLACEMENT_3D ( 'NONE', #537, #135, #1539 ) ;
#1935 = ORIENTED_EDGE ( 'NONE', *, *, #286, .F. ) ;
#1936 = DIRECTION ( 'NONE',  ( 1.000000000000000000, -1.215888987933778743E-15, 0.000000000000000000 ) ) ;
#1937 = EDGE_LOOP ( 'NONE', ( #1183, #659, #2218, #2347 ) ) ;
#1938 = ORIENTED_EDGE ( 'NONE', *, *, #1980, .T. ) ;
#1939 = EDGE_LOOP ( 'NONE', ( #663, #1750, #378, #2039 ) ) ;
#1940 = CARTESIAN_POINT ( 'NONE',  ( 43.91700000000749782, 4.849999999998339639, 11.50000000015707613 ) ) ;
#1941 = ORIENTED_EDGE ( 'NONE', *, *, #2404, .F. ) ;
#1942 = ORIENTED_EDGE ( 'NONE', *, *, #2109, .T. ) ;
#1943 = CARTESIAN_POINT ( 'NONE',  ( -2.399999999999894218, -4.850000000004450307, 0.4000000000002070788 ) ) ;
#1944 = EDGE_CURVE ( 'NONE', #1827, #1346, #118, .T. ) ;
#1945 = VERTEX_POINT ( 'NONE', #1781 ) ;
#1946 = DIRECTION ( 'NONE',  ( -9.458429789485561503E-16, -0.7071067811867257635, -0.7071067811863692709 ) ) ;
#1947 = AXIS2_PLACEMENT_3D ( 'NONE', #1983, #978, #1181 ) ;
#1948 = ADVANCED_FACE ( 'NONE', ( #249 ), #185, .F. ) ;
#1949 = DIRECTION ( 'NONE',  ( -3.154042683564268203E-16, -2.568466037843052757E-13, -1.000000000000000000 ) ) ;
#1950 = VECTOR ( 'NONE', #694, 1000.000000000000114 ) ;
#1951 = AXIS2_PLACEMENT_3D ( 'NONE', #524, #142, #874 ) ;
#1952 = LINE ( 'NONE', #2002, #939 ) ;
#1953 = CIRCLE ( 'NONE', #365, 0.7499999999999937828 ) ;
#1954 = CARTESIAN_POINT ( 'NONE',  ( 43.66700000000746940, 2.600000000000009859, 16.50000000015655033 ) ) ;
#1955 = CARTESIAN_POINT ( 'NONE',  ( -3.898111886511956836, -5.052833914910368485, -9.502833914905757240 ) ) ;
#1956 = COLOUR_RGB ( '',0.7921568627450980005, 0.8196078431372548767, 0.9333333333333333481 ) ;
#1957 = LINE ( 'NONE', #1146, #493 ) ;
#1958 = VECTOR ( 'NONE', #331, 1000.000000000000114 ) ;
#1959 = VECTOR ( 'NONE', #1833, 1000.000000000000000 ) ;
#1960 = DIRECTION ( 'NONE',  ( 0.000000000000000000, 1.000000000000000000, 0.000000000000000000 ) ) ;
#1961 = ORIENTED_EDGE ( 'NONE', *, *, #685, .F. ) ;
#1962 = EDGE_CURVE ( 'NONE', #2151, #237, #1005, .T. ) ;
#1963 = CARTESIAN_POINT ( 'NONE',  ( 1.699999999999999956, 0.000000000000000000, -0.6000000000000004219 ) ) ;
#1964 = CARTESIAN_POINT ( 'NONE',  ( 15.66700000000746940, 3.050000000000010036, 14.70000000015510011 ) ) ;
#1965 = EDGE_LOOP ( 'NONE', ( #1273, #2185, #631, #1971 ) ) ;
#1966 = DIRECTION ( 'NONE',  ( 1.000000000000000000, -3.097720492815727042E-17, -1.240927428851029466E-16 ) ) ;
#1967 = ORIENTED_EDGE ( 'NONE', *, *, #1980, .F. ) ;
#1968 = ORIENTED_EDGE ( 'NONE', *, *, #1167, .F. ) ;
#1969 = DIRECTION ( 'NONE',  ( -1.000000000000000000, 1.337623968704080708E-15, 0.000000000000000000 ) ) ;
#1970 = ORIENTED_EDGE ( 'NONE', *, *, #1233, .T. ) ;
#1971 = ORIENTED_EDGE ( 'NONE', *, *, #268, .F. ) ;
#1972 = CARTESIAN_POINT ( 'NONE',  ( 0.000000000000000000, 0.000000000000000000, 15.00000000000000000 ) ) ;
#1973 = ORIENTED_EDGE ( 'NONE', *, *, #1801, .T. ) ;
#1974 = PLANE ( 'NONE',  #1493 ) ;
#1975 = APPLICATION_PROTOCOL_DEFINITION ( 'draft international standard', 'automotive_design', 1998, #1568 ) ;
#1976 = ORIENTED_EDGE ( 'NONE', *, *, #100, .F. ) ;
#1977 = ADVANCED_FACE ( 'NONE', ( #393 ), #83, .F. ) ;
#1978 = DIRECTION ( 'NONE',  ( -1.000000000000000000, 0.000000000000000000, 0.000000000000000000 ) ) ;
#1979 = PLANE ( 'NONE',  #1875 ) ;
#1980 = EDGE_CURVE ( 'NONE', #2316, #2560, #973, .T. ) ;
#1981 = CONICAL_SURFACE ( 'NONE', #569, 3.000000000000000444, 0.7853981633974401744 ) ;
#1982 = DIRECTION ( 'NONE',  ( -0.000000000000000000, -0.000000000000000000, 1.000000000000000000 ) ) ;
#1983 = CARTESIAN_POINT ( 'NONE',  ( 43.66700000000747650, 3.050000000000010036, 16.20000000015655317 ) ) ;
#1984 = DIRECTION ( 'NONE',  ( 0.000000000000000000, 1.000000000000000000, 0.000000000000000000 ) ) ;
#1985 = AXIS2_PLACEMENT_3D ( 'NONE', #212, #575, #2384 ) ;
#1986 = LINE ( 'NONE', #856, #519 ) ;
#1987 = DIRECTION ( 'NONE',  ( 0.000000000000000000, 0.000000000000000000, 1.000000000000000000 ) ) ;
#1988 = VECTOR ( 'NONE', #173, 1000.000000000000000 ) ;
#1989 = CARTESIAN_POINT ( 'NONE',  ( -8.000000000000003553, -4.450000000004244782, 0.000000000000000000 ) ) ;
#1990 = FACE_OUTER_BOUND ( 'NONE', #143, .T. ) ;
#1991 = ADVANCED_FACE ( 'NONE', ( #724 ), #424, .T. ) ;
#1992 = VECTOR ( 'NONE', #86, 1000.000000000000114 ) ;
#1993 = CARTESIAN_POINT ( 'NONE',  ( -2.399999999999804956, 4.849999999999218936, 14.70000000015461694 ) ) ;
#1994 = PLANE ( 'NONE',  #1446 ) ;
#1995 = VECTOR ( 'NONE', #1317, 1000.000000000000000 ) ;
#1996 = DIRECTION ( 'NONE',  ( -0.7071067811865476838, -0.7071067811865474617, 8.774681999009502710E-17 ) ) ;
#1997 = EDGE_CURVE ( 'NONE', #50, #2483, #1697, .T. ) ;
#1998 = ORIENTED_EDGE ( 'NONE', *, *, #1422, .F. ) ;
#1999 = CARTESIAN_POINT ( 'NONE',  ( 40.26289455852833044, 27.97857998347336306, 0.000000000000000000 ) ) ;
#2000 = EDGE_CURVE ( 'NONE', #2381, #1151, #2232, .T. ) ;
#2001 = ORIENTED_EDGE ( 'NONE', *, *, #717, .F. ) ;
#2002 = CARTESIAN_POINT ( 'NONE',  ( 0.2184035054097997752, -1.201669929727276820, -9.381596494592415070 ) ) ;
#2003 = CARTESIAN_POINT ( 'NONE',  ( 7.999999999999998224, -4.850000000004464518, 0.4000000000002751355 ) ) ;
#2004 = VERTEX_POINT ( 'NONE', #964 ) ;
#2005 = ORIENTED_EDGE ( 'NONE', *, *, #699, .F. ) ;
#2006 = ORIENTED_EDGE ( 'NONE', *, *, #254, .F. ) ;
#2007 = AXIS2_PLACEMENT_3D ( 'NONE', #2564, #2009, #25 ) ;
#2008 = ORIENTED_EDGE ( 'NONE', *, *, #2124, .F. ) ;
#2009 = DIRECTION ( 'NONE',  ( -0.7071067811865476838, -0.7071067811865473507, 1.818409997575865853E-13 ) ) ;
#2010 = ORIENTED_EDGE ( 'NONE', *, *, #2302, .F. ) ;
#2011 = DIRECTION ( 'NONE',  ( 1.000000000000000000, 0.000000000000000000, -1.295090654469298014E-28 ) ) ;
#2012 = PLANE ( 'NONE',  #614 ) ;
#2013 = CARTESIAN_POINT ( 'NONE',  ( 3.000000000000000444, 0.000000000000000000, 15.29999999999999716 ) ) ;
#2014 = DIRECTION ( 'NONE',  ( -8.774681999009524897E-17, 0.7071067811865454633, -0.7071067811865495711 ) ) ;
#2015 = CARTESIAN_POINT ( 'NONE',  ( -43.86289455852822528, 31.57857998347333250, 0.000000000000000000 ) ) ;
#2016 = EDGE_CURVE ( 'NONE', #1532, #1494, #1160, .T. ) ;
#2017 = FACE_OUTER_BOUND ( 'NONE', #1209, .T. ) ;
#2018 = CONICAL_SURFACE ( 'NONE', #1126, 3.000000000000000444, 0.7853981633974562726 ) ;
#2019 = CARTESIAN_POINT ( 'NONE',  ( -1.699999999999999956, 2.081899558550500280E-16, 9.500000000156553881 ) ) ;
#2020 = PLANE ( 'NONE',  #481 ) ;
#2021 = AXIS2_PLACEMENT_3D ( 'NONE', #1308, #1728, #1925 ) ;
#2022 = CYLINDRICAL_SURFACE ( 'NONE', #836, 1.699999999999999956 ) ;
#2023 = CARTESIAN_POINT ( 'NONE',  ( 45.91700000000749071, 1.499999999999999556, 16.50000000015655033 ) ) ;
#2024 = FACE_OUTER_BOUND ( 'NONE', #2298, .T. ) ;
#2025 = CARTESIAN_POINT ( 'NONE',  ( -7.834314575050585816, 4.449999999995448263, 0.000000000000000000 ) ) ;
#2026 = VECTOR ( 'NONE', #2339, 1000.000000000000000 ) ;
#2027 =( LENGTH_UNIT ( ) NAMED_UNIT ( * ) SI_UNIT ( .MILLI., .METRE. ) );
#2028 = DIRECTION ( 'NONE',  ( -1.000000000000000000, 1.215888987933778546E-15, -3.429832550493144699E-21 ) ) ;
#2029 = ORIENTED_EDGE ( 'NONE', *, *, #893, .T. ) ;
#2030 = DIRECTION ( 'NONE',  ( 0.000000000000000000, 1.000000000000000000, 0.000000000000000000 ) ) ;
#2031 = VERTEX_POINT ( 'NONE', #761 ) ;
#2032 = EDGE_CURVE ( 'NONE', #293, #2471, #1864, .T. ) ;
#2033 = PLANE ( 'NONE',  #2053 ) ;
#2034 = ORIENTED_EDGE ( 'NONE', *, *, #361, .F. ) ;
#2035 = ORIENTED_EDGE ( 'NONE', *, *, #1238, .F. ) ;
#2036 = ORIENTED_EDGE ( 'NONE', *, *, #2302, .T. ) ;
#2037 = AXIS2_PLACEMENT_3D ( 'NONE', #1159, #1790, #961 ) ;
#2038 = DIRECTION ( 'NONE',  ( 0.000000000000000000, -1.000000000000000000, 0.000000000000000000 ) ) ;
#2039 = ORIENTED_EDGE ( 'NONE', *, *, #2487, .F. ) ;
#2040 = EDGE_LOOP ( 'NONE', ( #2034, #1847, #996, #1426, #1118 ) ) ;
#2041 = ORIENTED_EDGE ( 'NONE', *, *, #2062, .T. ) ;
#2042 = ORIENTED_EDGE ( 'NONE', *, *, #1074, .F. ) ;
#2043 = VECTOR ( 'NONE', #1969, 1000.000000000000000 ) ;
#2044 = EDGE_CURVE ( 'NONE', #2157, #2250, #2131, .T. ) ;
#2045 = DIRECTION ( 'NONE',  ( 0.000000000000000000, 0.000000000000000000, 1.000000000000000000 ) ) ;
#2046 = LINE ( 'NONE', #1529, #2264 ) ;
#2047 = ADVANCED_FACE ( 'NONE', ( #1444 ), #23, .F. ) ;
#2048 = DIRECTION ( 'NONE',  ( -1.000000000000000000, 0.000000000000000000, 0.000000000000000000 ) ) ;
#2049 = EDGE_CURVE ( 'NONE', #1563, #408, #275, .T. ) ;
#2050 = VECTOR ( 'NONE', #687, 1000.000000000000114 ) ;
#2051 = DIRECTION ( 'NONE',  ( 0.2810846377147620534, 0.6785983445458593222, 0.6785983445458587671 ) ) ;
#2052 = DIRECTION ( 'NONE',  ( -0.000000000000000000, -0.000000000000000000, 1.000000000000000000 ) ) ;
#2053 = AXIS2_PLACEMENT_3D ( 'NONE', #2015, #2442, #1229 ) ;
#2054 = LINE ( 'NONE', #1263, #1992 ) ;
#2055 = LINE ( 'NONE', #902, #1236 ) ;
#2056 = CARTESIAN_POINT ( 'NONE',  ( -10.00100000000000300, -1.500000000000000444, 14.70000000015510011 ) ) ;
#2057 = ORIENTED_EDGE ( 'NONE', *, *, #1330, .T. ) ;
#2058 = DIRECTION ( 'NONE',  ( 0.000000000000000000, 0.000000000000000000, -1.000000000000000000 ) ) ;
#2059 = DIRECTION ( 'NONE',  ( -9.458429789483260001E-16, -0.7071067811865536790, -0.7071067811865413555 ) ) ;
#2060 = ADVANCED_FACE ( 'NONE', ( #666 ), #1981, .F. ) ;
#2061 = VERTEX_POINT ( 'NONE', #257 ) ;
#2062 = EDGE_CURVE ( 'NONE', #2193, #1565, #693, .T. ) ;
#2063 = EDGE_LOOP ( 'NONE', ( #2196, #2042, #450, #508 ) ) ;
#2064 = VERTEX_POINT ( 'NONE', #820 ) ;
#2065 = DIRECTION ( 'NONE',  ( -0.000000000000000000, 0.000000000000000000, -1.000000000000000000 ) ) ;
#2066 = ORIENTED_EDGE ( 'NONE', *, *, #1796, .T. ) ;
#2067 = AXIS2_PLACEMENT_3D ( 'NONE', #154, #1531, #2535 ) ;
#2068 = CARTESIAN_POINT ( 'NONE',  ( 10.83775093652771027, 11.70093679759939143, 7.250936797603952932 ) ) ;
#2069 = ORIENTED_EDGE ( 'NONE', *, *, #413, .T. ) ;
#2070 = FILL_AREA_STYLE ('',( #1034 ) ) ;
#2071 = ORIENTED_EDGE ( 'NONE', *, *, #1997, .T. ) ;
#2072 = ADVANCED_FACE ( 'NONE', ( #581 ), #1830, .F. ) ;
#2073 = VECTOR ( 'NONE', #395, 1000.000000000000000 ) ;
#2074 = FACE_OUTER_BOUND ( 'NONE', #2505, .T. ) ;
#2075 = DIRECTION ( 'NONE',  ( 8.597633485380222086E-16, 0.7071067811865466846, -0.7071067811865483499 ) ) ;
#2076 = EDGE_CURVE ( 'NONE', #2557, #1029, #1599, .T. ) ;
#2077 = LINE ( 'NONE', #327, #2050 ) ;
#2078 = DIRECTION ( 'NONE',  ( -0.000000000000000000, 1.000000000000000000, 0.000000000000000000 ) ) ;
#2079 = AXIS2_PLACEMENT_3D ( 'NONE', #557, #746, #204 ) ;
#2080 = VECTOR ( 'NONE', #1570, 1000.000000000000000 ) ;
#2081 = VECTOR ( 'NONE', #480, 1000.000000000000000 ) ;
#2082 = CARTESIAN_POINT ( 'NONE',  ( -9.999999999999994671, -2.850000000000310507, 16.50000000015604229 ) ) ;
#2083 = AXIS2_PLACEMENT_3D ( 'NONE', #225, #796, #1800 ) ;
#2084 = LINE ( 'NONE', #1955, #1141 ) ;
#2085 = ORIENTED_EDGE ( 'NONE', *, *, #580, .T. ) ;
#2086 = CARTESIAN_POINT ( 'NONE',  ( 43.91700000000749071, -2.850000000002673950, 9.500000000156553881 ) ) ;
#2087 = ORIENTED_EDGE ( 'NONE', *, *, #2137, .T. ) ;
#2088 = VERTEX_POINT ( 'NONE', #1421 ) ;
#2089 = CARTESIAN_POINT ( 'NONE',  ( -9.999999999999994671, 2.849999999999608846, 16.20000000015651409 ) ) ;
#2090 = VERTEX_POINT ( 'NONE', #69 ) ;
#2091 = DIRECTION ( 'NONE',  ( 0.000000000000000000, -1.000000000000000000, 8.673617379883981238E-16 ) ) ;
#2092 = ORIENTED_EDGE ( 'NONE', *, *, #1153, .F. ) ;
#2093 = VERTEX_POINT ( 'NONE', #2025 ) ;
#2094 = ORIENTED_EDGE ( 'NONE', *, *, #2279, .F. ) ;
#2095 = EDGE_CURVE ( 'NONE', #1244, #2147, #1102, .T. ) ;
#2096 = EDGE_LOOP ( 'NONE', ( #1474, #774, #2284, #1302 ) ) ;
#2097 = DIRECTION ( 'NONE',  ( 0.000000000000000000, -1.000000000000000000, 0.000000000000000000 ) ) ;
#2098 = AXIS2_PLACEMENT_3D ( 'NONE', #654, #1659, #676 ) ;
#2099 = DIRECTION ( 'NONE',  ( -0.7071067811865531239, 8.659560562355001884E-17, 0.7071067811865419106 ) ) ;
#2100 = DIRECTION ( 'NONE',  ( 0.000000000000000000, 0.7071067811865483499, 0.7071067811865466846 ) ) ;
#2101 = PLANE ( 'NONE',  #674 ) ;
#2102 = DIRECTION ( 'NONE',  ( -1.000000000000000000, 1.337623968704080708E-15, 0.000000000000000000 ) ) ;
#2103 = VECTOR ( 'NONE', #806, 1000.000000000000000 ) ;
#2104 = VECTOR ( 'NONE', #28, 1000.000000000000000 ) ;
#2105 = DIRECTION ( 'NONE',  ( 1.000000000000000000, 0.000000000000000000, 0.000000000000000000 ) ) ;
#2106 = VECTOR ( 'NONE', #502, 999.9999999999998863 ) ;
#2107 = DIRECTION ( 'NONE',  ( -0.7071067811866352804, 0.000000000000000000, 0.7071067811864598651 ) ) ;
#2108 = PRODUCT_DEFINITION_CONTEXT ( 'detailed design', #1000, 'design' ) ;
#2109 = EDGE_CURVE ( 'NONE', #453, #1029, #1509, .T. ) ;
#2110 = LINE ( 'NONE', #777, #2173 ) ;
#2111 = DIRECTION ( 'NONE',  ( 1.000000000000000000, -1.215888987933778743E-15, 0.000000000000000000 ) ) ;
#2112 = FACE_OUTER_BOUND ( 'NONE', #1157, .T. ) ;
#2113 = CARTESIAN_POINT ( 'NONE',  ( 0.000000000000000000, 0.000000000000000000, -1.000000000000000000 ) ) ;
#2114 = LINE ( 'NONE', #520, #624 ) ;
#2115 = CARTESIAN_POINT ( 'NONE',  ( 10.00000000000000178, 65.44147454200154357, 9.500000000156553881 ) ) ;
#2116 = ADVANCED_FACE ( 'NONE', ( #2201 ), #639, .F. ) ;
#2117 = DIRECTION ( 'NONE',  ( 0.7071067811865474617, -0.7071067811865476838, 0.000000000000000000 ) ) ;
#2118 = DIRECTION ( 'NONE',  ( 0.000000000000000000, 0.000000000000000000, 1.000000000000000000 ) ) ;
#2119 = ORIENTED_EDGE ( 'NONE', *, *, #893, .F. ) ;
#2120 = DIRECTION ( 'NONE',  ( 1.000000000000000000, 0.000000000000000000, -0.000000000000000000 ) ) ;
#2121 = ORIENTED_EDGE ( 'NONE', *, *, #1944, .F. ) ;
#2122 = ORIENTED_EDGE ( 'NONE', *, *, #594, .F. ) ;
#2123 = CARTESIAN_POINT ( 'NONE',  ( 45.91700000000749071, -1.500000000000000444, 16.20000000015655317 ) ) ;
#2124 = EDGE_CURVE ( 'NONE', #216, #174, #217, .T. ) ;
#2125 = ORIENTED_EDGE ( 'NONE', *, *, #1588, .F. ) ;
#2126 = ORIENTED_EDGE ( 'NONE', *, *, #685, .T. ) ;
#2127 = DIRECTION ( 'NONE',  ( 1.000000000000000000, -0.000000000000000000, -0.000000000000000000 ) ) ;
#2128 = EDGE_CURVE ( 'NONE', #540, #49, #2167, .T. ) ;
#2129 = ORIENTED_EDGE ( 'NONE', *, *, #1249, .F. ) ;
#2130 = AXIS2_PLACEMENT_3D ( 'NONE', #1999, #2179, #232 ) ;
#2131 = LINE ( 'NONE', #2225, #1799 ) ;
#2132 = CARTESIAN_POINT ( 'NONE',  ( -7.999999999999952927, 4.849999999999650591, 16.20000000015651409 ) ) ;
#2133 = VECTOR ( 'NONE', #2058, 1000.000000000000000 ) ;
#2134 = DIRECTION ( 'NONE',  ( 0.7071067811865475727, 0.000000000000000000, -0.7071067811865475727 ) ) ;
#2135 = PLANE ( 'NONE',  #398 ) ;
#2136 = FACE_OUTER_BOUND ( 'NONE', #471, .T. ) ;
#2137 = EDGE_CURVE ( 'NONE', #1123, #176, #2262, .T. ) ;
#2138 = LINE ( 'NONE', #1828, #1045 ) ;
#2139 = CARTESIAN_POINT ( 'NONE',  ( -25.17857998347769310, 37.46289455852386396, 0.000000000000000000 ) ) ;
#2140 = LINE ( 'NONE', #1708, #1081 ) ;
#2141 = LINE ( 'NONE', #1174, #1901 ) ;
#2142 = ADVANCED_FACE ( 'NONE', ( #1662 ), #2033, .T. ) ;
#2143 = EDGE_CURVE ( 'NONE', #1223, #2245, #780, .T. ) ;
#2144 = DIRECTION ( 'NONE',  ( -0.000000000000000000, -0.000000000000000000, -1.000000000000000000 ) ) ;
#2145 = FACE_OUTER_BOUND ( 'NONE', #601, .T. ) ;
#2146 = MECHANICAL_DESIGN_GEOMETRIC_PRESENTATION_REPRESENTATION (  '', ( #1241 ), #1078 ) ;
#2147 = VERTEX_POINT ( 'NONE', #82 ) ;
#2148 = DIRECTION ( 'NONE',  ( -0.7071067811865474617, 0.7071067811865476838, 8.774681999009499013E-17 ) ) ;
#2149 = EDGE_LOOP ( 'NONE', ( #1088, #2453, #1615, #416 ) ) ;
#2150 = ORIENTED_EDGE ( 'NONE', *, *, #321, .T. ) ;
#2151 = VERTEX_POINT ( 'NONE', #1656 ) ;
#2152 = DIRECTION ( 'NONE',  ( -1.240927428851029466E-16, 0.000000000000000000, -1.000000000000000000 ) ) ;
#2153 = ORIENTED_EDGE ( 'NONE', *, *, #512, .F. ) ;
#2154 = CARTESIAN_POINT ( 'NONE',  ( -10.00000000000003375, -2.850000000000349143, 16.20000000015661712 ) ) ;
#2155 = ORIENTED_EDGE ( 'NONE', *, *, #2518, .T. ) ;
#2156 = DIRECTION ( 'NONE',  ( -4.336808689942018229E-16, -2.568466037843052757E-13, -1.000000000000000000 ) ) ;
#2157 = VERTEX_POINT ( 'NONE', #2238 ) ;
#2158 = ADVANCED_FACE ( 'NONE', ( #548 ), #672, .F. ) ;
#2159 = DIRECTION ( 'NONE',  ( -0.7071067811865473507, 0.7071067811865476838, -1.813949507636466412E-13 ) ) ;
#2160 = ORIENTED_EDGE ( 'NONE', *, *, #33, .F. ) ;
#2161 = DIRECTION ( 'NONE',  ( 0.7071067811865479058, -0.7071067811865472397, -8.774681999009502710E-17 ) ) ;
#2162 = EDGE_CURVE ( 'NONE', #1299, #1457, #2459, .T. ) ;
#2163 = ORIENTED_EDGE ( 'NONE', *, *, #2440, .F. ) ;
#2164 = CARTESIAN_POINT ( 'NONE',  ( 0.000000000000000000, 0.000000000000000000, 16.20000000015656028 ) ) ;
#2165 = AXIS2_PLACEMENT_3D ( 'NONE', #584, #1987, #1978 ) ;
#2166 = EDGE_LOOP ( 'NONE', ( #1691, #810, #1967, #202 ) ) ;
#2167 = LINE ( 'NONE', #1627, #58 ) ;
#2168 = LINE ( 'NONE', #389, #729 ) ;
#2169 = ADVANCED_FACE ( 'NONE', ( #903, #517 ), #1056, .F. ) ;
#2170 = LINE ( 'NONE', #718, #2433 ) ;
#2171 = DIRECTION ( 'NONE',  ( 0.000000000000000000, -0.000000000000000000, 1.000000000000000000 ) ) ;
#2172 = DIRECTION ( 'NONE',  ( -1.000000000000000000, -5.782411586589570237E-15, 0.000000000000000000 ) ) ;
#2173 = VECTOR ( 'NONE', #1386, 1000.000000000000000 ) ;
#2174 = DIRECTION ( 'NONE',  ( 0.000000000000000000, 0.7071067811865474617, -0.7071067811865474617 ) ) ;
#2175 = VECTOR ( 'NONE', #1747, 1000.000000000000000 ) ;
#2176 = DIRECTION ( 'NONE',  ( 0.000000000000000000, -2.568466037843052757E-13, -1.000000000000000000 ) ) ;
#2177 = EDGE_CURVE ( 'NONE', #320, #2424, #196, .T. ) ;
#2178 = VECTOR ( 'NONE', #638, 1000.000000000000114 ) ;
#2179 = DIRECTION ( 'NONE',  ( 0.5000000000001172396, -0.5000000000001152411, -0.7071067811863832597 ) ) ;
#2180 = LINE ( 'NONE', #1124, #2527 ) ;
#2181 = EDGE_CURVE ( 'NONE', #1556, #1780, #589, .T. ) ;
#2182 = CARTESIAN_POINT ( 'NONE',  ( 45.91700000000749071, 2.849999999998728661, 11.50000000015655388 ) ) ;
#2183 = CARTESIAN_POINT ( 'NONE',  ( 43.91700000000749071, 2.849999999997812949, 9.500000000156553881 ) ) ;
#2184 = DIRECTION ( 'NONE',  ( -1.000000000000000000, 0.000000000000000000, 0.000000000000000000 ) ) ;
#2185 = ORIENTED_EDGE ( 'NONE', *, *, #1779, .T. ) ;
#2186 = AXIS2_PLACEMENT_3D ( 'NONE', #101, #2065, #847 ) ;
#2187 = ADVANCED_FACE ( 'NONE', ( #1382 ), #1253, .T. ) ;
#2188 = EDGE_LOOP ( 'NONE', ( #889, #1188, #2324, #1095 ) ) ;
#2189 = DIRECTION ( 'NONE',  ( 0.000000000000000000, -1.000000000000000000, 2.582810508676602451E-13 ) ) ;
#2190 = ORIENTED_EDGE ( 'NONE', *, *, #1588, .T. ) ;
#2191 = ORIENTED_EDGE ( 'NONE', *, *, #496, .T. ) ;
#2192 = CARTESIAN_POINT ( 'NONE',  ( 43.66700000000746940, 3.350000000000005862, 16.50000000015655033 ) ) ;
#2193 = VERTEX_POINT ( 'NONE', #1458 ) ;
#2194 =( LENGTH_UNIT ( ) NAMED_UNIT ( * ) SI_UNIT ( .MILLI., .METRE. ) );
#2195 = EDGE_CURVE ( 'NONE', #1879, #216, #1538, .T. ) ;
#2196 = ORIENTED_EDGE ( 'NONE', *, *, #1053, .F. ) ;
#2197 = DIRECTION ( 'NONE',  ( -1.000000000000000000, 0.000000000000000000, 0.000000000000000000 ) ) ;
#2198 = ORIENTED_EDGE ( 'NONE', *, *, #169, .T. ) ;
#2199 = DIRECTION ( 'NONE',  ( 0.7071067811865477948, 0.7071067811865472397, -1.817470947062298723E-13 ) ) ;
#2200 = EDGE_CURVE ( 'NONE', #1616, #1559, #1353, .T. ) ;
#2201 = FACE_OUTER_BOUND ( 'NONE', #1067, .T. ) ;
#2202 = CARTESIAN_POINT ( 'NONE',  ( -3.000000000000000444, 3.673940397442060361E-16, -14.48528137423857309 ) ) ;
#2203 = VECTOR ( 'NONE', #2369, 1000.000000000000114 ) ;
#2204 = DIRECTION ( 'NONE',  ( 0.000000000000000000, -1.000000000000000000, 0.000000000000000000 ) ) ;
#2205 = FACE_OUTER_BOUND ( 'NONE', #1219, .T. ) ;
#2206 = DIRECTION ( 'NONE',  ( -3.154042683564268203E-16, -2.568466037843052757E-13, -1.000000000000000000 ) ) ;
#2207 = CARTESIAN_POINT ( 'NONE',  ( 54.85158838854936647, -6.550827684757599911, 7.265411611614681853 ) ) ;
#2208 = FACE_OUTER_BOUND ( 'NONE', #744, .T. ) ;
#2209 = DIRECTION ( 'NONE',  ( 4.484155085839413631E-44, -2.568466037843052757E-13, -1.000000000000000000 ) ) ;
#2210 =( NAMED_UNIT ( * ) SI_UNIT ( $, .STERADIAN. ) SOLID_ANGLE_UNIT ( ) );
#2211 = LINE ( 'NONE', #1805, #35 ) ;
#2212 = LINE ( 'NONE', #401, #1234 ) ;
#2213 = CARTESIAN_POINT ( 'NONE',  ( 0.000000000000000000, 0.000000000000000000, 15.00000000000000178 ) ) ;
#2214 = EDGE_CURVE ( 'NONE', #351, #2093, #1834, .T. ) ;
#2215 = FACE_OUTER_BOUND ( 'NONE', #772, .T. ) ;
#2216 = ORIENTED_EDGE ( 'NONE', *, *, #660, .F. ) ;
#2217 = CARTESIAN_POINT ( 'NONE',  ( -9.999999999999994671, -2.850000000000310507, 16.50000000017409718 ) ) ;
#2218 = ORIENTED_EDGE ( 'NONE', *, *, #980, .F. ) ;
#2219 = ORIENTED_EDGE ( 'NONE', *, *, #1459, .T. ) ;
#2220 = ORIENTED_EDGE ( 'NONE', *, *, #2137, .F. ) ;
#2221 = AXIS2_PLACEMENT_3D ( 'NONE', #612, #197, #412 ) ;
#2222 = DIRECTION ( 'NONE',  ( -1.000000000000000000, 0.000000000000000000, 0.000000000000000000 ) ) ;
#2223 = ORIENTED_EDGE ( 'NONE', *, *, #912, .T. ) ;
#2224 = ORIENTED_EDGE ( 'NONE', *, *, #1523, .F. ) ;
#2225 = CARTESIAN_POINT ( 'NONE',  ( 10.00000000000000000, 4.849999999998381384, 11.50000000015707613 ) ) ;
#2226 = EDGE_LOOP ( 'NONE', ( #1331, #1211, #1215, #138 ) ) ;
#2227 = PLANE ( 'NONE',  #549 ) ;
#2228 = CARTESIAN_POINT ( 'NONE',  ( 45.61700000000750066, 1.799999999999996048, 16.50000000015655033 ) ) ;
#2229 = ORIENTED_EDGE ( 'NONE', *, *, #2543, .T. ) ;
#2230 = CARTESIAN_POINT ( 'NONE',  ( 2.799999999999999822, -4.450000000004609824, -1.000000000000102585 ) ) ;
#2231 = EDGE_CURVE ( 'NONE', #1851, #1123, #1420, .T. ) ;
#2232 = CIRCLE ( 'NONE', #1140, 2.099999999999994316 ) ;
#2233 = PRESENTATION_STYLE_ASSIGNMENT (( #1424 ) ) ;
#2234 = CARTESIAN_POINT ( 'NONE',  ( 45.91700000000749071, 65.44147454200154357, 16.20000000015655317 ) ) ;
#2235 = CIRCLE ( 'NONE', #103, 1.699999999999999956 ) ;
#2236 = CARTESIAN_POINT ( 'NONE',  ( -7.999999999999992895, 4.549999999999620570, 16.50000000015655743 ) ) ;
#2237 = FACE_OUTER_BOUND ( 'NONE', #795, .T. ) ;
#2238 = CARTESIAN_POINT ( 'NONE',  ( 43.91700000000749071, 4.849999999998339639, 11.50000000015707613 ) ) ;
#2239 = FACE_OUTER_BOUND ( 'NONE', #352, .T. ) ;
#2240 = CARTESIAN_POINT ( 'NONE',  ( -2.399999999999798739, 4.849999999995545430, 0.4000000000001020517 ) ) ;
#2241 = CARTESIAN_POINT ( 'NONE',  ( 0.000000000000000000, 0.000000000000000000, -14.48528137423857309 ) ) ;
#2242 = ADVANCED_FACE ( 'NONE', ( #792 ), #587, .F. ) ;
#2243 = VECTOR ( 'NONE', #539, 1000.000000000000114 ) ;
#2244 = PLANE ( 'NONE',  #21 ) ;
#2245 = VERTEX_POINT ( 'NONE', #1889 ) ;
#2246 = EDGE_CURVE ( 'NONE', #2147, #1307, #1324, .T. ) ;
#2247 = EDGE_LOOP ( 'NONE', ( #633, #1861, #568, #2155, #1460, #2223, #1372, #2216 ) ) ;
#2248 = AXIS2_PLACEMENT_3D ( 'NONE', #1907, #2502, #2091 ) ;
#2249 = DIRECTION ( 'NONE',  ( -0.5773502691896246208, 0.5773502691896279515, 0.5773502691896246208 ) ) ;
#2250 = VERTEX_POINT ( 'NONE', #1287 ) ;
#2251 = DIRECTION ( 'NONE',  ( -0.5773502691895272543, -0.5773502691896753580, -0.5773502691896745809 ) ) ;
#2252 = EDGE_LOOP ( 'NONE', ( #296, #1722, #1787, #1303, #1620 ) ) ;
#2253 = DIRECTION ( 'NONE',  ( 0.000000000000000000, 0.000000000000000000, 1.000000000000000000 ) ) ;
#2254 = STYLED_ITEM ( 'NONE', ( #492 ), #2265 ) ;
#2255 = EDGE_LOOP ( 'NONE', ( #1467, #959 ) ) ;
#2256 = CARTESIAN_POINT ( 'NONE',  ( 3.000000000000000444, 0.000000000000000000, 15.29999999999999716 ) ) ;
#2257 = ORIENTED_EDGE ( 'NONE', *, *, #1454, .T. ) ;
#2258 = CARTESIAN_POINT ( 'NONE',  ( -8.000000000000003553, -4.850000000004546230, -6.308085367108898700E-16 ) ) ;
#2259 = ORIENTED_EDGE ( 'NONE', *, *, #1134, .T. ) ;
#2260 = CARTESIAN_POINT ( 'NONE',  ( 44.11700000000746513, 2.600000000000010303, 14.70000000015521380 ) ) ;
#2261 = DIRECTION ( 'NONE',  ( -0.000000000000000000, -0.000000000000000000, 1.000000000000000000 ) ) ;
#2262 = LINE ( 'NONE', #1863, #2103 ) ;
#2263 = EDGE_CURVE ( 'NONE', #330, #925, #2371, .T. ) ;
#2264 = VECTOR ( 'NONE', #1936, 1000.000000000000000 ) ;
#2265 = ADVANCED_BREP_SHAPE_REPRESENTATION ( 'nozzle-brush-mount.STL', ( #1522, #974, #1345 ), #2395 ) ;
#2266 = DIRECTION ( 'NONE',  ( 0.7071067811865476838, 0.7071067811865474617, 0.000000000000000000 ) ) ;
#2267 = EDGE_CURVE ( 'NONE', #1945, #351, #1169, .T. ) ;
#2268 = CONICAL_SURFACE ( 'NONE', #702, 2.000000000000008882, 0.7853981633974485010 ) ;
#2269 = PLANE ( 'NONE',  #337 ) ;
#2270 = ADVANCED_FACE ( 'NONE', ( #495 ), #2287, .F. ) ;
#2271 = AXIS2_PLACEMENT_3D ( 'NONE', #1857, #643, #242 ) ;
#2272 = SHAPE_DEFINITION_REPRESENTATION ( #484, #2265 ) ;
#2273 = LINE ( 'NONE', #840, #1391 ) ;
#2274 = DIRECTION ( 'NONE',  ( -0.000000000000000000, -0.000000000000000000, 1.000000000000000000 ) ) ;
#2275 = FACE_OUTER_BOUND ( 'NONE', #447, .T. ) ;
#2276 = VECTOR ( 'NONE', #815, 1000.000000000000000 ) ;
#2277 = DIRECTION ( 'NONE',  ( 1.000000000000000000, -1.337623968704080708E-15, 0.000000000000000000 ) ) ;
#2278 = CARTESIAN_POINT ( 'NONE',  ( 45.91700000000749071, -1.500000000000000444, 16.50000000015655033 ) ) ;
#2279 = EDGE_CURVE ( 'NONE', #1244, #453, #943, .T. ) ;
#2280 = DIRECTION ( 'NONE',  ( -1.000000000000000000, 1.337623968704112657E-15, 1.240927428851029466E-16 ) ) ;
#2281 = ORIENTED_EDGE ( 'NONE', *, *, #594, .T. ) ;
#2282 = PLANE ( 'NONE',  #452 ) ;
#2283 = EDGE_CURVE ( 'NONE', #1223, #2387, #1360, .T. ) ;
#2284 = ORIENTED_EDGE ( 'NONE', *, *, #2532, .F. ) ;
#2285 = ORIENTED_EDGE ( 'NONE', *, *, #1710, .F. ) ;
#2286 = ORIENTED_EDGE ( 'NONE', *, *, #2095, .F. ) ;
#2287 = PLANE ( 'NONE',  #1498 ) ;
#2288 = ORIENTED_EDGE ( 'NONE', *, *, #1314, .F. ) ;
#2289 = ORIENTED_EDGE ( 'NONE', *, *, #1919, .T. ) ;
#2290 = AXIS2_PLACEMENT_3D ( 'NONE', #752, #2134, #164 ) ;
#2291 = CARTESIAN_POINT ( 'NONE',  ( 15.66700000000745696, -3.049999999999950528, 16.20000000015655672 ) ) ;
#2292 = DIRECTION ( 'NONE',  ( 1.000000000000000000, -1.337623968704080905E-15, 9.860761315260113188E-32 ) ) ;
#2293 = EDGE_LOOP ( 'NONE', ( #415, #74, #1190, #887 ) ) ;
#2294 = PRESENTATION_LAYER_ASSIGNMENT (  '', '', ( #2254 ) ) ;
#2295 = CARTESIAN_POINT ( 'NONE',  ( -2.800000000000000266, 65.44147454200154357, 0.000000000000000000 ) ) ;
#2296 = ORIENTED_EDGE ( 'NONE', *, *, #875, .T. ) ;
#2297 = DIRECTION ( 'NONE',  ( 0.4999999999999636402, -0.4999999999999625855, 0.7071067811865998642 ) ) ;
#2298 = EDGE_LOOP ( 'NONE', ( #2057, #418, #1495, #323 ) ) ;
#2299 = VECTOR ( 'NONE', #1048, 1000.000000000000000 ) ;
#2300 = DIRECTION ( 'NONE',  ( 0.000000000000000000, -1.000000000000000000, 0.000000000000000000 ) ) ;
#2301 = DIRECTION ( 'NONE',  ( 0.000000000000000000, -0.7071067811865485719, -0.7071067811865465735 ) ) ;
#2302 = EDGE_CURVE ( 'NONE', #134, #655, #315, .T. ) ;
#2303 = CARTESIAN_POINT ( 'NONE',  ( 2.399999999999893330, -4.850000000004714096, -0.5999999999997919220 ) ) ;
#2304 = VECTOR ( 'NONE', #2111, 1000.000000000000000 ) ;
#2305 = AXIS2_PLACEMENT_3D ( 'NONE', #1016, #1196, #2197 ) ;
#2306 = LINE ( 'NONE', #620, #1605 ) ;
#2307 = VECTOR ( 'NONE', #2400, 1000.000000000000000 ) ;
#2308 = CARTESIAN_POINT ( 'NONE',  ( -9.999999999999994671, 65.44147454200154357, 16.50000000015655743 ) ) ;
#2309 = PRODUCT_RELATED_PRODUCT_CATEGORY ( 'part', '', ( #531 ) ) ;
#2310 = LINE ( 'NONE', #419, #1811 ) ;
#2311 = CARTESIAN_POINT ( 'NONE',  ( 45.91700000000749071, 2.849999999997810285, 9.500000000156553881 ) ) ;
#2312 = EDGE_LOOP ( 'NONE', ( #2530, #300, #960, #1096 ) ) ;
#2313 = DIRECTION ( 'NONE',  ( 4.336808689942018229E-16, -2.568466037843052757E-13, -1.000000000000000000 ) ) ;
#2314 = CARTESIAN_POINT ( 'NONE',  ( -10.00000000000000000, 65.44147454200154357, 0.000000000000000000 ) ) ;
#2315 = ORIENTED_EDGE ( 'NONE', *, *, #912, .F. ) ;
#2316 = VERTEX_POINT ( 'NONE', #139 ) ;
#2317 = DIRECTION ( 'NONE',  ( 3.154042683564267710E-16, 2.568466037843052757E-13, 1.000000000000000000 ) ) ;
#2318 = EDGE_CURVE ( 'NONE', #267, #2193, #163, .T. ) ;
#2319 = EDGE_LOOP ( 'NONE', ( #104, #1364, #1885, #949 ) ) ;
#2320 = CARTESIAN_POINT ( 'NONE',  ( -9.999999999999994671, 65.44147454200154357, 16.50000000015655743 ) ) ;
#2321 = ORIENTED_EDGE ( 'NONE', *, *, #2044, .T. ) ;
#2322 = DIRECTION ( 'NONE',  ( -1.000000000000000000, 1.215888987933778743E-15, 1.790891504606669774E-44 ) ) ;
#2323 = AXIS2_PLACEMENT_3D ( 'NONE', #59, #1853, #1445 ) ;
#2324 = ORIENTED_EDGE ( 'NONE', *, *, #580, .F. ) ;
#2325 = DIRECTION ( 'NONE',  ( -1.096510116570004899E-16, -0.7071067811865459074, -0.7071067811865492381 ) ) ;
#2326 = ADVANCED_FACE ( 'NONE', ( #1772 ), #1100, .F. ) ;
#2327 = ORIENTED_EDGE ( 'NONE', *, *, #1592, .T. ) ;
#2328 = VERTEX_POINT ( 'NONE', #130 ) ;
#2329 = CARTESIAN_POINT ( 'NONE',  ( 0.000000000000000000, 0.000000000000000000, -0.6000000000000004219 ) ) ;
#2330 = DIRECTION ( 'NONE',  ( 0.000000000000000000, 0.000000000000000000, 1.000000000000000000 ) ) ;
#2331 = VECTOR ( 'NONE', #407, 1000.000000000000000 ) ;
#2332 = CARTESIAN_POINT ( 'NONE',  ( 45.91700000000749071, 65.44147454200154357, 11.50000000015655388 ) ) ;
#2333 = LINE ( 'NONE', #715, #812 ) ;
#2334 = EDGE_CURVE ( 'NONE', #1125, #1029, #256, .T. ) ;
#2335 = DIRECTION ( 'NONE',  ( -1.240927428851029466E-16, 0.000000000000000000, -1.000000000000000000 ) ) ;
#2336 = EDGE_CURVE ( 'NONE', #1125, #1145, #435, .T. ) ;
#2337 = FACE_OUTER_BOUND ( 'NONE', #2040, .T. ) ;
#2338 = CARTESIAN_POINT ( 'NONE',  ( -7.999999999999954703, -4.850000000004491163, 0.4000000000001796008 ) ) ;
#2339 = DIRECTION ( 'NONE',  ( 1.000000000000000000, -1.337623968704080708E-15, -4.484155085839413631E-44 ) ) ;
#2340 = VECTOR ( 'NONE', #2251, 1000.000000000000114 ) ;
#2341 = PLANE ( 'NONE',  #869 ) ;
#2342 = VECTOR ( 'NONE', #2156, 1000.000000000000000 ) ;
#2343 = VECTOR ( 'NONE', #2399, 1000.000000000000000 ) ;
#2344 = CARTESIAN_POINT ( 'NONE',  ( 14.91700000000746584, 65.44147454200154357, 16.50000000015655388 ) ) ;
#2345 = ORIENTED_EDGE ( 'NONE', *, *, #2128, .T. ) ;
#2346 = CARTESIAN_POINT ( 'NONE',  ( 43.91700000000749071, -4.850000000000454392, 16.20000000015663133 ) ) ;
#2347 = ORIENTED_EDGE ( 'NONE', *, *, #1694, .F. ) ;
#2348 = ADVANCED_FACE ( 'NONE', ( #194 ), #541, .F. ) ;
#2349 = ORIENTED_EDGE ( 'NONE', *, *, #1104, .T. ) ;
#2350 = EDGE_LOOP ( 'NONE', ( #1194, #534 ) ) ;
#2351 = EDGE_LOOP ( 'NONE', ( #1148, #109, #1784, #1023 ) ) ;
#2352 = EDGE_CURVE ( 'NONE', #1429, #1655, #1706, .T. ) ;
#2353 = ORIENTED_EDGE ( 'NONE', *, *, #2334, .T. ) ;
#2354 = ORIENTED_EDGE ( 'NONE', *, *, #1285, .T. ) ;
#2355 = CARTESIAN_POINT ( 'NONE',  ( 43.79273593129557440, -4.550000000000467892, 16.50000000015655033 ) ) ;
#2356 = ORIENTED_EDGE ( 'NONE', *, *, #1472, .F. ) ;
#2357 = CARTESIAN_POINT ( 'NONE',  ( 7.834314575050736806, -4.450000000004360245, 0.000000000000000000 ) ) ;
#2358 = ORIENTED_EDGE ( 'NONE', *, *, #875, .F. ) ;
#2359 = CARTESIAN_POINT ( 'NONE',  ( 43.91700000000749071, -4.550000000000467892, 16.50000000015655033 ) ) ;
#2360 = AXIS2_PLACEMENT_3D ( 'NONE', #91, #113, #1872 ) ;
#2361 = DIRECTION ( 'NONE',  ( -1.337623968704080905E-15, -1.000000000000000000, 2.568466037843052757E-13 ) ) ;
#2362 = ADVANCED_FACE ( 'NONE', ( #2237 ), #2341, .T. ) ;
#2363 = LINE ( 'NONE', #308, #1198 ) ;
#2364 = VECTOR ( 'NONE', #814, 1000.000000000000000 ) ;
#2365 = CARTESIAN_POINT ( 'NONE',  ( 44.41700000000745518, 1.799999999999996048, 16.50000000015655033 ) ) ;
#2366 = DIRECTION ( 'NONE',  ( -0.4999999999999473199, -0.4999999999999472644, 0.7071067811866220687 ) ) ;
#2367 = EDGE_CURVE ( 'NONE', #2245, #293, #2497, .T. ) ;
#2368 = LINE ( 'NONE', #1292, #2106 ) ;
#2369 = DIRECTION ( 'NONE',  ( 0.5773502691896246208, 0.5773502691894786265, -0.5773502691897739458 ) ) ;
#2370 = LINE ( 'NONE', #640, #1111 ) ;
#2371 = LINE ( 'NONE', #679, #698 ) ;
#2372 = EDGE_CURVE ( 'NONE', #1346, #351, #759, .T. ) ;
#2373 = CARTESIAN_POINT ( 'NONE',  ( -10.00100000000000300, 1.499999999999999556, 16.50000000015655033 ) ) ;
#2374 = VECTOR ( 'NONE', #2102, 1000.000000000000000 ) ;
#2375 = CARTESIAN_POINT ( 'NONE',  ( 15.21700000000746300, 2.600000000007630430, 14.70000000015521735 ) ) ;
#2376 = AXIS2_PLACEMENT_3D ( 'NONE', #276, #1663, #1044 ) ;
#2377 = ORIENTED_EDGE ( 'NONE', *, *, #1053, .T. ) ;
#2378 = CARTESIAN_POINT ( 'NONE',  ( -7.999999999999992895, 4.849999999999225153, 14.70000000015465424 ) ) ;
#2379 = ORIENTED_EDGE ( 'NONE', *, *, #1104, .F. ) ;
#2380 = CARTESIAN_POINT ( 'NONE',  ( 8.000000000000000000, 4.849999999999205613, 14.70000000015464536 ) ) ;
#2381 = VERTEX_POINT ( 'NONE', #322 ) ;
#2382 = ORIENTED_EDGE ( 'NONE', *, *, #731, .T. ) ;
#2383 = DIRECTION ( 'NONE',  ( -1.240927428851029466E-16, 0.000000000000000000, -1.000000000000000000 ) ) ;
#2384 = DIRECTION ( 'NONE',  ( -1.000000000000000000, 0.000000000000000000, 0.000000000000000000 ) ) ;
#2385 = CARTESIAN_POINT ( 'NONE',  ( 2.800000000000000266, -4.850000000004714096, -0.5999999999997919220 ) ) ;
#2386 = ORIENTED_EDGE ( 'NONE', *, *, #1369, .F. ) ;
#2387 = VERTEX_POINT ( 'NONE', #1723 ) ;
#2388 = ORIENTED_EDGE ( 'NONE', *, *, #2487, .T. ) ;
#2389 = EDGE_CURVE ( 'NONE', #2424, #356, #733, .T. ) ;
#2390 = ORIENTED_EDGE ( 'NONE', *, *, #428, .T. ) ;
#2391 = ADVANCED_FACE ( 'NONE', ( #648 ), #1672, .F. ) ;
#2392 =( NAMED_UNIT ( * ) SI_UNIT ( $, .STERADIAN. ) SOLID_ANGLE_UNIT ( ) );
#2393 = AXIS2_PLACEMENT_3D ( 'NONE', #1602, #247, #437 ) ;
#2394 = FACE_OUTER_BOUND ( 'NONE', #2149, .T. ) ;
#2395 =( GEOMETRIC_REPRESENTATION_CONTEXT ( 3 ) GLOBAL_UNCERTAINTY_ASSIGNED_CONTEXT ( ( #149 ) ) GLOBAL_UNIT_ASSIGNED_CONTEXT ( ( #1399, #598, #2392 ) ) REPRESENTATION_CONTEXT ( 'NONE', 'WORKASPACE' ) );
#2396 = DIRECTION ( 'NONE',  ( -1.295090654469298014E-28, -2.568466037843053262E-13, -1.000000000000000000 ) ) ;
#2397 = LINE ( 'NONE', #1103, #613 ) ;
#2398 = VECTOR ( 'NONE', #117, 1000.000000000000000 ) ;
#2399 = DIRECTION ( 'NONE',  ( 0.5773502691896754691, -0.5773502691895268102, 0.5773502691896750250 ) ) ;
#2400 = DIRECTION ( 'NONE',  ( -0.000000000000000000, -0.000000000000000000, 1.000000000000000000 ) ) ;
#2401 = LINE ( 'NONE', #1778, #619 ) ;
#2402 = ADVANCED_FACE ( 'NONE', ( #2275 ), #1911, .F. ) ;
#2403 = DIRECTION ( 'NONE',  ( 1.826024711524442321E-16, 2.568466037843052757E-13, 1.000000000000000000 ) ) ;
#2404 = EDGE_CURVE ( 'NONE', #634, #1371, #1843, .T. ) ;
#2405 = CYLINDRICAL_SURFACE ( 'NONE', #1540, 3.000000000000000444 ) ;
#2406 = VECTOR ( 'NONE', #30, 1000.000000000000000 ) ;
#2407 = DIRECTION ( 'NONE',  ( 1.826024711524442321E-16, 2.568466037843052757E-13, 1.000000000000000000 ) ) ;
#2408 = LINE ( 'NONE', #1507, #2374 ) ;
#2409 = AXIS2_PLACEMENT_3D ( 'NONE', #844, #53, #284 ) ;
#2410 = PLANE ( 'NONE',  #1094 ) ;
#2411 = ORIENTED_EDGE ( 'NONE', *, *, #268, .T. ) ;
#2412 = AXIS2_PLACEMENT_3D ( 'NONE', #921, #1714, #119 ) ;
#2413 = DIRECTION ( 'NONE',  ( 0.000000000000000000, -1.000000000000000000, 0.000000000000000000 ) ) ;
#2414 = EDGE_LOOP ( 'NONE', ( #770, #1406 ) ) ;
#2415 = DIRECTION ( 'NONE',  ( -0.000000000000000000, -0.000000000000000000, 1.000000000000000000 ) ) ;
#2416 = ORIENTED_EDGE ( 'NONE', *, *, #2076, .T. ) ;
#2417 = ORIENTED_EDGE ( 'NONE', *, *, #301, .T. ) ;
#2418 = ORIENTED_EDGE ( 'NONE', *, *, #2128, .F. ) ;
#2419 = FILL_AREA_STYLE_COLOUR ( '', #224 ) ;
#2420 = EDGE_LOOP ( 'NONE', ( #804, #2448, #1055, #386 ) ) ;
#2421 = DIRECTION ( 'NONE',  ( -0.7071067811865476838, -0.7071067811865474617, 0.000000000000000000 ) ) ;
#2422 = CARTESIAN_POINT ( 'NONE',  ( 0.000000000000000000, 0.000000000000000000, 0.000000000000000000 ) ) ;
#2423 = EDGE_CURVE ( 'NONE', #408, #2004, #1293, .T. ) ;
#2424 = VERTEX_POINT ( 'NONE', #2357 ) ;
#2425 = CARTESIAN_POINT ( 'NONE',  ( 10.00000000000000178, 2.849999999998379607, 11.50000000015758950 ) ) ;
#2426 = DIRECTION ( 'NONE',  ( -0.000000000000000000, -0.000000000000000000, 1.000000000000000000 ) ) ;
#2427 = EDGE_CURVE ( 'NONE', #1099, #1616, #882, .T. ) ;
#2428 = DIRECTION ( 'NONE',  ( 0.000000000000000000, 1.000000000000000000, 0.000000000000000000 ) ) ;
#2429 = AXIS2_PLACEMENT_3D ( 'NONE', #1154, #967, #1365 ) ;
#2430 = VECTOR ( 'NONE', #114, 1000.000000000000114 ) ;
#2431 = PLANE ( 'NONE',  #1304 ) ;
#2432 = FACE_OUTER_BOUND ( 'NONE', #1402, .T. ) ;
#2433 = VECTOR ( 'NONE', #1316, 1000.000000000000000 ) ;
#2434 = PLANE ( 'NONE',  #2476 ) ;
#2435 = LINE ( 'NONE', #983, #1899 ) ;
#2436 = CARTESIAN_POINT ( 'NONE',  ( 43.91700000000749782, 4.849999999995488587, 0.4000000000001016631 ) ) ;
#2437 = LINE ( 'NONE', #1731, #2342 ) ;
#2438 = FACE_OUTER_BOUND ( 'NONE', #1718, .T. ) ;
#2439 = DIRECTION ( 'NONE',  ( 1.000000000000000000, 0.000000000000000000, -1.240927428851029466E-16 ) ) ;
#2440 = EDGE_CURVE ( 'NONE', #2031, #1099, #2437, .T. ) ;
#2441 = ORIENTED_EDGE ( 'NONE', *, *, #1618, .T. ) ;
#2442 = DIRECTION ( 'NONE',  ( -0.4999999999999784617, -0.4999999999999782951, -0.7071067811865781039 ) ) ;
#2443 = ORIENTED_EDGE ( 'NONE', *, *, #410, .T. ) ;
#2444 =( NAMED_UNIT ( * ) PLANE_ANGLE_UNIT ( ) SI_UNIT ( $, .RADIAN. ) );
#2445 = CARTESIAN_POINT ( 'NONE',  ( 42.75033333334079089, 0.1333333333333247273, 14.83333333348988781 ) ) ;
#2446 = ORIENTED_EDGE ( 'NONE', *, *, #1962, .T. ) ;
#2447 = EDGE_LOOP ( 'NONE', ( #2390, #482, #2085, #1028 ) ) ;
#2448 = ORIENTED_EDGE ( 'NONE', *, *, #2214, .F. ) ;
#2449 = ORIENTED_EDGE ( 'NONE', *, *, #1654, .T. ) ;
#2450 = EDGE_LOOP ( 'NONE', ( #1435, #1658, #865, #108 ) ) ;
#2451 = DIRECTION ( 'NONE',  ( 0.7071067811865481278, -0.7071067811865469066, 1.816179752606164492E-13 ) ) ;
#2452 = DIRECTION ( 'NONE',  ( 0.7071067811865430208, 8.659560562354877391E-17, -0.7071067811865521247 ) ) ;
#2453 = ORIENTED_EDGE ( 'NONE', *, *, #1654, .F. ) ;
#2454 = EDGE_CURVE ( 'NONE', #2471, #2316, #128, .T. ) ;
#2455 = CARTESIAN_POINT ( 'NONE',  ( -2.799999999999999822, 65.44147454200154357, -1.000000000000000000 ) ) ;
#2456 = ORIENTED_EDGE ( 'NONE', *, *, #1300, .T. ) ;
#2457 = DIRECTION ( 'NONE',  ( -1.000000000000000000, 0.000000000000000000, 4.336808689942018229E-16 ) ) ;
#2458 = AXIS2_PLACEMENT_3D ( 'NONE', #2528, #2330, #1517 ) ;
#2459 = LINE ( 'NONE', #2086, #1922 ) ;
#2460 = FACE_OUTER_BOUND ( 'NONE', #470, .T. ) ;
#2461 = PLANE ( 'NONE',  #1890 ) ;
#2462 = DIRECTION ( 'NONE',  ( 0.000000000000000000, -1.000000000000000000, 0.000000000000000000 ) ) ;
#2463 = AXIS2_PLACEMENT_3D ( 'NONE', #147, #1328, #897 ) ;
#2464 = VECTOR ( 'NONE', #1634, 1000.000000000000114 ) ;
#2465 = DIRECTION ( 'NONE',  ( -1.000000000000000000, 1.215888987933810692E-15, 1.240927428851029466E-16 ) ) ;
#2466 = VECTOR ( 'NONE', #609, 1000.000000000000000 ) ;
#2467 = DIRECTION ( 'NONE',  ( -0.7071067811865469066, -0.7071067811865482389, 8.774681999009494082E-17 ) ) ;
#2468 = VECTOR ( 'NONE', #1462, 1000.000000000000000 ) ;
#2469 = CARTESIAN_POINT ( 'NONE',  ( 2.800000000000000266, -4.450000000004353140, 1.795138786959144472E-11 ) ) ;
#2470 = ORIENTED_EDGE ( 'NONE', *, *, #410, .F. ) ;
#2471 = VERTEX_POINT ( 'NONE', #1560 ) ;
#2472 = EDGE_CURVE ( 'NONE', #1720, #49, #1738, .T. ) ;
#2473 = ADVANCED_FACE ( 'NONE', ( #1874 ), #1349, .T. ) ;
#2474 = DIRECTION ( 'NONE',  ( 0.000000000000000000, 0.000000000000000000, 1.000000000000000000 ) ) ;
#2475 = VERTEX_POINT ( 'NONE', #1411 ) ;
#2476 = AXIS2_PLACEMENT_3D ( 'NONE', #1225, #637, #2038 ) ;
#2477 = ORIENTED_EDGE ( 'NONE', *, *, #1835, .T. ) ;
#2478 = CARTESIAN_POINT ( 'NONE',  ( 0.000000000000000000, 0.000000000000000000, -1.000000000000000000 ) ) ;
#2479 = VERTEX_POINT ( 'NONE', #1623 ) ;
#2480 = VERTEX_POINT ( 'NONE', #2260 ) ;
#2481 = ORIENTED_EDGE ( 'NONE', *, *, #2267, .F. ) ;
#2482 = DIRECTION ( 'NONE',  ( 1.000000000000000000, 0.000000000000000000, -3.154042683564268203E-16 ) ) ;
#2483 = VERTEX_POINT ( 'NONE', #6 ) ;
#2484 = DIRECTION ( 'NONE',  ( 0.7071067811865472397, -0.7071067811865479058, 0.000000000000000000 ) ) ;
#2485 = VERTEX_POINT ( 'NONE', #2365 ) ;
#2486 = CARTESIAN_POINT ( 'NONE',  ( 2.799999999999999822, 4.849999999995539213, 0.4000000000001020517 ) ) ;
#2487 = EDGE_CURVE ( 'NONE', #1334, #933, #556, .T. ) ;
#2488 = CARTESIAN_POINT ( 'NONE',  ( -7.999999999999998224, 4.849999999995552535, 0.4000000000001020517 ) ) ;
#2489 = VECTOR ( 'NONE', #1059, 1000.000000000000000 ) ;
#2490 = AXIS2_PLACEMENT_3D ( 'NONE', #182, #1785, #2545 ) ;
#2491 = LINE ( 'NONE', #1407, #2364 ) ;
#2492 = CARTESIAN_POINT ( 'NONE',  ( 15.41700000000748183, -4.850000000000801670, 14.70000000015712871 ) ) ;
#2493 = VECTOR ( 'NONE', #1347, 1000.000000000000000 ) ;
#2494 = CARTESIAN_POINT ( 'NONE',  ( 9.599999999999894840, 65.44147454200154357, 0.000000000000000000 ) ) ;
#2495 = LINE ( 'NONE', #1860, #283 ) ;
#2496 = CARTESIAN_POINT ( 'NONE',  ( -9.999999999999994671, -2.850000000000310507, 16.50000000015604229 ) ) ;
#2497 = CIRCLE ( 'NONE', #1769, 0.4499999999999812483 ) ;
#2498 = CIRCLE ( 'NONE', #382, 1.699999999999999956 ) ;
#2499 = CARTESIAN_POINT ( 'NONE',  ( -10.00100000000000300, -1.500000000000000444, 16.50000000015655033 ) ) ;
#2500 = CARTESIAN_POINT ( 'NONE',  ( 15.66700000000746229, 2.600000000000043610, 16.50000000015655388 ) ) ;
#2501 = EDGE_CURVE ( 'NONE', #655, #1780, #819, .T. ) ;
#2502 = DIRECTION ( 'NONE',  ( 2.508251607829031958E-37, -1.157737547549075630E-15, -1.000000000000000000 ) ) ;
#2503 = ORIENTED_EDGE ( 'NONE', *, *, #1153, .T. ) ;
#2504 = EDGE_CURVE ( 'NONE', #1791, #1491, #622, .T. ) ;
#2505 = EDGE_LOOP ( 'NONE', ( #1117, #2481, #106, #1152 ) ) ;
#2506 = ORIENTED_EDGE ( 'NONE', *, *, #1454, .F. ) ;
#2507 = ORIENTED_EDGE ( 'NONE', *, *, #2109, .F. ) ;
#2508 = VERTEX_POINT ( 'NONE', #1814 ) ;
#2509 = CARTESIAN_POINT ( 'NONE',  ( 44.11700000000746513, 1.499999999999999556, 16.50000000015655033 ) ) ;
#2510 = ORIENTED_EDGE ( 'NONE', *, *, #361, .T. ) ;
#2511 = CARTESIAN_POINT ( 'NONE',  ( 43.91700000000749071, -2.850000000002673950, 9.500000000156553881 ) ) ;
#2512 = ORIENTED_EDGE ( 'NONE', *, *, #100, .T. ) ;
#2513 = CARTESIAN_POINT ( 'NONE',  ( 45.91700000000749071, 3.350000000000005862, 16.50000000015655033 ) ) ;
#2514 = CARTESIAN_POINT ( 'NONE',  ( -7.999999999999992895, 4.849999999999225153, 14.70000000015465424 ) ) ;
#2515 = ORIENTED_EDGE ( 'NONE', *, *, #137, .F. ) ;
#2516 = VECTOR ( 'NONE', #1848, 1000.000000000000000 ) ;
#2517 = DIRECTION ( 'NONE',  ( 0.7071067811865477948, 0.000000000000000000, 0.7071067811865473507 ) ) ;
#2518 = EDGE_CURVE ( 'NONE', #1912, #1125, #675, .T. ) ;
#2519 = LINE ( 'NONE', #2068, #1351 ) ;
#2520 = DIRECTION ( 'NONE',  ( -1.000000000000000000, 0.000000000000000000, 1.240927428851029466E-16 ) ) ;
#2521 = FACE_OUTER_BOUND ( 'NONE', #1937, .T. ) ;
#2522 = DIRECTION ( 'NONE',  ( 1.000000000000000000, -3.097720492815727042E-17, -1.240927428851029466E-16 ) ) ;
#2523 = AXIS2_PLACEMENT_3D ( 'NONE', #2164, #1764, #1162 ) ;
#2524 = VECTOR ( 'NONE', #1361, 1000.000000000000000 ) ;
#2525 = CARTESIAN_POINT ( 'NONE',  ( -10.00000000000000000, 65.44147454200154357, 0.4000000000002057465 ) ) ;
#2526 = LINE ( 'NONE', #1087, #342 ) ;
#2527 = VECTOR ( 'NONE', #155, 1000.000000000000000 ) ;
#2528 = CARTESIAN_POINT ( 'NONE',  ( 43.66700000000746229, -2.599999999999990763, 16.20000000015655317 ) ) ;
#2529 = ORIENTED_EDGE ( 'NONE', *, *, #1120, .T. ) ;
#2530 = ORIENTED_EDGE ( 'NONE', *, *, #1266, .T. ) ;
#2531 = CARTESIAN_POINT ( 'NONE',  ( -2.700000000052996008, 9.950000000048145665, 4.500000000052944316 ) ) ;
#2532 = EDGE_CURVE ( 'NONE', #2480, #1720, #1232, .T. ) ;
#2533 = VERTEX_POINT ( 'NONE', #1207 ) ;
#2534 = ORIENTED_EDGE ( 'NONE', *, *, #1204, .T. ) ;
#2535 = DIRECTION ( 'NONE',  ( -0.000000000000000000, 0.000000000000000000, 1.000000000000000000 ) ) ;
#2536 = ORIENTED_EDGE ( 'NONE', *, *, #1796, .F. ) ;
#2537 = VERTEX_POINT ( 'NONE', #213 ) ;
#2538 = ORIENTED_EDGE ( 'NONE', *, *, #2404, .T. ) ;
#2539 = DIRECTION ( 'NONE',  ( 1.000000000000000000, 0.000000000000000000, 0.000000000000000000 ) ) ;
#2540 = CARTESIAN_POINT ( 'NONE',  ( 44.91700000000762572, 3.849999999997947953, 10.50000000015668711 ) ) ;
#2541 = LINE ( 'NONE', #2344, #1008 ) ;
#2542 = VECTOR ( 'NONE', #1773, 1000.000000000000000 ) ;
#2543 = EDGE_CURVE ( 'NONE', #1827, #102, #2141, .T. ) ;
#2544 = LINE ( 'NONE', #1137, #1319 ) ;
#2545 = DIRECTION ( 'NONE',  ( 0.000000000000000000, 0.7071067811863671615, -0.7071067811867279840 ) ) ;
#2546 = CIRCLE ( 'NONE', #947, 3.000000000000000444 ) ;
#2547 = CARTESIAN_POINT ( 'NONE',  ( 15.66700000000745696, -2.599999999999953459, 14.70000000015654962 ) ) ;
#2548 = AXIS2_PLACEMENT_3D ( 'NONE', #210, #989, #181 ) ;
#2549 = LINE ( 'NONE', #1156, #623 ) ;
#2550 = LINE ( 'NONE', #1338, #438 ) ;
#2551 = CARTESIAN_POINT ( 'NONE',  ( 45.91700000000749071, 65.44147454200154357, 16.50000000015655033 ) ) ;
#2552 = DIRECTION ( 'NONE',  ( 0.5773502691896266192, -0.5773502691894784045, 0.5773502691897721695 ) ) ;
#2553 = ORIENTED_EDGE ( 'NONE', *, *, #1817, .F. ) ;
#2554 = DIRECTION ( 'NONE',  ( -1.000000000000000000, 0.000000000000000000, 0.000000000000000000 ) ) ;
#2555 = ORIENTED_EDGE ( 'NONE', *, *, #1881, .T. ) ;
#2556 = ORIENTED_EDGE ( 'NONE', *, *, #1403, .F. ) ;
#2557 = VERTEX_POINT ( 'NONE', #1182 ) ;
#2558 = EDGE_CURVE ( 'NONE', #1824, #626, #2211, .T. ) ;
#2559 = VERTEX_POINT ( 'NONE', #791 ) ;
#2560 = VERTEX_POINT ( 'NONE', #1384 ) ;
#2561 = AXIS2_PLACEMENT_3D ( 'NONE', #2378, #2159, #1949 ) ;
#2562 = DIRECTION ( 'NONE',  ( 0.000000000000000000, -1.000000000000000000, 2.582810508676597403E-13 ) ) ;
#2563 = VERTEX_POINT ( 'NONE', #2013 ) ;
#2564 = CARTESIAN_POINT ( 'NONE',  ( -9.999999999999994671, -2.850000000000310507, 16.50000000017409718 ) ) ;
#2565 = LINE ( 'NONE', #2531, #1730 ) ;
#2566 = CARTESIAN_POINT ( 'NONE',  ( -10.00000000000000000, 65.44147454200154357, 0.4000000000002057465 ) ) ;
#2567 = DIRECTION ( 'NONE',  ( 0.000000000000000000, 1.000000000000000000, 0.000000000000000000 ) ) ;
#2568 = LINE ( 'NONE', #2115, #221 ) ;
#2569 = ADVANCED_FACE ( 'NONE', ( #367 ), #1994, .F. ) ;
#2570 = CARTESIAN_POINT ( 'NONE',  ( 15.21700000000746300, 2.600000000000044054, -14.83675676154699197 ) ) ;
#2571 = EDGE_CURVE ( 'NONE', #745, #473, #982, .T. ) ;
#2572 = VECTOR ( 'NONE', #1082, 1000.000000000000000 ) ;
#2573 = CARTESIAN_POINT ( 'NONE',  ( 0.000000000000000000, 0.000000000000000000, 15.00000000000000000 ) ) ;
#2574 = FACE_OUTER_BOUND ( 'NONE', #172, .T. ) ;
ENDSEC;
END-ISO-10303-21;
