ISO-10303-21;
HEADER;
FILE_DESCRIPTION (( 'STEP AP214' ),
    '1' );
FILE_NAME ('umbilical-bracket.STEP',
    '2026-07-31T04:21:21',
    ( '' ),
    ( '' ),
    'SwSTEP 2.0',
    'SolidWorks 2018',
    '' );
FILE_SCHEMA (( 'AUTOMOTIVE_DESIGN' ));
ENDSEC;

DATA;
#1 = CARTESIAN_POINT ( 'NONE',  ( -1.899999999999999689, 2.313690413397837986, 3.699999999999998401 ) ) ;
#2 = DIRECTION ( 'NONE',  ( -0.4545194776720446472, -0.5416752204197016196, -0.7071067811865471286 ) ) ;
#3 = EDGE_CURVE ( 'NONE', #1351, #3119, #393, .T. ) ;
#4 = ORIENTED_EDGE ( 'NONE', *, *, #342, .T. ) ;
#5 = CYLINDRICAL_SURFACE ( 'NONE', #3863, 4.000000000000001776 ) ;
#6 = DIRECTION ( 'NONE',  ( 0.000000000000000000, 0.000000000000000000, -1.000000000000000000 ) ) ;
#7 = CARTESIAN_POINT ( 'NONE',  ( 1.465947873268058199, -0.5000000000000018874, 2.447066377907862744 ) ) ;
#8 = DIRECTION ( 'NONE',  ( 0.000000000000000000, 0.000000000000000000, -1.000000000000000000 ) ) ;
#9 = VERTEX_POINT ( 'NONE', #2487 ) ;
#10 = DIRECTION ( 'NONE',  ( 0.000000000000000000, 0.000000000000000000, 1.000000000000000000 ) ) ;
#11 = FACE_OUTER_BOUND ( 'NONE', #488, .T. ) ;
#12 = DIRECTION ( 'NONE',  ( 6.117434851868029235E-17, -0.7071067811865463515, -0.7071067811865487940 ) ) ;
#13 = VECTOR ( 'NONE', #781, 1000.000000000000000 ) ;
#14 = B_SPLINE_CURVE_WITH_KNOTS ( 'NONE', 3,
 ( #575, #4598, #639, #284 ),
 .UNSPECIFIED., .F., .F.,
 ( 4, 4 ),
 ( 7.093254649332709058E-16, 0.0003749298387748098904 ),
 .UNSPECIFIED. ) ;
#15 = ORIENTED_EDGE ( 'NONE', *, *, #1428, .F. ) ;
#16 = ADVANCED_FACE ( 'NONE', ( #2707 ), #1695, .T. ) ;
#17 = CARTESIAN_POINT ( 'NONE',  ( -7.968626966596883854, -0.5000000000000004441, 4.000000000000000000 ) ) ;
#18 = CYLINDRICAL_SURFACE ( 'NONE', #1507, 0.9499999999999999556 ) ;
#19 = DIRECTION ( 'NONE',  ( -0.000000000000000000, -0.000000000000000000, -1.000000000000000000 ) ) ;
#20 = CARTESIAN_POINT ( 'NONE',  ( 6.415117977645675928, -1.492770063251666723, 1.507229936748332388 ) ) ;
#21 = EDGE_CURVE ( 'NONE', #847, #3610, #2765, .T. ) ;
#22 = VECTOR ( 'NONE', #2428, 1000.000000000000000 ) ;
#23 = PLANE ( 'NONE',  #4510 ) ;
#24 = ORIENTED_EDGE ( 'NONE', *, *, #3080, .F. ) ;
#25 = CARTESIAN_POINT ( 'NONE',  ( -7.999999999999998224, -0.4950000000000009948, 2.497928932188134610 ) ) ;
#26 = DIRECTION ( 'NONE',  ( 0.000000000000000000, 0.000000000000000000, 1.000000000000000000 ) ) ;
#27 = CARTESIAN_POINT ( 'NONE',  ( 1.460470712238920443, -0.8448620625218972169, -2.301177651045084538 ) ) ;
#28 = UNCERTAINTY_MEASURE_WITH_UNIT (LENGTH_MEASURE( 1.000000000000000082E-05 ), #3977, 'distance_accuracy_value', 'NONE');
#29 = CIRCLE ( 'NONE', #4091, 2.900000000061845107 ) ;
#30 = EDGE_CURVE ( 'NONE', #1384, #3808, #1723, .T. ) ;
#31 = ORIENTED_EDGE ( 'NONE', *, *, #1029, .T. ) ;
#32 = DIRECTION ( 'NONE',  ( 0.000000000000000000, -1.000000000000000000, 0.000000000000000000 ) ) ;
#33 = CARTESIAN_POINT ( 'NONE',  ( 2.181477371656109110, 2.150309184674799035, 3.981477371656104935 ) ) ;
#34 = FACE_OUTER_BOUND ( 'NONE', #2202, .T. ) ;
#35 = VERTEX_POINT ( 'NONE', #3934 ) ;
#36 = CARTESIAN_POINT ( 'NONE',  ( 1.509822997421381041, -0.8711978629791440332, 2.121731069211928666 ) ) ;
#37 = CIRCLE ( 'NONE', #2032, 2.599999999978627407 ) ;
#38 = CARTESIAN_POINT ( 'NONE',  ( 6.651470111010923780, -0.4999997916108526175, 3.163880376616057255 ) ) ;
#39 = ORIENTED_EDGE ( 'NONE', *, *, #879, .T. ) ;
#40 = ORIENTED_EDGE ( 'NONE', *, *, #2092, .F. ) ;
#41 = DIRECTION ( 'NONE',  ( -1.000000000000000000, 0.000000000000000000, 0.000000000000000000 ) ) ;
#42 = AXIS2_PLACEMENT_3D ( 'NONE', #1370, #377, #3220 ) ;
#43 = EDGE_LOOP ( 'NONE', ( #4042, #1272, #3803, #4466 ) ) ;
#44 = ORIENTED_EDGE ( 'NONE', *, *, #917, .F. ) ;
#45 = CARTESIAN_POINT ( 'NONE',  ( 0.000000000000000000, -0.5000000000000009992, 2.500000000000000000 ) ) ;
#46 = VERTEX_POINT ( 'NONE', #644 ) ;
#47 = VERTEX_POINT ( 'NONE', #3604 ) ;
#48 = EDGE_CURVE ( 'NONE', #3789, #4709, #1435, .T. ) ;
#49 = FILL_AREA_STYLE ('',( #2977 ) ) ;
#50 = ORIENTED_EDGE ( 'NONE', *, *, #3533, .T. ) ;
#51 = EDGE_LOOP ( 'NONE', ( #4346, #4545, #2951, #869, #2237, #2125 ) ) ;
#52 = CIRCLE ( 'NONE', #3038, 2.899999999954161467 ) ;
#53 = CARTESIAN_POINT ( 'NONE',  ( 4.100000000000001421, 9.919639073093561200E-16, 3.700000000094405550 ) ) ;
#54 = EDGE_CURVE ( 'NONE', #4102, #1384, #3851, .T. ) ;
#55 = CARTESIAN_POINT ( 'NONE',  ( 1.509822997421379487, -0.4058677087553542728, -3.720320754539817365 ) ) ;
#56 = CARTESIAN_POINT ( 'NONE',  ( 4.100000000000000533, -8.131516293641283255E-17, 3.999999999962255970 ) ) ;
#57 = ORIENTED_EDGE ( 'NONE', *, *, #2080, .T. ) ;
#58 = VECTOR ( 'NONE', #616, 1000.000000000000000 ) ;
#59 = CARTESIAN_POINT ( 'NONE',  ( 6.406139600232047648, -1.212043307453529950, -2.306984378724998397 ) ) ;
#60 = DIRECTION ( 'NONE',  ( 1.000000000000000000, -0.000000000000000000, 0.000000000000000000 ) ) ;
#61 = CARTESIAN_POINT ( 'NONE',  ( 1.825692413456294627, -1.507728059288985900, -1.589514595933105401 ) ) ;
#62 = ORIENTED_EDGE ( 'NONE', *, *, #1841, .F. ) ;
#63 = ADVANCED_FACE ( 'NONE', ( #4700 ), #4011, .F. ) ;
#64 = VECTOR ( 'NONE', #4447, 1000.000000000000000 ) ;
#65 = CARTESIAN_POINT ( 'NONE',  ( -4.853672830396299709, 4.113690413397837808, 4.000000000000000000 ) ) ;
#66 = CARTESIAN_POINT ( 'NONE',  ( 2.013124124614094068, 2.013690413418951941, 3.999999999963011366 ) ) ;
#67 = CARTESIAN_POINT ( 'NONE',  ( 6.753028660449304610, -0.5000000000000012212, 2.733102456935283087 ) ) ;
#68 = VECTOR ( 'NONE', #1742, 1000.000000000000000 ) ;
#69 = ORIENTED_EDGE ( 'NONE', *, *, #1097, .T. ) ;
#71 = ORIENTED_EDGE ( 'NONE', *, *, #4712, .F. ) ;
#70 = CARTESIAN_POINT ( 'NONE',  ( 1.509823015333865870, -0.5000000210609910622, 2.400955490712142204 ) ) ;
#72 = CARTESIAN_POINT ( 'NONE',  ( 6.651470111043798816, -0.4999997915716129504, -3.163880376572077324 ) ) ;
#73 = CARTESIAN_POINT ( 'NONE',  ( -6.003740252627569163, -1.495000000000000551, 1.497928932188133500 ) ) ;
#74 = FACE_OUTER_BOUND ( 'NONE', #43, .T. ) ;
#75 = ORIENTED_EDGE ( 'NONE', *, *, #863, .T. ) ;
#76 = CARTESIAN_POINT ( 'NONE',  ( 1.585149196542670280, -1.111635926904790184, 2.013651067384614191 ) ) ;
#77 = CARTESIAN_POINT ( 'NONE',  ( 1.918407605761173196, -1.500000000000000000, -1.694810994161588980 ) ) ;
#78 = DIRECTION ( 'NONE',  ( 0.7660444431189772363, -0.6427876096865402511, 0.000000000000000000 ) ) ;
#79 = AXIS2_PLACEMENT_3D ( 'NONE', #2485, #2848, #1017 ) ;
#80 = ORIENTED_EDGE ( 'NONE', *, *, #3591, .T. ) ;
#81 = CARTESIAN_POINT ( 'NONE',  ( 6.868723433400272249, -0.4999999999999962252, -2.611342128036806542 ) ) ;
#82 = CARTESIAN_POINT ( 'NONE',  ( 0.000000000000000000, -2.286309586602162103, 0.000000000000000000 ) ) ;
#83 = CIRCLE ( 'NONE', #3369, 2.600000000023464430 ) ;
#84 = ORIENTED_EDGE ( 'NONE', *, *, #2297, .F. ) ;
#85 = EDGE_CURVE ( 'NONE', #2791, #1556, #1726, .T. ) ;
#86 = DIRECTION ( 'NONE',  ( 0.000000000000000000, 0.7071067811865473507, -0.7071067811865477948 ) ) ;
#87 = CARTESIAN_POINT ( 'NONE',  ( -7.708099243547828827, -1.500000000000001332, -1.499999999999998224 ) ) ;
#88 = ORIENTED_EDGE ( 'NONE', *, *, #1531, .F. ) ;
#89 = ADVANCED_FACE ( 'NONE', ( #3282 ), #2762, .F. ) ;
#90 = DIRECTION ( 'NONE',  ( 0.000000000000000000, 0.000000000000000000, 1.000000000000000000 ) ) ;
#91 = FACE_OUTER_BOUND ( 'NONE', #931, .T. ) ;
#92 = EDGE_CURVE ( 'NONE', #3854, #1351, #3743, .T. ) ;
#93 = CARTESIAN_POINT ( 'NONE',  ( 1.531786278441720217, -0.4437257870291307915, 2.901146760340174158 ) ) ;
#94 = CARTESIAN_POINT ( 'NONE',  ( 6.690177002578623799, -0.8711978629625480863, 2.121731069225587962 ) ) ;
#95 = VERTEX_POINT ( 'NONE', #3665 ) ;
#96 = CARTESIAN_POINT ( 'NONE',  ( -7.999999999999998224, 1.021924959892513503E-15, -3.700000000000003730 ) ) ;
#97 = LINE ( 'NONE', #3929, #2867 ) ;
#98 = CARTESIAN_POINT ( 'NONE',  ( 1.504308126285611724, -1.227044358864015416, 1.772955641135983917 ) ) ;
#99 = ORIENTED_EDGE ( 'NONE', *, *, #2230, .T. ) ;
#100 = DIRECTION ( 'NONE',  ( 0.000000000000000000, 0.000000000000000000, 1.000000000000000000 ) ) ;
#101 = EDGE_LOOP ( 'NONE', ( #1501, #545, #4559, #3387 ) ) ;
#102 = VERTEX_POINT ( 'NONE', #4361 ) ;
#103 = DIRECTION ( 'NONE',  ( 0.000000000000000000, -5.421010862563849660E-17, 1.000000000000000000 ) ) ;
#104 = ORIENTED_EDGE ( 'NONE', *, *, #2516, .F. ) ;
#105 = CARTESIAN_POINT ( 'NONE',  ( 6.224697750343289648, -1.503048830206696662, -1.699143258837870318 ) ) ;
#106 = CARTESIAN_POINT ( 'NONE',  ( 1.509822997421379487, -1.300000000000000044, -1.692928932188135116 ) ) ;
#107 = VERTEX_POINT ( 'NONE', #3619 ) ;
#108 = CARTESIAN_POINT ( 'NONE',  ( 1.379210442239900969, -0.4843054332519550753, 2.684611166509311531 ) ) ;
#109 = CARTESIAN_POINT ( 'NONE',  ( -3.999999999999996447, 2.013690413397834167, 4.000000000000000000 ) ) ;
#110 = PLANE ( 'NONE',  #4304 ) ;
#111 = DIRECTION ( 'NONE',  ( 0.000000000000000000, 0.000000000000000000, 1.000000000000000000 ) ) ;
#112 = VERTEX_POINT ( 'NONE', #2154 ) ;
#113 = ADVANCED_FACE ( 'NONE', ( #2120 ), #4191, .F. ) ;
#114 = EDGE_CURVE ( 'NONE', #4360, #1224, #1147, .T. ) ;
#115 = CARTESIAN_POINT ( 'NONE',  ( 6.453602382075027677, -1.131635424136611556, 2.121467563619356955 ) ) ;
#116 = VERTEX_POINT ( 'NONE', #1094 ) ;
#117 = LINE ( 'NONE', #4063, #4433 ) ;
#118 = EDGE_CURVE ( 'NONE', #3610, #2647, #4410, .T. ) ;
#119 = EDGE_LOOP ( 'NONE', ( #4650, #576, #968, #1839 ) ) ;
#120 = CARTESIAN_POINT ( 'NONE',  ( 4.100000000000001421, 9.919639073093561200E-16, 3.700000000094405550 ) ) ;
#121 = LINE ( 'NONE', #3687, #64 ) ;
#122 = CARTESIAN_POINT ( 'NONE',  ( 6.949995488957744882, -0.6051304823134068256, 2.394869517686596616 ) ) ;
#123 = EDGE_LOOP ( 'NONE', ( #4362, #1315, #2706, #1773 ) ) ;
#124 = CARTESIAN_POINT ( 'NONE',  ( 0.000000000000000000, -2.086309586616152956, 1.250000000027284841 ) ) ;
#125 = LINE ( 'NONE', #3601, #1230 ) ;
#126 = CARTESIAN_POINT ( 'NONE',  ( 5.555880937064811675, 4.000000000000000888, 4.000000000000000000 ) ) ;
#127 = ORIENTED_EDGE ( 'NONE', *, *, #297, .F. ) ;
#128 = CARTESIAN_POINT ( 'NONE',  ( 6.956571371474632670, -0.5000000000000008882, 3.999999999957043251 ) ) ;
#129 = CIRCLE ( 'NONE', #3375, 4.000000000000001776 ) ;
#130 = DIRECTION ( 'NONE',  ( -0.4545194776720437591, 0.5416752204197011755, -0.7071067811865481278 ) ) ;
#131 = VERTEX_POINT ( 'NONE', #3277 ) ;
#132 = ORIENTED_EDGE ( 'NONE', *, *, #2052, .T. ) ;
#133 = FACE_OUTER_BOUND ( 'NONE', #825, .T. ) ;
#134 = VERTEX_POINT ( 'NONE', #1 ) ;
#135 = CARTESIAN_POINT ( 'NONE',  ( 6.734051381900926891, -0.8003541435492572687, -2.346722999543118249 ) ) ;
#136 = ADVANCED_FACE ( 'NONE', ( #216 ), #3230, .F. ) ;
#137 = CARTESIAN_POINT ( 'NONE',  ( 6.671150438746162870, 3.064177772475908945, 3.699999999999999734 ) ) ;
#138 = CIRCLE ( 'NONE', #2660, 3.700000000011310686 ) ;
#139 = VERTEX_POINT ( 'NONE', #2898 ) ;
#140 = DIRECTION ( 'NONE',  ( 0.000000000000000000, 0.000000000000000000, 1.000000000000000000 ) ) ;
#141 = PLANE ( 'NONE',  #4339 ) ;
#142 = CARTESIAN_POINT ( 'NONE',  ( 6.690177002578098886, -0.4949999999998098144, -3.737051744789113172 ) ) ;
#143 = CARTESIAN_POINT ( 'NONE',  ( 1.935169510366587131, -1.444055142945794401, 1.768787511943223034 ) ) ;
#144 = EDGE_CURVE ( 'NONE', #1536, #2597, #1489, .T. ) ;
#145 = CONICAL_SURFACE ( 'NONE', #1537, 1.094999999907031452, 0.7853981633974482790 ) ;
#146 = ORIENTED_EDGE ( 'NONE', *, *, #4282, .F. ) ;
#147 = CARTESIAN_POINT ( 'NONE',  ( 6.690177002578614029, -0.7424381791867441516, -2.207964468415032133 ) ) ;
#148 = FACE_OUTER_BOUND ( 'NONE', #1462, .T. ) ;
#149 = CARTESIAN_POINT ( 'NONE',  ( 5.105479388357661463, -3.986309586602161392, 4.000000000000000000 ) ) ;
#150 = EDGE_CURVE ( 'NONE', #3749, #4123, #3151, .T. ) ;
#151 = ORIENTED_EDGE ( 'NONE', *, *, #718, .T. ) ;
#152 = VECTOR ( 'NONE', #861, 1000.000000000000000 ) ;
#153 = CARTESIAN_POINT ( 'NONE',  ( -4.000000000000000000, 0.000000000000000000, -3.699999999980718712 ) ) ;
#154 = DIRECTION ( 'NONE',  ( -0.000000000000000000, 0.000000000000000000, 1.000000000000000000 ) ) ;
#155 = DIRECTION ( 'NONE',  ( 0.000000000000000000, 0.7071067811865473507, -0.7071067811865477948 ) ) ;
#156 = VERTEX_POINT ( 'NONE', #1447 ) ;
#157 = ORIENTED_EDGE ( 'NONE', *, *, #3172, .T. ) ;
#158 = EDGE_CURVE ( 'NONE', #676, #3470, #500, .T. ) ;
#159 = CARTESIAN_POINT ( 'NONE',  ( 6.999999999954162000, 2.738324088107059672E-16, -3.999999999956252772 ) ) ;
#160 = CARTESIAN_POINT ( 'NONE',  ( 6.478314155840201316, -2.834364439540214331, -4.000000000000000000 ) ) ;
#161 = CARTESIAN_POINT ( 'NONE',  ( 1.771712754072560569, -1.162267097170865293, 2.089919104088476587 ) ) ;
#162 = ORIENTED_EDGE ( 'NONE', *, *, #4522, .T. ) ;
#163 = EDGE_LOOP ( 'NONE', ( #385, #3359, #1611, #3494, #1589, #1640, #1671, #4116 ) ) ;
#164 = ADVANCED_FACE ( 'NONE', ( #2240 ), #2732, .T. ) ;
#165 = PLANE ( 'NONE',  #4269 ) ;
#166 = CARTESIAN_POINT ( 'NONE',  ( 4.100000000000000533, -8.131516293641283255E-17, -3.699999999980718712 ) ) ;
#167 = CARTESIAN_POINT ( 'NONE',  ( 0.000000000000000000, -2.286309586565948848, 0.000000000000000000 ) ) ;
#168 = ORIENTED_EDGE ( 'NONE', *, *, #3659, .T. ) ;
#169 = ORIENTED_EDGE ( 'NONE', *, *, #1157, .F. ) ;
#170 = DIRECTION ( 'NONE',  ( 1.000000000000000000, 0.000000000000000000, 0.000000000000000000 ) ) ;
#171 = ORIENTED_EDGE ( 'NONE', *, *, #2393, .F. ) ;
#172 = DIRECTION ( 'NONE',  ( 1.000000000000000000, -1.776356839400250465E-15, 0.000000000000000000 ) ) ;
#173 = AXIS2_PLACEMENT_3D ( 'NONE', #2973, #2260, #1133 ) ;
#174 = VERTEX_POINT ( 'NONE', #3309 ) ;
#175 = CIRCLE ( 'NONE', #2731, 2.000000000000000000 ) ;
#176 = CARTESIAN_POINT ( 'NONE',  ( 0.000000000000000000, -1.500000000135059963, 0.000000000000000000 ) ) ;
#177 = CARTESIAN_POINT ( 'NONE',  ( -2.199999999995776889, 2.144761058891654582, 3.999999999958030017 ) ) ;
#178 = CARTESIAN_POINT ( 'NONE',  ( 1.900000000000000133, 2.313690413397838430, 3.699999999999998401 ) ) ;
#179 = CARTESIAN_POINT ( 'NONE',  ( -6.378314155852327083, -2.834364439554671211, -3.999999999981127985 ) ) ;
#180 = ORIENTED_EDGE ( 'NONE', *, *, #827, .T. ) ;
#181 = LINE ( 'NONE', #2954, #1984 ) ;
#182 = EDGE_CURVE ( 'NONE', #3468, #2282, #1285, .T. ) ;
#183 = PLANE ( 'NONE',  #2015 ) ;
#184 = CIRCLE ( 'NONE', #239, 2.499999999978626875 ) ;
#185 = CARTESIAN_POINT ( 'NONE',  ( 1.678262674955328437, -1.500000000000000000, -1.499999969945979172 ) ) ;
#186 = EDGE_CURVE ( 'NONE', #3805, #2889, #1259, .T. ) ;
#187 = ADVANCED_FACE ( 'NONE', ( #4240 ), #3622, .T. ) ;
#188 = CARTESIAN_POINT ( 'NONE',  ( 1.530808498967605993E-16, -2.086309586616152956, -1.250000000027284841 ) ) ;
#189 = FACE_OUTER_BOUND ( 'NONE', #1783, .T. ) ;
#190 = ORIENTED_EDGE ( 'NONE', *, *, #749, .F. ) ;
#191 = ORIENTED_EDGE ( 'NONE', *, *, #3424, .F. ) ;
#192 = DIRECTION ( 'NONE',  ( 0.000000000000000000, 1.445602896647339163E-16, -1.000000000000000000 ) ) ;
#193 = CARTESIAN_POINT ( 'NONE',  ( -2.054479267877127313, 2.013690413405308632, -3.999999999992529531 ) ) ;
#194 = CARTESIAN_POINT ( 'NONE',  ( 2.064981273822855457, -1.618239408773731514, 1.570283453837597154 ) ) ;
#195 = LINE ( 'NONE', #2996, #1286 ) ;
#196 = AXIS2_PLACEMENT_3D ( 'NONE', #3897, #3129, #2781 ) ;
#197 = VERTEX_POINT ( 'NONE', #775 ) ;
#198 = CARTESIAN_POINT ( 'NONE',  ( -4.000000000000000000, 0.000000000000000000, 3.700000000037562131 ) ) ;
#199 = DIRECTION ( 'NONE',  ( -0.000000000000000000, -1.000000000000000000, -0.000000000000000000 ) ) ;
#200 = VECTOR ( 'NONE', #2148, 1000.000000000000000 ) ;
#201 = B_SPLINE_CURVE_WITH_KNOTS ( 'NONE', 3,
 ( #3177, #2017, #2408, #267 ),
 .UNSPECIFIED., .F., .F.,
 ( 4, 4 ),
 ( 0.000000000000000000, 1.000000000000000000 ),
 .UNSPECIFIED. ) ;
#202 = AXIS2_PLACEMENT_3D ( 'NONE', #3417, #3773, #3746 ) ;
#203 = CARTESIAN_POINT ( 'NONE',  ( 7.766060555936779686, -0.4999999999999998890, -3.999999999964608310 ) ) ;
#204 = FACE_OUTER_BOUND ( 'NONE', #1068, .T. ) ;
#205 = CARTESIAN_POINT ( 'NONE',  ( 6.428287245927433169, -1.162267097170872843, -2.089919104088466817 ) ) ;
#206 = EDGE_LOOP ( 'NONE', ( #2793, #437, #1478, #2454 ) ) ;
#207 = DIRECTION ( 'NONE',  ( 0.000000000000000000, -0.000000000000000000, 1.000000000000000000 ) ) ;
#208 = ORIENTED_EDGE ( 'NONE', *, *, #455, .F. ) ;
#209 = DIRECTION ( 'NONE',  ( -1.000000000000000000, -0.000000000000000000, -0.000000000000000000 ) ) ;
#210 = DIRECTION ( 'NONE',  ( -0.000000000000000000, 0.000000000000000000, 1.000000000000000000 ) ) ;
#211 = EDGE_CURVE ( 'NONE', #1536, #2791, #646, .T. ) ;
#212 = ADVANCED_FACE ( 'NONE', ( #1664 ), #1613, .F. ) ;
#213 = CARTESIAN_POINT ( 'NONE',  ( -3.999999999999996447, 1.021924959892513503E-15, -3.700000000094405550 ) ) ;
#214 = EDGE_LOOP ( 'NONE', ( #4199, #1913, #3322, #594, #2936, #503, #2768, #3208, #2725, #994, #2955, #2043, #3732, #3302, #4415 ) ) ;
#215 = DIRECTION ( 'NONE',  ( 0.000000000000000000, 0.000000000000000000, 1.000000000000000000 ) ) ;
#216 = FACE_OUTER_BOUND ( 'NONE', #2938, .T. ) ;
#217 = EDGE_CURVE ( 'NONE', #3213, #4054, #661, .T. ) ;
#218 = VERTEX_POINT ( 'NONE', #2326 ) ;
#219 = ORIENTED_EDGE ( 'NONE', *, *, #1293, .F. ) ;
#220 = CARTESIAN_POINT ( 'NONE',  ( 1.504308126285617941, -1.227044358864029405, -1.772955641135969707 ) ) ;
#221 = VERTEX_POINT ( 'NONE', #3456 ) ;
#222 = CARTESIAN_POINT ( 'NONE',  ( 2.145544523195821451, 2.068145890203363813, 3.945544523191802710 ) ) ;
#223 = ORIENTED_EDGE ( 'NONE', *, *, #3477, .T. ) ;
#224 = EDGE_LOOP ( 'NONE', ( #3727, #3168 ) ) ;
#225 = VERTEX_POINT ( 'NONE', #1564 ) ;
#226 = CARTESIAN_POINT ( 'NONE',  ( -6.799999999960164132, 3.429011037563804145E-16, 3.999999999962255970 ) ) ;
#227 = AXIS2_PLACEMENT_3D ( 'NONE', #2374, #2723, #172 ) ;
#228 = CARTESIAN_POINT ( 'NONE',  ( -6.571150438746164113, 3.064177772475907613, 4.000000000000000000 ) ) ;
#229 = B_SPLINE_CURVE_WITH_KNOTS ( 'NONE', 3,
 ( #4365, #3974, #2925, #1743 ),
 .UNSPECIFIED., .F., .F.,
 ( 4, 4 ),
 ( 3.999061011159231159E-16, 0.0005323621923226352307 ),
 .UNSPECIFIED. ) ;
#230 = EDGE_LOOP ( 'NONE', ( #162, #1693, #3867, #1917 ) ) ;
#231 = CARTESIAN_POINT ( 'NONE',  ( 1.243428628517274648, -0.5000000000000008882, 3.999999999965014208 ) ) ;
#232 = DIRECTION ( 'NONE',  ( 0.000000000000000000, -0.7071067811865474617, -0.7071067811865474617 ) ) ;
#233 = VERTEX_POINT ( 'NONE', #2953 ) ;
#234 = ADVANCED_FACE ( 'NONE', ( #2014 ), #864, .F. ) ;
#235 = DIRECTION ( 'NONE',  ( -0.7071067811865474617, 0.000000000000000000, -0.7071067811865474617 ) ) ;
#236 = CIRCLE ( 'NONE', #2905, 2.800000000036106940 ) ;
#237 = EDGE_CURVE ( 'NONE', #4393, #1592, #2776, .T. ) ;
#238 = UNCERTAINTY_MEASURE_WITH_UNIT (LENGTH_MEASURE( 1.000000000000000082E-05 ), #803, 'distance_accuracy_value', 'NONE');
#239 = AXIS2_PLACEMENT_3D ( 'NONE', #1986, #1175, #3759 ) ;
#240 = CARTESIAN_POINT ( 'NONE',  ( 1.200000000039835868, -8.131516293641283255E-17, -3.999999999962255970 ) ) ;
#241 = ORIENTED_EDGE ( 'NONE', *, *, #3922, .T. ) ;
#242 = DIRECTION ( 'NONE',  ( -1.000000000000000000, 0.000000000000000000, 0.000000000000000000 ) ) ;
#243 = EDGE_CURVE ( 'NONE', #4300, #3142, #3577, .T. ) ;
#244 = VERTEX_POINT ( 'NONE', #1206 ) ;
#245 = CIRCLE ( 'NONE', #4641, 2.499999999978626875 ) ;
#246 = CARTESIAN_POINT ( 'NONE',  ( 6.379682287300728838, -1.500000050574287425, 1.597788560844011885 ) ) ;
#247 = EDGE_LOOP ( 'NONE', ( #146, #441, #1908 ) ) ;
#248 = LINE ( 'NONE', #2505, #954 ) ;
#249 = EDGE_CURVE ( 'NONE', #3222, #3794, #3631, .T. ) ;
#250 = FACE_OUTER_BOUND ( 'NONE', #4087, .T. ) ;
#251 = ORIENTED_EDGE ( 'NONE', *, *, #4371, .F. ) ;
#252 = DIRECTION ( 'NONE',  ( 0.000000000000000000, -1.000000000000000000, 0.000000000000000000 ) ) ;
#253 = PLANE ( 'NONE',  #4276 ) ;
#254 = AXIS2_PLACEMENT_3D ( 'NONE', #4176, #509, #3047 ) ;
#255 = VECTOR ( 'NONE', #4498, 1000.000000000000000 ) ;
#256 = ORIENTED_EDGE ( 'NONE', *, *, #3802, .F. ) ;
#257 = ADVANCED_FACE ( 'NONE', ( #2655 ), #1612, .F. ) ;
#258 = CARTESIAN_POINT ( 'NONE',  ( 4.100000000000000533, -8.131516293641283255E-17, 4.000000000000000000 ) ) ;
#259 = B_SPLINE_CURVE_WITH_KNOTS ( 'NONE', 3,
 ( #3885, #3860, #4263, #1705 ),
 .UNSPECIFIED., .F., .F.,
 ( 4, 4 ),
 ( 1.086466280183065311E-14, 0.0003749298388304729925 ),
 .UNSPECIFIED. ) ;
#260 = FACE_OUTER_BOUND ( 'NONE', #1964, .T. ) ;
#261 = VERTEX_POINT ( 'NONE', #3410 ) ;
#262 = LINE ( 'NONE', #2634, #649 ) ;
#263 = DIRECTION ( 'NONE',  ( 0.000000000000000000, 0.000000000000000000, -1.000000000000000000 ) ) ;
#264 = CARTESIAN_POINT ( 'NONE',  ( -7.999999999999998224, -0.4950000000000003286, -2.497928932188135054 ) ) ;
#265 = DIRECTION ( 'NONE',  ( -0.000000000000000000, 0.000000000000000000, 1.000000000000000000 ) ) ;
#266 = CARTESIAN_POINT ( 'NONE',  ( -3.999999999999996447, -0.4999999999999998890, -4.000000000000000000 ) ) ;
#267 = CARTESIAN_POINT ( 'NONE',  ( 1.384808150012000194, -0.4999337102465380434, 2.667772146629190821 ) ) ;
#268 = EDGE_CURVE ( 'NONE', #9, #618, #1229, .T. ) ;
#269 = ORIENTED_EDGE ( 'NONE', *, *, #4257, .F. ) ;
#270 = CARTESIAN_POINT ( 'NONE',  ( 6.560155213461241530, -1.445502545139979222, 1.554497454860022110 ) ) ;
#271 = ORIENTED_EDGE ( 'NONE', *, *, #2670, .F. ) ;
#272 = CARTESIAN_POINT ( 'NONE',  ( 6.755827126932028470, -0.6614844176444264479, -2.338515582355574107 ) ) ;
#273 = CARTESIAN_POINT ( 'NONE',  ( 6.690177002578621135, -1.397308532419963889, 1.595620399768169495 ) ) ;
#274 = ORIENTED_EDGE ( 'NONE', *, *, #424, .F. ) ;
#275 = ORIENTED_EDGE ( 'NONE', *, *, #3986, .F. ) ;
#276 = EDGE_CURVE ( 'NONE', #3678, #4533, #3466, .T. ) ;
#277 = DIRECTION ( 'NONE',  ( 0.6427876096865405842, -0.7660444431189771253, 0.000000000000000000 ) ) ;
#278 = VERTEX_POINT ( 'NONE', #3784 ) ;
#279 = CARTESIAN_POINT ( 'NONE',  ( 2.449293598373365707E-16, -2.586309586602166366, 2.000000000064229955 ) ) ;
#280 = AXIS2_PLACEMENT_3D ( 'NONE', #2532, #2168, #4010 ) ;
#281 = ORIENTED_EDGE ( 'NONE', *, *, #4223, .T. ) ;
#282 = CARTESIAN_POINT ( 'NONE',  ( 0.000000000000000000, -4.286309586602162547, 0.000000000000000000 ) ) ;
#283 = DIRECTION ( 'NONE',  ( 0.000000000000000000, 0.000000000000000000, 1.000000000000000000 ) ) ;
#284 = CARTESIAN_POINT ( 'NONE',  ( 6.957442037882715091, -0.4949999999999998845, -3.999999999977837284 ) ) ;
#285 = CARTESIAN_POINT ( 'NONE',  ( -1.899999999999999245, 2.313690413397838430, -3.699999999999999734 ) ) ;
#286 = ORIENTED_EDGE ( 'NONE', *, *, #1420, .T. ) ;
#287 = LINE ( 'NONE', #3082, #1220 ) ;
#288 = CARTESIAN_POINT ( 'NONE',  ( 4.100000000000000533, -8.131516293641283255E-17, -3.699999999980718712 ) ) ;
#289 = DIRECTION ( 'NONE',  ( -1.000000000000000000, 0.000000000000000000, -0.000000000000000000 ) ) ;
#290 = VERTEX_POINT ( 'NONE', #1221 ) ;
#291 = FACE_OUTER_BOUND ( 'NONE', #1417, .T. ) ;
#292 = CARTESIAN_POINT ( 'NONE',  ( 1.771712754072569229, -1.162267097170881724, -2.089919104088457047 ) ) ;
#293 =( BOUNDED_CURVE ( )  B_SPLINE_CURVE ( 3, ( #1350, #1034, #3217, #4687 ),
 .UNSPECIFIED., .F., .T. ) 
 B_SPLINE_CURVE_WITH_KNOTS ( ( 4, 4 ),
 ( 4.913746901175020554, 5.355890089177973934 ),
 .UNSPECIFIED. ) 
 CURVE ( )  GEOMETRIC_REPRESENTATION_ITEM ( )  RATIONAL_B_SPLINE_CURVE ( ( 1.000000000000000000, 0.9837753570014466931, 0.9837753570014466931, 1.000000000000000000 ) ) 
 REPRESENTATION_ITEM ( '' )  );
#294 = DIRECTION ( 'NONE',  ( 0.000000000000000000, 0.7938448060994457434, 0.6081204024113426865 ) ) ;
#295 = CARTESIAN_POINT ( 'NONE',  ( 6.949995488776226971, -0.6051304829086159298, -2.394869517091384292 ) ) ;
#296 = FACE_OUTER_BOUND ( 'NONE', #4014, .T. ) ;
#297 = EDGE_CURVE ( 'NONE', #3108, #553, #3957, .T. ) ;
#298 = CARTESIAN_POINT ( 'NONE',  ( 0.9499999999889042757, -1.349999999945339368, 0.000000000000000000 ) ) ;
#299 = CARTESIAN_POINT ( 'NONE',  ( 4.100000000000000533, -8.131516293641283255E-17, 4.000000000000000000 ) ) ;
#300 = CARTESIAN_POINT ( 'NONE',  ( 0.000000000000000000, -1.494999999863466655, 0.000000000000000000 ) ) ;
#301 = CYLINDRICAL_SURFACE ( 'NONE', #3125, 2.500000000000000444 ) ;
#302 = ORIENTED_EDGE ( 'NONE', *, *, #1989, .T. ) ;
#303 = CARTESIAN_POINT ( 'NONE',  ( 1.685016685903653277, -0.9685719277010653716, -2.600259636407411090 ) ) ;
#304 = EDGE_CURVE ( 'NONE', #1348, #1795, #2591, .T. ) ;
#305 = CARTESIAN_POINT ( 'NONE',  ( 6.690177002578622911, -0.6189097570034982621, 2.301599244163461844 ) ) ;
#306 = LINE ( 'NONE', #4121, #1124 ) ;
#307 = ORIENTED_EDGE ( 'NONE', *, *, #2944, .T. ) ;
#308 = CARTESIAN_POINT ( 'NONE',  ( 1.176490862508565272, -0.2947559643309779487, -2.701716198976330308 ) ) ;
#309 = FACE_OUTER_BOUND ( 'NONE', #2103, .T. ) ;
#310 = CARTESIAN_POINT ( 'NONE',  ( 0.000000000000000000, -1.500000000000000222, 1.499999999999999334 ) ) ;
#311 = VERTEX_POINT ( 'NONE', #159 ) ;
#312 = CARTESIAN_POINT ( 'NONE',  ( 0.000000000000000000, -0.5000000000000003331, -2.500000000000000888 ) ) ;
#313 = LINE ( 'NONE', #985, #380 ) ;
#314 = CARTESIAN_POINT ( 'NONE',  ( -7.969253708192509222, -0.4950000000000021605, 2.497928932188133277 ) ) ;
#315 = ORIENTED_EDGE ( 'NONE', *, *, #1055, .F. ) ;
#316 = CARTESIAN_POINT ( 'NONE',  ( -6.654197608887687743, -0.4950000000000008837, 3.899901238000991199 ) ) ;
#317 = CARTESIAN_POINT ( 'NONE',  ( 1.331580568832306133, -0.4950000000000008837, 3.912283814116304548 ) ) ;
#318 = DIRECTION ( 'NONE',  ( 1.000000000000000000, 8.651359334445627801E-17, 0.000000000000000000 ) ) ;
#319 = EDGE_LOOP ( 'NONE', ( #2170, #251, #3990, #15 ) ) ;
#320 = CARTESIAN_POINT ( 'NONE',  ( 6.690177002578618470, -0.7424381658900623959, 2.207964477321361141 ) ) ;
#321 = VECTOR ( 'NONE', #3407, 1000.000000000000000 ) ;
#322 = B_SPLINE_CURVE_WITH_KNOTS ( 'NONE', 3,
 ( #4518, #1234, #1628, #193 ),
 .UNSPECIFIED., .F., .F.,
 ( 4, 4 ),
 ( 7.120318087296839921E-13, 0.0001195117052024783505 ),
 .UNSPECIFIED. ) ;
#323 = ORIENTED_EDGE ( 'NONE', *, *, #1063, .T. ) ;
#324 = DIRECTION ( 'NONE',  ( -0.000000000000000000, -0.000000000000000000, -1.000000000000000000 ) ) ;
#325 = VECTOR ( 'NONE', #192, 1000.000000000000000 ) ;
#326 = CARTESIAN_POINT ( 'NONE',  ( 1.309822997421379309, -1.300000000000000044, -1.500000000000000666 ) ) ;
#327 = CARTESIAN_POINT ( 'NONE',  ( 6.637633653883219687, -0.5762104902717301025, 2.280079381912404113 ) ) ;
#328 = CARTESIAN_POINT ( 'NONE',  ( 7.939538620491530807, -1.173818695245048893, -1.819110236943087155 ) ) ;
#329 = ORIENTED_EDGE ( 'NONE', *, *, #3750, .T. ) ;
#330 = ORIENTED_EDGE ( 'NONE', *, *, #1484, .T. ) ;
#331 = ORIENTED_EDGE ( 'NONE', *, *, #3483, .T. ) ;
#332 = CARTESIAN_POINT ( 'NONE',  ( 1.277208758049033221, -0.4999999999999975020, -2.555415252730517839 ) ) ;
#333 = DIRECTION ( 'NONE',  ( -1.000000000000000000, 0.000000000000000000, 0.000000000000000000 ) ) ;
#334 = EDGE_CURVE ( 'NONE', #710, #1966, #3852, .T. ) ;
#335 = ADVANCED_FACE ( 'NONE', ( #4297 ), #554, .F. ) ;
#336 = CARTESIAN_POINT ( 'NONE',  ( -1.899999999999999689, 2.313690413397837986, 3.699999999999998401 ) ) ;
#337 = VERTEX_POINT ( 'NONE', #4328 ) ;
#338 = ORIENTED_EDGE ( 'NONE', *, *, #740, .F. ) ;
#339 = CARTESIAN_POINT ( 'NONE',  ( 0.000000000000000000, -1.500000000000000222, 1.499999999999999334 ) ) ;
#340 = DIRECTION ( 'NONE',  ( -0.000000000000000000, -0.000000000000000000, -1.000000000000000000 ) ) ;
#341 = VERTEX_POINT ( 'NONE', #285 ) ;
#342 = EDGE_CURVE ( 'NONE', #3135, #2579, #1202, .T. ) ;
#343 = DIRECTION ( 'NONE',  ( -0.000000000000000000, -0.000000000000000000, -1.000000000000000000 ) ) ;
#344 = DIRECTION ( 'NONE',  ( 0.000000000000000000, -1.000000000000000000, 0.000000000000000000 ) ) ;
#345 = CARTESIAN_POINT ( 'NONE',  ( 6.695691873714392450, -1.227044358864014306, 1.772955641135986582 ) ) ;
#346 = ORIENTED_EDGE ( 'NONE', *, *, #623, .T. ) ;
#347 = DIRECTION ( 'NONE',  ( -0.7660444431189772363, 0.6427876096865402511, -0.000000000000000000 ) ) ;
#348 = AXIS2_PLACEMENT_3D ( 'NONE', #923, #3530, #4233 ) ;
#349 = CARTESIAN_POINT ( 'NONE',  ( -7.999999999999998224, -0.4950000000000009948, 2.500000000000000000 ) ) ;
#350 = ORIENTED_EDGE ( 'NONE', *, *, #599, .T. ) ;
#351 = CONICAL_SURFACE ( 'NONE', #1113, 2.000000000009549694, 0.7853981633974482790 ) ;
#352 = DIRECTION ( 'NONE',  ( -0.000000000000000000, 0.000000000000000000, -1.000000000000000000 ) ) ;
#353 = DIRECTION ( 'NONE',  ( -0.000000000000000000, -2.891205793294680298E-16, 1.000000000000000000 ) ) ;
#354 = VECTOR ( 'NONE', #209, 1000.000000000000000 ) ;
#355 = CARTESIAN_POINT ( 'NONE',  ( 1.562366346116764504, -0.5762104902716633781, 2.280079381912474723 ) ) ;
#356 = CARTESIAN_POINT ( 'NONE',  ( 6.478314155840201316, 2.834364439540219660, -4.000000000000000000 ) ) ;
#357 = VERTEX_POINT ( 'NONE', #627 ) ;
#358 = ADVANCED_FACE ( 'NONE', ( #3517 ), #1032, .F. ) ;
#359 = LINE ( 'NONE', #1739, #3025 ) ;
#360 = DIRECTION ( 'NONE',  ( -0.000000000000000000, 1.000000000000000000, 0.000000000000000000 ) ) ;
#361 = PLANE ( 'NONE',  #930 ) ;
#362 = ORIENTED_EDGE ( 'NONE', *, *, #1871, .T. ) ;
#363 = CARTESIAN_POINT ( 'NONE',  ( 6.618593549950180233, -0.6545783641883893278, 2.668491877424247871 ) ) ;
#364 = PLANE ( 'NONE',  #2772 ) ;
#365 = EDGE_CURVE ( 'NONE', #559, #3095, #4467, .T. ) ;
#366 = VECTOR ( 'NONE', #3840, 1000.000000000000000 ) ;
#367 = PLANE ( 'NONE',  #2248 ) ;
#368 = DIRECTION ( 'NONE',  ( 9.901389703904623249E-17, -1.000000000000000000, 0.000000000000000000 ) ) ;
#369 = DIRECTION ( 'NONE',  ( -0.000000000000000000, 1.000000000000000000, 0.000000000000000000 ) ) ;
#370 = LINE ( 'NONE', #457, #3098 ) ;
#371 = VERTEX_POINT ( 'NONE', #4667 ) ;
#372 = EDGE_CURVE ( 'NONE', #2717, #134, #2301, .T. ) ;
#373 = CARTESIAN_POINT ( 'NONE',  ( -7.710117922654209366, -1.495000000000000773, 4.000000000000000000 ) ) ;
#374 = DIRECTION ( 'NONE',  ( 0.000000000000000000, 0.7938448060994455213, -0.6081204024113429085 ) ) ;
#375 = LINE ( 'NONE', #310, #2050 ) ;
#376 = ORIENTED_EDGE ( 'NONE', *, *, #542, .F. ) ;
#377 = DIRECTION ( 'NONE',  ( -0.000000000000000000, -0.000000000000000000, -1.000000000000000000 ) ) ;
#378 = DIRECTION ( 'NONE',  ( 0.000000000000000000, -1.000000000000000000, -1.445602896647339163E-16 ) ) ;
#379 = EDGE_CURVE ( 'NONE', #762, #1646, #4241, .T. ) ;
#380 = VECTOR ( 'NONE', #969, 1000.000000000000114 ) ;
#381 = ORIENTED_EDGE ( 'NONE', *, *, #379, .T. ) ;
#382 = LINE ( 'NONE', #541, #4007 ) ;
#383 = DIRECTION ( 'NONE',  ( -0.5773502691896257311, 0.5773502691896267303, 0.5773502691896248429 ) ) ;
#384 = DIRECTION ( 'NONE',  ( -1.000000000000000000, 0.000000000000000000, 0.000000000000000000 ) ) ;
#385 = ORIENTED_EDGE ( 'NONE', *, *, #4230, .F. ) ;
#386 = ADVANCED_FACE ( 'NONE', ( #925 ), #1736, .F. ) ;
#387 = DIRECTION ( 'NONE',  ( 1.000000000000000000, -0.000000000000000000, 0.000000000000000000 ) ) ;
#388 = CARTESIAN_POINT ( 'NONE',  ( 5.214670458637524320, -4.286309586602162547, -3.700000000000003730 ) ) ;
#389 = AXIS2_PLACEMENT_3D ( 'NONE', #608, #263, #3542 ) ;
#390 = VECTOR ( 'NONE', #3966, 1000.000000000000000 ) ;
#391 = ORIENTED_EDGE ( 'NONE', *, *, #2704, .T. ) ;
#392 = B_SPLINE_CURVE_WITH_KNOTS ( 'NONE', 3,
 ( #3017, #4538, #4129, #142 ),
 .UNSPECIFIED., .F., .F.,
 ( 4, 4 ),
 ( 5.215300538559001701E-17, 0.0002717434555815117147 ),
 .UNSPECIFIED. ) ;
#393 = LINE ( 'NONE', #957, #2180 ) ;
#394 = CARTESIAN_POINT ( 'NONE',  ( 2.181477371696062484, 2.150309184632390735, -3.981477371696061862 ) ) ;
#395 = ORIENTED_EDGE ( 'NONE', *, *, #3009, .F. ) ;
#396 = AXIS2_PLACEMENT_3D ( 'NONE', #4086, #2599, #3248 ) ;
#397 = CARTESIAN_POINT ( 'NONE',  ( 1.331276566599935540, -0.4999999999999951150, 2.611342128037020593 ) ) ;
#398 = CARTESIAN_POINT ( 'NONE',  ( 6.662195337592176969, -0.4417635702736537051, 2.911020098995749983 ) ) ;
#399 = ORIENTED_EDGE ( 'NONE', *, *, #2569, .T. ) ;
#400 = EDGE_LOOP ( 'NONE', ( #452, #2813, #3478, #3650, #769 ) ) ;
#401 = CARTESIAN_POINT ( 'NONE',  ( -3.999999999999996447, 1.021924959892513503E-15, -4.000000000000000000 ) ) ;
#402 = CARTESIAN_POINT ( 'NONE',  ( 1.775737858596367691E-16, -2.286309586509105429, 1.449999999863393896 ) ) ;
#403 = EDGE_CURVE ( 'NONE', #278, #4587, #1665, .T. ) ;
#404 = DIRECTION ( 'NONE',  ( 0.000000000000000000, 1.445602896647339163E-16, -1.000000000000000000 ) ) ;
#405 = VERTEX_POINT ( 'NONE', #2433 ) ;
#406 = EDGE_CURVE ( 'NONE', #1858, #1556, #4212, .T. ) ;
#407 = EDGE_LOOP ( 'NONE', ( #4274, #3734, #832, #2491, #4137, #241, #2596, #1663 ) ) ;
#408 = FACE_OUTER_BOUND ( 'NONE', #880, .T. ) ;
#409 = ADVANCED_FACE ( 'NONE', ( #1307 ), #1431, .F. ) ;
#410 = DIRECTION ( 'NONE',  ( 0.000000000000000000, 0.000000000000000000, 1.000000000000000000 ) ) ;
#411 = FACE_BOUND ( 'NONE', #4061, .T. ) ;
#412 = CARTESIAN_POINT ( 'NONE',  ( 1.495241325826988321, -0.5000000000000011102, 2.416366926539391002 ) ) ;
#413 = CARTESIAN_POINT ( 'NONE',  ( -3.999999999999996447, -0.4999999999999998890, -4.000000000000000000 ) ) ;
#414 = LINE ( 'NONE', #883, #1115 ) ;
#415 = CARTESIAN_POINT ( 'NONE',  ( 1.618725610575286744, -0.7841431596366249535, 2.062461987443508171 ) ) ;
#416 = DIRECTION ( 'NONE',  ( 0.000000000000000000, -7.228014483236695816E-17, -1.000000000000000000 ) ) ;
#417 = FACE_OUTER_BOUND ( 'NONE', #4038, .T. ) ;
#418 = ORIENTED_EDGE ( 'NONE', *, *, #4275, .F. ) ;
#419 = B_SPLINE_CURVE_WITH_KNOTS ( 'NONE', 3,
 ( #2668, #823, #2969, #2219 ),
 .UNSPECIFIED., .F., .F.,
 ( 4, 4 ),
 ( 1.084202172485504434E-18, 0.0001724592805690940232 ),
 .UNSPECIFIED. ) ;
#420 = ORIENTED_EDGE ( 'NONE', *, *, #1271, .T. ) ;
#421 = CARTESIAN_POINT ( 'NONE',  ( -7.999999999999998224, -0.4950000000000003286, -2.497928932188135054 ) ) ;
#422 = VECTOR ( 'NONE', #818, 1000.000000000000000 ) ;
#423 = DIRECTION ( 'NONE',  ( -0.000000000000000000, 1.000000000000000000, 0.000000000000000000 ) ) ;
#424 = EDGE_CURVE ( 'NONE', #676, #4102, #3167, .T. ) ;
#425 = LINE ( 'NONE', #964, #2409 ) ;
#426 = CARTESIAN_POINT ( 'NONE',  ( -1.996259747372429283, -1.495000000000000107, -1.497928932188135276 ) ) ;
#427 = EDGE_LOOP ( 'NONE', ( #2065, #3995, #885, #40 ) ) ;
#428 = ADVANCED_FACE ( 'NONE', ( #605 ), #1771, .T. ) ;
#429 = DIRECTION ( 'NONE',  ( 0.000000000000000000, -0.000000000000000000, 1.000000000000000000 ) ) ;
#430 = VECTOR ( 'NONE', #3692, 1000.000000000000114 ) ;
#431 = EDGE_CURVE ( 'NONE', #47, #3830, #97, .T. ) ;
#432 = ORIENTED_EDGE ( 'NONE', *, *, #144, .F. ) ;
#433 = CARTESIAN_POINT ( 'NONE',  ( 1.653374302764285320, -0.8863553396047753052, 1.955489146881253193 ) ) ;
#434 = CARTESIAN_POINT ( 'NONE',  ( 2.013124124711195950, 2.013690413398412371, -3.999999999980553778 ) ) ;
#435 = CYLINDRICAL_SURFACE ( 'NONE', #2624, 1.250000000000000000 ) ;
#436 = DIRECTION ( 'NONE',  ( 1.000000000000000000, 0.000000000000000000, 0.000000000000000000 ) ) ;
#437 = ORIENTED_EDGE ( 'NONE', *, *, #3453, .T. ) ;
#438 = CARTESIAN_POINT ( 'NONE',  ( -6.378314155840198119, 2.834364439540217884, 4.000000000000000000 ) ) ;
#439 = AXIS2_PLACEMENT_3D ( 'NONE', #1909, #1177, #2988 ) ;
#440 = DIRECTION ( 'NONE',  ( 0.4545194776720428154, -0.5416752204197001763, -0.7071067811865494601 ) ) ;
#441 = ORIENTED_EDGE ( 'NONE', *, *, #268, .T. ) ;
#442 = DIRECTION ( 'NONE',  ( 0.7071067811865476838, -0.7071067811865474617, 0.000000000000000000 ) ) ;
#443 = CARTESIAN_POINT ( 'NONE',  ( 6.956571371392518799, -0.4999999999999998890, -3.999999999977839060 ) ) ;
#444 = AXIS2_PLACEMENT_3D ( 'NONE', #2181, #4108, #490 ) ;
#445 = ORIENTED_EDGE ( 'NONE', *, *, #2360, .T. ) ;
#446 = ORIENTED_EDGE ( 'NONE', *, *, #2551, .F. ) ;
#447 = CARTESIAN_POINT ( 'NONE',  ( 1.358819427889160769, -0.3790500972934435220, 2.794469418670577188 ) ) ;
#448 = CARTESIAN_POINT ( 'NONE',  ( 2.145544523231622147, 2.068145890166279255, -3.945544523231621525 ) ) ;
#449 = CARTESIAN_POINT ( 'NONE',  ( -4.000000000000000000, 0.000000000000000000, 3.999999999962255970 ) ) ;
#450 = CARTESIAN_POINT ( 'NONE',  ( 0.000000000000000000, -2.286309586622792267, 0.000000000000000000 ) ) ;
#451 = EDGE_LOOP ( 'NONE', ( #2377, #2253, #3288, #1718 ) ) ;
#452 = ORIENTED_EDGE ( 'NONE', *, *, #1242, .F. ) ;
#453 = ADVANCED_FACE ( 'NONE', ( #1902 ), #3405, .F. ) ;
#454 = DIRECTION ( 'NONE',  ( 0.000000000000000000, 0.000000000000000000, 1.000000000000000000 ) ) ;
#455 = EDGE_CURVE ( 'NONE', #4651, #2373, #1396, .T. ) ;
#456 = AXIS2_PLACEMENT_3D ( 'NONE', #1851, #404, #2576 ) ;
#457 = CARTESIAN_POINT ( 'NONE',  ( -7.999999999981355359, 1.021924959892513503E-15, 3.700000000037562131 ) ) ;
#458 = CARTESIAN_POINT ( 'NONE',  ( 6.651468194054924510, -0.4999999999999922284, 3.074365535526079274 ) ) ;
#459 = ORIENTED_EDGE ( 'NONE', *, *, #4136, .F. ) ;
#460 = CARTESIAN_POINT ( 'NONE',  ( -7.699999999999818101, 1.021924959892513503E-15, 4.000000000019099389 ) ) ;
#461 = VERTEX_POINT ( 'NONE', #704 ) ;
#462 = CARTESIAN_POINT ( 'NONE',  ( 6.682036966724442806, -0.3418560872423846986, -3.021614865287542973 ) ) ;
#463 = EDGE_CURVE ( 'NONE', #4082, #218, #2175, .T. ) ;
#464 = CARTESIAN_POINT ( 'NONE',  ( 4.100000000000000533, -8.131516293641283255E-17, 3.699999999980718712 ) ) ;
#465 = ORIENTED_EDGE ( 'NONE', *, *, #2099, .T. ) ;
#466 = CIRCLE ( 'NONE', #1926, 0.9499999999889040536 ) ;
#467 = CARTESIAN_POINT ( 'NONE',  ( -6.754995462797407590, -0.4999999999999998890, -3.999999999970018205 ) ) ;
#468 = CARTESIAN_POINT ( 'NONE',  ( -2.200000000000003286, 1.021924959892513503E-15, 4.000000000000000000 ) ) ;
#469 = EDGE_CURVE ( 'NONE', #4355, #1666, #3431, .T. ) ;
#470 = COLOUR_RGB ( '',0.000000000000000000, 0.7372549019607843590, 1.000000000000000000 ) ;
#471 = CARTESIAN_POINT ( 'NONE',  ( 1.421816091068112575, -0.5000000052239591541, 2.492928924304195881 ) ) ;
#472 = CARTESIAN_POINT ( 'NONE',  ( 1.537833073075134394, -0.5000000000001626477, 2.985008357161080372 ) ) ;
#473 = FACE_OUTER_BOUND ( 'NONE', #2880, .T. ) ;
#474 = AXIS2_PLACEMENT_3D ( 'NONE', #995, #1320, #4258 ) ;
#475 = EDGE_LOOP ( 'NONE', ( #942, #1901, #983, #2134 ) ) ;
#476 = CARTESIAN_POINT ( 'NONE',  ( 6.690177002578622023, -1.300000000000000044, -1.692928932188135116 ) ) ;
#477 = ADVANCED_FACE ( 'NONE', ( #4131 ), #1060, .F. ) ;
#478 = DIRECTION ( 'NONE',  ( 0.000000000000000000, -0.000000000000000000, 1.000000000000000000 ) ) ;
#479 = CIRCLE ( 'NONE', #3935, 3.999999999999998224 ) ;
#480 = CARTESIAN_POINT ( 'NONE',  ( 1.915000266967107345, -1.425405021662168314, 2.049173906691379443 ) ) ;
#481 = CARTESIAN_POINT ( 'NONE',  ( 6.690177002591060962, -0.4950000000000008837, 3.737051744750023108 ) ) ;
#482 = EDGE_CURVE ( 'NONE', #102, #4355, #4544, .T. ) ;
#484 = LINE ( 'NONE', #3349, #3730 ) ;
#483 = AXIS2_PLACEMENT_3D ( 'NONE', #1052, #6, #729 ) ;
#485 = CARTESIAN_POINT ( 'NONE',  ( 4.953672830396294025, 4.113690413397838697, 4.000000000000000000 ) ) ;
#486 = CARTESIAN_POINT ( 'NONE',  ( 6.390868823557238620, -1.246203827321413105, 2.265836090840887884 ) ) ;
#487 = LINE ( 'NONE', #4658, #2353 ) ;
#488 = EDGE_LOOP ( 'NONE', ( #2300, #2666, #1596, #3753 ) ) ;
#489 = EDGE_CURVE ( 'NONE', #221, #461, #593, .T. ) ;
#490 = DIRECTION ( 'NONE',  ( -1.000000000000000000, 0.000000000000000000, 0.000000000000000000 ) ) ;
#491 = CARTESIAN_POINT ( 'NONE',  ( -3.999999999999996447, 1.021924959892513503E-15, 4.000000000007609913 ) ) ;
#492 = ORIENTED_EDGE ( 'NONE', *, *, #2817, .T. ) ;
#493 =( LENGTH_UNIT ( ) NAMED_UNIT ( * ) SI_UNIT ( .MILLI., .METRE. ) );
#494 = CARTESIAN_POINT ( 'NONE',  ( -6.225655562420845612, -1.197568134510300197, 1.795360797677833853 ) ) ;
#495 = EDGE_CURVE ( 'NONE', #4427, #2860, #3109, .T. ) ;
#496 = CARTESIAN_POINT ( 'NONE',  ( 1.775737858735593999E-16, -2.286309586622792267, 1.449999999977080734 ) ) ;
#497 = VERTEX_POINT ( 'NONE', #3983 ) ;
#498 = CARTESIAN_POINT ( 'NONE',  ( 0.000000000000000000, -0.5000000000000003331, -2.500000000000000888 ) ) ;
#499 = DIRECTION ( 'NONE',  ( 0.000000000000000000, 0.000000000000000000, -1.000000000000000000 ) ) ;
#500 = CIRCLE ( 'NONE', #3639, 1.250000000027284841 ) ;
#501 = ADVANCED_FACE ( 'NONE', ( #2934 ), #4574, .F. ) ;
#502 = CARTESIAN_POINT ( 'NONE',  ( -7.708099243547828827, -1.500000000000001332, -1.499999999999998224 ) ) ;
#503 = ORIENTED_EDGE ( 'NONE', *, *, #2335, .F. ) ;
#504 = VERTEX_POINT ( 'NONE', #1475 ) ;
#505 = VERTEX_POINT ( 'NONE', #3292 ) ;
#506 = DIRECTION ( 'NONE',  ( 0.000000000000000000, 1.000000000000000000, 0.000000000000000000 ) ) ;
#507 = ORIENTED_EDGE ( 'NONE', *, *, #3012, .F. ) ;
#508 = FILL_AREA_STYLE ('',( #2613 ) ) ;
#509 = DIRECTION ( 'NONE',  ( 0.000000000000000000, -1.000000000000000000, 7.228014483236695816E-17 ) ) ;
#510 = ORIENTED_EDGE ( 'NONE', *, *, #3199, .T. ) ;
#511 = DIRECTION ( 'NONE',  ( 0.000000000000000000, 2.891205793294680298E-16, -1.000000000000000000 ) ) ;
#512 = ORIENTED_EDGE ( 'NONE', *, *, #3259, .F. ) ;
#513 = EDGE_CURVE ( 'NONE', #4709, #2018, #4292, .T. ) ;
#514 = CARTESIAN_POINT ( 'NONE',  ( 6.634499664636470229, -0.5878747177394579859, 3.054618181859751314 ) ) ;
#515 = ORIENTED_EDGE ( 'NONE', *, *, #4338, .T. ) ;
#516 = CARTESIAN_POINT ( 'NONE',  ( 6.634499377757095750, -0.5878762302302216192, -3.054616294072975080 ) ) ;
#517 = EDGE_CURVE ( 'NONE', #504, #174, #3122, .T. ) ;
#518 = ADVANCED_FACE ( 'NONE', ( #2809 ), #2549, .T. ) ;
#519 = CIRCLE ( 'NONE', #2755, 3.699999999974714626 ) ;
#520 = CARTESIAN_POINT ( 'NONE',  ( 6.778183910765354092, -0.5000000019400289153, 2.492928928927053533 ) ) ;
#521 = CARTESIAN_POINT ( 'NONE',  ( 1.509822997421379487, -1.300000000000000044, -1.692928932188135116 ) ) ;
#522 = LINE ( 'NONE', #2696, #4268 ) ;
#523 = CARTESIAN_POINT ( 'NONE',  ( 1.446634814830946247, -1.117312480090281612, 1.882687519909718388 ) ) ;
#524 = EDGE_CURVE ( 'NONE', #3119, #4590, #1911, .T. ) ;
#525 = CARTESIAN_POINT ( 'NONE',  ( -6.449489742783176993, -0.5000000000000009992, 2.500000000000000000 ) ) ;
#526 = VECTOR ( 'NONE', #3430, 1000.000000000000114 ) ;
#527 = CARTESIAN_POINT ( 'NONE',  ( 0.000000000000000000, -0.5000000000000009992, 2.500000000000000000 ) ) ;
#528 = VERTEX_POINT ( 'NONE', #2577 ) ;
#529 = VERTEX_POINT ( 'NONE', #2213 ) ;
#530 = AXIS2_PLACEMENT_3D ( 'NONE', #3400, #1947, #2715 ) ;
#531 = CIRCLE ( 'NONE', #679, 2.799999999960164132 ) ;
#532 = CARTESIAN_POINT ( 'NONE',  ( 7.967803707459447438, -0.5000000000000000000, -3.800032476167314321 ) ) ;
#533 = CARTESIAN_POINT ( 'NONE',  ( 6.662195337592176081, -0.4417635702736560366, -2.911020098995748651 ) ) ;
#534 = ORIENTED_EDGE ( 'NONE', *, *, #1678, .T. ) ;
#535 = CARTESIAN_POINT ( 'NONE',  ( -6.378314155840202559, 2.834364439540214775, 4.000000000000000000 ) ) ;
#536 = VECTOR ( 'NONE', #3186, 1000.000000000000000 ) ;
#537 = ORIENTED_EDGE ( 'NONE', *, *, #517, .T. ) ;
#538 = DIRECTION ( 'NONE',  ( 0.000000000000000000, 0.000000000000000000, -1.000000000000000000 ) ) ;
#539 = CARTESIAN_POINT ( 'NONE',  ( 6.223684002367433798, -1.500002295986595069, 1.958674535742434886 ) ) ;
#540 = CARTESIAN_POINT ( 'NONE',  ( 8.068626966589679483, -0.5000000000000005551, 3.700000000010061463 ) ) ;
#541 = CARTESIAN_POINT ( 'NONE',  ( -4.853672830396299709, 4.113690413397838697, -4.000000000000000000 ) ) ;
#542 = EDGE_CURVE ( 'NONE', #1971, #1933, #851, .T. ) ;
#543 = AXIS2_PLACEMENT_3D ( 'NONE', #3003, #3102, #1399 ) ;
#544 = FACE_OUTER_BOUND ( 'NONE', #4573, .T. ) ;
#545 = ORIENTED_EDGE ( 'NONE', *, *, #4623, .T. ) ;
#546 = ADVANCED_FACE ( 'NONE', ( #1485 ), #1958, .T. ) ;
#547 = DIRECTION ( 'NONE',  ( 0.000000000000000000, -1.000000000000000000, 0.000000000000000000 ) ) ;
#548 = CARTESIAN_POINT ( 'NONE',  ( 6.285007409599379535, -1.425392647268963531, 2.049188875136688459 ) ) ;
#549 = EDGE_CURVE ( 'NONE', #694, #3749, #3954, .T. ) ;
#550 = ORIENTED_EDGE ( 'NONE', *, *, #2921, .F. ) ;
#551 = CARTESIAN_POINT ( 'NONE',  ( 1.639844784072288064, -1.445502541377927219, -1.554497458622071893 ) ) ;
#552 = CARTESIAN_POINT ( 'NONE',  ( 6.898062297293079403, -0.7754235763549546245, -2.224576423645047818 ) ) ;
#553 = VERTEX_POINT ( 'NONE', #106 ) ;
#554 = CONICAL_SURFACE ( 'NONE', #2406, 2.899999999960164665, 0.7853981633974482790 ) ;
#555 = DIRECTION ( 'NONE',  ( -0.000000000000000000, 1.000000000000000000, 0.000000000000000000 ) ) ;
#556 = CARTESIAN_POINT ( 'NONE',  ( 6.550490831291219784, -0.8746396139152204929, 2.713210040315667815 ) ) ;
#557 = PLANE ( 'NONE',  #1631 ) ;
#558 = ORIENTED_EDGE ( 'NONE', *, *, #1832, .T. ) ;
#559 = VERTEX_POINT ( 'NONE', #804 ) ;
#560 = CARTESIAN_POINT ( 'NONE',  ( 6.417871205378959054, -1.182825500949046260, -1.645210515598474865 ) ) ;
#561 = DIRECTION ( 'NONE',  ( -1.000000000000000000, 0.000000000000000000, 0.000000000000000000 ) ) ;
#562 = ORIENTED_EDGE ( 'NONE', *, *, #2871, .F. ) ;
#563 = B_SPLINE_CURVE_WITH_KNOTS ( 'NONE', 3,
 ( #1768, #770, #859, #3855 ),
 .UNSPECIFIED., .F., .F.,
 ( 4, 4 ),
 ( 4.336808689942017736E-19, 0.0004260459363728775692 ),
 .UNSPECIFIED. ) ;
#564 = ORIENTED_EDGE ( 'NONE', *, *, #3264, .T. ) ;
#565 = PLANE ( 'NONE',  #905 ) ;
#566 = EDGE_LOOP ( 'NONE', ( #1071, #3839, #3615, #3525, #951, #3155, #759, #3055 ) ) ;
#567 = CARTESIAN_POINT ( 'NONE',  ( 6.264830489633405719, -1.444055142945806613, -1.768787511943208823 ) ) ;
#568 = ADVANCED_FACE ( 'NONE', ( #708 ), #2991, .T. ) ;
#569 = CARTESIAN_POINT ( 'NONE',  ( 8.068626966589679483, -0.5000000000000005551, 3.700000000010061463 ) ) ;
#570 = ORIENTED_EDGE ( 'NONE', *, *, #92, .T. ) ;
#571 = FACE_OUTER_BOUND ( 'NONE', #1365, .T. ) ;
#572 = CARTESIAN_POINT ( 'NONE',  ( 6.690177002578622911, -0.5000000044173443792, -2.492928927770791780 ) ) ;
#573 = CARTESIAN_POINT ( 'NONE',  ( -7.839538620491527610, -1.173818695245048893, 1.819110236943085601 ) ) ;
#574 = CARTESIAN_POINT ( 'NONE',  ( 1.644743257915912471, -0.8622648289039858138, 2.431808007823872408 ) ) ;
#575 = CARTESIAN_POINT ( 'NONE',  ( 6.690177002578098886, -0.4949999999998098144, -3.737051744789113172 ) ) ;
#576 = ORIENTED_EDGE ( 'NONE', *, *, #3389, .T. ) ;
#577 = FACE_OUTER_BOUND ( 'NONE', #2416, .T. ) ;
#578 = DIRECTION ( 'NONE',  ( 0.000000000000000000, -1.000000000000000000, 7.228014483236697048E-17 ) ) ;
#579 = EDGE_CURVE ( 'NONE', #3317, #131, #1085, .T. ) ;
#580 = DIRECTION ( 'NONE',  ( 1.000000000000000000, 0.000000000000000000, 0.000000000000000000 ) ) ;
#581 = CARTESIAN_POINT ( 'NONE',  ( 6.998912307194125049, -0.4181355691551755793, -2.581864430844825531 ) ) ;
#582 = EDGE_CURVE ( 'NONE', #3370, #4158, #1254, .T. ) ;
#583 = CARTESIAN_POINT ( 'NONE',  ( 1.243428628517274648, -0.5000000000000008882, 3.999999999965014208 ) ) ;
#584 = VECTOR ( 'NONE', #678, 1000.000000000000000 ) ;
#585 = ORIENTED_EDGE ( 'NONE', *, *, #1584, .F. ) ;
#586 = DIRECTION ( 'NONE',  ( -5.937623431981247737E-17, 0.7071067811865477948, -0.7071067811865473507 ) ) ;
#587 = DIRECTION ( 'NONE',  ( 0.000000000000000000, 0.000000000000000000, 1.000000000000000000 ) ) ;
#588 = ORIENTED_EDGE ( 'NONE', *, *, #1650, .T. ) ;
#589 = DIRECTION ( 'NONE',  ( 0.000000000000000000, -7.228014483236695816E-17, -1.000000000000000000 ) ) ;
#590 = CARTESIAN_POINT ( 'NONE',  ( -6.003740252627570051, -1.495000000000000107, -1.497928932188135276 ) ) ;
#591 = VECTOR ( 'NONE', #3532, 1000.000000000000114 ) ;
#592 = ORIENTED_EDGE ( 'NONE', *, *, #833, .F. ) ;
#593 = B_SPLINE_CURVE_WITH_KNOTS ( 'NONE', 3,
 ( #3662, #2151, #3676, #3645 ),
 .UNSPECIFIED., .F., .F.,
 ( 4, 4 ),
 ( 2.221845946653437335E-14, 0.0004280946021396949959 ),
 .UNSPECIFIED. ) ;
#594 = ORIENTED_EDGE ( 'NONE', *, *, #4579, .T. ) ;
#595 = CARTESIAN_POINT ( 'NONE',  ( 1.976315997632557941, -1.500002295986594847, -1.958674535742455758 ) ) ;
#596 = CARTESIAN_POINT ( 'NONE',  ( 8.026402039008917910, -0.8386144379984188379, 2.154314494189716100 ) ) ;
#597 = EDGE_LOOP ( 'NONE', ( #550, #3593, #3414, #1245 ) ) ;
#598 = CARTESIAN_POINT ( 'NONE',  ( 2.200000000000000622, 1.021924959892513503E-15, -4.000000000000000000 ) ) ;
#599 = EDGE_CURVE ( 'NONE', #3794, #3031, #3899, .T. ) ;
#600 = VECTOR ( 'NONE', #4048, 1000.000000000000000 ) ;
#601 = AXIS2_PLACEMENT_3D ( 'NONE', #2986, #2651, #4407 ) ;
#602 = CARTESIAN_POINT ( 'NONE',  ( 0.000000000000000000, -0.5000000000000009992, 2.500000000000000000 ) ) ;
#603 = ORIENTED_EDGE ( 'NONE', *, *, #1063, .F. ) ;
#604 = CARTESIAN_POINT ( 'NONE',  ( -7.999999999999998224, -0.4950000000000009948, 2.497928932188134610 ) ) ;
#605 = FACE_OUTER_BOUND ( 'NONE', #3637, .T. ) ;
#606 = EDGE_CURVE ( 'NONE', #2671, #107, #3574, .T. ) ;
#607 = ORIENTED_EDGE ( 'NONE', *, *, #3, .T. ) ;
#608 = CARTESIAN_POINT ( 'NONE',  ( 4.100000000000001421, 9.919639073093561200E-16, 3.999999999950966334 ) ) ;
#609 = EDGE_LOOP ( 'NONE', ( #1388, #1930, #4242, #903, #987, #459, #3566, #613 ) ) ;
#610 = DIRECTION ( 'NONE',  ( 0.000000000000000000, 0.000000000000000000, 1.000000000000000000 ) ) ;
#611 = ORIENTED_EDGE ( 'NONE', *, *, #4617, .T. ) ;
#612 = EDGE_CURVE ( 'NONE', #1096, #2187, #1027, .T. ) ;
#613 = ORIENTED_EDGE ( 'NONE', *, *, #2788, .T. ) ;
#614 = ORIENTED_EDGE ( 'NONE', *, *, #2099, .F. ) ;
#615 = AXIS2_PLACEMENT_3D ( 'NONE', #3989, #3608, #1385 ) ;
#616 = DIRECTION ( 'NONE',  ( 1.000000000000000000, 0.000000000000000000, 0.000000000000000000 ) ) ;
#617 = B_SPLINE_CURVE_WITH_KNOTS ( 'NONE', 3,
 ( #1766, #2135, #3209, #1405, #4681, #1747 ),
 .UNSPECIFIED., .F., .F.,
 ( 4, 2, 4 ),
 ( 0.000000000000000000, 0.0002660992063959293744, 0.0005321984127918587488 ),
 .UNSPECIFIED. ) ;
#618 = VERTEX_POINT ( 'NONE', #1528 ) ;
#619 = CARTESIAN_POINT ( 'NONE',  ( 1.301937702706925215, -0.7754235763549581772, -2.224576423645044265 ) ) ;
#620 = VERTEX_POINT ( 'NONE', #2965 ) ;
#621 = CARTESIAN_POINT ( 'NONE',  ( 8.068626966566917247, -0.4999999999999992784, -3.699999999969799003 ) ) ;
#622 = LINE ( 'NONE', #2709, #4661 ) ;
#623 = EDGE_CURVE ( 'NONE', #1374, #233, #872, .T. ) ;
#624 = AXIS2_PLACEMENT_3D ( 'NONE', #1313, #3163, #4668 ) ;
#625 = CARTESIAN_POINT ( 'NONE',  ( -3.999999999999996447, -3.986309586602162280, 4.000000000000000000 ) ) ;
#626 = ORIENTED_EDGE ( 'NONE', *, *, #1713, .F. ) ;
#627 = CARTESIAN_POINT ( 'NONE',  ( 6.521737215138935895, -1.499999968346825696, -1.500000008723043621 ) ) ;
#628 = ADVANCED_FACE ( 'NONE', ( #91 ), #2595, .F. ) ;
#629 = CARTESIAN_POINT ( 'NONE',  ( 6.575073129374424674, -1.194701083587077717, -1.805298916412923393 ) ) ;
#630 = EDGE_CURVE ( 'NONE', #3124, #559, #3846, .T. ) ;
#631 = VECTOR ( 'NONE', #2138, 1000.000000000000000 ) ;
#632 = LINE ( 'NONE', #3973, #1066 ) ;
#633 = CARTESIAN_POINT ( 'NONE',  ( 1.197536080520716473, -0.4168294240109410298, -2.579792115003048281 ) ) ;
#634 = EDGE_LOOP ( 'NONE', ( #835, #3844, #3780, #2684 ) ) ;
#635 = CARTESIAN_POINT ( 'NONE',  ( 4.100000000000000533, -8.131516293641283255E-17, 3.999999999905412551 ) ) ;
#636 = EDGE_CURVE ( 'NONE', #3794, #4093, #919, .T. ) ;
#637 = DIRECTION ( 'NONE',  ( -0.2492435693639539207, -0.6847910787717369496, -0.6847910787717350622 ) ) ;
#638 = DIRECTION ( 'NONE',  ( 0.4545194776720448138, -0.5416752204197000653, -0.7071067811865481278 ) ) ;
#639 = CARTESIAN_POINT ( 'NONE',  ( 6.868419431107872342, -0.4949999999999998845, -3.912283814142488492 ) ) ;
#640 = CARTESIAN_POINT ( 'NONE',  ( 1.530808498934191571E-16, -4.286309586602162547, -1.250000000000000000 ) ) ;
#641 = AXIS2_PLACEMENT_3D ( 'NONE', #3964, #2513, #4324 ) ;
#642 = CONICAL_SURFACE ( 'NONE', #4450, 3.999999999981358911, 0.7853981633974482790 ) ;
#643 = VERTEX_POINT ( 'NONE', #3112 ) ;
#644 = CARTESIAN_POINT ( 'NONE',  ( 1.199999999932152006, 2.738324088246286226E-16, 3.999999999968259168 ) ) ;
#645 = CARTESIAN_POINT ( 'NONE',  ( 6.845736030492041380, -1.495000000000000551, 1.497928932188133722 ) ) ;
#646 = B_SPLINE_CURVE_WITH_KNOTS ( 'NONE', 3,
 ( #4113, #1497, #4473, #1111, #3698, #59, #2308, #896 ),
 .UNSPECIFIED., .F., .F.,
 ( 4, 2, 2, 4 ),
 ( 0.000000000000000000, 0.2706600587166061445, 0.5478945494083911072, 1.000000000000000000 ),
 .UNSPECIFIED. ) ;
#647 = VECTOR ( 'NONE', #2561, 1000.000000000000000 ) ;
#648 = EDGE_LOOP ( 'NONE', ( #3553, #3474, #668, #2812 ) ) ;
#649 = VECTOR ( 'NONE', #1855, 1000.000000000000000 ) ;
#650 = CARTESIAN_POINT ( 'NONE',  ( 1.700907474521650586, -1.540180251819144086, -1.457815880199709202 ) ) ;
#651 = DIRECTION ( 'NONE',  ( 1.000000000000000000, 8.397067585772158533E-17, -0.000000000000000000 ) ) ;
#652 = ADVANCED_FACE ( 'NONE', ( #2113 ), #2649, .F. ) ;
#653 = CARTESIAN_POINT ( 'NONE',  ( -6.450505049984594841, -0.4950000000000012723, 4.000000000000000000 ) ) ;
#654 = ORIENTED_EDGE ( 'NONE', *, *, #1584, .T. ) ;
#655 = FACE_OUTER_BOUND ( 'NONE', #1109, .T. ) ;
#656 = DIRECTION ( 'NONE',  ( 0.4545194776720464791, 0.5416752204197030629, -0.7071067811865446862 ) ) ;
#657 = DIRECTION ( 'NONE',  ( -0.7660444431189772363, 0.6427876096865401401, 0.000000000000000000 ) ) ;
#658 = EDGE_CURVE ( 'NONE', #996, #3783, #37, .T. ) ;
#659 = VERTEX_POINT ( 'NONE', #878 ) ;
#660 = CARTESIAN_POINT ( 'NONE',  ( -2.123881443044733253, 2.041367502809058099, 3.972323031379103142 ) ) ;
#661 = CIRCLE ( 'NONE', #982, 3.700000000043566217 ) ;
#662 = CARTESIAN_POINT ( 'NONE',  ( 1.585144107806677027, -1.111624649912922980, -2.013663138444999223 ) ) ;
#663 = CARTESIAN_POINT ( 'NONE',  ( 6.478314155852332057, -2.834364439554670323, 3.999999999981127985 ) ) ;
#664 = ORIENTED_EDGE ( 'NONE', *, *, #4617, .F. ) ;
#665 = ORIENTED_EDGE ( 'NONE', *, *, #3068, .F. ) ;
#666 = EDGE_CURVE ( 'NONE', #2194, #3204, #4695, .T. ) ;
#667 = CARTESIAN_POINT ( 'NONE',  ( 1.780849796926305517, -1.636948130340047269, -1.363051869659954507 ) ) ;
#668 = ORIENTED_EDGE ( 'NONE', *, *, #1523, .T. ) ;
#669 = DIRECTION ( 'NONE',  ( -1.000000000000000000, -0.000000000000000000, -0.000000000000000000 ) ) ;
#670 = ORIENTED_EDGE ( 'NONE', *, *, #2486, .T. ) ;
#671 = AXIS2_PLACEMENT_3D ( 'NONE', #1998, #207, #1594 ) ;
#672 = ORIENTED_EDGE ( 'NONE', *, *, #1595, .T. ) ;
#673 = CARTESIAN_POINT ( 'NONE',  ( 1.384808146491455227, -0.4999337145626954193, -2.667772149970825790 ) ) ;
#674 = DIRECTION ( 'NONE',  ( 0.000000000000000000, -0.000000000000000000, 1.000000000000000000 ) ) ;
#675 = DIRECTION ( 'NONE',  ( 1.000000000000000000, 0.000000000000000000, 0.000000000000000000 ) ) ;
#676 = VERTEX_POINT ( 'NONE', #188 ) ;
#677 = LINE ( 'NONE', #3847, #1572 ) ;
#678 = DIRECTION ( 'NONE',  ( 0.000000000000000000, 0.000000000000000000, 1.000000000000000000 ) ) ;
#679 = AXIS2_PLACEMENT_3D ( 'NONE', #4201, #1651, #170 ) ;
#680 = ORIENTED_EDGE ( 'NONE', *, *, #3814, .F. ) ;
#681 = CONICAL_SURFACE ( 'NONE', #2603, 3.999999999981358911, 0.7853981633974482790 ) ;
#682 = ADVANCED_FACE ( 'NONE', ( #3795 ), #867, .F. ) ;
#683 = CARTESIAN_POINT ( 'NONE',  ( 6.202590891337994350, -1.533267017895618700, 1.667119780219132652 ) ) ;
#684 = ORIENTED_EDGE ( 'NONE', *, *, #3324, .F. ) ;
#685 = EDGE_CURVE ( 'NONE', #3458, #3213, #1698, .T. ) ;
#686 = AXIS2_PLACEMENT_3D ( 'NONE', #464, #4078, #3725 ) ;
#687 = DIRECTION ( 'NONE',  ( 0.000000000000000000, -1.000000000000000000, -1.445602896647339410E-16 ) ) ;
#688 = FACE_OUTER_BOUND ( 'NONE', #230, .T. ) ;
#689 = VERTEX_POINT ( 'NONE', #2693 ) ;
#690 = CARTESIAN_POINT ( 'NONE',  ( 1.914992590400377059, -1.425392647268645341, -2.049188875137080590 ) ) ;
#691 = EDGE_CURVE ( 'NONE', #3850, #504, #1837, .T. ) ;
#692 = CARTESIAN_POINT ( 'NONE',  ( 0.000000000000000000, -4.286309586602162547, 0.000000000000000000 ) ) ;
#693 = VECTOR ( 'NONE', #831, 1000.000000000000114 ) ;
#694 = VERTEX_POINT ( 'NONE', #4549 ) ;
#695 = LINE ( 'NONE', #4413, #799 ) ;
#696 = CARTESIAN_POINT ( 'NONE',  ( 1.277208754292884496, -0.5000000000000002220, 2.555415248845213760 ) ) ;
#697 = AXIS2_PLACEMENT_3D ( 'NONE', #1432, #32, #2918 ) ;
#698 = CARTESIAN_POINT ( 'NONE',  ( 6.286548540371889260, -1.678121738581345612, 1.321878261418654166 ) ) ;
#699 = DIRECTION ( 'NONE',  ( 0.000000000000000000, 0.000000000000000000, -1.000000000000000000 ) ) ;
#700 = CIRCLE ( 'NONE', #1409, 4.000000000000001776 ) ;
#701 = CARTESIAN_POINT ( 'NONE',  ( -1.346740621612637190, -0.5000000000000008882, 3.899899124687261409 ) ) ;
#702 = EDGE_LOOP ( 'NONE', ( #57, #1620, #821, #1166, #3735, #730 ) ) ;
#703 = DIRECTION ( 'NONE',  ( 0.000000000000000000, 0.000000000000000000, -1.000000000000000000 ) ) ;
#704 = CARTESIAN_POINT ( 'NONE',  ( -1.549494950029124407, -0.4950000000000006617, 3.700000000034801229 ) ) ;
#705 = AXIS2_PLACEMENT_3D ( 'NONE', #438, #4446, #1880 ) ;
#706 = ORIENTED_EDGE ( 'NONE', *, *, #1856, .T. ) ;
#707 = CARTESIAN_POINT ( 'NONE',  ( 6.651470164446570799, -0.5000000000000008882, 3.699999999968986764 ) ) ;
#708 = FACE_OUTER_BOUND ( 'NONE', #1979, .T. ) ;
#709 = B_SPLINE_CURVE_WITH_KNOTS ( 'NONE', 3,
 ( #38, #458, #2960, #1900, #67, #1844 ),
 .UNSPECIFIED., .F., .F.,
 ( 4, 2, 4 ),
 ( 3.469446951953614189E-18, 0.0002677459652283736878, 0.0005354919304567439062 ),
 .UNSPECIFIED. ) ;
#710 = VERTEX_POINT ( 'NONE', #4155 ) ;
#711 = CARTESIAN_POINT ( 'NONE',  ( 1.354263969507955245, -1.495000000000000551, 1.497928932188133722 ) ) ;
#712 = VECTOR ( 'NONE', #4683, 1000.000000000000000 ) ;
#713 = AXIS2_PLACEMENT_3D ( 'NONE', #82, #2625, #2642 ) ;
#714 = DIRECTION ( 'NONE',  ( 0.000000000000000000, -1.000000000000000000, -0.000000000000000000 ) ) ;
#715 = CARTESIAN_POINT ( 'NONE',  ( 6.428287245927443827, -1.162267097170862629, 2.089919104088478363 ) ) ;
#716 = ORIENTED_EDGE ( 'NONE', *, *, #2456, .F. ) ;
#717 = CARTESIAN_POINT ( 'NONE',  ( -1.245004537233462161, -0.5000000000000008882, 3.999999999977844389 ) ) ;
#718 = EDGE_CURVE ( 'NONE', #2984, #2579, #2317, .T. ) ;
#719 = CARTESIAN_POINT ( 'NONE',  ( 6.232575465164630124, -1.500000000000000222, 1.822781353016154071 ) ) ;
#720 = ORIENTED_EDGE ( 'NONE', *, *, #4648, .T. ) ;
#721 =( BOUNDED_CURVE ( )  B_SPLINE_CURVE ( 3, ( #87, #3722, #1934, #2630 ),
 .UNSPECIFIED., .F., .T. ) 
 B_SPLINE_CURVE_WITH_KNOTS ( ( 4, 4 ),
 ( 4.327992205889049870, 4.587061149216623335 ),
 .UNSPECIFIED. ) 
 CURVE ( )  GEOMETRIC_REPRESENTATION_ITEM ( )  RATIONAL_B_SPLINE_CURVE ( ( 1.000000000000000000, 0.9944147564235756853, 0.9944147564235756853, 1.000000000000000000 ) ) 
 REPRESENTATION_ITEM ( '' )  );
#722 = EDGE_LOOP ( 'NONE', ( #3175, #2306, #3419, #1155, #3951, #3070, #3713, #4514 ) ) ;
#723 = CARTESIAN_POINT ( 'NONE',  ( 6.651470164434615917, -0.5000000000000003331, -2.500000000000000888 ) ) ;
#724 = ORIENTED_EDGE ( 'NONE', *, *, #3483, .F. ) ;
#725 = EDGE_CURVE ( 'NONE', #2495, #4360, #2863, .T. ) ;
#726 = ADVANCED_FACE ( 'NONE', ( #3224 ), #2724, .F. ) ;
#727 = DIRECTION ( 'NONE',  ( -0.000000000000000000, -0.000000000000000000, -1.000000000000000000 ) ) ;
#728 = CARTESIAN_POINT ( 'NONE',  ( -4.853672830396299709, 4.113690413397837808, 3.999999999999999112 ) ) ;
#729 = DIRECTION ( 'NONE',  ( -1.000000000000000000, 0.000000000000000000, 0.000000000000000000 ) ) ;
#730 = ORIENTED_EDGE ( 'NONE', *, *, #237, .T. ) ;
#731 = AXIS2_PLACEMENT_3D ( 'NONE', #3472, #4516, #2677 ) ;
#732 = CARTESIAN_POINT ( 'NONE',  ( 6.690176984666137194, -0.5000000210609897300, -2.400955490712144869 ) ) ;
#733 = ORIENTED_EDGE ( 'NONE', *, *, #3579, .F. ) ;
#734 = LINE ( 'NONE', #413, #1510 ) ;
#735 = CARTESIAN_POINT ( 'NONE',  ( -2.158921275869217560, 2.054769057826328460, -3.958921301749706689 ) ) ;
#736 = CARTESIAN_POINT ( 'NONE',  ( 1.548531805945080109, -0.4999999999999916733, -3.074365535526070392 ) ) ;
#737 = DIRECTION ( 'NONE',  ( 0.000000000000000000, 0.000000000000000000, 1.000000000000000000 ) ) ;
#738 = FACE_OUTER_BOUND ( 'NONE', #1062, .T. ) ;
#739 = DIRECTION ( 'NONE',  ( 1.000000000000000000, 0.000000000000000000, 0.000000000000000000 ) ) ;
#740 = EDGE_CURVE ( 'NONE', #529, #2999, #3511, .T. ) ;
#741 = LINE ( 'NONE', #65, #4500 ) ;
#742 = ADVANCED_FACE ( 'NONE', ( #1898 ), #894, .F. ) ;
#743 = CARTESIAN_POINT ( 'NONE',  ( 6.322937583287477459, -1.499999999999998446, 1.636826732719231625 ) ) ;
#744 = CIRCLE ( 'NONE', #3911, 1.250000000027284841 ) ;
#745 = ORIENTED_EDGE ( 'NONE', *, *, #3828, .T. ) ;
#746 = EDGE_CURVE ( 'NONE', #1530, #3142, #2470, .T. ) ;
#747 = FACE_OUTER_BOUND ( 'NONE', #755, .T. ) ;
#748 = ORIENTED_EDGE ( 'NONE', *, *, #2670, .T. ) ;
#749 = EDGE_CURVE ( 'NONE', #4093, #1529, #1607, .T. ) ;
#750 = VECTOR ( 'NONE', #3818, 1000.000000000000114 ) ;
#751 = ORIENTED_EDGE ( 'NONE', *, *, #3697, .F. ) ;
#752 = CYLINDRICAL_SURFACE ( 'NONE', #1881, 2.500000000000000444 ) ;
#753 = CARTESIAN_POINT ( 'NONE',  ( -7.868447036396190697, -0.4950000000000008837, 3.800031813978439033 ) ) ;
#754 = DIRECTION ( 'NONE',  ( -0.000000000000000000, -0.000000000000000000, 1.000000000000000000 ) ) ;
#755 = EDGE_LOOP ( 'NONE', ( #4196, #3184, #3842, #2541 ) ) ;
#756 = DIRECTION ( 'NONE',  ( -0.7660444431189770143, -0.6427876096865405842, 4.357993112685582262E-16 ) ) ;
#757 = CARTESIAN_POINT ( 'NONE',  ( 1.331580516980024331, -0.4949999999999998845, -3.912283865292789375 ) ) ;
#758 = EDGE_LOOP ( 'NONE', ( #4128, #1151, #31, #4627, #4368 ) ) ;
#759 = ORIENTED_EDGE ( 'NONE', *, *, #1337, .T. ) ;
#760 = ADVANCED_FACE ( 'NONE', ( #2758 ), #1610, .T. ) ;
#761 = EDGE_CURVE ( 'NONE', #3465, #4386, #3685, .T. ) ;
#762 = VERTEX_POINT ( 'NONE', #3141 ) ;
#763 = AXIS2_PLACEMENT_3D ( 'NONE', #1045, #4387, #2531 ) ;
#764 = CARTESIAN_POINT ( 'NONE',  ( -3.999999999999996447, -0.5000000000000008882, 4.000000000000000000 ) ) ;
#765 = SURFACE_SIDE_STYLE ('',( #1636 ) ) ;
#766 = EDGE_LOOP ( 'NONE', ( #2063, #2911, #2348, #2826, #1174 ) ) ;
#767 = ORIENTED_EDGE ( 'NONE', *, *, #1397, .F. ) ;
#768 = DIRECTION ( 'NONE',  ( -1.000000000000000000, -1.776356839400250465E-15, 0.000000000000000000 ) ) ;
#769 = ORIENTED_EDGE ( 'NONE', *, *, #3446, .F. ) ;
#770 = CARTESIAN_POINT ( 'NONE',  ( 7.968447036404398887, -0.4950000000000008837, 3.800031813957201798 ) ) ;
#771 = EDGE_CURVE ( 'NONE', #3859, #1224, #1776, .T. ) ;
#772 = SURFACE_STYLE_USAGE ( .BOTH. , #3357 ) ;
#773 = DIRECTION ( 'NONE',  ( 0.000000000000000000, 0.000000000000000000, -1.000000000000000000 ) ) ;
#774 = VERTEX_POINT ( 'NONE', #595 ) ;
#775 = CARTESIAN_POINT ( 'NONE',  ( -7.968626966596882077, -0.5000000000000006661, 2.500000000000000444 ) ) ;
#776 = CARTESIAN_POINT ( 'NONE',  ( -6.755898220156942635, -0.4950000000000008837, 3.999999999977842613 ) ) ;
#777 = DIRECTION ( 'NONE',  ( 0.000000000000000000, 1.000000000000000000, 0.000000000000000000 ) ) ;
#778 = AXIS2_PLACEMENT_3D ( 'NONE', #2915, #4404, #4699 ) ;
#779 = ORIENTED_EDGE ( 'NONE', *, *, #3605, .F. ) ;
#780 = LINE ( 'NONE', #1835, #3920 ) ;
#781 = DIRECTION ( 'NONE',  ( -1.000000000000000000, -0.000000000000000000, -0.000000000000000000 ) ) ;
#782 = CARTESIAN_POINT ( 'NONE',  ( 1.487190275673492934, -0.5000000000001626477, 2.814963087524951391 ) ) ;
#783 = SURFACE_STYLE_USAGE ( .BOTH. , #765 ) ;
#784 = LINE ( 'NONE', #1647, #4039 ) ;
#785 = CARTESIAN_POINT ( 'NONE',  ( 6.763430672652667397, -0.5000000000000006661, -2.477682557261894125 ) ) ;
#786 = DIRECTION ( 'NONE',  ( -1.000000000000000000, 3.552713678800500929E-15, 0.000000000000000000 ) ) ;
#787 = ADVANCED_FACE ( 'NONE', ( #3737 ), #1685, .F. ) ;
#788 = CARTESIAN_POINT ( 'NONE',  ( -1.999999999999999112, -1.499999999999999556, -1.500000000000000444 ) ) ;
#789 = VECTOR ( 'NONE', #3072, 1000.000000000000000 ) ;
#790 = CARTESIAN_POINT ( 'NONE',  ( 1.509823015333865870, -0.5000000210609910622, 2.400955490712142204 ) ) ;
#791 = DIRECTION ( 'NONE',  ( 0.000000000000000000, 0.000000000000000000, 1.000000000000000000 ) ) ;
#792 = LINE ( 'NONE', #4184, #4557 ) ;
#793 = DIRECTION ( 'NONE',  ( -0.000000000000000000, 0.000000000000000000, 1.000000000000000000 ) ) ;
#794 = ORIENTED_EDGE ( 'NONE', *, *, #1502, .T. ) ;
#795 = VECTOR ( 'NONE', #2266, 1000.000000000000000 ) ;
#796 = CARTESIAN_POINT ( 'NONE',  ( -1.549494950015406047, -0.4950000000000006617, 2.497928932188134610 ) ) ;
#797 = EDGE_LOOP ( 'NONE', ( #4135, #3180, #3202, #2979 ) ) ;
#798 = EDGE_CURVE ( 'NONE', #4169, #371, #4523, .T. ) ;
#799 = VECTOR ( 'NONE', #1086, 1000.000000000000000 ) ;
#800 = CARTESIAN_POINT ( 'NONE',  ( 6.868723431540887603, -0.4999999999988685162, 2.611342130001311990 ) ) ;
#801 = VERTEX_POINT ( 'NONE', #3544 ) ;
#802 = CARTESIAN_POINT ( 'NONE',  ( 6.390863635337542092, -1.246213844116635494, -2.265824003651113028 ) ) ;
#803 =( LENGTH_UNIT ( ) NAMED_UNIT ( * ) SI_UNIT ( .MILLI., .METRE. ) );
#804 = CARTESIAN_POINT ( 'NONE',  ( 2.200000000000004174, 3.713690413397842338, 4.000000000000000000 ) ) ;
#805 = FACE_OUTER_BOUND ( 'NONE', #2608, .T. ) ;
#806 = EDGE_CURVE ( 'NONE', #2671, #3260, #2062, .T. ) ;
#807 = ORIENTED_EDGE ( 'NONE', *, *, #3453, .F. ) ;
#808 = CARTESIAN_POINT ( 'NONE',  ( 1.685019182070903065, -0.9685783057034602628, 2.600251964430091434 ) ) ;
#809 = DIRECTION ( 'NONE',  ( 0.000000000000000000, 0.7938448060994486299, -0.6081204024113389117 ) ) ;
#810 = CARTESIAN_POINT ( 'NONE',  ( 2.046550061955081379, -1.594786302908111519, -1.843825134125748999 ) ) ;
#811 = ORIENTED_EDGE ( 'NONE', *, *, #2766, .F. ) ;
#812 = ADVANCED_FACE ( 'NONE', ( #1719 ), #3342, .T. ) ;
#813 = CARTESIAN_POINT ( 'NONE',  ( 6.753269533321453189, -0.5000000000000008882, 3.799899250889526847 ) ) ;
#814 = VECTOR ( 'NONE', #637, 1000.000000000000000 ) ;
#815 = CARTESIAN_POINT ( 'NONE',  ( 0.000000000000000000, -1.700000000028012437, 0.000000000000000000 ) ) ;
#816 = ORIENTED_EDGE ( 'NONE', *, *, #1006, .T. ) ;
#817 = VECTOR ( 'NONE', #2552, 1000.000000000000000 ) ;
#818 = DIRECTION ( 'NONE',  ( -1.000000000000000000, -8.651359334445627801E-17, -0.000000000000000000 ) ) ;
#819 = CARTESIAN_POINT ( 'NONE',  ( 6.652780828980128014, -0.4932646745830668866, -3.172241575726261420 ) ) ;
#820 = VERTEX_POINT ( 'NONE', #621 ) ;
#821 = ORIENTED_EDGE ( 'NONE', *, *, #3716, .F. ) ;
#822 = CARTESIAN_POINT ( 'NONE',  ( 1.432817541940550443, -0.6954697650134007425, 2.458905410778742251 ) ) ;
#823 = CARTESIAN_POINT ( 'NONE',  ( 6.427043418638054284, -1.499999999999999556, -1.565206141599836176 ) ) ;
#824 = CARTESIAN_POINT ( 'NONE',  ( 0.000000000000000000, -4.286309586602162547, 0.000000000000000000 ) ) ;
#825 = EDGE_LOOP ( 'NONE', ( #2074, #4313, #4081, #1830, #4540, #2131, #2757 ) ) ;
#826 = CARTESIAN_POINT ( 'NONE',  ( 6.651470164446570799, -0.5000000000000008882, 3.699999999968986764 ) ) ;
#827 = EDGE_CURVE ( 'NONE', #357, #2373, #2061, .T. ) ;
#828 = AXIS2_PLACEMENT_3D ( 'NONE', #1079, #2919, #1433 ) ;
#829 = PLANE ( 'NONE',  #4610 ) ;
#830 = VERTEX_POINT ( 'NONE', #1338 ) ;
#831 = DIRECTION ( 'NONE',  ( -0.5773502691896265082, 0.5773502691896273964, 0.5773502691896232886 ) ) ;
#832 = ORIENTED_EDGE ( 'NONE', *, *, #3381, .F. ) ;
#833 = EDGE_CURVE ( 'NONE', #1795, #1348, #2365, .T. ) ;
#834 = ADVANCED_FACE ( 'NONE', ( #655 ), #2430, .T. ) ;
#835 = ORIENTED_EDGE ( 'NONE', *, *, #606, .T. ) ;
#836 = FACE_OUTER_BOUND ( 'NONE', #1238, .T. ) ;
#837 = CARTESIAN_POINT ( 'NONE',  ( -6.755898220176193014, -0.4949999999999998845, -3.999999999958591346 ) ) ;
#838 = CARTESIAN_POINT ( 'NONE',  ( 1.199999999994998401, 2.738324088169321505E-16, 3.999999999905412551 ) ) ;
#839 = AXIS2_PLACEMENT_3D ( 'NONE', #3770, #2667, #882 ) ;
#840 = VECTOR ( 'NONE', #4149, 1000.000000000000114 ) ;
#841 = CARTESIAN_POINT ( 'NONE',  ( 6.690177002575788734, -0.8711978629825434250, -2.121731069209209952 ) ) ;
#842 = ORIENTED_EDGE ( 'NONE', *, *, #1769, .T. ) ;
#843 = CARTESIAN_POINT ( 'NONE',  ( 1.900000000000000133, 3.413690413397838519, 4.000000000000000000 ) ) ;
#844 = CARTESIAN_POINT ( 'NONE',  ( -7.968626966601614292, -0.5000000000000006661, 3.700000000004767031 ) ) ;
#845 = DIRECTION ( 'NONE',  ( -0.4545194776720444252, -0.5416752204197010645, 0.7071067811865476838 ) ) ;
#846 = FACE_OUTER_BOUND ( 'NONE', #1001, .T. ) ;
#847 = VERTEX_POINT ( 'NONE', #3499 ) ;
#848 = EDGE_LOOP ( 'NONE', ( #3641, #3585, #1241, #420 ) ) ;
#849 = CARTESIAN_POINT ( 'NONE',  ( 6.748719876028816955, -0.5000000000000003331, 2.462395022484132667 ) ) ;
#850 = DIRECTION ( 'NONE',  ( 0.000000000000000000, -1.000000000000000000, -1.445602896647339410E-16 ) ) ;
#851 =( BOUNDED_CURVE ( )  B_SPLINE_CURVE ( 3, ( #4079, #3768, #1889, #788 ),
 .UNSPECIFIED., .F., .F. ) 
 B_SPLINE_CURVE_WITH_KNOTS ( ( 4, 4 ),
 ( 1.772154247585227438, 2.214297435588180818 ),
 .UNSPECIFIED. ) 
 CURVE ( )  GEOMETRIC_REPRESENTATION_ITEM ( )  RATIONAL_B_SPLINE_CURVE ( ( 1.000000000000000000, 0.9837753570014466931, 0.9837753570014466931, 1.000000000000000000 ) ) 
 REPRESENTATION_ITEM ( '' )  );
#852 = AXIS2_PLACEMENT_3D ( 'NONE', #1522, #2226, #4037 ) ;
#853 = ADVANCED_FACE ( 'NONE', ( #1367 ), #3913, .T. ) ;
#854 = DIRECTION ( 'NONE',  ( 0.000000000000000000, 0.000000000000000000, 1.000000000000000000 ) ) ;
#855 = VECTOR ( 'NONE', #651, 1000.000000000000000 ) ;
#856 = ORIENTED_EDGE ( 'NONE', *, *, #4609, .F. ) ;
#857 = EDGE_CURVE ( 'NONE', #4190, #528, #4629, .T. ) ;
#858 = FACE_BOUND ( 'NONE', #2464, .T. ) ;
#859 = CARTESIAN_POINT ( 'NONE',  ( 7.867611374958139336, -0.4950000000000008837, 3.900034427087302635 ) ) ;
#860 = ORIENTED_EDGE ( 'NONE', *, *, #489, .F. ) ;
#861 = DIRECTION ( 'NONE',  ( 0.000000000000000000, 1.000000000000000000, 0.000000000000000000 ) ) ;
#862 = VECTOR ( 'NONE', #793, 1000.000000000000000 ) ;
#863 = EDGE_CURVE ( 'NONE', #35, #2647, #1605, .T. ) ;
#864 = PLANE ( 'NONE',  #2887 ) ;
#865 = VERTEX_POINT ( 'NONE', #4592 ) ;
#866 = CARTESIAN_POINT ( 'NONE',  ( 1.509822997421382595, -1.496464466094067580, 1.496464466094066692 ) ) ;
#867 = CONICAL_SURFACE ( 'NONE', #731, 2.299999999934243533, 0.7853981633974482790 ) ;
#868 = CARTESIAN_POINT ( 'NONE',  ( -6.222891600074040852, -1.202811199901279160, 1.797188800098720396 ) ) ;
#869 = ORIENTED_EDGE ( 'NONE', *, *, #4066, .T. ) ;
#870 = DIRECTION ( 'NONE',  ( 0.000000000000000000, -1.000000000000000000, 0.000000000000000000 ) ) ;
#871 = ORIENTED_EDGE ( 'NONE', *, *, #2265, .F. ) ;
#872 = B_SPLINE_CURVE_WITH_KNOTS ( 'NONE', 3,
 ( #1188, #1562, #1937, #4421 ),
 .UNSPECIFIED., .F., .F.,
 ( 4, 4 ),
 ( 0.000000000000000000, 1.000000000000000000 ),
 .UNSPECIFIED. ) ;
#873 = VERTEX_POINT ( 'NONE', #2404 ) ;
#874 = PLANE ( 'NONE',  #4358 ) ;
#875 = ORIENTED_EDGE ( 'NONE', *, *, #1643, .F. ) ;
#876 = CARTESIAN_POINT ( 'NONE',  ( 6.643751078678169719, -0.5487500835787423314, -2.789096015022456854 ) ) ;
#877 = ADVANCED_FACE ( 'NONE', ( #4125 ), #3162, .T. ) ;
#878 = CARTESIAN_POINT ( 'NONE',  ( -6.000000000000000000, -1.500000000000000222, 1.499999999999999112 ) ) ;
#879 = EDGE_CURVE ( 'NONE', #357, #873, #4603, .T. ) ;
#880 = EDGE_LOOP ( 'NONE', ( #842, #2644, #3858, #1495, #3689, #286 ) ) ;
#881 = ORIENTED_EDGE ( 'NONE', *, *, #1590, .F. ) ;
#882 = DIRECTION ( 'NONE',  ( 0.000000000000000000, -0.7071067811865470176, -0.7071067811865481278 ) ) ;
#883 = CARTESIAN_POINT ( 'NONE',  ( 1.509822997421379487, -0.2257943651042584321, 4.000000000000000000 ) ) ;
#884 = CARTESIAN_POINT ( 'NONE',  ( 1.504308126285612834, -1.227044358864015638, 1.772955641135984584 ) ) ;
#885 = ORIENTED_EDGE ( 'NONE', *, *, #2730, .T. ) ;
#886 = CARTESIAN_POINT ( 'NONE',  ( -3.999999999999996447, 1.021924959892513503E-15, -3.700000000000003730 ) ) ;
#887 = EDGE_CURVE ( 'NONE', #4590, #1733, #3791, .T. ) ;
#888 = DIRECTION ( 'NONE',  ( 0.000000000000000000, 0.000000000000000000, -1.000000000000000000 ) ) ;
#889 = EDGE_LOOP ( 'NONE', ( #3000, #2128, #80, #4532 ) ) ;
#890 = LINE ( 'NONE', #109, #3651 ) ;
#891 = DIRECTION ( 'NONE',  ( -0.000000000000000000, -0.000000000000000000, -1.000000000000000000 ) ) ;
#892 = EDGE_CURVE ( 'NONE', #4093, #3683, #1831, .T. ) ;
#893 = VERTEX_POINT ( 'NONE', #2476 ) ;
#894 = PLANE ( 'NONE',  #3521 ) ;
#895 = LINE ( 'NONE', #974, #1392 ) ;
#896 = CARTESIAN_POINT ( 'NONE',  ( 6.223684005602219571, -1.500002296987978712, -1.958674534477728324 ) ) ;
#897 = CARTESIAN_POINT ( 'NONE',  ( 6.609460472677206155, -0.6870545397377624264, 2.938317027977571883 ) ) ;
#898 = ORIENTED_EDGE ( 'NONE', *, *, #114, .F. ) ;
#899 = AXIS2_PLACEMENT_3D ( 'NONE', #4628, #283, #2811 ) ;
#900 = ADVANCED_FACE ( 'NONE', ( #4400 ), #2465, .T. ) ;
#901 = CARTESIAN_POINT ( 'NONE',  ( 1.900000000000000355, 2.313690413397838874, -3.700000000000000178 ) ) ;
#902 = ORIENTED_EDGE ( 'NONE', *, *, #1643, .T. ) ;
#903 = ORIENTED_EDGE ( 'NONE', *, *, #524, .F. ) ;
#904 = B_SPLINE_CURVE_WITH_KNOTS ( 'NONE', 3,
 ( #3290, #3658, #2912, #443 ),
 .UNSPECIFIED., .F., .F.,
 ( 4, 4 ),
 ( 1.096496974306547366E-14, 0.0004278863709911369969 ),
 .UNSPECIFIED. ) ;
#905 = AXIS2_PLACEMENT_3D ( 'NONE', #1637, #2010, #1273 ) ;
#906 = VECTOR ( 'NONE', #3076, 1000.000000000000000 ) ;
#907 = DIRECTION ( 'NONE',  ( 0.7071067811865454633, -0.000000000000000000, 0.7071067811865495711 ) ) ;
#908 = CARTESIAN_POINT ( 'NONE',  ( 7.866950860401816570, -0.5000000000000008882, 3.900035144444652602 ) ) ;
#909 = LINE ( 'NONE', #1786, #200 ) ;
#910 = ORIENTED_EDGE ( 'NONE', *, *, #4050, .F. ) ;
#911 = CARTESIAN_POINT ( 'NONE',  ( 6.690177002578622911, -0.5000000000000003331, 4.000000000000000000 ) ) ;
#912 = EDGE_CURVE ( 'NONE', #1219, #801, #3123, .T. ) ;
#913 = AXIS2_PLACEMENT_3D ( 'NONE', #3329, #1808, #1824 ) ;
#914 = FACE_OUTER_BOUND ( 'NONE', #2484, .T. ) ;
#915 = ORIENTED_EDGE ( 'NONE', *, *, #463, .T. ) ;
#916 = CARTESIAN_POINT ( 'NONE',  ( -4.000000000000000000, 0.000000000000000000, -3.999999999943156581 ) ) ;
#917 = EDGE_CURVE ( 'NONE', #1154, #2427, #3568, .T. ) ;
#918 = ORIENTED_EDGE ( 'NONE', *, *, #1713, .T. ) ;
#919 = LINE ( 'NONE', #3358, #2234 ) ;
#920 = CARTESIAN_POINT ( 'NONE',  ( 0.000000000000000000, 2.313690413302538218, 1.249999999856754584 ) ) ;
#921 = CARTESIAN_POINT ( 'NONE',  ( 6.419150203073695771, -1.636948130340046381, -1.363051869659955173 ) ) ;
#922 = ADVANCED_FACE ( 'NONE', ( #2700 ), #2056, .F. ) ;
#923 = CARTESIAN_POINT ( 'NONE',  ( -7.999999999999998224, -1.496464466094067580, 1.496464466094066692 ) ) ;
#924 = ORIENTED_EDGE ( 'NONE', *, *, #4164, .T. ) ;
#925 = FACE_OUTER_BOUND ( 'NONE', #4470, .T. ) ;
#926 = CARTESIAN_POINT ( 'NONE',  ( 8.069253708192507091, -0.4950000000000004396, 2.497928932188135054 ) ) ;
#927 = DIRECTION ( 'NONE',  ( -9.901389703904623249E-17, 1.000000000000000000, -0.000000000000000000 ) ) ;
#928 = ORIENTED_EDGE ( 'NONE', *, *, #4164, .F. ) ;
#929 = DIRECTION ( 'NONE',  ( -0.000000000000000000, -0.000000000000000000, 1.000000000000000000 ) ) ;
#930 = AXIS2_PLACEMENT_3D ( 'NONE', #1401, #3609, #1780 ) ;
#931 = EDGE_LOOP ( 'NONE', ( #3118, #3635, #1114, #1296, #2450, #2077 ) ) ;
#932 = B_SPLINE_CURVE_WITH_KNOTS ( 'NONE', 3,
 ( #2623, #4395, #1486, #2606 ),
 .UNSPECIFIED., .F., .F.,
 ( 4, 4 ),
 ( 1.075093334747162895E-14, 0.0004260459364052436603 ),
 .UNSPECIFIED. ) ;
#933 = ORIENTED_EDGE ( 'NONE', *, *, #1271, .F. ) ;
#934 = CARTESIAN_POINT ( 'NONE',  ( -1.899999999999999689, 3.413690413397838075, 3.699999999999998401 ) ) ;
#935 = ORIENTED_EDGE ( 'NONE', *, *, #4399, .F. ) ;
#936 = CARTESIAN_POINT ( 'NONE',  ( 1.345040381241841887, -0.4999999999843899867, 3.899909922819584374 ) ) ;
#937 = EDGE_CURVE ( 'NONE', #4402, #4256, #2972, .T. ) ;
#938 = AXIS2_PLACEMENT_3D ( 'NONE', #3051, #4159, #1581 ) ;
#939 = ORIENTED_EDGE ( 'NONE', *, *, #3360, .F. ) ;
#940 = CARTESIAN_POINT ( 'NONE',  ( 0.000000000000000000, -1.500000000078216544, 0.000000000000000000 ) ) ;
#941 = CARTESIAN_POINT ( 'NONE',  ( -7.999999999999998224, -1.496464466094067136, -1.496464466094068246 ) ) ;
#942 = ORIENTED_EDGE ( 'NONE', *, *, #2013, .F. ) ;
#943 = ADVANCED_FACE ( 'NONE', ( #34 ), #364, .F. ) ;
#944 = CARTESIAN_POINT ( 'NONE',  ( 6.700000000000001066, 2.370930048418990851E-16, 4.000000000000000000 ) ) ;
#945 = EDGE_CURVE ( 'NONE', #3059, #3408, #3279, .T. ) ;
#946 = FACE_OUTER_BOUND ( 'NONE', #3045, .T. ) ;
#947 = DIRECTION ( 'NONE',  ( 0.000000000000000000, -0.7071067811865628938, 0.7071067811865321406 ) ) ;
#948 = EDGE_CURVE ( 'NONE', #134, #278, #2528, .T. ) ;
#949 = ORIENTED_EDGE ( 'NONE', *, *, #3716, .T. ) ;
#950 = VECTOR ( 'NONE', #3490, 1000.000000000000000 ) ;
#951 = ORIENTED_EDGE ( 'NONE', *, *, #2575, .T. ) ;
#952 = CARTESIAN_POINT ( 'NONE',  ( 2.449293598294706414E-16, -2.286309586602162103, 2.000000000000000000 ) ) ;
#953 = CARTESIAN_POINT ( 'NONE',  ( 1.976315994397759734, -1.500002296987928085, 1.958674534477661489 ) ) ;
#954 = VECTOR ( 'NONE', #343, 1000.000000000000000 ) ;
#955 = AXIS2_PLACEMENT_3D ( 'NONE', #1305, #4575, #610 ) ;
#956 = ORIENTED_EDGE ( 'NONE', *, *, #1184, .F. ) ;
#957 = CARTESIAN_POINT ( 'NONE',  ( -7.999999999999998224, -1.495000000000000551, 1.497928932188133944 ) ) ;
#958 = CARTESIAN_POINT ( 'NONE',  ( -8.000000000018918200, 1.021924959892513503E-15, 3.700000000000000178 ) ) ;
#959 = FACE_OUTER_BOUND ( 'NONE', #3503, .T. ) ;
#960 = VERTEX_POINT ( 'NONE', #3594 ) ;
#961 = B_SPLINE_CURVE_WITH_KNOTS ( 'NONE', 3,
 ( #673, #1359, #332, #1013 ),
 .UNSPECIFIED., .F., .F.,
 ( 4, 4 ),
 ( 6.604843240417189350E-16, 0.0002333446999720573611 ),
 .UNSPECIFIED. ) ;
#962 = CARTESIAN_POINT ( 'NONE',  ( 1.537804662407827649, -0.4417635702736660286, -2.911020098995737104 ) ) ;
#963 = VECTOR ( 'NONE', #947, 1000.000000000000000 ) ;
#964 = CARTESIAN_POINT ( 'NONE',  ( 6.690177002578622911, -0.5000000000000009992, 2.492928932188134716 ) ) ;
#965 = CARTESIAN_POINT ( 'NONE',  ( 0.000000000000000000, -1.499999999999999778, -1.500000000000000666 ) ) ;
#966 = CIRCLE ( 'NONE', #1135, 3.699999999999821654 ) ;
#967 = DIRECTION ( 'NONE',  ( 1.000000000000000000, -0.000000000000000000, 0.000000000000000000 ) ) ;
#968 = ORIENTED_EDGE ( 'NONE', *, *, #3697, .T. ) ;
#969 = DIRECTION ( 'NONE',  ( 0.7660444431189770143, 0.6427876096865404731, 0.000000000000000000 ) ) ;
#970 = EDGE_CURVE ( 'NONE', #3445, #112, #1200, .T. ) ;
#971 = LINE ( 'NONE', #468, #1080 ) ;
#972 = CARTESIAN_POINT ( 'NONE',  ( 6.732870657704451922, -0.8756774257275756757, -2.266417834608017046 ) ) ;
#973 = ORIENTED_EDGE ( 'NONE', *, *, #1321, .T. ) ;
#974 = CARTESIAN_POINT ( 'NONE',  ( -7.999999999999998224, -1.495000000000000551, 1.497928932188133722 ) ) ;
#975 = VECTOR ( 'NONE', #3029, 1000.000000000000000 ) ;
#976 = EDGE_CURVE ( 'NONE', #643, #689, #1546, .T. ) ;
#977 = ORIENTED_EDGE ( 'NONE', *, *, #2335, .T. ) ;
#978 = EDGE_LOOP ( 'NONE', ( #4031, #4476, #1290, #2659, #664, #4457, #1043, #219 ) ) ;
#979 = CARTESIAN_POINT ( 'NONE',  ( -6.499999999978626875, 0.000000000000000000, 3.700000000037562131 ) ) ;
#980 = DIRECTION ( 'NONE',  ( 0.000000000000000000, -1.000000000000000000, 0.000000000000000000 ) ) ;
#981 = ORIENTED_EDGE ( 'NONE', *, *, #3781, .F. ) ;
#982 = AXIS2_PLACEMENT_3D ( 'NONE', #2708, #1233, #3081 ) ;
#983 = ORIENTED_EDGE ( 'NONE', *, *, #4345, .T. ) ;
#984 = DIRECTION ( 'NONE',  ( -0.000000000000000000, 1.000000000000000000, 0.000000000000000000 ) ) ;
#985 = CARTESIAN_POINT ( 'NONE',  ( -5.455880937064816472, 3.999999999999998224, -3.700000000000007283 ) ) ;
#986 = CARTESIAN_POINT ( 'NONE',  ( -4.000000000000000000, 0.000000000000000000, 3.999999999962255970 ) ) ;
#987 = ORIENTED_EDGE ( 'NONE', *, *, #3253, .F. ) ;
#988 = ORIENTED_EDGE ( 'NONE', *, *, #1097, .F. ) ;
#989 = CARTESIAN_POINT ( 'NONE',  ( 1.649509168708730433, -0.8746396139150551807, -2.713210040315879201 ) ) ;
#990 = DIRECTION ( 'NONE',  ( 0.000000000000000000, 0.7071067810860616198, 0.7071067812870334146 ) ) ;
#991 = AXIS2_PLACEMENT_3D ( 'NONE', #2158, #4674, #1419 ) ;
#992 = DIRECTION ( 'NONE',  ( -1.000000000000000000, 0.000000000000000000, 0.000000000000000000 ) ) ;
#993 = B_SPLINE_CURVE_WITH_KNOTS ( 'NONE', 3,
 ( #203, #4213, #532, #3434 ),
 .UNSPECIFIED., .F., .F.,
 ( 4, 4 ),
 ( 3.341996101919017930E-15, 0.0004260826596346510369 ),
 .UNSPECIFIED. ) ;
#994 = ORIENTED_EDGE ( 'NONE', *, *, #1029, .F. ) ;
#995 = CARTESIAN_POINT ( 'NONE',  ( 0.000000000000000000, -1.500000000135059963, 0.000000000000000000 ) ) ;
#996 = VERTEX_POINT ( 'NONE', #1745 ) ;
#997 = CARTESIAN_POINT ( 'NONE',  ( -3.999999999999996447, 1.021924959892513503E-15, -3.999999999962255970 ) ) ;
#998 = LINE ( 'NONE', #160, #4369 ) ;
#999 = EDGE_CURVE ( 'NONE', #3536, #244, #2581, .T. ) ;
#1000 = PLANE ( 'NONE',  #641 ) ;
#1001 = EDGE_LOOP ( 'NONE', ( #4694, #3707, #4677, #2943 ) ) ;
#1002 = LINE ( 'NONE', #4316, #1226 ) ;
#1003 = CARTESIAN_POINT ( 'NONE',  ( -6.450505049969864402, -0.4950000000000011058, 3.700000000015029933 ) ) ;
#1004 = DIRECTION ( 'NONE',  ( 1.000000000000000000, 0.000000000000000000, 0.000000000000000000 ) ) ;
#1005 = CARTESIAN_POINT ( 'NONE',  ( 1.589831926666433803, -0.6848036303123001822, -2.941018178068983246 ) ) ;
#1006 = EDGE_CURVE ( 'NONE', #3610, #2071, #262, .T. ) ;
#1007 = ORIENTED_EDGE ( 'NONE', *, *, #3132, .F. ) ;
#1008 = CONICAL_SURFACE ( 'NONE', #852, 2.900000000005001688, 0.7853981634921873844 ) ;
#1009 = LINE ( 'NONE', #3869, #1587 ) ;
#1010 = CARTESIAN_POINT ( 'NONE',  ( -5.114670458637526451, -4.286309586602162547, -3.700000000000003730 ) ) ;
#1011 = CARTESIAN_POINT ( 'NONE',  ( 0.000000000000000000, 2.313690413359381637, 1.249999999913598003 ) ) ;
#1012 = EDGE_LOOP ( 'NONE', ( #274, #3671, #1132, #168 ) ) ;
#1013 = CARTESIAN_POINT ( 'NONE',  ( 1.222627386066085675, -0.5000000022477341100, -2.500000010971026754 ) ) ;
#1014 = CARTESIAN_POINT ( 'NONE',  ( 1.509822997421379487, -0.4950000000000009948, 4.000000000000000000 ) ) ;
#1015 = CIRCLE ( 'NONE', #2896, 2.599999999978627407 ) ;
#1016 = ORIENTED_EDGE ( 'NONE', *, *, #48, .F. ) ;
#1017 = DIRECTION ( 'NONE',  ( 0.000000000000000000, 0.000000000000000000, -1.000000000000000000 ) ) ;
#1018 = DIRECTION ( 'NONE',  ( 1.000000000000000000, -0.000000000000000000, 0.000000000000000000 ) ) ;
#1019 = B_SPLINE_CURVE_WITH_KNOTS ( 'NONE', 3,
 ( #3905, #1364, #3888, #3195 ),
 .UNSPECIFIED., .F., .F.,
 ( 4, 4 ),
 ( 1.141117587921376297E-14, 0.0004278863710100607701 ),
 .UNSPECIFIED. ) ;
#1020 = VECTOR ( 'NONE', #210, 1000.000000000000000 ) ;
#1021 = ORIENTED_EDGE ( 'NONE', *, *, #2304, .T. ) ;
#1022 = DIRECTION ( 'NONE',  ( 0.000000000000000000, 0.000000000000000000, -1.000000000000000000 ) ) ;
#1023 = EDGE_CURVE ( 'NONE', #3902, #4306, #1481, .T. ) ;
#1024 = AXIS2_PLACEMENT_3D ( 'NONE', #815, #3705, #410 ) ;
#1025 = CARTESIAN_POINT ( 'NONE',  ( -1.499999999999999556, 3.061616997868383634E-16, 4.000000000000000000 ) ) ;
#1026 = ORIENTED_EDGE ( 'NONE', *, *, #249, .F. ) ;
#1027 = LINE ( 'NONE', #4124, #1660 ) ;
#1028 = SURFACE_SIDE_STYLE ('',( #1240 ) ) ;
#1029 = EDGE_CURVE ( 'NONE', #3095, #2194, #971, .T. ) ;
#1030 = ORIENTED_EDGE ( 'NONE', *, *, #1126, .T. ) ;
#1031 = CARTESIAN_POINT ( 'NONE',  ( 6.753365185169057483, -1.117312480090280058, 1.882687519909722385 ) ) ;
#1032 = CONICAL_SURFACE ( 'NONE', #2656, 1.094999999907031452, 0.7853981633974482790 ) ;
#1033 = CARTESIAN_POINT ( 'NONE',  ( 0.000000000000000000, -1.700000000028012437, 0.000000000000000000 ) ) ;
#1034 = CARTESIAN_POINT ( 'NONE',  ( -1.624807457241500774, -0.8639804587559274385, 2.136019541244073228 ) ) ;
#1035 = ORIENTED_EDGE ( 'NONE', *, *, #469, .F. ) ;
#1036 = ORIENTED_EDGE ( 'NONE', *, *, #2270, .T. ) ;
#1037 = EDGE_CURVE ( 'NONE', #2823, #3506, #4286, .T. ) ;
#1038 = CARTESIAN_POINT ( 'NONE',  ( 0.000000000000000000, 2.313690413302538218, 0.000000000000000000 ) ) ;
#1039 = ORIENTED_EDGE ( 'NONE', *, *, #3389, .F. ) ;
#1040 = CARTESIAN_POINT ( 'NONE',  ( 6.674417427725261476, -0.3638336265718912221, 2.502347964646415068 ) ) ;
#1041 = ORIENTED_EDGE ( 'NONE', *, *, #3599, .F. ) ;
#1042 = DIRECTION ( 'NONE',  ( 0.000000000000000000, 0.000000000000000000, -1.000000000000000000 ) ) ;
#1043 = ORIENTED_EDGE ( 'NONE', *, *, #2704, .F. ) ;
#1044 = CARTESIAN_POINT ( 'NONE',  ( 0.000000000000000000, -1.499999999999999778, -1.500000000000000666 ) ) ;
#1045 = CARTESIAN_POINT ( 'NONE',  ( 6.690177002578622911, -0.2257943651042541300, 4.000000000000000000 ) ) ;
#1046 = ORIENTED_EDGE ( 'NONE', *, *, #2615, .F. ) ;
#1047 = CARTESIAN_POINT ( 'NONE',  ( 1.548529835565384927, -0.5000000000000003331, -2.500000000000000888 ) ) ;
#1048 = B_SPLINE_CURVE_WITH_KNOTS ( 'NONE', 3,
 ( #1414, #1480, #77, #3758, #3362, #1128 ),
 .UNSPECIFIED., .F., .F.,
 ( 4, 2, 4 ),
 ( 4.470280076681872704E-18, 0.0002058352151866723787, 0.0004116704303733402580 ),
 .UNSPECIFIED. ) ;
#1049 = ORIENTED_EDGE ( 'NONE', *, *, #606, .F. ) ;
#1050 = FACE_OUTER_BOUND ( 'NONE', #797, .T. ) ;
#1051 = DIRECTION ( 'NONE',  ( -0.000000000000000000, 0.000000000000000000, -1.000000000000000000 ) ) ;
#1052 = CARTESIAN_POINT ( 'NONE',  ( 4.100000000000000533, -8.131516293641283255E-17, -3.999999999962255970 ) ) ;
#1053 = DIRECTION ( 'NONE',  ( -0.000000000000000000, -0.000000000000000000, -1.000000000000000000 ) ) ;
#1054 = CIRCLE ( 'NONE', #1266, 1.449999999977080734 ) ;
#1055 = EDGE_CURVE ( 'NONE', #4256, #1219, #1955, .T. ) ;
#1056 = AXIS2_PLACEMENT_3D ( 'NONE', #2196, #2933, #4343 ) ;
#1057 = CARTESIAN_POINT ( 'NONE',  ( 1.793860399767617242, -1.212043307452774332, 2.306984378725505547 ) ) ;
#1058 = ORIENTED_EDGE ( 'NONE', *, *, #892, .T. ) ;
#1059 = ADVANCED_FACE ( 'NONE', ( #148 ), #435, .F. ) ;
#1060 = PLANE ( 'NONE',  #280 ) ;
#1061 = CIRCLE ( 'NONE', #79, 0.9499999999889040536 ) ;
#1062 = EDGE_LOOP ( 'NONE', ( #2424, #4187, #1877, #794 ) ) ;
#1063 = EDGE_CURVE ( 'NONE', #3222, #4449, #3048, .T. ) ;
#1064 = CARTESIAN_POINT ( 'NONE',  ( -1.447588354949852052, -0.4949999999944804108, -3.799889050304622096 ) ) ;
#1065 = CARTESIAN_POINT ( 'NONE',  ( -6.225655562420845612, -1.197568134510301308, -1.795360797677834075 ) ) ;
#1066 = VECTOR ( 'NONE', #4301, 1000.000000000000000 ) ;
#1067 = CIRCLE ( 'NONE', #2929, 1.449999999977080734 ) ;
#1068 = EDGE_LOOP ( 'NONE', ( #3365, #4689, #1720, #446, #275, #2036, #1007, #1725 ) ) ;
#1069 = FACE_OUTER_BOUND ( 'NONE', #2386, .T. ) ;
#1070 = CARTESIAN_POINT ( 'NONE',  ( -3.999999999999996447, 1.021924959892513503E-15, 4.000000000019099389 ) ) ;
#1071 = ORIENTED_EDGE ( 'NONE', *, *, #455, .T. ) ;
#1072 = CARTESIAN_POINT ( 'NONE',  ( -1.550510257227728950, -0.5000000000000004441, 3.700000000048248694 ) ) ;
#1073 = CARTESIAN_POINT ( 'NONE',  ( 2.145544523231622147, 2.068145890166279255, -3.945544523231621525 ) ) ;
#1074 = CARTESIAN_POINT ( 'NONE',  ( -6.375192542758497005, -0.8639804587559283267, -2.136019541244072784 ) ) ;
#1075 = AXIS2_PLACEMENT_3D ( 'NONE', #1070, #4385, #1103 ) ;
#1076 = FACE_OUTER_BOUND ( 'NONE', #3912, .T. ) ;
#1077 = ORIENTED_EDGE ( 'NONE', *, *, #1337, .F. ) ;
#1078 = DIRECTION ( 'NONE',  ( 0.000000000000000000, 1.000000000000000000, 0.000000000000000000 ) ) ;
#1079 = CARTESIAN_POINT ( 'NONE',  ( -4.000000000000000000, 0.000000000000000000, -3.999999999962255970 ) ) ;
#1080 = VECTOR ( 'NONE', #3034, 1000.000000000000000 ) ;
#1081 = B_SPLINE_CURVE_WITH_KNOTS ( 'NONE', 3,
 ( #2130, #3269, #2908, #3670 ),
 .UNSPECIFIED., .F., .F.,
 ( 4, 4 ),
 ( 4.906538933386797396E-18, 0.0004260826596114511162 ),
 .UNSPECIFIED. ) ;
#1082 = ORIENTED_EDGE ( 'NONE', *, *, #4465, .T. ) ;
#1083 = CARTESIAN_POINT ( 'NONE',  ( 1.446634814830944915, -1.117312480090281390, 1.882687519909717500 ) ) ;
#1084 = EDGE_CURVE ( 'NONE', #528, #337, #4572, .T. ) ;
#1085 = LINE ( 'NONE', #2665, #975 ) ;
#1086 = DIRECTION ( 'NONE',  ( 8.659560561534534773E-17, 0.7071067812535380970, -0.7071067811195569375 ) ) ;
#1087 = ORIENTED_EDGE ( 'NONE', *, *, #3922, .F. ) ;
#1088 = VECTOR ( 'NONE', #990, 1000.000000000000000 ) ;
#1089 = EDGE_CURVE ( 'NONE', #1301, #3854, #2467, .T. ) ;
#1090 = CARTESIAN_POINT ( 'NONE',  ( 6.223684002367433798, -1.500002295986595069, 1.958674535742434886 ) ) ;
#1091 = CARTESIAN_POINT ( 'NONE',  ( 7.808099243547830248, -1.499999999999999334, -1.500000000000000444 ) ) ;
#1092 = VERTEX_POINT ( 'NONE', #2256 ) ;
#1093 = ORIENTED_EDGE ( 'NONE', *, *, #1624, .F. ) ;
#1094 = CARTESIAN_POINT ( 'NONE',  ( 1.509822997421380153, -0.4950000000000007727, 2.497928932188134610 ) ) ;
#1095 = PLANE ( 'NONE',  #3382 ) ;
#1096 = VERTEX_POINT ( 'NONE', #2292 ) ;
#1097 = EDGE_CURVE ( 'NONE', #710, #4707, #4517, .T. ) ;
#1098 = ORIENTED_EDGE ( 'NONE', *, *, #2192, .T. ) ;
#1099 = B_SPLINE_SURFACE_WITH_KNOTS ( 'NONE', 1, 3, ( 
 ( #4548, #581, #2403, #552, #4154, #2753, #3435, #3128, #3484, #921 ),
 ( #533, #876, #2703, #1216, #3826, #205, #2739, #567, #3452, #3498 ) ),
 .UNSPECIFIED., .F., .F., .F.,
 ( 2, 2 ),
 ( 4, 2, 2, 2, 4 ),
 ( 0.000000000000000000, 1.000000000000000000 ),
 ( 1.741533718959779264, 1.866800620862250959, 1.992067522764722876, 2.117334424667194792, 2.242601326569666487 ),
 .UNSPECIFIED. ) ;
#1100 = EDGE_LOOP ( 'NONE', ( #399, #3280, #1847, #346 ) ) ;
#1101 = AXIS2_PLACEMENT_3D ( 'NONE', #3940, #1051, #4319 ) ;
#1102 =( BOUNDED_CURVE ( )  B_SPLINE_CURVE ( 3, ( #1332, #273, #2105, #645 ),
 .UNSPECIFIED., .F., .T. ) 
 B_SPLINE_CURVE_WITH_KNOTS ( ( 4, 4 ),
 ( 4.712388980384689674, 6.059110021877756047 ),
 .UNSPECIFIED. ) 
 CURVE ( )  GEOMETRIC_REPRESENTATION_ITEM ( )  RATIONAL_B_SPLINE_CURVE ( ( 1.000000000000000000, 0.8544869384213150676, 0.8544869384213150676, 1.000000000000000000 ) ) 
 REPRESENTATION_ITEM ( '' )  );
#1103 = DIRECTION ( 'NONE',  ( -1.000000000000000000, 0.000000000000000000, 0.000000000000000000 ) ) ;
#1104 = EDGE_LOOP ( 'NONE', ( #2164, #3824, #2777 ) ) ;
#1105 = DIRECTION ( 'NONE',  ( -1.000000000000000000, 0.000000000000000000, 0.000000000000000000 ) ) ;
#1106 = ADVANCED_FACE ( 'NONE', ( #4235 ), #3346, .F. ) ;
#1107 = CARTESIAN_POINT ( 'NONE',  ( -1.549494950015405159, -0.4949999999999997735, -2.497928932188135498 ) ) ;
#1108 = CARTESIAN_POINT ( 'NONE',  ( 1.384808146491455227, -0.4999337145626954193, -2.667772149970825790 ) ) ;
#1109 = EDGE_LOOP ( 'NONE', ( #607, #1840, #2094, #733 ) ) ;
#1110 = FACE_OUTER_BOUND ( 'NONE', #2945, .T. ) ;
#1111 = CARTESIAN_POINT ( 'NONE',  ( 6.550489009906568683, -0.8746448878520747261, -2.713203705360710316 ) ) ;
#1112 = DIRECTION ( 'NONE',  ( -0.000000000000000000, -0.000000000000000000, -1.000000000000000000 ) ) ;
#1113 = AXIS2_PLACEMENT_3D ( 'NONE', #2834, #2862, #1383 ) ;
#1114 = ORIENTED_EDGE ( 'NONE', *, *, #1841, .T. ) ;
#1115 = VECTOR ( 'NONE', #3459, 1000.000000000000000 ) ;
#1116 = DIRECTION ( 'NONE',  ( -0.2492435693639446503, 0.6847910787717386150, -0.6847910787717366166 ) ) ;
#1117 = DIRECTION ( 'NONE',  ( -0.000000000000000000, -0.000000000000000000, -1.000000000000000000 ) ) ;
#1118 = EDGE_CURVE ( 'NONE', #2373, #505, #1603, .T. ) ;
#1119 = VECTOR ( 'NONE', #2885, 1000.000000000000114 ) ;
#1121 = ORIENTED_EDGE ( 'NONE', *, *, #513, .F. ) ;
#1120 = CARTESIAN_POINT ( 'NONE',  ( 4.100000000000001421, 9.919639073093561200E-16, -3.700000000000003730 ) ) ;
#1122 = CARTESIAN_POINT ( 'NONE',  ( -6.450505049984594841, -0.4950000000000012723, -3.699999999981946175 ) ) ;
#1123 = CARTESIAN_POINT ( 'NONE',  ( 2.200000000000004174, 1.021924959892513503E-15, 4.000000000000000000 ) ) ;
#1124 = VECTOR ( 'NONE', #2628, 1000.000000000000000 ) ;
#1125 = ORIENTED_EDGE ( 'NONE', *, *, #2068, .T. ) ;
#1126 = EDGE_CURVE ( 'NONE', #3610, #46, #3455, .T. ) ;
#1127 = CARTESIAN_POINT ( 'NONE',  ( 1.887912762390129506, -1.370501055681388580, 1.448793736305918012 ) ) ;
#1128 = CARTESIAN_POINT ( 'NONE',  ( 1.976315997632557941, -1.500002295986594847, -1.958674535742455758 ) ) ;
#1129 = CARTESIAN_POINT ( 'NONE',  ( 1.548529835573529523, -0.5000000000000000000, -3.699999999994099564 ) ) ;
#1130 = DIRECTION ( 'NONE',  ( -0.000000000000000000, -0.000000000000000000, -1.000000000000000000 ) ) ;
#1131 = LINE ( 'NONE', #3257, #1821 ) ;
#1132 = ORIENTED_EDGE ( 'NONE', *, *, #2679, .T. ) ;
#1133 = DIRECTION ( 'NONE',  ( -1.000000000000000000, 0.000000000000000000, 0.000000000000000000 ) ) ;
#1134 = CARTESIAN_POINT ( 'NONE',  ( -5.114670458637523787, -4.286309586602162547, -3.700000000000003730 ) ) ;
#1135 = AXIS2_PLACEMENT_3D ( 'NONE', #2515, #703, #4696 ) ;
#1136 = VECTOR ( 'NONE', #1269, 1000.000000000000000 ) ;
#1137 = ORIENTED_EDGE ( 'NONE', *, *, #118, .F. ) ;
#1138 = CARTESIAN_POINT ( 'NONE',  ( -4.000000000000000000, 0.000000000000000000, -3.999999999943156581 ) ) ;
#1139 = ORIENTED_EDGE ( 'NONE', *, *, #3075, .F. ) ;
#1140 = AXIS2_PLACEMENT_3D ( 'NONE', #843, #2691, #2284 ) ;
#1141 = VECTOR ( 'NONE', #2339, 1000.000000000000000 ) ;
#1142 = DIRECTION ( 'NONE',  ( 0.000000000000000000, -0.7071067811865477948, -0.7071067811865473507 ) ) ;
#1143 = ORIENTED_EDGE ( 'NONE', *, *, #1212, .T. ) ;
#1144 = DIRECTION ( 'NONE',  ( 0.000000000000000000, -0.7071067811865470176, -0.7071067811865481278 ) ) ;
#1145 = DIRECTION ( 'NONE',  ( -9.901389703904623249E-17, 1.000000000000000000, -0.000000000000000000 ) ) ;
#1146 = B_SPLINE_CURVE_WITH_KNOTS ( 'NONE', 3,
 ( #3712, #4425, #3016, #1923, #2290, #1163, #790 ),
 .UNSPECIFIED., .F., .F.,
 ( 4, 3, 4 ),
 ( 4.460605915029196028E-17, 0.0001730092533711892467, 0.0004647421048694703972 ),
 .UNSPECIFIED. ) ;
#1147 = LINE ( 'NONE', #3249, #4576 ) ;
#1148 = CARTESIAN_POINT ( 'NONE',  ( 6.690176984666137194, -0.5000000210609897300, -2.400955490712144869 ) ) ;
#1149 = EDGE_CURVE ( 'NONE', #774, #102, #4186, .T. ) ;
#1150 = VERTEX_POINT ( 'NONE', #3786 ) ;
#1151 = ORIENTED_EDGE ( 'NONE', *, *, #2545, .T. ) ;
#1152 = CARTESIAN_POINT ( 'NONE',  ( -1.550510257216822119, -0.5000000000000003331, -2.500000000000000888 ) ) ;
#1153 = ORIENTED_EDGE ( 'NONE', *, *, #4105, .T. ) ;
#1154 = VERTEX_POINT ( 'NONE', #179 ) ;
#1155 = ORIENTED_EDGE ( 'NONE', *, *, #2159, .T. ) ;
#1156 = CARTESIAN_POINT ( 'NONE',  ( 6.566640395380662021, -0.8400737162130343938, -2.452973352522630712 ) ) ;
#1157 = EDGE_CURVE ( 'NONE', #4172, #2431, #2359, .T. ) ;
#1158 = ADVANCED_FACE ( 'NONE', ( #1302 ), #752, .F. ) ;
#1159 = DIRECTION ( 'NONE',  ( 0.000000000000000000, 0.000000000000000000, 1.000000000000000000 ) ) ;
#1160 = DIRECTION ( 'NONE',  ( 0.000000000000000000, 0.000000000000000000, -1.000000000000000000 ) ) ;
#1161 = ORIENTED_EDGE ( 'NONE', *, *, #4442, .F. ) ;
#1162 = CARTESIAN_POINT ( 'NONE',  ( 1.509822997421379487, -0.5000000421219806812, 4.000000000000000000 ) ) ;
#1163 = CARTESIAN_POINT ( 'NONE',  ( 1.509822997421840007, -0.5745995083055063235, 2.338623141329434052 ) ) ;
#1164 = CARTESIAN_POINT ( 'NONE',  ( 7.808099243547830248, -1.499999999999998890, 4.000000000000000000 ) ) ;
#1165 = EDGE_CURVE ( 'NONE', #1356, #2024, #382, .T. ) ;
#1166 = ORIENTED_EDGE ( 'NONE', *, *, #1967, .F. ) ;
#1167 = CARTESIAN_POINT ( 'NONE',  ( -6.000000000000000000, -1.500000000000000222, 1.499999999999999112 ) ) ;
#1168 = DIRECTION ( 'NONE',  ( 0.000000000000000000, 2.891205793294680298E-16, -1.000000000000000000 ) ) ;
#1169 = ORIENTED_EDGE ( 'NONE', *, *, #2944, .F. ) ;
#1170 = VECTOR ( 'NONE', #2883, 1000.000000000000114 ) ;
#1171 = CARTESIAN_POINT ( 'NONE',  ( 6.598071237296736946, -0.7415858665276474637, -2.564955205602915900 ) ) ;
#1172 = CARTESIAN_POINT ( 'NONE',  ( 1.735076166957167709, -1.085697174319819824, 1.746862715970531443 ) ) ;
#1173 = DIRECTION ( 'NONE',  ( 0.000000000000000000, 0.000000000000000000, -1.000000000000000000 ) ) ;
#1174 = ORIENTED_EDGE ( 'NONE', *, *, #1236, .F. ) ;
#1175 = DIRECTION ( 'NONE',  ( 0.000000000000000000, 0.000000000000000000, 1.000000000000000000 ) ) ;
#1176 = LINE ( 'NONE', #2833, #584 ) ;
#1177 = DIRECTION ( 'NONE',  ( -0.000000000000000000, -0.000000000000000000, 1.000000000000000000 ) ) ;
#1178 = EDGE_CURVE ( 'NONE', #4408, #893, #2802, .T. ) ;
#1179 = AXIS2_PLACEMENT_3D ( 'NONE', #449, #4701, #436 ) ;
#1180 = VERTEX_POINT ( 'NONE', #4491 ) ;
#1181 = ADVANCED_FACE ( 'NONE', ( #3451 ), #2683, .T. ) ;
#1182 = DIRECTION ( 'NONE',  ( 0.000000000000000000, 0.7938448060994455213, 0.6081204024113430195 ) ) ;
#1183 = FACE_OUTER_BOUND ( 'NONE', #2714, .T. ) ;
#1184 = EDGE_CURVE ( 'NONE', #4080, #4408, #1197, .T. ) ;
#1185 = FACE_OUTER_BOUND ( 'NONE', #224, .T. ) ;
#1186 = ORIENTED_EDGE ( 'NONE', *, *, #2159, .F. ) ;
#1187 = DIRECTION ( 'NONE',  ( 0.000000000000000000, 0.000000000000000000, -1.000000000000000000 ) ) ;
#1188 = CARTESIAN_POINT ( 'NONE',  ( 6.379682287300728838, -1.500000050574287425, 1.597788560844011885 ) ) ;
#1189 = FACE_OUTER_BOUND ( 'NONE', #3320, .T. ) ;
#1190 = EDGE_CURVE ( 'NONE', #2722, #1833, #4122, .T. ) ;
#1191 = ORIENTED_EDGE ( 'NONE', *, *, #2516, .T. ) ;
#1192 = DIRECTION ( 'NONE',  ( 0.000000000000000000, -0.7071067811865469066, 0.7071067811865482389 ) ) ;
#1193 = CARTESIAN_POINT ( 'NONE',  ( 6.778183910765354092, -0.5000000019400289153, 2.492928928927053533 ) ) ;
#1194 = CARTESIAN_POINT ( 'NONE',  ( 1.976311986282719646, -1.499999999999998890, 1.890284309263296825 ) ) ;
#1195 = CARTESIAN_POINT ( 'NONE',  ( 1.976315997632557941, -1.500002295986594847, -1.958674535742455758 ) ) ;
#1196 =( BOUNDED_CURVE ( )  B_SPLINE_CURVE ( 3, ( #4046, #3785, #3457, #4157 ),
 .UNSPECIFIED., .F., .T. ) 
 B_SPLINE_CURVE_WITH_KNOTS ( ( 4, 4 ),
 ( 4.837716811552756013, 5.096785754880329478 ),
 .UNSPECIFIED. ) 
 CURVE ( )  GEOMETRIC_REPRESENTATION_ITEM ( )  RATIONAL_B_SPLINE_CURVE ( ( 1.000000000000000000, 0.9944147564235756853, 0.9944147564235756853, 1.000000000000000000 ) ) 
 REPRESENTATION_ITEM ( '' )  );
#1197 = LINE ( 'NONE', #1600, #1136 ) ;
#1198 = EDGE_LOOP ( 'NONE', ( #3384, #1319, #2754, #44 ) ) ;
#1199 = PLANE ( 'NONE',  #530 ) ;
#1200 = LINE ( 'NONE', #3581, #1715 ) ;
#1201 = AXIS2_PLACEMENT_3D ( 'NONE', #2890, #699, #3205 ) ;
#1202 = LINE ( 'NONE', #1377, #390 ) ;
#1203 = DIRECTION ( 'NONE',  ( -1.000000000000000000, 0.000000000000000000, 0.000000000000000000 ) ) ;
#1204 = ADVANCED_FACE ( 'NONE', ( #4182, #858 ), #557, .F. ) ;
#1205 = ORIENTED_EDGE ( 'NONE', *, *, #1436, .T. ) ;
#1206 = CARTESIAN_POINT ( 'NONE',  ( 6.690177002578622911, -0.4950000000000002176, -2.497928932188135498 ) ) ;
#1207 = DIRECTION ( 'NONE',  ( 1.000000000000000000, 0.000000000000000000, 0.000000000000000000 ) ) ;
#1208 = CARTESIAN_POINT ( 'NONE',  ( 1.242557962125042437, -0.4949999999999998845, -3.999999999970194065 ) ) ;
#1209 = CARTESIAN_POINT ( 'NONE',  ( 0.000000000000000000, 2.013690413377844379, 0.000000000000000000 ) ) ;
#1210 = ORIENTED_EDGE ( 'NONE', *, *, #2375, .T. ) ;
#1211 = ORIENTED_EDGE ( 'NONE', *, *, #1624, .T. ) ;
#1212 = EDGE_CURVE ( 'NONE', #2019, #4533, #2356, .T. ) ;
#1213 = CARTESIAN_POINT ( 'NONE',  ( 6.514983314096225442, -0.9685719277013318251, 2.600259636407165509 ) ) ;
#1214 = ORIENTED_EDGE ( 'NONE', *, *, #424, .T. ) ;
#1215 = ORIENTED_EDGE ( 'NONE', *, *, #4289, .T. ) ;
#1216 = CARTESIAN_POINT ( 'NONE',  ( 6.555256742084085708, -0.8622648289039890335, -2.431808007823867968 ) ) ;
#1217 = EDGE_CURVE ( 'NONE', #156, #2420, #3565, .T. ) ;
#1218 = CARTESIAN_POINT ( 'NONE',  ( 1.678262766461643629, -1.499999965590859130, 1.500000000143879797 ) ) ;
#1219 = VERTEX_POINT ( 'NONE', #4161 ) ;
#1220 = VECTOR ( 'NONE', #3049, 1000.000000000000000 ) ;
#1221 = CARTESIAN_POINT ( 'NONE',  ( 6.845736030492043156, -1.495000000000000107, -1.497928932188135276 ) ) ;
#1222 = DIRECTION ( 'NONE',  ( 1.000000000000000000, 8.651359334445627801E-17, 0.000000000000000000 ) ) ;
#1223 = DIRECTION ( 'NONE',  ( -0.000000000000000000, 0.7071067811865470176, 0.7071067811865481278 ) ) ;
#1224 = VERTEX_POINT ( 'NONE', #1292 ) ;
#1225 = ADVANCED_FACE ( 'NONE', ( #544 ), #2031, .F. ) ;
#1226 = VECTOR ( 'NONE', #289, 1000.000000000000000 ) ;
#1227 = CARTESIAN_POINT ( 'NONE',  ( -1.550510257216821897, -0.5000000000000000000, 4.000000000000000000 ) ) ;
#1228 = CARTESIAN_POINT ( 'NONE',  ( 6.614855892193406639, -1.111624649912511309, 2.013663138445510370 ) ) ;
#1229 = B_SPLINE_CURVE_WITH_KNOTS ( 'NONE', 3,
 ( #520, #4126, #849, #3427, #2727, #1972, #3032 ),
 .UNSPECIFIED., .F., .F.,
 ( 4, 3, 4 ),
 ( 2.200342479401639437E-13, 6.364735593110684914E-05, 0.0001272967111706926977 ),
 .UNSPECIFIED. ) ;
#1230 = VECTOR ( 'NONE', #1692, 1000.000000000000000 ) ;
#1231 = LINE ( 'NONE', #3761, #1750 ) ;
#1232 = ORIENTED_EDGE ( 'NONE', *, *, #937, .F. ) ;
#1233 = DIRECTION ( 'NONE',  ( 0.000000000000000000, 0.000000000000000000, -1.000000000000000000 ) ) ;
#1234 = CARTESIAN_POINT ( 'NONE',  ( -2.123881310838300340, 2.041367451010173806, -3.972322908445498069 ) ) ;
#1235 = CARTESIAN_POINT ( 'NONE',  ( 1.632913577122932391, -1.438444072235424143, 1.561555927764575191 ) ) ;
#1236 = EDGE_CURVE ( 'NONE', #3449, #2209, #1299, .T. ) ;
#1237 = FACE_OUTER_BOUND ( 'NONE', #758, .T. ) ;
#1238 = EDGE_LOOP ( 'NONE', ( #716, #3596, #558, #2990, #3006 ) ) ;
#1239 = CARTESIAN_POINT ( 'NONE',  ( 4.100000000000000533, -8.131516293641283255E-17, -3.999999999956252772 ) ) ;
#1240 = SURFACE_STYLE_FILL_AREA ( #3243 ) ;
#1241 = ORIENTED_EDGE ( 'NONE', *, *, #3514, .T. ) ;
#1242 = EDGE_CURVE ( 'NONE', #4440, #3678, #1952, .T. ) ;
#1243 = PLANE ( 'NONE',  #2060 ) ;
#1244 = CIRCLE ( 'NONE', #899, 3.999999999999998224 ) ;
#1245 = ORIENTED_EDGE ( 'NONE', *, *, #1089, .F. ) ;
#1246 = ADVANCED_FACE ( 'NONE', ( #914 ), #3145, .T. ) ;
#1247 = CARTESIAN_POINT ( 'NONE',  ( 0.000000000000000000, -1.499999999999999778, -1.500000000000000666 ) ) ;
#1248 =( BOUNDED_CURVE ( )  B_SPLINE_CURVE ( 3, ( #926, #596, #1657, #1291 ),
 .UNSPECIFIED., .F., .F. ) 
 B_SPLINE_CURVE_WITH_KNOTS ( ( 4, 4 ),
 ( 4.836457029617607262, 5.095437722292224692 ),
 .UNSPECIFIED. ) 
 CURVE ( )  GEOMETRIC_REPRESENTATION_ITEM ( )  RATIONAL_B_SPLINE_CURVE ( ( 1.000000000000000000, 0.9944185556333229314, 0.9944185556333229314, 1.000000000000000000 ) ) 
 REPRESENTATION_ITEM ( '' )  );
#1249 = AXIS2_PLACEMENT_3D ( 'NONE', #4266, #3178, #318 ) ;
#1250 = CARTESIAN_POINT ( 'NONE',  ( 1.384808146491455227, -0.4999337145626954193, -2.667772149970825790 ) ) ;
#1251 = EDGE_LOOP ( 'NONE', ( #2947, #3545, #1488, #2383 ) ) ;
#1252 = CARTESIAN_POINT ( 'NONE',  ( -7.710117922654207590, -1.495000000000000773, 1.497928932188133500 ) ) ;
#1253 = CARTESIAN_POINT ( 'NONE',  ( 1.180068226864001479, -0.2962114851818818395, 2.703788514818119992 ) ) ;
#1254 = LINE ( 'NONE', #4455, #321 ) ;
#1255 = CARTESIAN_POINT ( 'NONE',  ( -5.005479388357663595, -3.986309586602164057, -4.000000000000000000 ) ) ;
#1256 = ORIENTED_EDGE ( 'NONE', *, *, #3232, .F. ) ;
#1257 = AXIS2_PLACEMENT_3D ( 'NONE', #2030, #252, #1278 ) ;
#1258 = CARTESIAN_POINT ( 'NONE',  ( 0.000000000000000000, -1.349999999945339368, 0.000000000000000000 ) ) ;
#1259 = LINE ( 'NONE', #1162, #2474 ) ;
#1260 = B_SPLINE_CURVE_WITH_KNOTS ( 'NONE', 3,
 ( #1003, #2876, #316, #3258 ),
 .UNSPECIFIED., .F., .F.,
 ( 4, 4 ),
 ( 8.898387464669612797E-18, 0.0004280946021320443232 ),
 .UNSPECIFIED. ) ;
#1261 = ORIENTED_EDGE ( 'NONE', *, *, #4556, .T. ) ;
#1262 = DIRECTION ( 'NONE',  ( -1.000000000000000000, 0.000000000000000000, 0.000000000000000000 ) ) ;
#1263 = ORIENTED_EDGE ( 'NONE', *, *, #3828, .F. ) ;
#1264 = CARTESIAN_POINT ( 'NONE',  ( -6.449489742783177881, -0.5000000000000003331, -2.500000000000000888 ) ) ;
#1265 = ORIENTED_EDGE ( 'NONE', *, *, #4262, .F. ) ;
#1266 = AXIS2_PLACEMENT_3D ( 'NONE', #2588, #423, #100 ) ;
#1267 = ORIENTED_EDGE ( 'NONE', *, *, #4406, .F. ) ;
#1268 = CARTESIAN_POINT ( 'NONE',  ( -7.999999999999998224, -1.495000000000000107, -1.500000000000000666 ) ) ;
#1269 = DIRECTION ( 'NONE',  ( -1.000000000000000000, -0.000000000000000000, -0.000000000000000000 ) ) ;
#1270 = CARTESIAN_POINT ( 'NONE',  ( 7.000000000005002221, -8.131516293641283255E-17, 3.999999999905412551 ) ) ;
#1271 = EDGE_CURVE ( 'NONE', #2984, #4535, #201, .T. ) ;
#1272 = ORIENTED_EDGE ( 'NONE', *, *, #3132, .T. ) ;
#1273 = DIRECTION ( 'NONE',  ( -0.7660444431189775694, -0.6427876096865398070, 0.000000000000000000 ) ) ;
#1274 = EDGE_CURVE ( 'NONE', #2827, #4669, #313, .T. ) ;
#1275 = ORIENTED_EDGE ( 'NONE', *, *, #406, .T. ) ;
#1276 = CARTESIAN_POINT ( 'NONE',  ( 1.509822997415640078, -0.4058676804369738544, 3.720320750258976794 ) ) ;
#1277 = FACE_OUTER_BOUND ( 'NONE', #1822, .T. ) ;
#1278 = DIRECTION ( 'NONE',  ( 0.000000000000000000, 0.000000000000000000, -1.000000000000000000 ) ) ;
#1279 = VECTOR ( 'NONE', #1781, 1000.000000000000000 ) ;
#1280 = CARTESIAN_POINT ( 'NONE',  ( -4.000000000000000000, 0.000000000000000000, 3.700000000037562131 ) ) ;
#1281 = CARTESIAN_POINT ( 'NONE',  ( 5.062863900676155993, 4.413690413397840295, -3.700000000000003286 ) ) ;
#1282 = ORIENTED_EDGE ( 'NONE', *, *, #2646, .T. ) ;
#1283 = FACE_OUTER_BOUND ( 'NONE', #1251, .T. ) ;
#1284 = CARTESIAN_POINT ( 'NONE',  ( 1.421816091068112575, -0.5000000052239591541, 2.492928924304195881 ) ) ;
#1285 = B_SPLINE_CURVE_WITH_KNOTS ( 'NONE', 3,
 ( #4045, #757, #3376, #1854 ),
 .UNSPECIFIED., .F., .F.,
 ( 4, 4 ),
 ( 1.131010098458310391E-14, 0.0003749296200973175979 ),
 .UNSPECIFIED. ) ;
#1286 = VECTOR ( 'NONE', #506, 1000.000000000000000 ) ;
#1287 = ORIENTED_EDGE ( 'NONE', *, *, #1006, .F. ) ;
#1288 = CARTESIAN_POINT ( 'NONE',  ( -6.799999999998362910, 0.000000000000000000, -3.999999999962255970 ) ) ;
#1289 = FACE_OUTER_BOUND ( 'NONE', #2008, .T. ) ;
#1290 = ORIENTED_EDGE ( 'NONE', *, *, #2429, .T. ) ;
#1291 = CARTESIAN_POINT ( 'NONE',  ( 7.810117922654208122, -1.495000000000000107, 1.497928932188133944 ) ) ;
#1292 = CARTESIAN_POINT ( 'NONE',  ( -5.114670458637522898, -4.286309586602162547, 3.700000000000000178 ) ) ;
#1293 = EDGE_CURVE ( 'NONE', #461, #3709, #4625, .T. ) ;
#1294 = CARTESIAN_POINT ( 'NONE',  ( -0.9499999999889042757, -1.349999999945339368, 1.252201352099254191E-16 ) ) ;
#1295 = CIRCLE ( 'NONE', #3404, 1.700000000028012437 ) ;
#1296 = ORIENTED_EDGE ( 'NONE', *, *, #4289, .F. ) ;
#1297 = DIRECTION ( 'NONE',  ( 0.000000000000000000, -1.000000000000000000, 7.228014483236695816E-17 ) ) ;
#1298 = DIRECTION ( 'NONE',  ( 1.000000000000000000, 0.000000000000000000, 0.000000000000000000 ) ) ;
#1299 = CIRCLE ( 'NONE', #3848, 4.000000000000001776 ) ;
#1300 = EDGE_CURVE ( 'NONE', #4174, #1795, #2227, .T. ) ;
#1301 = VERTEX_POINT ( 'NONE', #1688 ) ;
#1302 = FACE_OUTER_BOUND ( 'NONE', #609, .T. ) ;
#1303 = CARTESIAN_POINT ( 'NONE',  ( 1.632913577122944160, -1.438444072235442572, -1.561555927764558982 ) ) ;
#1304 = CARTESIAN_POINT ( 'NONE',  ( -6.378314155840202559, -2.834364439540209002, 4.000000000000000000 ) ) ;
#1305 = CARTESIAN_POINT ( 'NONE',  ( 1.900000000000000133, 2.313690413397838430, 4.000000000000000000 ) ) ;
#1306 = VERTEX_POINT ( 'NONE', #953 ) ;
#1307 = FACE_OUTER_BOUND ( 'NONE', #634, .T. ) ;
#1308 = AXIS2_PLACEMENT_3D ( 'NONE', #3600, #2466, #1004 ) ;
#1309 = CARTESIAN_POINT ( 'NONE',  ( -2.199999999995776889, 2.144761058891654582, 3.999999999958030017 ) ) ;
#1310 = DIRECTION ( 'NONE',  ( 0.000000000000000000, -1.000000000000000000, 0.000000000000000000 ) ) ;
#1311 = ORIENTED_EDGE ( 'NONE', *, *, #3037, .T. ) ;
#1312 = ORIENTED_EDGE ( 'NONE', *, *, #4034, .T. ) ;
#1313 = CARTESIAN_POINT ( 'NONE',  ( 5.214670458637524320, -4.286309586602162547, -3.700000000000003730 ) ) ;
#1314 = AXIS2_PLACEMENT_3D ( 'NONE', #153, #2302, #4482 ) ;
#1315 = ORIENTED_EDGE ( 'NONE', *, *, #3360, .T. ) ;
#1316 = B_SPLINE_CURVE_WITH_KNOTS ( 'NONE', 3,
 ( #1455, #1801, #4057, #7, #1866, #412, #70 ),
 .UNSPECIFIED., .F., .F.,
 ( 4, 3, 4 ),
 ( 6.560524106020187321E-13, 6.364736827644454614E-05, 0.0001272967377345876074 ),
 .UNSPECIFIED. ) ;
#1317 = ORIENTED_EDGE ( 'NONE', *, *, #4623, .F. ) ;
#1318 = PLANE ( 'NONE',  #3467 ) ;
#1319 = ORIENTED_EDGE ( 'NONE', *, *, #3164, .F. ) ;
#1320 = DIRECTION ( 'NONE',  ( -0.000000000000000000, 1.000000000000000000, 0.000000000000000000 ) ) ;
#1321 = EDGE_CURVE ( 'NONE', #3506, #2823, #3158, .T. ) ;
#1322 = AXIS2_PLACEMENT_3D ( 'NONE', #4438, #3363, #2255 ) ;
#1323 = ORIENTED_EDGE ( 'NONE', *, *, #150, .T. ) ;
#1324 = DIRECTION ( 'NONE',  ( 0.000000000000000000, 0.000000000000000000, -1.000000000000000000 ) ) ;
#1325 = DIRECTION ( 'NONE',  ( 1.000000000000000000, 1.980277940678124734E-16, 0.000000000000000000 ) ) ;
#1326 = CARTESIAN_POINT ( 'NONE',  ( 6.596734544214496232, -1.389708934557156939, 1.610291065442845060 ) ) ;
#1327 = ORIENTED_EDGE ( 'NONE', *, *, #1740, .T. ) ;
#1328 = CONICAL_SURFACE ( 'NONE', #3316, 2.799999999960164132, 0.7853981634921873844 ) ;
#1329 = CARTESIAN_POINT ( 'NONE',  ( 1.601927180581804944, -0.7415803538826251096, -2.564961473311652806 ) ) ;
#1330 = EDGE_CURVE ( 'NONE', #3059, #1778, #3218, .T. ) ;
#1331 = CARTESIAN_POINT ( 'NONE',  ( -7.999999999999998224, -1.496464466094067580, 1.496464466094066692 ) ) ;
#1332 = CARTESIAN_POINT ( 'NONE',  ( 6.690177002578622023, -1.300000000000000266, 1.692928932188134006 ) ) ;
#1333 = EDGE_LOOP ( 'NONE', ( #3332, #1506, #4005, #3760 ) ) ;
#1334 = CONICAL_SURFACE ( 'NONE', #3829, 2.799999999998362910, 0.7853981633974482790 ) ;
#1335 = CARTESIAN_POINT ( 'NONE',  ( -5.455880937064816472, 3.999999999999998224, 4.000000000000000000 ) ) ;
#1336 = DIRECTION ( 'NONE',  ( 1.000000000000000000, 0.000000000000000000, 0.000000000000000000 ) ) ;
#1337 = EDGE_CURVE ( 'NONE', #3853, #820, #1244, .T. ) ;
#1338 = CARTESIAN_POINT ( 'NONE',  ( 6.957442037882715091, -0.4949999999999998845, -3.999999999977837284 ) ) ;
#1339 = ORIENTED_EDGE ( 'NONE', *, *, #863, .F. ) ;
#1340 = LINE ( 'NONE', #178, #3084 ) ;
#1341 = PLANE ( 'NONE',  #1346 ) ;
#1342 = DIRECTION ( 'NONE',  ( -1.000000000000000000, 0.000000000000000000, 0.000000000000000000 ) ) ;
#1343 = DIRECTION ( 'NONE',  ( 0.000000000000000000, -1.000000000000000000, 0.000000000000000000 ) ) ;
#1344 = DIRECTION ( 'NONE',  ( 0.000000000000000000, -0.000000000000000000, 1.000000000000000000 ) ) ;
#1345 = VECTOR ( 'NONE', #727, 1000.000000000000000 ) ;
#1346 = AXIS2_PLACEMENT_3D ( 'NONE', #3928, #3226, #4646 ) ;
#1347 = VERTEX_POINT ( 'NONE', #3504 ) ;
#1348 = VERTEX_POINT ( 'NONE', #4578 ) ;
#1349 = CARTESIAN_POINT ( 'NONE',  ( 6.525828966509894080, -1.296353283958479485, -1.703646716041520737 ) ) ;
#1350 = CARTESIAN_POINT ( 'NONE',  ( -1.550510257216821453, -0.5000000000000004441, 2.500000000000000444 ) ) ;
#1351 = VERTEX_POINT ( 'NONE', #2392 ) ;
#1352 = B_SPLINE_CURVE_WITH_KNOTS ( 'NONE', 3,
 ( #3314, #4051, #81, #2605 ),
 .UNSPECIFIED., .F., .F.,
 ( 4, 4 ),
 ( 3.869312211988335743E-12, 0.0002333447080673431689 ),
 .UNSPECIFIED. ) ;
#1353 = CARTESIAN_POINT ( 'NONE',  ( 1.504308126285620606, -1.227044358864029627, -1.772955641135971483 ) ) ;
#1354 = CONICAL_SURFACE ( 'NONE', #474, 1.449999999920237315, 0.7853981635395568262 ) ;
#1355 = CARTESIAN_POINT ( 'NONE',  ( 4.953672830396295801, 4.113690413397837808, 4.000000000000000000 ) ) ;
#1356 = VERTEX_POINT ( 'NONE', #3550 ) ;
#1357 = CARTESIAN_POINT ( 'NONE',  ( 6.898062297293080292, -0.7754235763549542915, -2.224576423645046930 ) ) ;
#1358 = FACE_OUTER_BOUND ( 'NONE', #566, .T. ) ;
#1359 = CARTESIAN_POINT ( 'NONE',  ( 1.331276568459116350, -0.4999999999988685162, -2.611342130001313322 ) ) ;
#1360 = ORIENTED_EDGE ( 'NONE', *, *, #3285, .T. ) ;
#1361 = EDGE_CURVE ( 'NONE', #4054, #2084, #2926, .T. ) ;
#1362 = VECTOR ( 'NONE', #1130, 1000.000000000000000 ) ;
#1363 = CARTESIAN_POINT ( 'NONE',  ( -2.089065541975701823, 2.027668942851797329, 3.986021470546037282 ) ) ;
#1364 = CARTESIAN_POINT ( 'NONE',  ( 1.446730466729507558, -0.5000000000000000000, -3.799899250903228776 ) ) ;
#1365 = EDGE_LOOP ( 'NONE', ( #50, #3590, #3117, #1215, #2940, #1563 ) ) ;
#1366 = CARTESIAN_POINT ( 'NONE',  ( 5.214670458637524320, -4.286309586602162547, 4.000000000000000000 ) ) ;
#1367 = FACE_OUTER_BOUND ( 'NONE', #1333, .T. ) ;
#1368 = EDGE_CURVE ( 'NONE', #2566, #529, #966, .T. ) ;
#1369 = ORIENTED_EDGE ( 'NONE', *, *, #2639, .F. ) ;
#1370 = CARTESIAN_POINT ( 'NONE',  ( -4.000000000000000000, 0.000000000000000000, 4.000000000000000000 ) ) ;
#1371 = CARTESIAN_POINT ( 'NONE',  ( 0.000000000000000000, 2.313690413359381637, 0.000000000000000000 ) ) ;
#1372 = CARTESIAN_POINT ( 'NONE',  ( -1.899999999999999689, 2.313690413397837986, 3.699999999999997957 ) ) ;
#1373 = ORIENTED_EDGE ( 'NONE', *, *, #2545, .F. ) ;
#1374 = VERTEX_POINT ( 'NONE', #1659 ) ;
#1375 = CARTESIAN_POINT ( 'NONE',  ( 1.976315994397759734, -1.500002296987928085, 1.958674534477661489 ) ) ;
#1376 = DIRECTION ( 'NONE',  ( 1.000000000000000000, 0.000000000000000000, 0.000000000000000000 ) ) ;
#1377 = CARTESIAN_POINT ( 'NONE',  ( 0.000000000000000000, -1.500000000000000444, 1.499999999999998890 ) ) ;
#1378 = ORIENTED_EDGE ( 'NONE', *, *, #4006, .F. ) ;
#1379 = ORIENTED_EDGE ( 'NONE', *, *, #2609, .T. ) ;
#1380 = CARTESIAN_POINT ( 'NONE',  ( 1.517963053559753472, -0.3418562367256327561, -3.021614688513059477 ) ) ;
#1381 = CARTESIAN_POINT ( 'NONE',  ( 4.100000000000000533, -8.131516293641283255E-17, 3.699999999980718712 ) ) ;
#1382 = AXIS2_PLACEMENT_3D ( 'NONE', #1932, #103, #3026 ) ;
#1383 = DIRECTION ( 'NONE',  ( 0.000000000000000000, 0.000000000000000000, -1.000000000000000000 ) ) ;
#1384 = VERTEX_POINT ( 'NONE', #2842 ) ;
#1385 = DIRECTION ( 'NONE',  ( 0.000000000000000000, 0.000000000000000000, 1.000000000000000000 ) ) ;
#1386 = DIRECTION ( 'NONE',  ( 0.000000000000000000, 1.445602896647339163E-16, -1.000000000000000000 ) ) ;
#1387 = CARTESIAN_POINT ( 'NONE',  ( 0.000000000000000000, -4.286309586602162547, 0.9499999999999999556 ) ) ;
#1388 = ORIENTED_EDGE ( 'NONE', *, *, #2851, .F. ) ;
#1389 = EDGE_CURVE ( 'NONE', #4587, #1910, #4397, .T. ) ;
#1390 = SURFACE_STYLE_USAGE ( .BOTH. , #1028 ) ;
#1391 = ORIENTED_EDGE ( 'NONE', *, *, #2048, .T. ) ;
#1392 = VECTOR ( 'NONE', #3953, 1000.000000000000000 ) ;
#1393 = CARTESIAN_POINT ( 'NONE',  ( 5.105479388357661463, -3.986309586602162280, 4.000000000000000888 ) ) ;
#1394 = ADVANCED_FACE ( 'NONE', ( #1358 ), #3891, .T. ) ;
#1395 = CARTESIAN_POINT ( 'NONE',  ( 5.062863900676155993, 4.413690413397840295, -3.700000000000003730 ) ) ;
#1396 =( BOUNDED_CURVE ( )  B_SPLINE_CURVE ( 3, ( #2519, #2877, #2564, #1091 ),
 .UNSPECIFIED., .F., .T. ) 
 B_SPLINE_CURVE_WITH_KNOTS ( ( 4, 4 ),
 ( 1.696124157962962009, 1.955193101290536140 ),
 .UNSPECIFIED. ) 
 CURVE ( )  GEOMETRIC_REPRESENTATION_ITEM ( )  RATIONAL_B_SPLINE_CURVE ( ( 1.000000000000000000, 0.9944147564235754633, 0.9944147564235754633, 1.000000000000000000 ) ) 
 REPRESENTATION_ITEM ( '' )  );
#1397 = EDGE_CURVE ( 'NONE', #3859, #2993, #2169, .T. ) ;
#1398 = FACE_OUTER_BOUND ( 'NONE', #2478, .T. ) ;
#1399 = DIRECTION ( 'NONE',  ( 0.000000000000000000, -7.228014483236695816E-17, -1.000000000000000000 ) ) ;
#1400 = FACE_OUTER_BOUND ( 'NONE', #2530, .T. ) ;
#1401 = CARTESIAN_POINT ( 'NONE',  ( 0.000000000000000000, -0.5000000000000009992, 2.500000000000000000 ) ) ;
#1402 = EDGE_LOOP ( 'NONE', ( #1728, #3877, #860, #3811 ) ) ;
#1403 = CARTESIAN_POINT ( 'NONE',  ( 6.778550415440390609, -0.5508415838299957068, 2.449158416170004848 ) ) ;
#1404 = CARTESIAN_POINT ( 'NONE',  ( 7.810117922654209899, -1.494999999999999885, -1.497928932188135276 ) ) ;
#1405 = CARTESIAN_POINT ( 'NONE',  ( 6.662166926926269106, -0.5000000000001620926, -2.985008357150241931 ) ) ;
#1406 = CARTESIAN_POINT ( 'NONE',  ( 1.820317713818148775, -1.500000050574286536, -1.597788559217637960 ) ) ;
#1407 = DIRECTION ( 'NONE',  ( -0.2492435693639463434, 0.6847910787717393921, 0.6847910787717355063 ) ) ;
#1408 = CARTESIAN_POINT ( 'NONE',  ( 1.384808146491455227, -0.4999337145626954193, -2.667772149970825790 ) ) ;
#1409 = AXIS2_PLACEMENT_3D ( 'NONE', #1422, #19, #1761 ) ;
#1410 = LINE ( 'NONE', #764, #4564 ) ;
#1411 = ORIENTED_EDGE ( 'NONE', *, *, #513, .T. ) ;
#1412 = CARTESIAN_POINT ( 'NONE',  ( 1.690623987902337033, -1.314212788279778499, -1.796699833889157105 ) ) ;
#1413 = CARTESIAN_POINT ( 'NONE',  ( 6.223688013717098677, -1.499999999999999112, -1.890284309263331464 ) ) ;
#1414 = CARTESIAN_POINT ( 'NONE',  ( 1.820317713818148775, -1.500000050574286536, -1.597788559217637960 ) ) ;
#1415 = B_SPLINE_CURVE_WITH_KNOTS ( 'NONE', 3,
 ( #177, #3487, #3289, #3450 ),
 .UNSPECIFIED., .F., .F.,
 ( 4, 4 ),
 ( 4.501674980489140946E-14, 0.0001071140859556870038 ),
 .UNSPECIFIED. ) ;
#1416 = CYLINDRICAL_SURFACE ( 'NONE', #3672, 0.2000000000000000944 ) ;
#1417 = EDGE_LOOP ( 'NONE', ( #1767, #395, #3090, #3444 ) ) ;
#1418 = ADVANCED_FACE ( 'NONE', ( #260 ), #2098, .F. ) ;
#1419 = DIRECTION ( 'NONE',  ( 1.000000000000000000, 0.000000000000000000, 0.000000000000000000 ) ) ;
#1420 = EDGE_CURVE ( 'NONE', #1733, #4271, #1260, .T. ) ;
#1421 = AXIS2_PLACEMENT_3D ( 'NONE', #1239, #4134, #1948 ) ;
#1422 = CARTESIAN_POINT ( 'NONE',  ( -3.999999999999996447, 1.021924959892513503E-15, 3.700000000000000178 ) ) ;
#1423 = CARTESIAN_POINT ( 'NONE',  ( 4.100000000000000533, -8.131516293641283255E-17, 3.999999999968259168 ) ) ;
#1424 = EDGE_LOOP ( 'NONE', ( #4226, #3547, #3583, #1814 ) ) ;
#1425 = VECTOR ( 'NONE', #4409, 1000.000000000000114 ) ;
#1426 =( NAMED_UNIT ( * ) PLANE_ANGLE_UNIT ( ) SI_UNIT ( $, .RADIAN. ) );
#1427 = DIRECTION ( 'NONE',  ( -0.000000000000000000, -0.000000000000000000, -1.000000000000000000 ) ) ;
#1428 = EDGE_CURVE ( 'NONE', #2907, #2075, #2620, .T. ) ;
#1429 = ORIENTED_EDGE ( 'NONE', *, *, #771, .F. ) ;
#1430 = DIRECTION ( 'NONE',  ( -1.000000000000000000, 0.000000000000000000, -0.000000000000000000 ) ) ;
#1431 = CONICAL_SURFACE ( 'NONE', #1308, 2.900000000005001688, 0.7853981634921873844 ) ;
#1432 = CARTESIAN_POINT ( 'NONE',  ( 0.000000000000000000, -2.286309586509105429, 0.000000000000000000 ) ) ;
#1433 = DIRECTION ( 'NONE',  ( -1.000000000000000000, 0.000000000000000000, 0.000000000000000000 ) ) ;
#1434 = ORIENTED_EDGE ( 'NONE', *, *, #658, .F. ) ;
#1435 = LINE ( 'NONE', #1366, #1779 ) ;
#1436 = EDGE_CURVE ( 'NONE', #116, #35, #3335, .T. ) ;
#1437 = ORIENTED_EDGE ( 'NONE', *, *, #2429, .F. ) ;
#1438 = CARTESIAN_POINT ( 'NONE',  ( 6.753365185169060148, -1.117312480090279614, 1.882687519909720608 ) ) ;
#1439 = EDGE_LOOP ( 'NONE', ( #1554, #1997, #3527, #2312, #745, #4377, #1654, #3777, #915, #4281, #510, #3276, #534, #3696 ) ) ;
#1440 = AXIS2_PLACEMENT_3D ( 'NONE', #126, #3004, #78 ) ;
#1441 = ORIENTED_EDGE ( 'NONE', *, *, #48, .T. ) ;
#1442 = CARTESIAN_POINT ( 'NONE',  ( 0.000000000000000000, -0.5000000000000003331, -2.500000000000000888 ) ) ;
#1443 = ADVANCED_FACE ( 'NONE', ( #2053 ), #3043, .F. ) ;
#1444 = CARTESIAN_POINT ( 'NONE',  ( 1.509822997421379265, -0.4950000154656007956, -3.737051747692704318 ) ) ;
#1445 = DIRECTION ( 'NONE',  ( -1.000000000000000000, -8.397067585772158533E-17, 0.000000000000000000 ) ) ;
#1446 = ORIENTED_EDGE ( 'NONE', *, *, #3294, .F. ) ;
#1447 = CARTESIAN_POINT ( 'NONE',  ( 8.069253708193963703, -0.4950000000000003286, 3.700000000001469225 ) ) ;
#1448 = CARTESIAN_POINT ( 'NONE',  ( 1.530808498967605993E-16, -1.700000000028012437, -1.250000000027284841 ) ) ;
#1449 = ORIENTED_EDGE ( 'NONE', *, *, #182, .T. ) ;
#1450 = VECTOR ( 'NONE', #2136, 1000.000000000000114 ) ;
#1451 = DIRECTION ( 'NONE',  ( 0.6427876096865419164, 0.7660444431189759040, -0.000000000000000000 ) ) ;
#1452 = VECTOR ( 'NONE', #580, 1000.000000000000000 ) ;
#1453 = EDGE_CURVE ( 'NONE', #2573, #1666, #1978, .T. ) ;
#1454 =( BOUNDED_SURFACE ( )  B_SPLINE_SURFACE ( 3, 2, ( 
 ( #4480, #2334, #2701 ),
 ( #2315, #3023, #514 ),
 ( #1977, #2352, #1962 ),
 ( #2281, #4464, #3056 ),
 ( #3447, #4166, #1213 ),
 ( #1228, #115, #486 ),
 ( #4527, #2716, #548 ),
 ( #3402, #3762, #1555 ) ),
 .UNSPECIFIED., .F., .F., .F. ) 
 B_SPLINE_SURFACE_WITH_KNOTS ( ( 4, 2, 2, 4 ),
 ( 3, 3 ),
 ( 0.004113214858428216117, 0.004605885962374703033, 0.005098557066321190816, 0.006083899274214165515 ),
 ( 0.000000000000000000, 1.000000000000000000 ),
 .UNSPECIFIED. ) 
 GEOMETRIC_REPRESENTATION_ITEM ( )  RATIONAL_B_SPLINE_SURFACE ( (
 ( 1.000000000000000000, 0.9182912443656082724, 1.000000000000000000),
 ( 1.000000000000000000, 0.9199202278098675967, 1.000000000000000000),
 ( 1.000000000000000000, 0.9218578404864227194, 1.000000000000000000),
 ( 1.000000000000000000, 0.9254186136108980554, 1.000000000000000000),
 ( 1.000000000000000000, 0.9271261519138433993, 1.000000000000000000),
 ( 1.000000000000000000, 0.9320152096528317998, 1.000000000000000000),
 ( 1.000000000000000000, 0.9349599174074794128, 1.000000000000000000),
 ( 1.000000000000000000, 0.9375334188612728381, 1.000000000000000000) ) ) 
 REPRESENTATION_ITEM ( '' )  SURFACE ( )  );
#1455 = CARTESIAN_POINT ( 'NONE',  ( 1.421816091068112575, -0.5000000052239591541, 2.492928924304195881 ) ) ;
#1456 = CARTESIAN_POINT ( 'NONE',  ( 0.000000000000000000, 2.313690413302538218, 0.000000000000000000 ) ) ;
#1457 = LINE ( 'NONE', #944, #3988 ) ;
#1458 = EDGE_CURVE ( 'NONE', #337, #847, #83, .T. ) ;
#1459 = DIRECTION ( 'NONE',  ( 0.000000000000000000, 0.000000000000000000, 1.000000000000000000 ) ) ;
#1460 = PLANE ( 'NONE',  #1644 ) ;
#1461 = LINE ( 'NONE', #1976, #3200 ) ;
#1462 = EDGE_LOOP ( 'NONE', ( #3409, #1214, #4509, #1503 ) ) ;
#1463 = ORIENTED_EDGE ( 'NONE', *, *, #2026, .F. ) ;
#1464 = ADVANCED_FACE ( 'NONE', ( #3677 ), #4004, .F. ) ;
#1465 = CARTESIAN_POINT ( 'NONE',  ( 1.235591223643370373, -0.5527433650349276029, 2.447256634965071509 ) ) ;
#1466 = CONICAL_SURFACE ( 'NONE', #1382, 3.999999999899408465, 0.7853981633027092846 ) ;
#1467 = DIRECTION ( 'NONE',  ( -0.000000000000000000, -0.000000000000000000, -1.000000000000000000 ) ) ;
#1468 = ORIENTED_EDGE ( 'NONE', *, *, #2675, .T. ) ;
#1469 = ORIENTED_EDGE ( 'NONE', *, *, #4230, .T. ) ;
#1470 = FACE_OUTER_BOUND ( 'NONE', #3174, .T. ) ;
#1471 = CARTESIAN_POINT ( 'NONE',  ( 6.223676058159530733, -1.499999999999999778, -1.500000000000000666 ) ) ;
#1472 = ORIENTED_EDGE ( 'NONE', *, *, #4250, .T. ) ;
#1473 = CARTESIAN_POINT ( 'NONE',  ( 5.214670458637524320, -3.986309586602164057, -4.000000000000000000 ) ) ;
#1474 = CARTESIAN_POINT ( 'NONE',  ( -1.622971925498797541, -0.8587488878376692281, -2.134180044350466154 ) ) ;
#1475 = CARTESIAN_POINT ( 'NONE',  ( -6.449489742783177881, -0.5000000000000003331, -2.500000000000000888 ) ) ;
#1476 = AXIS2_PLACEMENT_3D ( 'NONE', #2540, #324, #4351 ) ;
#1477 = LINE ( 'NONE', #402, #4060 ) ;
#1478 = ORIENTED_EDGE ( 'NONE', *, *, #2486, .F. ) ;
#1479 = CARTESIAN_POINT ( 'NONE',  ( 1.444172873067972374, -0.6614844176444288903, 2.338515582355571443 ) ) ;
#1480 = CARTESIAN_POINT ( 'NONE',  ( 1.877062416712560911, -1.499999999999997780, -1.636826732719218080 ) ) ;
#1481 = CIRCLE ( 'NONE', #3462, 1.449999999977080734 ) ;
#1482 = EDGE_LOOP ( 'NONE', ( #3747, #1441, #2692, #4202 ) ) ;
#1483 = DIRECTION ( 'NONE',  ( -0.4545194776720432595, 0.5416752204196996212, -0.7071067811865495711 ) ) ;
#1484 = EDGE_CURVE ( 'NONE', #4684, #3789, #2004, .T. ) ;
#1485 = FACE_OUTER_BOUND ( 'NONE', #427, .T. ) ;
#1486 = CARTESIAN_POINT ( 'NONE',  ( -7.868447036398822370, -0.4949999999999999956, -3.800031813937623237 ) ) ;
#1487 = CARTESIAN_POINT ( 'NONE',  ( -1.899999999999999689, 2.313690413397837986, -3.700000000000000178 ) ) ;
#1488 = ORIENTED_EDGE ( 'NONE', *, *, #482, .T. ) ;
#1489 = LINE ( 'NONE', #723, #2417 ) ;
#1490 = CARTESIAN_POINT ( 'NONE',  ( -7.969253708190214169, -0.4950000000000021605, 3.700000000011737455 ) ) ;
#1491 = DIRECTION ( 'NONE',  ( 0.000000000000000000, -0.000000000000000000, 1.000000000000000000 ) ) ;
#1492 = EDGE_CURVE ( 'NONE', #3830, #225, #29, .T. ) ;
#1493 = ADVANCED_FACE ( 'NONE', ( #1076 ), #145, .F. ) ;
#1494 = CARTESIAN_POINT ( 'NONE',  ( 5.214670458637523431, -4.286309586602161659, -3.700000000000003286 ) ) ;
#1495 = ORIENTED_EDGE ( 'NONE', *, *, #3868, .T. ) ;
#1496 = ORIENTED_EDGE ( 'NONE', *, *, #3068, .T. ) ;
#1497 = CARTESIAN_POINT ( 'NONE',  ( 6.633342249619369468, -0.5924723561021145724, -3.049228172868438946 ) ) ;
#1498 = DIRECTION ( 'NONE',  ( 0.000000000000000000, 0.7071067811865473507, -0.7071067811865477948 ) ) ;
#1499 = CARTESIAN_POINT ( 'NONE',  ( -1.999999999999999112, -1.499999999999999556, 4.000000000000000000 ) ) ;
#1500 = CARTESIAN_POINT ( 'NONE',  ( -7.926402039008916489, -0.8386144379984210584, -2.154314494189714768 ) ) ;
#1501 = ORIENTED_EDGE ( 'NONE', *, *, #1940, .F. ) ;
#1502 = EDGE_CURVE ( 'NONE', #2657, #620, #2578, .T. ) ;
#1503 = ORIENTED_EDGE ( 'NONE', *, *, #2679, .F. ) ;
#1504 = CARTESIAN_POINT ( 'NONE',  ( 1.900000000000000577, 3.413690413397838519, -3.700000000000000178 ) ) ;
#1505 =( LENGTH_UNIT ( ) NAMED_UNIT ( * ) SI_UNIT ( .MILLI., .METRE. ) );
#1506 = ORIENTED_EDGE ( 'NONE', *, *, #2297, .T. ) ;
#1507 = AXIS2_PLACEMENT_3D ( 'NONE', #282, #1641, #2891 ) ;
#1508 = CARTESIAN_POINT ( 'NONE',  ( 5.062863900676155993, 4.413690413397840295, 3.699999999999999289 ) ) ;
#1509 = ORIENTED_EDGE ( 'NONE', *, *, #976, .T. ) ;
#1510 = VECTOR ( 'NONE', #387, 1000.000000000000000 ) ;
#1511 = APPLICATION_CONTEXT ( 'automotive_design' ) ;
#1512 = ORIENTED_EDGE ( 'NONE', *, *, #2615, .T. ) ;
#1513 = CARTESIAN_POINT ( 'NONE',  ( 1.405675848782820703, -0.4392158349107614934, 2.560784165089240005 ) ) ;
#1514 = CARTESIAN_POINT ( 'NONE',  ( 8.025327619720952654, -0.8436779112957337734, 2.156322088704267337 ) ) ;
#1515 = CARTESIAN_POINT ( 'NONE',  ( -1.499999999983174570, 3.061616997888988188E-16, -3.699999999980718712 ) ) ;
#1516 = CARTESIAN_POINT ( 'NONE',  ( 0.000000000000000000, -0.5000000000000009992, 2.500000000000000000 ) ) ;
#1517 = EDGE_CURVE ( 'NONE', #4190, #2420, #3788, .T. ) ;
#1518 = ADVANCED_FACE ( 'NONE', ( #204 ), #3304, .F. ) ;
#1519 = VECTOR ( 'NONE', #1168, 1000.000000000000000 ) ;
#1520 = CARTESIAN_POINT ( 'NONE',  ( 6.478314155852332057, 2.834364439554676096, -3.999999999981127985 ) ) ;
#1521 = CARTESIAN_POINT ( 'NONE',  ( 1.548529888956199363, -0.4999997915716007935, 3.163880376572064890 ) ) ;
#1522 = CARTESIAN_POINT ( 'NONE',  ( 4.100000000000000533, -8.131516293641283255E-17, 3.999999999905412551 ) ) ;
#1523 = EDGE_CURVE ( 'NONE', #2277, #4174, #2462, .T. ) ;
#1524 = VECTOR ( 'NONE', #4064, 1000.000000000000000 ) ;
#1525 = DIRECTION ( 'NONE',  ( -0.000000000000000000, -0.000000000000000000, -1.000000000000000000 ) ) ;
#1526 = CARTESIAN_POINT ( 'NONE',  ( 6.614850803456499229, -1.111635926905433225, -2.013651067384477855 ) ) ;
#1527 = APPLICATION_PROTOCOL_DEFINITION ( 'draft international standard', 'automotive_design', 1998, #1511 ) ;
#1528 = CARTESIAN_POINT ( 'NONE',  ( 6.690176994200158767, -0.5000000000000011102, 2.400955523451605345 ) ) ;
#1529 = VERTEX_POINT ( 'NONE', #2593 ) ;
#1530 = VERTEX_POINT ( 'NONE', #1867 ) ;
#1531 = EDGE_CURVE ( 'NONE', #3470, #4306, #1477, .T. ) ;
#1532 = CARTESIAN_POINT ( 'NONE',  ( 1.975302249656718301, -1.503048830206696662, 1.699143258837872095 ) ) ;
#1533 = CARTESIAN_POINT ( 'NONE',  ( 7.937997284175635215, -1.178883449206464595, 1.821116550793536071 ) ) ;
#1534 = CARTESIAN_POINT ( 'NONE',  ( 0.000000000000000000, -1.349999999945339368, 0.000000000000000000 ) ) ;
#1535 = FACE_OUTER_BOUND ( 'NONE', #1668, .T. ) ;
#1536 = VERTEX_POINT ( 'NONE', #72 ) ;
#1537 = AXIS2_PLACEMENT_3D ( 'NONE', #2149, #368, #1748 ) ;
#1538 = CIRCLE ( 'NONE', #1101, 2.900000000067848305 ) ;
#1539 = VERTEX_POINT ( 'NONE', #1072 ) ;
#1540 = CARTESIAN_POINT ( 'NONE',  ( -6.378314155840197230, -2.834364439540214331, -4.000000000000000000 ) ) ;
#1541 = CARTESIAN_POINT ( 'NONE',  ( -3.999999999999996447, 1.021924959892513503E-15, 3.700000000037562131 ) ) ;
#1542 = ORIENTED_EDGE ( 'NONE', *, *, #4399, .T. ) ;
#1543 = ADVANCED_FACE ( 'NONE', ( #3944 ), #2963, .T. ) ;
#1544 = DIRECTION ( 'NONE',  ( -1.000000000000000000, 0.000000000000000000, 0.000000000000000000 ) ) ;
#1545 = DIRECTION ( 'NONE',  ( 0.000000000000000000, -5.421010862563849660E-17, 1.000000000000000000 ) ) ;
#1546 = CIRCLE ( 'NONE', #439, 2.799999999998362910 ) ;
#1547 = CARTESIAN_POINT ( 'NONE',  ( 1.551130099720793964, -0.5433205363785690301, 2.790379435991813928 ) ) ;
#1548 = EDGE_LOOP ( 'NONE', ( #3667, #2589, #720, #2184, #1621 ) ) ;
#1549 = CARTESIAN_POINT ( 'NONE',  ( -3.999999999999996447, -0.4949999999999998845, -4.000000000000000000 ) ) ;
#1550 = DIRECTION ( 'NONE',  ( 1.000000000000000000, 0.000000000000000000, 0.000000000000000000 ) ) ;
#1551 = VECTOR ( 'NONE', #2845, 1000.000000000000000 ) ;
#1552 = CARTESIAN_POINT ( 'NONE',  ( 2.145544523230737965, 2.068145890167100376, 3.945544523230734235 ) ) ;
#1553 = EDGE_CURVE ( 'NONE', #3255, #3445, #2856, .T. ) ;
#1554 = ORIENTED_EDGE ( 'NONE', *, *, #1995, .F. ) ;
#1555 = CARTESIAN_POINT ( 'NONE',  ( 6.153449938044921019, -1.594786302908111741, 1.843825134125747667 ) ) ;
#1556 = VERTEX_POINT ( 'NONE', #4418 ) ;
#1557 = ORIENTED_EDGE ( 'NONE', *, *, #3731, .F. ) ;
#1558 = CLOSED_SHELL ( 'NONE', ( #682, #3767, #4070, #136, #257, #1059, #2027, #2664, #2117, #2949, #3312, #4492, #1394, #3812, #3745, #3790, #1730, #1593, #4253, #2350, #1443, #1887, #742, #3463, #568, #1569, #1935, #212, #409, #4140, #453, #726, #1661, #3896, #943, #477, #1418, #1756, #2815, #1518, #3554, #3291, #3972, #1684, #3606, #3367, #3019, #2562, #1959, #3835, #1638, #3340, #1204, #187, #1181, #2705, #4232, #1788, #113 ) ) ;
#1559 = CARTESIAN_POINT ( 'NONE',  ( 6.550489009906550031, -0.8746448878521261294, -2.713203705360767604 ) ) ;
#1560 = EDGE_CURVE ( 'NONE', #2827, #3449, #4688, .T. ) ;
#1561 = DIRECTION ( 'NONE',  ( -1.000000000000000000, 0.000000000000000000, 0.000000000000000000 ) ) ;
#1562 = CARTESIAN_POINT ( 'NONE',  ( 6.577607449848520638, -1.214392776848500111, 1.903574078203552178 ) ) ;
#1563 = ORIENTED_EDGE ( 'NONE', *, *, #3111, .T. ) ;
#1564 = CARTESIAN_POINT ( 'NONE',  ( 7.000000000061845640, -8.131516293641283255E-17, 3.999999999962255970 ) ) ;
#1565 = DIRECTION ( 'NONE',  ( 0.4545194776720506979, -0.5416752204197006204, 0.7071067811865439090 ) ) ;
#1566 = CARTESIAN_POINT ( 'NONE',  ( 2.816687638027997179E-16, -4.286309586575498543, 2.299999999991086952 ) ) ;
#1567 = DIRECTION ( 'NONE',  ( -0.000000000000000000, -0.000000000000000000, -1.000000000000000000 ) ) ;
#1568 = ORIENTED_EDGE ( 'NONE', *, *, #3514, .F. ) ;
#1569 = ADVANCED_FACE ( 'NONE', ( #2106 ), #3272, .T. ) ;
#1570 = DIRECTION ( 'NONE',  ( 1.000000000000000000, 0.000000000000000000, 0.000000000000000000 ) ) ;
#1571 = ORIENTED_EDGE ( 'NONE', *, *, #879, .F. ) ;
#1572 = VECTOR ( 'NONE', #3520, 1000.000000000000000 ) ;
#1573 = AXIS2_PLACEMENT_3D ( 'NONE', #1634, #578, #2006 ) ;
#1574 = CARTESIAN_POINT ( 'NONE',  ( 6.922791241950970509, -0.4999999999999970579, 2.555415252730516507 ) ) ;
#1575 = CARTESIAN_POINT ( 'NONE',  ( 6.648869900278852718, -0.5433205363787333431, -2.790379435991817481 ) ) ;
#1576 = CARTESIAN_POINT ( 'NONE',  ( 1.820317713784605163, -1.500000050647961825, 1.597788559266464237 ) ) ;
#1577 = FACE_OUTER_BOUND ( 'NONE', #4633, .T. ) ;
#1578 = DIRECTION ( 'NONE',  ( -1.000000000000000000, 0.000000000000000000, -0.000000000000000000 ) ) ;
#1579 = DIRECTION ( 'NONE',  ( -8.069965350965095449E-17, 0.7071067811865446862, 0.7071067811865504593 ) ) ;
#1580 = ORIENTED_EDGE ( 'NONE', *, *, #150, .F. ) ;
#1581 = DIRECTION ( 'NONE',  ( -1.000000000000000000, 7.105427357601001859E-15, 0.000000000000000000 ) ) ;
#1582 = LINE ( 'NONE', #2274, #2786 ) ;
#1583 = CARTESIAN_POINT ( 'NONE',  ( 1.556248921321827128, -0.5487500835787414433, 2.789096015022458630 ) ) ;
#1584 = EDGE_CURVE ( 'NONE', #2597, #3296, #904, .T. ) ;
#1585 = ORIENTED_EDGE ( 'NONE', *, *, #691, .T. ) ;
#1586 = CARTESIAN_POINT ( 'NONE',  ( 4.100000000000000533, -8.131516293641283255E-17, -3.999999999962255970 ) ) ;
#1587 = VECTOR ( 'NONE', #1681, 1000.000000000000000 ) ;
#1588 = DIRECTION ( 'NONE',  ( -0.000000000000000000, -0.000000000000000000, 1.000000000000000000 ) ) ;
#1589 = ORIENTED_EDGE ( 'NONE', *, *, #3942, .F. ) ;
#1590 = EDGE_CURVE ( 'NONE', #865, #2116, #2523, .T. ) ;
#1591 = CARTESIAN_POINT ( 'NONE',  ( -6.000000000000000000, -1.499999999999999778, -1.500000000000000666 ) ) ;
#1592 = VERTEX_POINT ( 'NONE', #1122 ) ;
#1593 = ADVANCED_FACE ( 'NONE', ( #1069 ), #3153, .T. ) ;
#1594 = DIRECTION ( 'NONE',  ( 1.000000000000000000, 0.000000000000000000, 0.000000000000000000 ) ) ;
#1595 = EDGE_CURVE ( 'NONE', #2993, #762, #138, .T. ) ;
#1596 = ORIENTED_EDGE ( 'NONE', *, *, #4074, .F. ) ;
#1597 = DIRECTION ( 'NONE',  ( 0.7660444431189772363, -0.6427876096865402511, 0.000000000000000000 ) ) ;
#1598 = CARTESIAN_POINT ( 'NONE',  ( 0.000000000000000000, -4.286309586575498543, -2.299999999991086952 ) ) ;
#1599 = CARTESIAN_POINT ( 'NONE',  ( 1.820317713784605163, -1.500000050647961825, 1.597788559266464237 ) ) ;
#1600 = CARTESIAN_POINT ( 'NONE',  ( -7.999999999999998224, -0.5000000132520322493, -2.492928918936103688 ) ) ;
#1601 = VECTOR ( 'NONE', #4370, 1000.000000000000000 ) ;
#1602 = ORIENTED_EDGE ( 'NONE', *, *, #1758, .F. ) ;
#1603 = LINE ( 'NONE', #1164, #600 ) ;
#1604 = AXIS2_PLACEMENT_3D ( 'NONE', #53, #8, #41 ) ;
#1605 = B_SPLINE_CURVE_WITH_KNOTS ( 'NONE', 3,
 ( #1702, #1276, #3857, #4215 ),
 .UNSPECIFIED., .F., .F.,
 ( 4, 4 ),
 ( 2.061233491583117157E-15, 0.0002717434555830958967 ),
 .UNSPECIFIED. ) ;
#1606 = ORIENTED_EDGE ( 'NONE', *, *, #3540, .T. ) ;
#1607 = LINE ( 'NONE', #137, #4636 ) ;
#1608 = CARTESIAN_POINT ( 'NONE',  ( -7.999999999999998224, -0.4950000000000003286, -2.497928932188135054 ) ) ;
#1609 = CARTESIAN_POINT ( 'NONE',  ( 2.013124124614094068, 2.013690413418951941, 3.999999999963011366 ) ) ;
#1610 = PLANE ( 'NONE',  #4181 ) ;
#1611 = ORIENTED_EDGE ( 'NONE', *, *, #2367, .F. ) ;
#1612 = CONICAL_SURFACE ( 'NONE', #4020, 1.449999999920237315, 0.7853981635395568262 ) ;
#1613 = PLANE ( 'NONE',  #839 ) ;
#1614 = CARTESIAN_POINT ( 'NONE',  ( 6.323301533198744551, -1.359038836941876438, 2.129385272159192599 ) ) ;
#1615 = DIRECTION ( 'NONE',  ( -1.000000000000000000, 0.000000000000000000, -0.000000000000000000 ) ) ;
#1616 = CARTESIAN_POINT ( 'NONE',  ( 1.301937702706920774, -0.7754235763549484073, 2.224576423645052259 ) ) ;
#1617 = ORIENTED_EDGE ( 'NONE', *, *, #1492, .T. ) ;
#1618 = ADVANCED_FACE ( 'NONE', ( #1189 ), #2920, .F. ) ;
#1619 = EDGE_CURVE ( 'NONE', #3057, #3005, #721, .T. ) ;
#1620 = ORIENTED_EDGE ( 'NONE', *, *, #2921, .T. ) ;
#1621 = ORIENTED_EDGE ( 'NONE', *, *, #3774, .F. ) ;
#1622 = CARTESIAN_POINT ( 'NONE',  ( 1.235591223643369707, -0.5527433650349292682, -2.447256634965070177 ) ) ;
#1623 = ORIENTED_EDGE ( 'NONE', *, *, #4588, .T. ) ;
#1624 = EDGE_CURVE ( 'NONE', #2717, #3317, #4119, .T. ) ;
#1625 = DIRECTION ( 'NONE',  ( 0.000000000000000000, -0.7071067811865477948, -0.7071067811865473507 ) ) ;
#1626 = ORIENTED_EDGE ( 'NONE', *, *, #3037, .F. ) ;
#1627 = FACE_BOUND ( 'NONE', #3170, .T. ) ;
#1628 = CARTESIAN_POINT ( 'NONE',  ( -2.089065502427559728, 2.027668926891657009, -3.986021486506181155 ) ) ;
#1629 = CARTESIAN_POINT ( 'NONE',  ( 6.312087237609866897, -1.370501055681395242, 1.448793736305910240 ) ) ;
#1630 = CARTESIAN_POINT ( 'NONE',  ( 1.780849796926295081, -1.636948130340033725, 1.363051869659965609 ) ) ;
#1631 = AXIS2_PLACEMENT_3D ( 'NONE', #3052, #3103, #4554 ) ;
#1632 = ORIENTED_EDGE ( 'NONE', *, *, #2048, .F. ) ;
#1633 = VECTOR ( 'NONE', #4585, 1000.000000000000000 ) ;
#1634 = CARTESIAN_POINT ( 'NONE',  ( -7.999999999999998224, -0.4950000000000009948, 2.500000000000000000 ) ) ;
#1635 = B_SPLINE_CURVE_WITH_KNOTS ( 'NONE', 3,
 ( #717, #701, #4278, #4663 ),
 .UNSPECIFIED., .F., .F.,
 ( 4, 4 ),
 ( 2.222478024407415396E-14, 0.0004281748999252577644 ),
 .UNSPECIFIED. ) ;
#1636 = SURFACE_STYLE_FILL_AREA ( #49 ) ;
#1637 = CARTESIAN_POINT ( 'NONE',  ( 5.555880937064811675, -3.999999999999998224, 4.000000000000000000 ) ) ;
#1638 = ADVANCED_FACE ( 'NONE', ( #747 ), #4303, .T. ) ;
#1639 = CIRCLE ( 'NONE', #1476, 2.500000000016825652 ) ;
#1640 = ORIENTED_EDGE ( 'NONE', *, *, #3571, .F. ) ;
#1641 = DIRECTION ( 'NONE',  ( 0.000000000000000000, 1.000000000000000000, 0.000000000000000000 ) ) ;
#1642 = DIRECTION ( 'NONE',  ( 0.000000000000000000, 0.7071067811865473507, -0.7071067811865477948 ) ) ;
#1643 = EDGE_CURVE ( 'NONE', #3222, #3683, #3886, .T. ) ;
#1645 = VECTOR ( 'NONE', #2790, 1000.000000000000000 ) ;
#1644 = AXIS2_PLACEMENT_3D ( 'NONE', #4703, #2, #374 ) ;
#1646 = VERTEX_POINT ( 'NONE', #844 ) ;
#1647 = CARTESIAN_POINT ( 'NONE',  ( -1.200000000001637313, 3.429011037610584090E-16, -3.999999999962255970 ) ) ;
#1648 = FACE_BOUND ( 'NONE', #4359, .T. ) ;
#1649 = ORIENTED_EDGE ( 'NONE', *, *, #912, .F. ) ;
#1650 = EDGE_CURVE ( 'NONE', #3142, #290, #2101, .T. ) ;
#1651 = DIRECTION ( 'NONE',  ( 0.000000000000000000, -0.000000000000000000, 1.000000000000000000 ) ) ;
#1652 = VECTOR ( 'NONE', #232, 1000.000000000000114 ) ;
#1653 = PLANE ( 'NONE',  #3088 ) ;
#1654 = ORIENTED_EDGE ( 'NONE', *, *, #612, .T. ) ;
#1655 = DIRECTION ( 'NONE',  ( -0.000000000000000000, -0.000000000000000000, -1.000000000000000000 ) ) ;
#1656 = AXIS2_PLACEMENT_3D ( 'NONE', #4502, #3065, #538 ) ;
#1657 = CARTESIAN_POINT ( 'NONE',  ( 7.939538620491532583, -1.173818695245047561, 1.819110236943087155 ) ) ;
#1658 = ORIENTED_EDGE ( 'NONE', *, *, #1912, .T. ) ;
#1659 = CARTESIAN_POINT ( 'NONE',  ( 6.379682287300728838, -1.500000050574287425, 1.597788560844011885 ) ) ;
#1660 = VECTOR ( 'NONE', #2252, 1000.000000000000000 ) ;
#1661 = ADVANCED_FACE ( 'NONE', ( #805 ), #642, .T. ) ;
#1662 = CARTESIAN_POINT ( 'NONE',  ( -1.199999999963893060, 3.429011037656807395E-16, -4.000000000000000000 ) ) ;
#1663 = ORIENTED_EDGE ( 'NONE', *, *, #2021, .F. ) ;
#1664 = FACE_OUTER_BOUND ( 'NONE', #3099, .T. ) ;
#1665 = B_SPLINE_CURVE_WITH_KNOTS ( 'NONE', 3,
 ( #4295, #660, #1363, #2073 ),
 .UNSPECIFIED., .F., .F.,
 ( 4, 4 ),
 ( 4.606277560488150302E-11, 0.0001195118417357978992 ),
 .UNSPECIFIED. ) ;
#1666 = VERTEX_POINT ( 'NONE', #2320 ) ;
#1667 = CARTESIAN_POINT ( 'NONE',  ( 1.342074508020693058, -0.8907751131851227022, -2.106426371481551207 ) ) ;
#1668 = EDGE_LOOP ( 'NONE', ( #2005, #2917, #3160, #338 ) ) ;
#1669 = DIRECTION ( 'NONE',  ( -1.000000000000000000, 0.000000000000000000, -0.000000000000000000 ) ) ;
#1670 = EDGE_CURVE ( 'NONE', #2277, #2722, #1295, .T. ) ;
#1671 = ORIENTED_EDGE ( 'NONE', *, *, #1118, .F. ) ;
#1672 = AXIS2_PLACEMENT_3D ( 'NONE', #3493, #4571, #3166 ) ;
#1673 = ORIENTED_EDGE ( 'NONE', *, *, #4200, .F. ) ;
#1674 = CARTESIAN_POINT ( 'NONE',  ( -6.754995462758780711, -0.5000000000000008882, 3.999999999970211384 ) ) ;
#1675 = DIRECTION ( 'NONE',  ( 0.000000000000000000, 0.000000000000000000, 1.000000000000000000 ) ) ;
#1676 = ORIENTED_EDGE ( 'NONE', *, *, #3862, .T. ) ;
#1677 = DIRECTION ( 'NONE',  ( -1.000000000000000000, 0.000000000000000000, 0.000000000000000000 ) ) ;
#1678 = EDGE_CURVE ( 'NONE', #1704, #2024, #4340, .T. ) ;
#1679 = CARTESIAN_POINT ( 'NONE',  ( -1.448563852448200295, -0.5000000000000000000, -3.799886669081664614 ) ) ;
#1680 = ORIENTED_EDGE ( 'NONE', *, *, #740, .T. ) ;
#1681 = DIRECTION ( 'NONE',  ( -1.000000000000000000, 0.000000000000000000, -0.000000000000000000 ) ) ;
#1682 = EDGE_CURVE ( 'NONE', #2047, #2472, #3183, .T. ) ;
#1683 = ORIENTED_EDGE ( 'NONE', *, *, #2785, .F. ) ;
#1684 = ADVANCED_FACE ( 'NONE', ( #4228 ), #1099, .T. ) ;
#1685 = PLANE ( 'NONE',  #3207 ) ;
#1686 = CYLINDRICAL_SURFACE ( 'NONE', #456, 0.2000000000000000944 ) ;
#1687 = LINE ( 'NONE', #149, #840 ) ;
#1688 = CARTESIAN_POINT ( 'NONE',  ( -7.969253708192510999, -0.4950000000000001066, -2.497928932188135498 ) ) ;
#1689 = CARTESIAN_POINT ( 'NONE',  ( 4.953672830396299354, 4.113690413397839585, -4.000000000000000000 ) ) ;
#1690 = CARTESIAN_POINT ( 'NONE',  ( 6.977372613933918721, -0.5000000022477341100, 2.500000010971024533 ) ) ;
#1691 = AXIS2_PLACEMENT_3D ( 'NONE', #2784, #3567, #3845 ) ;
#1692 = DIRECTION ( 'NONE',  ( -1.000000000000000000, -4.325679667222799109E-17, -4.325679667222813901E-17 ) ) ;
#1693 = ORIENTED_EDGE ( 'NONE', *, *, #1274, .T. ) ;
#1694 = FACE_OUTER_BOUND ( 'NONE', #4452, .T. ) ;
#1695 = PLANE ( 'NONE',  #3787 ) ;
#1696 = DIRECTION ( 'NONE',  ( 0.000000000000000000, 0.000000000000000000, -1.000000000000000000 ) ) ;
#1697 = ORIENTED_EDGE ( 'NONE', *, *, #186, .T. ) ;
#1698 = B_SPLINE_CURVE_WITH_KNOTS ( 'NONE', 3,
 ( #569, #1954, #908, #2358 ),
 .UNSPECIFIED., .F., .F.,
 ( 4, 4 ),
 ( 1.220175503274208583E-14, 0.0004260826595659676424 ),
 .UNSPECIFIED. ) ;
#1699 = FACE_OUTER_BOUND ( 'NONE', #4675, .T. ) ;
#1700 = ORIENTED_EDGE ( 'NONE', *, *, #2021, .T. ) ;
#1701 = DIRECTION ( 'NONE',  ( 0.000000000000000000, -7.228014483236695816E-17, -1.000000000000000000 ) ) ;
#1702 = CARTESIAN_POINT ( 'NONE',  ( 1.509822997409353329, -0.4950000000034969760, 3.737051744750272686 ) ) ;
#1703 = VECTOR ( 'NONE', #4596, 1000.000000000000000 ) ;
#1704 = VERTEX_POINT ( 'NONE', #3110 ) ;
#1705 = CARTESIAN_POINT ( 'NONE',  ( 6.690177002591060962, -0.4950000000000008837, 3.737051744750023108 ) ) ;
#1706 = EDGE_CURVE ( 'NONE', #676, #3902, #1949, .T. ) ;
#1707 = CARTESIAN_POINT ( 'NONE',  ( -7.867803707519072098, -0.5000000000000008882, 3.800032476228019096 ) ) ;
#1708 = LINE ( 'NONE', #3171, #963 ) ;
#1709 = VERTEX_POINT ( 'NONE', #4173 ) ;
#1710 = ADVANCED_FACE ( 'NONE', ( #1470 ), #1653, .F. ) ;
#1711 = DIRECTION ( 'NONE',  ( 0.000000000000000000, -0.7071067811865470176, -0.7071067811865481278 ) ) ;
#1712 = VECTOR ( 'NONE', #3598, 1000.000000000000000 ) ;
#1713 = EDGE_CURVE ( 'NONE', #244, #4408, #1708, .T. ) ;
#1714 = ORIENTED_EDGE ( 'NONE', *, *, #2400, .T. ) ;
#1715 = VECTOR ( 'NONE', #3364, 1000.000000000000114 ) ;
#1716 = CARTESIAN_POINT ( 'NONE',  ( 1.226241255349882264, -0.5375813201778431027, -2.459187977406033010 ) ) ;
#1717 = DIRECTION ( 'NONE',  ( 8.069965350965118869E-17, -0.7071067811865466846, 0.7071067811865483499 ) ) ;
#1718 = ORIENTED_EDGE ( 'NONE', *, *, #833, .T. ) ;
#1719 = FACE_OUTER_BOUND ( 'NONE', #722, .T. ) ;
#1720 = ORIENTED_EDGE ( 'NONE', *, *, #3315, .T. ) ;
#1721 = DIRECTION ( 'NONE',  ( -0.000000000000000000, -1.445602896647339410E-16, 1.000000000000000000 ) ) ;
#1722 = CARTESIAN_POINT ( 'NONE',  ( 6.854550744753983516, -0.8915013126766748730, 2.108498687323328902 ) ) ;
#1723 = LINE ( 'NONE', #3952, #1088 ) ;
#1724 = CARTESIAN_POINT ( 'NONE',  ( 6.696842858980536661, -0.8791018121141193076, -2.120898187885881025 ) ) ;
#1725 = ORIENTED_EDGE ( 'NONE', *, *, #2270, .F. ) ;
#1726 = B_SPLINE_CURVE_WITH_KNOTS ( 'NONE', 3,
 ( #3999, #1413, #1792, #4347, #2861, #3262 ),
 .UNSPECIFIED., .F., .F.,
 ( 4, 2, 4 ),
 ( 0.000000000000000000, 0.0002029981610534921268, 0.0004059963221069842537 ),
 .UNSPECIFIED. ) ;
#1727 = ORIENTED_EDGE ( 'NONE', *, *, #1619, .T. ) ;
#1728 = ORIENTED_EDGE ( 'NONE', *, *, #4495, .F. ) ;
#1729 = EDGE_LOOP ( 'NONE', ( #4526, #3834, #1953, #2273, #3526, #3454, #62 ) ) ;
#1730 = ADVANCED_FACE ( 'NONE', ( #4392 ), #2780, .F. ) ;
#1731 = CARTESIAN_POINT ( 'NONE',  ( 8.069253708192510643, -0.4949999999999999956, -2.497928932188135498 ) ) ;
#1732 = EDGE_CURVE ( 'NONE', #3853, #4709, #3448, .T. ) ;
#1733 = VERTEX_POINT ( 'NONE', #2475 ) ;
#1734 = CARTESIAN_POINT ( 'NONE',  ( 0.000000000000000000, -2.286309586565948848, -1.700000000028012437 ) ) ;
#1735 = CARTESIAN_POINT ( 'NONE',  ( 1.449139788617422431, -1.473377571134694142, 1.519551361053440353 ) ) ;
#1736 = PLANE ( 'NONE',  #1249 ) ;
#1737 = ORIENTED_EDGE ( 'NONE', *, *, #3139, .T. ) ;
#1738 = LINE ( 'NONE', #4312, #4487 ) ;
#1739 = CARTESIAN_POINT ( 'NONE',  ( 6.999999999960165198, 2.738324088114411362E-16, -3.999999999962255970 ) ) ;
#1740 = EDGE_CURVE ( 'NONE', #4256, #244, #4508, .T. ) ;
#1741 = FACE_OUTER_BOUND ( 'NONE', #3010, .T. ) ;
#1742 = DIRECTION ( 'NONE',  ( 0.2492435693639514227, 0.6847910787717373937, -0.6847910787717355063 ) ) ;
#1743 = CARTESIAN_POINT ( 'NONE',  ( 6.778183908931888269, -0.5000000052239575998, -2.492928924304196769 ) ) ;
#1744 = EDGE_CURVE ( 'NONE', #2864, #618, #2458, .T. ) ;
#1745 = CARTESIAN_POINT ( 'NONE',  ( 6.699999999978627940, 2.370930048405903156E-16, -3.699999999980718712 ) ) ;
#1746 = CYLINDRICAL_SURFACE ( 'NONE', #713, 2.000000000000000000 ) ;
#1747 = CARTESIAN_POINT ( 'NONE',  ( 6.651470111043798816, -0.4999997915716129504, -3.163880376572077324 ) ) ;
#1748 = DIRECTION ( 'NONE',  ( 1.000000000000000000, 0.000000000000000000, 0.000000000000000000 ) ) ;
#1749 = DIRECTION ( 'NONE',  ( -1.000000000000000000, 0.000000000000000000, 0.000000000000000000 ) ) ;
#1750 = VECTOR ( 'NONE', #3380, 1000.000000000000114 ) ;
#1751 = ADVANCED_BREP_SHAPE_REPRESENTATION ( 'umbilical-bracket', ( #2323, #3764, #2330 ), #3287 ) ;
#1752 = ORIENTED_EDGE ( 'NONE', *, *, #746, .F. ) ;
#1753 = CARTESIAN_POINT ( 'NONE',  ( 6.189239584018742413, -1.547603941765850477, -1.263442060975915382 ) ) ;
#1754 = LINE ( 'NONE', #1591, #4560 ) ;
#1755 = ORIENTED_EDGE ( 'NONE', *, *, #4257, .T. ) ;
#1756 = ADVANCED_FACE ( 'NONE', ( #4622 ), #2459, .F. ) ;
#1757 = CARTESIAN_POINT ( 'NONE',  ( 1.548529888956199363, -0.4999997915716007935, 3.163880376572064890 ) ) ;
#1758 = EDGE_CURVE ( 'NONE', #1224, #3789, #3782, .T. ) ;
#1760 = LINE ( 'NONE', #2176, #3035 ) ;
#1759 = AXIS2_PLACEMENT_3D ( 'NONE', #4490, #850, #2310 ) ;
#1761 = DIRECTION ( 'NONE',  ( -1.000000000000000000, 0.000000000000000000, 0.000000000000000000 ) ) ;
#1762 = CARTESIAN_POINT ( 'NONE',  ( -7.999999999999998224, -1.495000000000000107, -1.497928932188135276 ) ) ;
#1763 = ORIENTED_EDGE ( 'NONE', *, *, #3571, .T. ) ;
#1764 = CARTESIAN_POINT ( 'NONE',  ( 6.521737215138935895, -1.499999968346825696, -1.500000008723043621 ) ) ;
#1765 = CIRCLE ( 'NONE', #4148, 2.000000000000000000 ) ;
#1766 = CARTESIAN_POINT ( 'NONE',  ( 6.815191919265554787, -0.4999337107572984218, -2.667772212229458706 ) ) ;
#1767 = ORIENTED_EDGE ( 'NONE', *, *, #2477, .T. ) ;
#1768 = CARTESIAN_POINT ( 'NONE',  ( 8.069253708193963703, -0.4950000000000003286, 3.700000000001469225 ) ) ;
#1769 = EDGE_CURVE ( 'NONE', #4271, #4477, #2571, .T. ) ;
#1770 = CARTESIAN_POINT ( 'NONE',  ( 0.000000000000000000, -2.586309586602166366, 0.000000000000000000 ) ) ;
#1771 = PLANE ( 'NONE',  #2558 ) ;
#1772 = CARTESIAN_POINT ( 'NONE',  ( 1.809131176442998923, -1.246203827321949342, -2.265836090840385175 ) ) ;
#1773 = ORIENTED_EDGE ( 'NONE', *, *, #1811, .F. ) ;
#1774 = DIRECTION ( 'NONE',  ( 0.000000000000000000, 2.891205793294680298E-16, -1.000000000000000000 ) ) ;
#1775 = CARTESIAN_POINT ( 'NONE',  ( 2.145544523195821451, 2.068145890203363813, 3.945544523191802710 ) ) ;
#1776 = LINE ( 'NONE', #4246, #814 ) ;
#1777 = EDGE_CURVE ( 'NONE', #2282, #3108, #4280, .T. ) ;
#1778 = VERTEX_POINT ( 'NONE', #979 ) ;
#1779 = VECTOR ( 'NONE', #2503, 1000.000000000000000 ) ;
#1780 = DIRECTION ( 'NONE',  ( 0.000000000000000000, -7.228014483236695816E-17, -1.000000000000000000 ) ) ;
#1781 = DIRECTION ( 'NONE',  ( 1.000000000000000000, 5.706327223607881809E-17, -5.706327223607920020E-17 ) ) ;
#1782 = CARTESIAN_POINT ( 'NONE',  ( 6.560155213498861215, -1.445502545082596013, -1.554497454917404209 ) ) ;
#1783 = EDGE_LOOP ( 'NONE', ( #665, #3311, #1626, #654 ) ) ;
#1784 = AXIS2_PLACEMENT_3D ( 'NONE', #299, #1787, #1342 ) ;
#1785 = ORIENTED_EDGE ( 'NONE', *, *, #2367, .T. ) ;
#1786 = CARTESIAN_POINT ( 'NONE',  ( 1.900000000000000133, 2.313690413397838430, -3.700000000000000178 ) ) ;
#1787 = DIRECTION ( 'NONE',  ( -0.000000000000000000, -0.000000000000000000, -1.000000000000000000 ) ) ;
#1788 = ADVANCED_FACE ( 'NONE', ( #3393 ), #1354, .F. ) ;
#1789 = EDGE_LOOP ( 'NONE', ( #151, #4481, #706, #933 ) ) ;
#1790 = EDGE_LOOP ( 'NONE', ( #2055, #1153, #3971, #2081 ) ) ;
#1791 = CARTESIAN_POINT ( 'NONE',  ( 1.900000000000000133, 2.313690413397838430, 3.699999999999998401 ) ) ;
#1792 = CARTESIAN_POINT ( 'NONE',  ( 6.232713523741857387, -1.499999999999997558, -1.822314807551314697 ) ) ;
#1793 = CARTESIAN_POINT ( 'NONE',  ( 4.100000000000001421, 1.008226939896046844E-15, -3.999999999962255970 ) ) ;
#1794 = B_SPLINE_CURVE_WITH_KNOTS ( 'NONE', 3,
 ( #1193, #4458, #1894, #94 ),
 .UNSPECIFIED., .F., .F.,
 ( 4, 4 ),
 ( 0.000000000000000000, 0.0005323667660387775957 ),
 .UNSPECIFIED. ) ;
#1795 = VERTEX_POINT ( 'NONE', #3578 ) ;
#1796 = CARTESIAN_POINT ( 'NONE',  ( 2.163316380078302181, 2.109392938195933986, -3.963316380078301115 ) ) ;
#1797 = CARTESIAN_POINT ( 'NONE',  ( 6.575073129374414904, -1.194701083587107027, 1.805298916412893195 ) ) ;
#1798 = ORIENTED_EDGE ( 'NONE', *, *, #3446, .T. ) ;
#1799 = EDGE_CURVE ( 'NONE', #3140, #1529, #2163, .T. ) ;
#1800 = AXIS2_PLACEMENT_3D ( 'NONE', #3569, #3918, #3245 ) ;
#1801 = CARTESIAN_POINT ( 'NONE',  ( 1.436569327347335667, -0.5000000000000011102, 2.477682557261891905 ) ) ;
#1802 = LINE ( 'NONE', #3982, #2435 ) ;
#1803 = CARTESIAN_POINT ( 'NONE',  ( -7.999999999999998224, -0.4950000000000003286, -2.500000000000000888 ) ) ;
#1804 = CARTESIAN_POINT ( 'NONE',  ( -2.054479267942002529, 2.013690413398330215, 3.999999999980631937 ) ) ;
#1805 = CARTESIAN_POINT ( 'NONE',  ( 1.548529888989079950, -0.4999997916108455676, -3.163880376616044821 ) ) ;
#1806 = EDGE_CURVE ( 'NONE', #2864, #4190, #425, .T. ) ;
#1807 = CARTESIAN_POINT ( 'NONE',  ( -1.345802391081302840, -0.4949999999999998845, -3.899901237974320090 ) ) ;
#1808 = DIRECTION ( 'NONE',  ( 0.000000000000000000, -1.000000000000000000, 0.000000000000000000 ) ) ;
#1809 = CONICAL_SURFACE ( 'NONE', #4156, 3.999999999886309610, 0.7853981633974482790 ) ;
#1810 = CARTESIAN_POINT ( 'NONE',  ( 1.222627383223139796, -0.5000000022477357753, 2.500000008084644953 ) ) ;
#1811 = EDGE_CURVE ( 'NONE', #174, #3057, #487, .T. ) ;
#1812 = CARTESIAN_POINT ( 'NONE',  ( 6.898062297293083844, -0.7754235763549442995, 2.224576423645056700 ) ) ;
#1813 = LINE ( 'NONE', #1010, #1119 ) ;
#1814 = ORIENTED_EDGE ( 'NONE', *, *, #4194, .F. ) ;
#1816 = ORIENTED_EDGE ( 'NONE', *, *, #2393, .T. ) ;
#1815 = CARTESIAN_POINT ( 'NONE',  ( 7.810117922654209899, -1.494999999999999662, 4.000000000000000000 ) ) ;
#1817 = DIRECTION ( 'NONE',  ( -0.000000000000000000, -0.000000000000000000, -1.000000000000000000 ) ) ;
#1818 = CARTESIAN_POINT ( 'NONE',  ( -4.962863900676155460, 4.413690413397840295, -3.700000000000004619 ) ) ;
#1819 = CARTESIAN_POINT ( 'NONE',  ( -6.449489742783177881, -0.5000000000000003331, -2.500000000000000888 ) ) ;
#1820 = MECHANICAL_DESIGN_GEOMETRIC_PRESENTATION_REPRESENTATION (  '', ( #3246 ), #2720 ) ;
#1821 = VECTOR ( 'NONE', #3945, 1000.000000000000000 ) ;
#1822 = EDGE_LOOP ( 'NONE', ( #3127, #2662, #1680, #3425 ) ) ;
#1823 = DIRECTION ( 'NONE',  ( 0.000000000000000000, 0.000000000000000000, 1.000000000000000000 ) ) ;
#1824 = DIRECTION ( 'NONE',  ( 0.000000000000000000, 0.000000000000000000, -1.000000000000000000 ) ) ;
#1825 = CARTESIAN_POINT ( 'NONE',  ( 1.471466888315731802, -0.7486117746983720345, 2.244317157489762682 ) ) ;
#1826 = EDGE_CURVE ( 'NONE', #659, #2399, #375, .T. ) ;
#1827 = DIRECTION ( 'NONE',  ( 0.000000000000000000, -0.000000000000000000, 1.000000000000000000 ) ) ;
#1828 = CARTESIAN_POINT ( 'NONE',  ( 6.659345677629514348, -0.4704916444167393519, 2.390722215727270950 ) ) ;
#1829 = VECTOR ( 'NONE', #3489, 1000.000000000000000 ) ;
#1830 = ORIENTED_EDGE ( 'NONE', *, *, #2506, .F. ) ;
#1831 = LINE ( 'NONE', #2390, #2172 ) ;
#1832 = EDGE_CURVE ( 'NONE', #4638, #218, #2385, .T. ) ;
#1833 = VERTEX_POINT ( 'NONE', #279 ) ;
#1834 = ADVANCED_FACE ( 'NONE', ( #3673 ), #4568, .F. ) ;
#1835 = CARTESIAN_POINT ( 'NONE',  ( -4.853672830396300597, 4.113690413397839585, -4.000000000000000888 ) ) ;
#1836 = CARTESIAN_POINT ( 'NONE',  ( 1.537693658617698578, -0.5000000000000003331, -2.984489442331793363 ) ) ;
#1837 = LINE ( 'NONE', #1264, #1141 ) ;
#1838 = CARTESIAN_POINT ( 'NONE',  ( -6.449489742772270162, -0.5000000000000008882, 3.700000000048247806 ) ) ;
#1839 = ORIENTED_EDGE ( 'NONE', *, *, #30, .F. ) ;
#1840 = ORIENTED_EDGE ( 'NONE', *, *, #524, .T. ) ;
#1841 = EDGE_CURVE ( 'NONE', #46, #2047, #1538, .T. ) ;
#1842 = CARTESIAN_POINT ( 'NONE',  ( 1.301937702706919220, -0.7754235763549479632, 2.224576423645051371 ) ) ;
#1843 = ORIENTED_EDGE ( 'NONE', *, *, #1650, .F. ) ;
#1844 = CARTESIAN_POINT ( 'NONE',  ( 6.815191853508550501, -0.4999337145626985279, 2.667772149970829343 ) ) ;
#1845 = ORIENTED_EDGE ( 'NONE', *, *, #3111, .F. ) ;
#1846 = AXIS2_PLACEMENT_3D ( 'NONE', #2245, #2992, #4072 ) ;
#1847 = ORIENTED_EDGE ( 'NONE', *, *, #3942, .T. ) ;
#1848 = CARTESIAN_POINT ( 'NONE',  ( 6.778183908931888269, -0.5000000052239575998, -2.492928924304196769 ) ) ;
#1849 = ORIENTED_EDGE ( 'NONE', *, *, #4041, .T. ) ;
#1850 = CARTESIAN_POINT ( 'NONE',  ( 4.100000000000000533, -8.131516293641283255E-17, -3.999999999962255970 ) ) ;
#1851 = CARTESIAN_POINT ( 'NONE',  ( 6.890177002578621313, -1.300000000000000044, -1.500000000000000666 ) ) ;
#1852 = CARTESIAN_POINT ( 'NONE',  ( -6.222891600074039076, -1.202811199901280714, -1.797188800098719952 ) ) ;
#1853 = ORIENTED_EDGE ( 'NONE', *, *, #666, .T. ) ;
#1854 = CARTESIAN_POINT ( 'NONE',  ( 1.509822997421379265, -0.4950000154656007956, -3.737051747692704318 ) ) ;
#1855 = DIRECTION ( 'NONE',  ( -0.000000000000000000, -0.000000000000000000, -1.000000000000000000 ) ) ;
#1856 = EDGE_CURVE ( 'NONE', #3976, #4535, #2751, .T. ) ;
#1857 = AXIS2_PLACEMENT_3D ( 'NONE', #1534, #1957, #2327 ) ;
#1858 = VERTEX_POINT ( 'NONE', #2129 ) ;
#1859 = FACE_OUTER_BOUND ( 'NONE', #2443, .T. ) ;
#1860 = CARTESIAN_POINT ( 'NONE',  ( 1.603265454599347661, -1.389708932607367498, 1.610291067392631170 ) ) ;
#1861 = CARTESIAN_POINT ( 'NONE',  ( 1.384808150012000194, -0.4999337102465380434, 2.667772146629190821 ) ) ;
#1862 = CARTESIAN_POINT ( 'NONE',  ( -7.969253708192510999, -0.4949999999999998845, 4.000000000000000000 ) ) ;
#1863 = EDGE_LOOP ( 'NONE', ( #1446, #2371, #2879, #881, #1472, #3228, #71 ) ) ;
#1864 = CIRCLE ( 'NONE', #913, 2.299999999991086952 ) ;
#1865 = EDGE_CURVE ( 'NONE', #2075, #3219, #4001, .T. ) ;
#1866 = CARTESIAN_POINT ( 'NONE',  ( 1.480616075129840725, -0.5000000000000018874, 2.431737260332577311 ) ) ;
#1867 = CARTESIAN_POINT ( 'NONE',  ( 6.690177002575788734, -0.8711978629825434250, -2.121731069209209952 ) ) ;
#1868 = CARTESIAN_POINT ( 'NONE',  ( 8.068626966596884387, -0.5000000000000006661, 2.500000000000000444 ) ) ;
#1869 = CARTESIAN_POINT ( 'NONE',  ( -3.999999999999996447, 1.021924959892513503E-15, 4.000000000000000000 ) ) ;
#1870 = VECTOR ( 'NONE', #3960, 1000.000000000000000 ) ;
#1871 = EDGE_CURVE ( 'NONE', #1180, #1946, #3212, .T. ) ;
#1872 = CARTESIAN_POINT ( 'NONE',  ( 2.010760415981261318, -1.547603941765854918, 1.263442060975911829 ) ) ;
#1873 = PLANE ( 'NONE',  #1990 ) ;
#1874 = DIRECTION ( 'NONE',  ( 0.7071067811865501263, 0.000000000000000000, 0.7071067811865450192 ) ) ;
#1875 = LINE ( 'NONE', #4002, #1345 ) ;
#1876 = CARTESIAN_POINT ( 'NONE',  ( 6.690177002578622911, -0.4950000000000001066, 4.000000000000000000 ) ) ;
#1877 = ORIENTED_EDGE ( 'NONE', *, *, #2445, .F. ) ;
#1878 = PLANE ( 'NONE',  #3556 ) ;
#1879 = LINE ( 'NONE', #1815, #3206 ) ;
#1880 = DIRECTION ( 'NONE',  ( 0.000000000000000000, 0.7938448060994454103, -0.6081204024113431306 ) ) ;
#1881 = AXIS2_PLACEMENT_3D ( 'NONE', #2697, #1567, #4539 ) ;
#1882 =( NAMED_UNIT ( * ) SI_UNIT ( $, .STERADIAN. ) SOLID_ANGLE_UNIT ( ) );
#1883 = FACE_OUTER_BOUND ( 'NONE', #3962, .T. ) ;
#1884 = DIRECTION ( 'NONE',  ( 0.000000000000000000, -0.7071067811865477948, -0.7071067811865473507 ) ) ;
#1885 = ORIENTED_EDGE ( 'NONE', *, *, #1453, .F. ) ;
#1886 = DIRECTION ( 'NONE',  ( -1.000000000000000000, 0.000000000000000000, 0.000000000000000000 ) ) ;
#1887 = ADVANCED_FACE ( 'NONE', ( #2643 ), #3283, .F. ) ;
#1888 = DIRECTION ( 'NONE',  ( 1.000000000000000000, 0.000000000000000000, 0.000000000000000000 ) ) ;
#1889 = CARTESIAN_POINT ( 'NONE',  ( -1.777108399925958704, -1.202811199901279604, -1.797188800098721284 ) ) ;
#1890 = AXIS2_PLACEMENT_3D ( 'NONE', #1586, #4494, #4478 ) ;
#1891 = VECTOR ( 'NONE', #3674, 1000.000000000000000 ) ;
#1892 = VERTEX_POINT ( 'NONE', #2868 ) ;
#1893 = CARTESIAN_POINT ( 'NONE',  ( 1.946641915055254524, -1.461048131674644424, 1.354029316579979714 ) ) ;
#1894 = CARTESIAN_POINT ( 'NONE',  ( 6.728532730319821020, -0.7486129935363474708, 2.244315938651785025 ) ) ;
#1895 = ORIENTED_EDGE ( 'NONE', *, *, #857, .T. ) ;
#1896 = CARTESIAN_POINT ( 'NONE',  ( 6.690177002578622023, -0.6189097825124263430, -2.301599224818286160 ) ) ;
#1897 = EDGE_CURVE ( 'NONE', #461, #3059, #4177, .T. ) ;
#1898 = FACE_OUTER_BOUND ( 'NONE', #3586, .T. ) ;
#1899 = CARTESIAN_POINT ( 'NONE',  ( 5.105479388357662351, -3.986309586602164057, -4.000000000000000888 ) ) ;
#1900 = CARTESIAN_POINT ( 'NONE',  ( 6.712741270303489216, -0.5000000000000005551, 2.815243804382938642 ) ) ;
#1901 = ORIENTED_EDGE ( 'NONE', *, *, #970, .T. ) ;
#1902 = FACE_OUTER_BOUND ( 'NONE', #4716, .T. ) ;
#1903 = PLANE ( 'NONE',  #1140 ) ;
#1904 = CARTESIAN_POINT ( 'NONE',  ( 6.374295926068331397, -1.507744765358618677, -1.589496709743033032 ) ) ;
#1905 = EDGE_CURVE ( 'NONE', #4174, #1833, #1765, .T. ) ;
#1906 = CARTESIAN_POINT ( 'NONE',  ( 0.000000000000000000, 0.000000000000000000, 0.000000000000000000 ) ) ;
#1907 = CARTESIAN_POINT ( 'NONE',  ( -4.000000000000000000, 0.000000000000000000, 3.999999999962255970 ) ) ;
#1908 = ORIENTED_EDGE ( 'NONE', *, *, #4050, .T. ) ;
#1909 = CARTESIAN_POINT ( 'NONE',  ( -4.000000000000000000, 0.000000000000000000, -3.999999999962255970 ) ) ;
#1910 = VERTEX_POINT ( 'NONE', #3221 ) ;
#1911 =( BOUNDED_CURVE ( )  B_SPLINE_CURVE ( 3, ( #73, #494, #2614, #3341 ),
 .UNSPECIFIED., .F., .T. ) 
 B_SPLINE_CURVE_WITH_KNOTS ( ( 4, 4 ),
 ( 0.9297928812290997547, 1.371479223791551627 ),
 .UNSPECIFIED. ) 
 CURVE ( )  GEOMETRIC_REPRESENTATION_ITEM ( )  RATIONAL_B_SPLINE_CURVE ( ( 1.000000000000000000, 0.9838087316668910898, 0.9838087316668910898, 1.000000000000000000 ) ) 
 REPRESENTATION_ITEM ( '' )  );
#1912 = EDGE_CURVE ( 'NONE', #1530, #4080, #229, .T. ) ;
#1913 = ORIENTED_EDGE ( 'NONE', *, *, #1799, .F. ) ;
#1914 = ADVANCED_FACE ( 'NONE', ( #3330 ), #1416, .T. ) ;
#1915 = CARTESIAN_POINT ( 'NONE',  ( 1.242557962027093232, -0.4950000000000008837, 3.999999999965024422 ) ) ;
#1916 = ORIENTED_EDGE ( 'NONE', *, *, #2646, .F. ) ;
#1917 = ORIENTED_EDGE ( 'NONE', *, *, #1165, .T. ) ;
#1918 = CARTESIAN_POINT ( 'NONE',  ( 6.690177002578621135, -1.397308532419964555, -1.595620399768170383 ) ) ;
#1919 =( NAMED_UNIT ( * ) SI_UNIT ( $, .STERADIAN. ) SOLID_ANGLE_UNIT ( ) );
#1920 = CARTESIAN_POINT ( 'NONE',  ( 6.671150438746161981, 3.064177772475908945, -3.700000000000003286 ) ) ;
#1921 = CLOSED_SHELL ( 'NONE', ( #877, #900, #3390, #652, #2166, #3724, #4117, #2142, #3652, #922, #63, #2865, #1464, #1618, #358, #501, #2211, #386, #2685, #4162, #1106, #428, #4713, #1983, #2998, #234, #4097, #812, #3096, #3675, #3214, #3996, #2295, #546, #4606, #4515, #2584, #2637, #3416, #1834, #2539, #1543, #518, #3529, #3046, #760, #3856, #4469, #787, #1225, #335, #834, #2321, #4209, #1158, #628, #2517, #2895, #3071, #3265, #4541, #3580, #3244, #2268, #3188, #4372, #2242, #853, #4583, #1710, #4443, #4326, #16, #4016, #3436, #1246, #1914, #1493, #4419, #164, #2923, #89 ) ) ;
#1922 = CARTESIAN_POINT ( 'NONE',  ( 1.746402446032451650, -1.131645983513595244, 2.121455557851100071 ) ) ;
#1923 = CARTESIAN_POINT ( 'NONE',  ( 1.509822997421395918, -0.7295243208738603213, 2.221032676547430640 ) ) ;
#1924 = CARTESIAN_POINT ( 'NONE',  ( -1.094999999963874870, -1.494999999920310296, 1.340988245022111322E-16 ) ) ;
#1925 = CARTESIAN_POINT ( 'NONE',  ( 6.690177002578622023, -0.2257943651059913792, 3.699999999978778487 ) ) ;
#1926 = AXIS2_PLACEMENT_3D ( 'NONE', #1258, #199, #1696 ) ;
#1927 = LINE ( 'NONE', #1762, #4670 ) ;
#1928 = CARTESIAN_POINT ( 'NONE',  ( -3.999999999999996447, 1.021924959892513503E-15, 4.000000000000000000 ) ) ;
#1929 = EDGE_CURVE ( 'NONE', #3919, #2999, #700, .T. ) ;
#1930 = ORIENTED_EDGE ( 'NONE', *, *, #3548, .T. ) ;
#1931 = LINE ( 'NONE', #2238, #3772 ) ;
#1933 = VERTEX_POINT ( 'NONE', #2110 ) ;
#1932 = CARTESIAN_POINT ( 'NONE',  ( 4.100000000000001421, 9.919639073093561200E-16, -3.699999999980718712 ) ) ;
#1934 = CARTESIAN_POINT ( 'NONE',  ( -7.925327619720951233, -0.8436779112957365490, -2.156322088704263784 ) ) ;
#1935 = ADVANCED_FACE ( 'NONE', ( #4456 ), #361, .F. ) ;
#1936 = CARTESIAN_POINT ( 'NONE',  ( 4.100000000000000533, -8.131516293641283255E-17, -3.999999999956252772 ) ) ;
#1937 = CARTESIAN_POINT ( 'NONE',  ( 6.732870657660227742, -0.8756774259313212516, 2.266417834389368835 ) ) ;
#1938 = LINE ( 'NONE', #3266, #68 ) ;
#1939 = VERTEX_POINT ( 'NONE', #2886 ) ;
#1940 = EDGE_CURVE ( 'NONE', #2425, #2999, #1760, .T. ) ;
#1941 = DIRECTION ( 'NONE',  ( 0.000000000000000000, 0.000000000000000000, -1.000000000000000000 ) ) ;
#1942 = PLANE ( 'NONE',  #3134 ) ;
#1943 = CARTESIAN_POINT ( 'NONE',  ( 1.967286476257928518, -1.499999999999999112, 1.822314807551378868 ) ) ;
#1944 = CARTESIAN_POINT ( 'NONE',  ( 1.229757742426117684, -0.5387397067521979555, 2.461260293247803155 ) ) ;
#1945 = VECTOR ( 'NONE', #3176, 1000.000000000000000 ) ;
#1946 = VERTEX_POINT ( 'NONE', #1011 ) ;
#1947 = DIRECTION ( 'NONE',  ( 0.000000000000000000, -0.7071067811865481278, 0.7071067811865470176 ) ) ;
#1948 = DIRECTION ( 'NONE',  ( -1.000000000000000000, 0.000000000000000000, 0.000000000000000000 ) ) ;
#1949 = LINE ( 'NONE', #4214, #1652 ) ;
#1950 = ORIENTED_EDGE ( 'NONE', *, *, #3836, .T. ) ;
#1951 = CARTESIAN_POINT ( 'NONE',  ( 6.977372613933918721, -0.5000000022477341100, 2.500000010971024533 ) ) ;
#1952 = CIRCLE ( 'NONE', #1691, 0.9499999999889040536 ) ;
#1953 = ORIENTED_EDGE ( 'NONE', *, *, #3223, .T. ) ;
#1954 = CARTESIAN_POINT ( 'NONE',  ( 7.967803707508975819, -0.5000000000000008882, 3.800032476224933120 ) ) ;
#1955 = LINE ( 'NONE', #3018, #1362 ) ;
#1956 = VERTEX_POINT ( 'NONE', #728 ) ;
#1957 = DIRECTION ( 'NONE',  ( -0.000000000000000000, -1.000000000000000000, -0.000000000000000000 ) ) ;
#1958 = CONICAL_SURFACE ( 'NONE', #2241, 3.999999999911416637, 0.7853981633974482790 ) ;
#1959 = ADVANCED_FACE ( 'NONE', ( #1185, #2916 ), #2542, .F. ) ;
#1960 = EDGE_CURVE ( 'NONE', #107, #3213, #1410, .T. ) ;
#1961 = ORIENTED_EDGE ( 'NONE', *, *, #217, .F. ) ;
#1962 = CARTESIAN_POINT ( 'NONE',  ( 6.610168073333620775, -0.6848036303121359802, 2.941018178069199962 ) ) ;
#1963 = ORIENTED_EDGE ( 'NONE', *, *, #2173, .T. ) ;
#1964 = EDGE_LOOP ( 'NONE', ( #1046, #4248, #3348, #3497 ) ) ;
#1965 = CARTESIAN_POINT ( 'NONE',  ( 7.810117922654208122, -1.495000000000000107, 1.497928932188133944 ) ) ;
#1966 = VERTEX_POINT ( 'NONE', #2557 ) ;
#1967 = EDGE_CURVE ( 'NONE', #1704, #2209, #932, .T. ) ;
#1968 = DIRECTION ( 'NONE',  ( -1.000000000000000000, 0.000000000000000000, 0.000000000000000000 ) ) ;
#1969 = ORIENTED_EDGE ( 'NONE', *, *, #4363, .T. ) ;
#1970 =( BOUNDED_CURVE ( )  B_SPLINE_CURVE ( 3, ( #1252, #573, #2729, #2379 ),
 .UNSPECIFIED., .F., .T. ) 
 B_SPLINE_CURVE_WITH_KNOTS ( ( 4, 4 ),
 ( 1.187747584887361985, 1.446728277561978526 ),
 .UNSPECIFIED. ) 
 CURVE ( )  GEOMETRIC_REPRESENTATION_ITEM ( )  RATIONAL_B_SPLINE_CURVE ( ( 1.000000000000000000, 0.9944185556333229314, 0.9944185556333229314, 1.000000000000000000 ) ) 
 REPRESENTATION_ITEM ( '' )  );
#1971 = VERTEX_POINT ( 'NONE', #4036 ) ;
#1972 = CARTESIAN_POINT ( 'NONE',  ( 6.704758690527680365, -0.5000000000000007772, 2.416366943748721408 ) ) ;
#1973 = CARTESIAN_POINT ( 'NONE',  ( -6.571150438746159672, -3.064177772475907613, 3.699999999999999289 ) ) ;
#1974 = CARTESIAN_POINT ( 'NONE',  ( 1.793857675111780958, -1.212038508107236012, -2.306990177250540341 ) ) ;
#1975 = ORIENTED_EDGE ( 'NONE', *, *, #3841, .F. ) ;
#1976 = CARTESIAN_POINT ( 'NONE',  ( 0.000000000000000000, -0.5000000000000003331, -2.500000000000000888 ) ) ;
#1977 = CARTESIAN_POINT ( 'NONE',  ( 6.820790083143979388, -0.4843026631326840525, 2.684614125488185454 ) ) ;
#1978 = B_SPLINE_CURVE_WITH_KNOTS ( 'NONE', 3,
 ( #4310, #2497, #2859, #1406 ),
 .UNSPECIFIED., .F., .F.,
 ( 4, 4 ),
 ( 0.000000000000000000, 0.0001724593456778129223 ),
 .UNSPECIFIED. ) ;
#1979 = EDGE_LOOP ( 'NONE', ( #2023, #4018, #748, #1077 ) ) ;
#1980 = LINE ( 'NONE', #2594, #3763 ) ;
#1981 = AXIS2_PLACEMENT_3D ( 'NONE', #916, #929, #1677 ) ;
#1982 = CARTESIAN_POINT ( 'NONE',  ( 1.222627386066085675, -0.5000000022477341100, -2.500000010971026754 ) ) ;
#1983 = ADVANCED_FACE ( 'NONE', ( #1535 ), #4053, .F. ) ;
#1984 = VECTOR ( 'NONE', #1112, 1000.000000000000000 ) ;
#1985 = CARTESIAN_POINT ( 'NONE',  ( -3.999999999999996447, 1.021924959892513503E-15, 4.000000000000000000 ) ) ;
#1986 = CARTESIAN_POINT ( 'NONE',  ( -4.000000000000000000, 0.000000000000000000, 3.700000000037562131 ) ) ;
#1987 = LINE ( 'NONE', #1387, #1870 ) ;
#1988 = CARTESIAN_POINT ( 'NONE',  ( 1.537804662407825651, -0.4417635702736547043, 2.911020098995751759 ) ) ;
#1989 = EDGE_CURVE ( 'NONE', #2566, #3919, #370, .T. ) ;
#1990 = AXIS2_PLACEMENT_3D ( 'NONE', #2633, #3396, #809 ) ;
#1991 = CARTESIAN_POINT ( 'NONE',  ( 6.312087237609874890, -1.370501055681385472, -1.448793736305918678 ) ) ;
#1992 = LINE ( 'NONE', #1227, #3993 ) ;
#1993 = DIRECTION ( 'NONE',  ( -0.000000000000000000, -0.000000000000000000, -1.000000000000000000 ) ) ;
#1994 = ORIENTED_EDGE ( 'NONE', *, *, #3781, .T. ) ;
#1995 = EDGE_CURVE ( 'NONE', #4449, #1356, #2795, .T. ) ;
#1996 = CARTESIAN_POINT ( 'NONE',  ( 6.651470164420661746, -0.5000000000000000000, -3.699999999988398347 ) ) ;
#1997 = ORIENTED_EDGE ( 'NONE', *, *, #4143, .F. ) ;
#1998 = CARTESIAN_POINT ( 'NONE',  ( -4.000000000000000000, 0.000000000000000000, 3.999999999962255970 ) ) ;
#1999 = CIRCLE ( 'NONE', #2967, 3.999999999999998224 ) ;
#2000 = EDGE_LOOP ( 'NONE', ( #2536, #391, #1378, #2821, #2892, #2604, #3621, #223 ) ) ;
#2001 = CARTESIAN_POINT ( 'NONE',  ( 6.633342556567955128, -0.5924707806918729780, 3.049230132034419061 ) ) ;
#2002 = CARTESIAN_POINT ( 'NONE',  ( 6.546625697235699981, -0.8863553396048161614, 1.955489146881209450 ) ) ;
#2003 = CARTESIAN_POINT ( 'NONE',  ( 1.581406450049823498, -0.6545783641883928805, 2.668491877424245651 ) ) ;
#2004 = LINE ( 'NONE', #1393, #4512 ) ;
#2005 = ORIENTED_EDGE ( 'NONE', *, *, #4579, .F. ) ;
#2006 = DIRECTION ( 'NONE',  ( 0.000000000000000000, -7.228014483236697048E-17, -1.000000000000000000 ) ) ;
#2007 = CARTESIAN_POINT ( 'NONE',  ( -1.550510257208235876, -0.5000000000000000000, -3.699999999980718712 ) ) ;
#2008 = EDGE_LOOP ( 'NONE', ( #2354, #2773, #4417, #4139, #2368, #465 ) ) ;
#2009 = VECTOR ( 'NONE', #2982, 999.9999999999998863 ) ;
#2010 = DIRECTION ( 'NONE',  ( -0.6427876096865398070, 0.7660444431189775694, 0.000000000000000000 ) ) ;
#2011 = CARTESIAN_POINT ( 'NONE',  ( 0.000000000000000000, -2.286309586565948848, 0.000000000000000000 ) ) ;
#2012 = ORIENTED_EDGE ( 'NONE', *, *, #579, .T. ) ;
#2013 = EDGE_CURVE ( 'NONE', #3445, #4709, #2749, .T. ) ;
#2014 = FACE_OUTER_BOUND ( 'NONE', #214, .T. ) ;
#2015 = AXIS2_PLACEMENT_3D ( 'NONE', #1928, #888, #4507 ) ;
#2016 = CARTESIAN_POINT ( 'NONE',  ( 1.222627386066085675, -0.5000000022477341100, -2.500000010971026754 ) ) ;
#2017 = CARTESIAN_POINT ( 'NONE',  ( 1.601651153629089386, -1.184414599515075661, 1.935703437132976656 ) ) ;
#2018 = VERTEX_POINT ( 'NONE', #1134 ) ;
#2019 = VERTEX_POINT ( 'NONE', #3703 ) ;
#2020 = CARTESIAN_POINT ( 'NONE',  ( 0.000000000000000000, -2.586309586547486106, 0.000000000000000000 ) ) ;
#2021 = EDGE_CURVE ( 'NONE', #2807, #3260, #2635, .T. ) ;
#2022 = CARTESIAN_POINT ( 'NONE',  ( -7.999999999999998224, -0.4950000000000009948, 2.497928932188134610 ) ) ;
#2023 = ORIENTED_EDGE ( 'NONE', *, *, #4345, .F. ) ;
#2024 = VERTEX_POINT ( 'NONE', #2570 ) ;
#2025 = DIRECTION ( 'NONE',  ( 0.000000000000000000, -1.000000000000000000, 0.000000000000000000 ) ) ;
#2026 = EDGE_CURVE ( 'NONE', #3005, #1709, #2046, .T. ) ;
#2027 = ADVANCED_FACE ( 'NONE', ( #309, #1648 ), #3686, .F. ) ;
#2028 = DIRECTION ( 'NONE',  ( -0.000000000000000000, -0.000000000000000000, -1.000000000000000000 ) ) ;
#2029 = ORIENTED_EDGE ( 'NONE', *, *, #3688, .F. ) ;
#2030 = CARTESIAN_POINT ( 'NONE',  ( 0.000000000000000000, -2.286309586622792267, 0.000000000000000000 ) ) ;
#2031 = PLANE ( 'NONE',  #4323 ) ;
#2032 = AXIS2_PLACEMENT_3D ( 'NONE', #4203, #3437, #1968 ) ;
#2033 = DIRECTION ( 'NONE',  ( 1.000000000000000000, 0.000000000000000000, 0.000000000000000000 ) ) ;
#2034 = CIRCLE ( 'NONE', #1421, 2.899999999954161467 ) ;
#2035 = CARTESIAN_POINT ( 'NONE',  ( 1.509822997421379043, -0.4950000000000003286, -2.500000000000000888 ) ) ;
#2036 = ORIENTED_EDGE ( 'NONE', *, *, #3723, .F. ) ;
#2037 = FACE_OUTER_BOUND ( 'NONE', #4015, .T. ) ;
#2038 = ORIENTED_EDGE ( 'NONE', *, *, #1706, .F. ) ;
#2039 = CARTESIAN_POINT ( 'NONE',  ( 0.000000000000000000, -2.286309586602162103, -2.000000000000000000 ) ) ;
#2040 = EDGE_CURVE ( 'NONE', #4535, #2807, #4150, .T. ) ;
#2041 = DIRECTION ( 'NONE',  ( -0.7071067812535380970, 8.659560563175332176E-17, 0.7071067811195568265 ) ) ;
#2042 = LINE ( 'NONE', #1552, #526 ) ;
#2043 = ORIENTED_EDGE ( 'NONE', *, *, #630, .F. ) ;
#2044 = CARTESIAN_POINT ( 'NONE',  ( 6.581274389424714322, -0.7841431596366217338, -2.062461987443508615 ) ) ;
#2045 = DIRECTION ( 'NONE',  ( -1.000000000000000000, 0.000000000000000000, 0.000000000000000000 ) ) ;
#2046 = LINE ( 'NONE', #4431, #3149 ) ;
#2047 = VERTEX_POINT ( 'NONE', #66 ) ;
#2048 = EDGE_CURVE ( 'NONE', #4533, #1180, #695, .T. ) ;
#2049 = CARTESIAN_POINT ( 'NONE',  ( 1.997409108662015154, -1.533267017895635576, -1.667119780219115999 ) ) ;
#2050 = VECTOR ( 'NONE', #2838, 1000.000000000000000 ) ;
#2051 = ORIENTED_EDGE ( 'NONE', *, *, #3756, .F. ) ;
#2052 = EDGE_CURVE ( 'NONE', #3204, #4271, #2102, .T. ) ;
#2053 = FACE_OUTER_BOUND ( 'NONE', #451, .T. ) ;
#2054 = CARTESIAN_POINT ( 'NONE',  ( -6.449489742772270162, -0.5000000000000008882, 3.700000000048247806 ) ) ;
#2055 = ORIENTED_EDGE ( 'NONE', *, *, #304, .F. ) ;
#2056 = CONICAL_SURFACE ( 'NONE', #3704, 2.899999999960164665, 0.7853981633974482790 ) ;
#2057 = CARTESIAN_POINT ( 'NONE',  ( 4.100000000000000533, -8.131516293641283255E-17, -3.999999999962255970 ) ) ;
#2058 = CARTESIAN_POINT ( 'NONE',  ( 1.343983617210916970, -0.2676480859968148329, -2.918206795854097813 ) ) ;
#2059 = ORIENTED_EDGE ( 'NONE', *, *, #372, .T. ) ;
#2060 = AXIS2_PLACEMENT_3D ( 'NONE', #4171, #2721, #3496 ) ;
#2061 = LINE ( 'NONE', #965, #3461 ) ;
#2062 = B_SPLINE_CURVE_WITH_KNOTS ( 'NONE', 3,
 ( #583, #936, #2767, #3156 ),
 .UNSPECIFIED., .F., .F.,
 ( 4, 4 ),
 ( 3.918774078418864423E-15, 0.0004278863710564858734 ),
 .UNSPECIFIED. ) ;
#2063 = ORIENTED_EDGE ( 'NONE', *, *, #1560, .F. ) ;
#2064 = CARTESIAN_POINT ( 'NONE',  ( 1.298509647154835411, -0.7745551638294677632, -2.222504107803255913 ) ) ;
#2065 = ORIENTED_EDGE ( 'NONE', *, *, #2980, .F. ) ;
#2066 = CARTESIAN_POINT ( 'NONE',  ( -2.199999999999999734, 2.144761058975221513, -3.999999999981127985 ) ) ;
#2067 = CARTESIAN_POINT ( 'NONE',  ( -3.999999999999996447, 1.021924959892513503E-15, 4.000000000000000000 ) ) ;
#2068 = EDGE_CURVE ( 'NONE', #2399, #3057, #484, .T. ) ;
#2069 = ORIENTED_EDGE ( 'NONE', *, *, #1912, .F. ) ;
#2070 = AXIS2_PLACEMENT_3D ( 'NONE', #167, #870, #4185 ) ;
#2071 = VERTEX_POINT ( 'NONE', #2189 ) ;
#2072 = DIRECTION ( 'NONE',  ( 0.000000000000000000, 0.000000000000000000, 1.000000000000000000 ) ) ;
#2073 = CARTESIAN_POINT ( 'NONE',  ( -2.054479267942002529, 2.013690413398330215, 3.999999999980631937 ) ) ;
#2074 = ORIENTED_EDGE ( 'NONE', *, *, #3836, .F. ) ;
#2075 = VERTEX_POINT ( 'NONE', #2941 ) ;
#2076 = EDGE_CURVE ( 'NONE', #3701, #2071, #1015, .T. ) ;
#2077 = ORIENTED_EDGE ( 'NONE', *, *, #4679, .T. ) ;
#2078 = CARTESIAN_POINT ( 'NONE',  ( 1.703843134265614623, -1.540111803958515324, -1.459888196041485564 ) ) ;
#2079 = DIRECTION ( 'NONE',  ( 0.4545194776720460905, 0.5416752204197009535, -0.7071067811865466846 ) ) ;
#2080 = EDGE_CURVE ( 'NONE', #1592, #1892, #4225, .T. ) ;
#2081 = ORIENTED_EDGE ( 'NONE', *, *, #3172, .F. ) ;
#2082 = CONICAL_SURFACE ( 'NONE', #3943, 2.299999999934243533, 0.7853981633974482790 ) ;
#2083 = CARTESIAN_POINT ( 'NONE',  ( -1.550510257216821453, -0.5000000000000004441, 2.500000000000000444 ) ) ;
#2084 = VERTEX_POINT ( 'NONE', #3875 ) ;
#2085 = VECTOR ( 'NONE', #1298, 1000.000000000000000 ) ;
#2086 = DIRECTION ( 'NONE',  ( 1.000000000000000000, 0.000000000000000000, 0.000000000000000000 ) ) ;
#2087 = AXIS2_PLACEMENT_3D ( 'NONE', #1304, #2079, #294 ) ;
#2088 = ORIENTED_EDGE ( 'NONE', *, *, #1157, .T. ) ;
#2089 = VECTOR ( 'NONE', #791, 1000.000000000000000 ) ;
#2090 = CARTESIAN_POINT ( 'NONE',  ( 1.900000000000000133, 2.313690413397838430, 4.000000000000000000 ) ) ;
#2091 = DIRECTION ( 'NONE',  ( -0.000000000000000000, 0.000000000000000000, 1.000000000000000000 ) ) ;
#2092 = EDGE_CURVE ( 'NONE', #156, #47, #563, .T. ) ;
#2093 = ORIENTED_EDGE ( 'NONE', *, *, #495, .T. ) ;
#2094 = ORIENTED_EDGE ( 'NONE', *, *, #3868, .F. ) ;
#2095 = LINE ( 'NONE', #4077, #693 ) ;
#2096 = ORIENTED_EDGE ( 'NONE', *, *, #4465, .F. ) ;
#2097 = ORIENTED_EDGE ( 'NONE', *, *, #249, .T. ) ;
#2098 = PLANE ( 'NONE',  #3927 ) ;
#2099 = EDGE_CURVE ( 'NONE', #3830, #528, #259, .T. ) ;
#2100 = CARTESIAN_POINT ( 'NONE',  ( -1.200000000039835868, 0.000000000000000000, 3.999999999962255970 ) ) ;
#2101 =( BOUNDED_CURVE ( )  B_SPLINE_CURVE ( 3, ( #476, #1918, #2663, #2286 ),
 .UNSPECIFIED., .F., .T. ) 
 B_SPLINE_CURVE_WITH_KNOTS ( ( 4, 4 ),
 ( 1.570796326794897668, 2.917517368287971369 ),
 .UNSPECIFIED. ) 
 CURVE ( )  GEOMETRIC_REPRESENTATION_ITEM ( )  RATIONAL_B_SPLINE_CURVE ( ( 1.000000000000000000, 0.8544869384213136243, 0.8544869384213136243, 1.000000000000000000 ) ) 
 REPRESENTATION_ITEM ( '' )  );
#2102 = CIRCLE ( 'NONE', #2153, 2.799999999960163688 ) ;
#2103 = EDGE_LOOP ( 'NONE', ( #1602, #3625, #1121, #1016 ) ) ;
#2104 = DIRECTION ( 'NONE',  ( -0.000000000000000000, -0.000000000000000000, -1.000000000000000000 ) ) ;
#2105 = CARTESIAN_POINT ( 'NONE',  ( 6.750860211382575748, -1.473377571134691033, 1.519551361053442795 ) ) ;
#2106 = FACE_OUTER_BOUND ( 'NONE', #3234, .T. ) ;
#2107 = EDGE_CURVE ( 'NONE', #1150, #4158, #3091, .T. ) ;
#2108 = ORIENTED_EDGE ( 'NONE', *, *, #3264, .F. ) ;
#2109 = CARTESIAN_POINT ( 'NONE',  ( 4.100000000000000533, -8.131516293641283255E-17, -3.999999999962255970 ) ) ;
#2110 = CARTESIAN_POINT ( 'NONE',  ( -1.999999999999999112, -1.499999999999999556, -1.500000000000000444 ) ) ;
#2111 = CARTESIAN_POINT ( 'NONE',  ( 6.596734544232313979, -1.389708934527869255, -1.610291065472131411 ) ) ;
#2112 = VERTEX_POINT ( 'NONE', #2016 ) ;
#2113 = FACE_OUTER_BOUND ( 'NONE', #3247, .T. ) ;
#2114 = AXIS2_PLACEMENT_3D ( 'NONE', #941, #3518, #1642 ) ;
#2115 = CARTESIAN_POINT ( 'NONE',  ( -5.005479388357660930, -3.986309586602162280, 4.000000000000000000 ) ) ;
#2116 = VERTEX_POINT ( 'NONE', #4565 ) ;
#2117 = ADVANCED_FACE ( 'NONE', ( #4451 ), #3872, .F. ) ;
#2118 = DIRECTION ( 'NONE',  ( 0.000000000000000000, 0.000000000000000000, -1.000000000000000000 ) ) ;
#2119 = CARTESIAN_POINT ( 'NONE',  ( -7.766950860398130985, -0.5000000000000008882, 3.900035144461405867 ) ) ;
#2120 = FACE_OUTER_BOUND ( 'NONE', #1012, .T. ) ;
#2121 = PLANE ( 'NONE',  #624 ) ;
#2122 = AXIS2_PLACEMENT_3D ( 'NONE', #1138, #3386, #3752 ) ;
#2123 = CARTESIAN_POINT ( 'NONE',  ( 6.778183908931888269, -0.5000000052239575998, -2.492928924304196769 ) ) ;
#2124 = ORIENTED_EDGE ( 'NONE', *, *, #970, .F. ) ;
#2125 = ORIENTED_EDGE ( 'NONE', *, *, #582, .F. ) ;
#2126 = EDGE_LOOP ( 'NONE', ( #4530, #1816, #1697 ) ) ;
#2127 = CARTESIAN_POINT ( 'NONE',  ( 2.199999999977256149, 2.190890229968065483, -3.999999999977255971 ) ) ;
#2128 = ORIENTED_EDGE ( 'NONE', *, *, #4175, .T. ) ;
#2129 = CARTESIAN_POINT ( 'NONE',  ( 6.815191919265554787, -0.4999337107572984218, -2.667772212229458706 ) ) ;
#2130 = CARTESIAN_POINT ( 'NONE',  ( -7.968626966596883854, -0.5000000000000038858, -3.699999999990358557 ) ) ;
#2131 = ORIENTED_EDGE ( 'NONE', *, *, #4376, .T. ) ;
#2132 = EDGE_CURVE ( 'NONE', #2071, #2116, #2520, .T. ) ;
#2133 = AXIS2_PLACEMENT_3D ( 'NONE', #3708, #4454, #1888 ) ;
#2134 = ORIENTED_EDGE ( 'NONE', *, *, #1732, .T. ) ;
#2135 = CARTESIAN_POINT ( 'NONE',  ( 6.752968837395646240, -0.5000000000000003331, -2.733165575649259882 ) ) ;
#2136 = DIRECTION ( 'NONE',  ( 0.7071067812535380970, 0.000000000000000000, 0.7071067811195568265 ) ) ;
#2137 = ORIENTED_EDGE ( 'NONE', *, *, #3591, .F. ) ;
#2138 = DIRECTION ( 'NONE',  ( 8.659560563585529986E-17, 0.7071067810860616198, -0.7071067812870334146 ) ) ;
#2139 = EDGE_CURVE ( 'NONE', #4306, #3902, #4334, .T. ) ;
#2140 = DIRECTION ( 'NONE',  ( -0.000000000000000000, -1.000000000000000000, -0.000000000000000000 ) ) ;
#2141 = CIRCLE ( 'NONE', #601, 4.000000000000001776 ) ;
#2142 = ADVANCED_FACE ( 'NONE', ( #133 ), #2283, .F. ) ;
#2143 = CARTESIAN_POINT ( 'NONE',  ( 0.000000000000000000, -1.499999999999999778, -1.500000000000000666 ) ) ;
#2144 = EDGE_CURVE ( 'NONE', #3859, #4684, #2405, .T. ) ;
#2145 = CARTESIAN_POINT ( 'NONE',  ( 6.998912307194126825, -0.4181355691551694176, 2.581864430844830416 ) ) ;
#2146 = CARTESIAN_POINT ( 'NONE',  ( 8.069253708192510643, -0.4949999999999997735, -3.699999999940066786 ) ) ;
#2147 = LINE ( 'NONE', #1487, #4322 ) ;
#2148 = DIRECTION ( 'NONE',  ( -0.000000000000000000, -1.000000000000000000, 0.000000000000000000 ) ) ;
#2149 = CARTESIAN_POINT ( 'NONE',  ( 0.000000000000000000, -1.494999999863466655, 0.000000000000000000 ) ) ;
#2150 = EDGE_LOOP ( 'NONE', ( #1039, #3063, #3946, #3516 ) ) ;
#2151 = CARTESIAN_POINT ( 'NONE',  ( -1.345802391111640350, -0.4950000000000008837, 3.899901238001652448 ) ) ;
#2152 = VECTOR ( 'NONE', #3086, 1000.000000000000000 ) ;
#2153 = AXIS2_PLACEMENT_3D ( 'NONE', #4019, #1827, #4380 ) ;
#2154 = CARTESIAN_POINT ( 'NONE',  ( 6.478314155852332057, -2.834364439554671211, -3.999999999981127985 ) ) ;
#2155 = DIRECTION ( 'NONE',  ( -9.376883653992767767E-16, -1.000000000000000000, 0.000000000000000000 ) ) ;
#2156 = LINE ( 'NONE', #2592, #2279 ) ;
#2157 = B_SPLINE_CURVE_WITH_KNOTS ( 'NONE', 3,
 ( #3412, #1194, #1943, #4474, #3066, #1599 ),
 .UNSPECIFIED., .F., .F.,
 ( 4, 2, 4 ),
 ( 8.673617379884035472E-19, 0.0002029981610534007828, 0.0004059963221068006983 ),
 .UNSPECIFIED. ) ;
#2158 = CARTESIAN_POINT ( 'NONE',  ( 4.100000000000000533, -8.131516293641283255E-17, 3.999999999962255970 ) ) ;
#2159 = EDGE_CURVE ( 'NONE', #2420, #2657, #1248, .T. ) ;
#2160 = FACE_OUTER_BOUND ( 'NONE', #4167, .T. ) ;
#2161 = CARTESIAN_POINT ( 'NONE',  ( 6.135018726177150050, -1.618239408773725740, 1.570283453837602039 ) ) ;
#2162 = ORIENTED_EDGE ( 'NONE', *, *, #630, .T. ) ;
#2163 = LINE ( 'NONE', #1355, #2222 ) ;
#2164 = ORIENTED_EDGE ( 'NONE', *, *, #3895, .F. ) ;
#2165 = EDGE_CURVE ( 'NONE', #3808, #1347, #1067, .T. ) ;
#2166 = ADVANCED_FACE ( 'NONE', ( #250 ), #3267, .F. ) ;
#2167 = DIRECTION ( 'NONE',  ( 0.000000000000000000, -0.000000000000000000, -1.000000000000000000 ) ) ;
#2168 = DIRECTION ( 'NONE',  ( 0.000000000000000000, -0.7071067811865477948, -0.7071067811865473507 ) ) ;
#2169 = LINE ( 'NONE', #2115, #4284 ) ;
#2170 = ORIENTED_EDGE ( 'NONE', *, *, #4472, .F. ) ;
#2171 = DIRECTION ( 'NONE',  ( 0.000000000000000000, 0.000000000000000000, 1.000000000000000000 ) ) ;
#2172 = VECTOR ( 'NONE', #347, 1000.000000000000000 ) ;
#2173 = EDGE_CURVE ( 'NONE', #1833, #1348, #3883, .T. ) ;
#2174 = ORIENTED_EDGE ( 'NONE', *, *, #1023, .T. ) ;
#2175 = LINE ( 'NONE', #2447, #2370 ) ;
#2176 = CARTESIAN_POINT ( 'NONE',  ( -5.455880937064816472, 3.999999999999998224, 3.700000000000000178 ) ) ;
#2177 = CARTESIAN_POINT ( 'NONE',  ( 6.264830489633413713, -1.444055142945794845, 1.768787511943222812 ) ) ;
#2178 = ORIENTED_EDGE ( 'NONE', *, *, #114, .T. ) ;
#2179 = AXIS2_PLACEMENT_3D ( 'NONE', #3901, #927, #1325 ) ;
#2180 = VECTOR ( 'NONE', #2818, 1000.000000000000000 ) ;
#2181 = CARTESIAN_POINT ( 'NONE',  ( -4.000000000000000000, 0.000000000000000000, -3.699999999980718712 ) ) ;
#2182 = DIRECTION ( 'NONE',  ( 8.659560562354932858E-17, -0.7071067811865474617, 0.7071067811865474617 ) ) ;
#2183 = CARTESIAN_POINT ( 'NONE',  ( 8.068626966596884387, -0.4999999999999992784, -2.500000000000001776 ) ) ;
#2184 = ORIENTED_EDGE ( 'NONE', *, *, #182, .F. ) ;
#2185 = ORIENTED_EDGE ( 'NONE', *, *, #4435, .T. ) ;
#2186 = CARTESIAN_POINT ( 'NONE',  ( -1.245004537233462161, -0.5000000000000008882, 3.999999999977844389 ) ) ;
#2187 = VERTEX_POINT ( 'NONE', #3549 ) ;
#2188 = PLANE ( 'NONE',  #4671 ) ;
#2189 = CARTESIAN_POINT ( 'NONE',  ( 1.500000000021373125, -8.131516293641283255E-17, -3.699999999980718712 ) ) ;
#2190 = CARTESIAN_POINT ( 'NONE',  ( 1.509822997421379487, -0.2257943651035222710, -3.699999999991341326 ) ) ;
#2191 = ORIENTED_EDGE ( 'NONE', *, *, #4363, .F. ) ;
#2192 = EDGE_CURVE ( 'NONE', #2427, #643, #3385, .T. ) ;
#2193 = CARTESIAN_POINT ( 'NONE',  ( 6.719383924870163227, -0.5000000000000002220, -2.431737260332581751 ) ) ;
#2194 = VERTEX_POINT ( 'NONE', #1309 ) ;
#2195 = LINE ( 'NONE', #3146, #3303 ) ;
#2196 = CARTESIAN_POINT ( 'NONE',  ( -7.999999999999998224, -0.4950000000000009948, 2.500000000000000000 ) ) ;
#2197 = CARTESIAN_POINT ( 'NONE',  ( -7.969253708192509222, -0.4950000000000033817, 4.000000000000000000 ) ) ;
#2198 = EDGE_CURVE ( 'NONE', #2807, #1306, #2355, .T. ) ;
#2199 = FACE_OUTER_BOUND ( 'NONE', #407, .T. ) ;
#2200 = CARTESIAN_POINT ( 'NONE',  ( 0.000000000000000000, -2.086309586616152956, 0.000000000000000000 ) ) ;
#2201 = CARTESIAN_POINT ( 'NONE',  ( 2.816687637958383656E-16, -4.286309586518655124, 2.299999999934243533 ) ) ;
#2202 = EDGE_LOOP ( 'NONE', ( #807, #3041, #3932, #1463, #939, #4302 ) ) ;
#2203 = FACE_OUTER_BOUND ( 'NONE', #766, .T. ) ;
#2204 = CARTESIAN_POINT ( 'NONE',  ( -5.114670458637522898, -4.286309586602162547, 4.000000000000000000 ) ) ;
#2205 = DIRECTION ( 'NONE',  ( 1.000000000000000000, -0.000000000000000000, 0.000000000000000000 ) ) ;
#2206 = AXIS2_PLACEMENT_3D ( 'NONE', #3873, #3980, #333 ) ;
#2207 = CARTESIAN_POINT ( 'NONE',  ( -7.999999999999998224, -1.495000000000000107, -1.497928932188135276 ) ) ;
#2208 = LINE ( 'NONE', #2384, #3087 ) ;
#2209 = VERTEX_POINT ( 'NONE', #3900 ) ;
#2210 = DIRECTION ( 'NONE',  ( 0.000000000000000000, 2.891205793294680792E-16, -1.000000000000000000 ) ) ;
#2211 = ADVANCED_FACE ( 'NONE', ( #1883 ), #18, .F. ) ;
#2212 = CARTESIAN_POINT ( 'NONE',  ( -4.962863900676156348, 4.413690413397839407, 4.000000000000000000 ) ) ;
#2213 = CARTESIAN_POINT ( 'NONE',  ( -6.378314155834063470, 2.834364439532899294, 4.000000000009549694 ) ) ;
#2214 = AXIS2_PLACEMENT_3D ( 'NONE', #4462, #4506, #2296 ) ;
#2215 = CIRCLE ( 'NONE', #444, 2.500000000016825652 ) ;
#2216 = ORIENTED_EDGE ( 'NONE', *, *, #3044, .F. ) ;
#2217 = ORIENTED_EDGE ( 'NONE', *, *, #1553, .T. ) ;
#2218 = CARTESIAN_POINT ( 'NONE',  ( 1.465948618099491618, -0.8003541435495817868, 2.346722999543044530 ) ) ;
#2219 = CARTESIAN_POINT ( 'NONE',  ( 6.521737215138935895, -1.499999968346825696, -1.500000008723043621 ) ) ;
#2220 = PLANE ( 'NONE',  #1322 ) ;
#2221 = B_SPLINE_CURVE_WITH_KNOTS ( 'NONE', 3,
 ( #1775, #4332, #33, #2535 ),
 .UNSPECIFIED., .F., .F.,
 ( 4, 4 ),
 ( 3.612354319781218528E-15, 0.0001449033156108095596 ),
 .UNSPECIFIED. ) ;
#2222 = VECTOR ( 'NONE', #3894, 1000.000000000000114 ) ;
#2223 = ORIENTED_EDGE ( 'NONE', *, *, #2675, .F. ) ;
#2224 = EDGE_CURVE ( 'NONE', #4183, #1539, #1635, .T. ) ;
#2225 = CARTESIAN_POINT ( 'NONE',  ( 1.447031162617306688, -0.5000000000000009992, 2.733165575672205527 ) ) ;
#2226 = DIRECTION ( 'NONE',  ( 0.000000000000000000, -0.000000000000000000, 1.000000000000000000 ) ) ;
#2227 = LINE ( 'NONE', #2039, #2983 ) ;
#2228 = ORIENTED_EDGE ( 'NONE', *, *, #1777, .F. ) ;
#2229 = CARTESIAN_POINT ( 'NONE',  ( 8.068626966596884387, -0.5000000000000002220, 4.000000000000000000 ) ) ;
#2230 = EDGE_CURVE ( 'NONE', #2495, #1154, #4619, .T. ) ;
#2231 = VERTEX_POINT ( 'NONE', #2083 ) ;
#2232 =( NAMED_UNIT ( * ) PLANE_ANGLE_UNIT ( ) SI_UNIT ( $, .RADIAN. ) );
#2233 = DIRECTION ( 'NONE',  ( -1.000000000000000000, 0.000000000000000000, -0.000000000000000000 ) ) ;
#2234 = VECTOR ( 'NONE', #90, 1000.000000000000000 ) ;
#2235 = CARTESIAN_POINT ( 'NONE',  ( 1.633359604619842864, -0.8400737162132058122, 2.452973352522376693 ) ) ;
#2236 = DIRECTION ( 'NONE',  ( -0.000000000000000000, -0.000000000000000000, -1.000000000000000000 ) ) ;
#2237 = ORIENTED_EDGE ( 'NONE', *, *, #2107, .T. ) ;
#2238 = CARTESIAN_POINT ( 'NONE',  ( 0.000000000000000000, -0.5000000000000003331, -2.500000000000000444 ) ) ;
#2239 = CARTESIAN_POINT ( 'NONE',  ( 5.628288422431423178E-27, -1.494999999920310074, 0.000000000000000000 ) ) ;
#2240 = FACE_OUTER_BOUND ( 'NONE', #2602, .T. ) ;
#2241 = AXIS2_PLACEMENT_3D ( 'NONE', #120, #1160, #4111 ) ;
#2242 = ADVANCED_FACE ( 'NONE', ( #2160 ), #1341, .T. ) ;
#2243 = DIRECTION ( 'NONE',  ( -0.000000000000000000, -0.000000000000000000, -1.000000000000000000 ) ) ;
#2244 = ORIENTED_EDGE ( 'NONE', *, *, #4686, .T. ) ;
#2245 = CARTESIAN_POINT ( 'NONE',  ( 5.214670458637524320, -4.286309586602162547, 4.000000000000000000 ) ) ;
#2246 = CARTESIAN_POINT ( 'NONE',  ( 6.690177002578622023, -0.2257943651041623423, -3.700000000001037126 ) ) ;
#2247 = ORIENTED_EDGE ( 'NONE', *, *, #3917, .T. ) ;
#2248 = AXIS2_PLACEMENT_3D ( 'NONE', #349, #2875, #3614 ) ;
#2249 = ORIENTED_EDGE ( 'NONE', *, *, #1236, .T. ) ;
#2250 = ORIENTED_EDGE ( 'NONE', *, *, #4083, .T. ) ;
#2251 = CARTESIAN_POINT ( 'NONE',  ( 6.514980817929298951, -0.9685783057030147303, -2.600251964430380980 ) ) ;
#2252 = DIRECTION ( 'NONE',  ( 0.000000000000000000, 1.000000000000000000, 0.000000000000000000 ) ) ;
#2253 = ORIENTED_EDGE ( 'NONE', *, *, #1905, .F. ) ;
#2254 = CARTESIAN_POINT ( 'NONE',  ( 1.547219171019873496, -0.4932646745830679968, 3.172241575726259644 ) ) ;
#2255 = DIRECTION ( 'NONE',  ( -0.000000000000000000, 0.000000000000000000, 1.000000000000000000 ) ) ;
#2256 = CARTESIAN_POINT ( 'NONE',  ( -1.550510257208235876, -0.5000000000000000000, -3.699999999980718712 ) ) ;
#2257 =( BOUNDED_CURVE ( )  B_SPLINE_CURVE ( 3, ( #1167, #868, #4104, #525 ),
 .UNSPECIFIED., .F., .F. ) 
 B_SPLINE_CURVE_WITH_KNOTS ( ( 4, 4 ),
 ( 0.9272952180016126311, 1.369438406004566122 ),
 .UNSPECIFIED. ) 
 CURVE ( )  GEOMETRIC_REPRESENTATION_ITEM ( )  RATIONAL_B_SPLINE_CURVE ( ( 1.000000000000000000, 0.9837753570014466931, 0.9837753570014466931, 1.000000000000000000 ) ) 
 REPRESENTATION_ITEM ( '' )  );
#2258 = AXIS2_PLACEMENT_3D ( 'NONE', #3089, #1588, #3807 ) ;
#2259 = ORIENTED_EDGE ( 'NONE', *, *, #658, .T. ) ;
#2260 = DIRECTION ( 'NONE',  ( -0.000000000000000000, -0.000000000000000000, -1.000000000000000000 ) ) ;
#2261 = CARTESIAN_POINT ( 'NONE',  ( 5.062863900676155993, 4.113690413397839585, -4.000000000000000000 ) ) ;
#2262 = DIRECTION ( 'NONE',  ( 0.000000000000000000, 0.000000000000000000, -1.000000000000000000 ) ) ;
#2263 = ORIENTED_EDGE ( 'NONE', *, *, #1758, .T. ) ;
#2264 = LINE ( 'NONE', #4496, #3079 ) ;
#2265 = EDGE_CURVE ( 'NONE', #1858, #1536, #617, .T. ) ;
#2266 = DIRECTION ( 'NONE',  ( -0.000000000000000000, 0.000000000000000000, 1.000000000000000000 ) ) ;
#2267 = CARTESIAN_POINT ( 'NONE',  ( 6.841180572109635705, -0.3790500972939176982, -2.794469418671343242 ) ) ;
#2268 = ADVANCED_FACE ( 'NONE', ( #4056 ), #1000, .T. ) ;
#2269 = CARTESIAN_POINT ( 'NONE',  ( 4.100000000000001421, 9.919639073093561200E-16, -3.699999999980718712 ) ) ;
#2270 = EDGE_CURVE ( 'NONE', #4355, #2112, #961, .T. ) ;
#2271 = CARTESIAN_POINT ( 'NONE',  ( 1.517963033275561813, -0.3418560872423878072, 3.021614865287540752 ) ) ;
#2272 = CARTESIAN_POINT ( 'NONE',  ( 0.000000000000000000, -2.286309586509105429, 0.000000000000000000 ) ) ;
#2273 = ORIENTED_EDGE ( 'NONE', *, *, #2736, .T. ) ;
#2274 = CARTESIAN_POINT ( 'NONE',  ( 0.000000000000000000, -0.5000000000000009992, 2.500000000000000000 ) ) ;
#2275 = LINE ( 'NONE', #1270, #4044 ) ;
#2276 = DIRECTION ( 'NONE',  ( 1.000000000000000000, 1.980277940678124734E-16, 0.000000000000000000 ) ) ;
#2277 = VERTEX_POINT ( 'NONE', #1734 ) ;
#2278 = CARTESIAN_POINT ( 'NONE',  ( 5.555880937064811675, 4.000000000000000888, -3.700000000000003730 ) ) ;
#2279 = VECTOR ( 'NONE', #442, 1000.000000000000000 ) ;
#2280 = AXIS2_PLACEMENT_3D ( 'NONE', #997, #4643, #3254 ) ;
#2281 = CARTESIAN_POINT ( 'NONE',  ( 6.767184127962474705, -0.6954638876244779722, 2.458911694801967140 ) ) ;
#2282 = VERTEX_POINT ( 'NONE', #2480 ) ;
#2283 = CONICAL_SURFACE ( 'NONE', #2687, 2.799999999998362910, 0.7853981633974482790 ) ;
#2284 = DIRECTION ( 'NONE',  ( 1.000000000000000000, 1.141265444721583757E-16, 0.000000000000000000 ) ) ;
#2285 = ORIENTED_EDGE ( 'NONE', *, *, #3500, .F. ) ;
#2286 = CARTESIAN_POINT ( 'NONE',  ( 6.845736030492043156, -1.495000000000000107, -1.497928932188135276 ) ) ;
#2287 = DIRECTION ( 'NONE',  ( 0.000000000000000000, -1.000000000000000000, -1.084202172512769809E-16 ) ) ;
#2288 = VERTEX_POINT ( 'NONE', #298 ) ;
#2289 = CARTESIAN_POINT ( 'NONE',  ( 1.913451459628121576, -1.678121738581353384, 1.321878261418646838 ) ) ;
#2290 = CARTESIAN_POINT ( 'NONE',  ( 1.509822997421395918, -0.6510946248069949815, 2.278471199556106885 ) ) ;
#2291 = DIRECTION ( 'NONE',  ( 0.000000000000000000, 0.000000000000000000, -1.000000000000000000 ) ) ;
#2292 = CARTESIAN_POINT ( 'NONE',  ( 2.199999999977256149, 2.190890229968065483, -3.999999999977255971 ) ) ;
#2293 = VECTOR ( 'NONE', #638, 1000.000000000000114 ) ;
#2294 = EDGE_LOOP ( 'NONE', ( #2349, #2410, #2178, #1429 ) ) ;
#2295 = ADVANCED_FACE ( 'NONE', ( #1289 ), #367, .T. ) ;
#2296 = DIRECTION ( 'NONE',  ( 0.000000000000000000, 2.891205793294680298E-16, -1.000000000000000000 ) ) ;
#2297 = EDGE_CURVE ( 'NONE', #131, #3892, #909, .T. ) ;
#2298 = VECTOR ( 'NONE', #3413, 1000.000000000000114 ) ;
#2299 = AXIS2_PLACEMENT_3D ( 'NONE', #3377, #1142, #1498 ) ;
#2300 = ORIENTED_EDGE ( 'NONE', *, *, #2913, .F. ) ;
#2301 = LINE ( 'NONE', #336, #712 ) ;
#2302 = DIRECTION ( 'NONE',  ( -0.000000000000000000, -0.000000000000000000, -1.000000000000000000 ) ) ;
#2303 = CARTESIAN_POINT ( 'NONE',  ( 6.767182458059760819, -0.6954697650131732578, -2.458905410778727152 ) ) ;
#2304 = EDGE_CURVE ( 'NONE', #3317, #4082, #1131, .T. ) ;
#2305 = CARTESIAN_POINT ( 'NONE',  ( -7.999999999999998224, -0.4950000000000003286, -2.500000000000000888 ) ) ;
#2306 = ORIENTED_EDGE ( 'NONE', *, *, #2980, .T. ) ;
#2307 = ORIENTED_EDGE ( 'NONE', *, *, #1553, .F. ) ;
#2308 = CARTESIAN_POINT ( 'NONE',  ( 6.323299987773557618, -1.359041047224200494, -2.129382595358423558 ) ) ;
#2309 = CARTESIAN_POINT ( 'NONE',  ( 5.062863900676155993, 4.413690413397840295, -3.700000000000003730 ) ) ;
#2310 = DIRECTION ( 'NONE',  ( 0.000000000000000000, 1.445602896647339410E-16, -1.000000000000000000 ) ) ;
#2311 = CARTESIAN_POINT ( 'NONE',  ( 1.649509168708730433, -0.8746396139150547366, -2.713210040315878757 ) ) ;
#2312 = ORIENTED_EDGE ( 'NONE', *, *, #2871, .T. ) ;
#2313 = ORIENTED_EDGE ( 'NONE', *, *, #2144, .T. ) ;
#2314 = DIRECTION ( 'NONE',  ( 0.4545194776720447027, 0.5416752204197017306, -0.7071067811865470176 ) ) ;
#2315 = CARTESIAN_POINT ( 'NONE',  ( 6.841180795844409523, -0.3790483704064270820, 2.794471344447119865 ) ) ;
#2316 = EDGE_LOOP ( 'NONE', ( #3636, #564, #2259, #1265 ) ) ;
#2317 = B_SPLINE_CURVE_WITH_KNOTS ( 'NONE', 3,
 ( #1576, #3485, #2376, #1218 ),
 .UNSPECIFIED., .F., .F.,
 ( 4, 4 ),
 ( 1.865331948590912584E-18, 0.0001724593005893117659 ),
 .UNSPECIFIED. ) ;
#2318 = AXIS2_PLACEMENT_3D ( 'NONE', #602, #1297, #589 ) ;
#2319 = ORIENTED_EDGE ( 'NONE', *, *, #3731, .T. ) ;
#2320 = CARTESIAN_POINT ( 'NONE',  ( 1.820317713818148775, -1.500000050574286536, -1.597788559217637960 ) ) ;
#2321 = ADVANCED_FACE ( 'NONE', ( #959 ), #2857, .T. ) ;
#2322 = CARTESIAN_POINT ( 'NONE',  ( -6.571150438746158784, -3.064177772475906725, 4.000000000000000000 ) ) ;
#2323 = MANIFOLD_SOLID_BREP ( 'Fillet2', #1558 ) ;
#2324 = ORIENTED_EDGE ( 'NONE', *, *, #92, .F. ) ;
#2325 = FACE_OUTER_BOUND ( 'NONE', #1402, .T. ) ;
#2326 = CARTESIAN_POINT ( 'NONE',  ( -2.199999999999999734, 2.144761058975221513, -3.999999999981127985 ) ) ;
#2327 = DIRECTION ( 'NONE',  ( 0.000000000000000000, 0.000000000000000000, -1.000000000000000000 ) ) ;
#2328 = CARTESIAN_POINT ( 'NONE',  ( 1.682923977778954638, -0.9641212618329993989, 2.315730271499826465 ) ) ;
#2329 = EDGE_CURVE ( 'NONE', #1219, #3794, #1999, .T. ) ;
#2330 = AXIS2_PLACEMENT_3D ( 'NONE', #1906, #1159, #3736 ) ;
#2331 = LINE ( 'NONE', #2201, #1170 ) ;
#2332 = CARTESIAN_POINT ( 'NONE',  ( -2.200000000000003286, 3.713690413397842338, 4.000000000000000000 ) ) ;
#2333 = CARTESIAN_POINT ( 'NONE',  ( -6.450505049984594841, -0.4950000000000012723, 4.000000000000000000 ) ) ;
#2334 = CARTESIAN_POINT ( 'NONE',  ( 6.682036946440256031, -0.3418562367256288703, 3.021614688513064806 ) ) ;
#2335 = EDGE_CURVE ( 'NONE', #4477, #2566, #2631, .T. ) ;
#2336 = CIRCLE ( 'NONE', #1857, 0.9499999999889040536 ) ;
#2338 = ORIENTED_EDGE ( 'NONE', *, *, #1361, .F. ) ;
#2337 = CARTESIAN_POINT ( 'NONE',  ( 4.100000000000001421, 9.919639073093561200E-16, 3.700000000000000178 ) ) ;
#2339 = DIRECTION ( 'NONE',  ( -0.000000000000000000, -2.891205793294680298E-16, 1.000000000000000000 ) ) ;
#2340 = CIRCLE ( 'NONE', #202, 2.599999999978627407 ) ;
#2341 = ORIENTED_EDGE ( 'NONE', *, *, #3950, .T. ) ;
#2342 = ORIENTED_EDGE ( 'NONE', *, *, #1293, .T. ) ;
#2343 = EDGE_CURVE ( 'NONE', #4707, #3458, #4170, .T. ) ;
#2344 = CARTESIAN_POINT ( 'NONE',  ( -6.450505049984594841, -0.4950000000000012723, -3.699999999981946175 ) ) ;
#2345 = DIRECTION ( 'NONE',  ( 0.000000000000000000, -0.7071067811865503483, 0.7071067811865445751 ) ) ;
#2346 = CARTESIAN_POINT ( 'NONE',  ( -6.449489742791764790, -0.5000000000000000000, -3.699999999972305886 ) ) ;
#2347 = CARTESIAN_POINT ( 'NONE',  ( 1.876698466801193455, -1.359038836941875106, -2.129385272159241893 ) ) ;
#2348 = ORIENTED_EDGE ( 'NONE', *, *, #1678, .F. ) ;
#2349 = ORIENTED_EDGE ( 'NONE', *, *, #1397, .T. ) ;
#2350 = ADVANCED_FACE ( 'NONE', ( #4112 ), #23, .T. ) ;
#2351 = AXIS2_PLACEMENT_3D ( 'NONE', #4401, #3356, #786 ) ;
#2352 = CARTESIAN_POINT ( 'NONE',  ( 6.648870394990469279, -0.5433179406353169094, 2.790382387379852336 ) ) ;
#2353 = VECTOR ( 'NONE', #669, 1000.000000000000000 ) ;
#2354 = ORIENTED_EDGE ( 'NONE', *, *, #857, .F. ) ;
#2355 = B_SPLINE_CURVE_WITH_KNOTS ( 'NONE', 3,
 ( #4577, #2810, #4207, #2463, #3915, #1057, #3595, #1375 ),
 .UNSPECIFIED., .F., .F.,
 ( 4, 2, 2, 4 ),
 ( 0.000000000000000000, 0.2706600587166403948, 0.5478945494084574985, 1.000000000000000000 ),
 .UNSPECIFIED. ) ;
#2356 = CIRCLE ( 'NONE', #4236, 0.9499999999889040536 ) ;
#2357 = EDGE_LOOP ( 'NONE', ( #88, #4599, #4231, #2174 ) ) ;
#2358 = CARTESIAN_POINT ( 'NONE',  ( 7.766060556000309312, -0.5000000000000008882, 3.999999999970513365 ) ) ;
#2359 = LINE ( 'NONE', #4504, #4349 ) ;
#2360 = EDGE_CURVE ( 'NONE', #2860, #4477, #2437, .T. ) ;
#2361 = AXIS2_PLACEMENT_3D ( 'NONE', #1423, #4366, #739 ) ;
#2362 = CARTESIAN_POINT ( 'NONE',  ( -6.755898220176193014, -0.4949999999999998845, -3.999999999958591346 ) ) ;
#2363 = ORIENTED_EDGE ( 'NONE', *, *, #3324, .T. ) ;
#2364 = CARTESIAN_POINT ( 'NONE',  ( 1.590539527322848201, -0.6870545397379259622, -2.938317027977356055 ) ) ;
#2365 = CIRCLE ( 'NONE', #196, 1.999999999952706276 ) ;
#2366 = DIRECTION ( 'NONE',  ( 0.7071067812535380970, 0.000000000000000000, 0.7071067811195568265 ) ) ;
#2367 = EDGE_CURVE ( 'NONE', #3720, #2791, #4505, .T. ) ;
#2368 = ORIENTED_EDGE ( 'NONE', *, *, #431, .T. ) ;
#2369 = CARTESIAN_POINT ( 'NONE',  ( -4.000000000000000000, 0.000000000000000000, -3.999999999962255970 ) ) ;
#2370 = VECTOR ( 'NONE', #3261, 1000.000000000000000 ) ;
#2371 = ORIENTED_EDGE ( 'NONE', *, *, #3285, .F. ) ;
#2372 = CARTESIAN_POINT ( 'NONE',  ( 1.509822997421379487, -0.2257943651061004031, 3.699999999978786924 ) ) ;
#2373 = VERTEX_POINT ( 'NONE', #4356 ) ;
#2374 = CARTESIAN_POINT ( 'NONE',  ( -3.999999999999996447, 1.021924959892513503E-15, -3.999999999962255970 ) ) ;
#2375 = EDGE_CURVE ( 'NONE', #2288, #2823, #2156, .T. ) ;
#2376 = CARTESIAN_POINT ( 'NONE',  ( 1.725605475709328873, -1.499999999999999334, 1.532609098961501326 ) ) ;
#2377 = ORIENTED_EDGE ( 'NONE', *, *, #2173, .F. ) ;
#2378 = ORIENTED_EDGE ( 'NONE', *, *, #1184, .T. ) ;
#2379 = CARTESIAN_POINT ( 'NONE',  ( -7.969253708192509222, -0.4950000000000021605, 2.497928932188133277 ) ) ;
#2380 = CARTESIAN_POINT ( 'NONE',  ( 1.201087692805873353, -0.4181355691551710274, 2.581864430844828195 ) ) ;
#2381 = CARTESIAN_POINT ( 'NONE',  ( -7.999999999999998224, -0.4950000000000003286, -2.500000000000000888 ) ) ;
#2382 = AXIS2_PLACEMENT_3D ( 'NONE', #2828, #352, #2481 ) ;
#2383 = ORIENTED_EDGE ( 'NONE', *, *, #469, .T. ) ;
#2384 = CARTESIAN_POINT ( 'NONE',  ( 0.000000000000000000, -4.286309586518655124, -2.299999999934243533 ) ) ;
#2385 = B_SPLINE_CURVE_WITH_KNOTS ( 'NONE', 3,
 ( #2792, #4288, #3543, #2066 ),
 .UNSPECIFIED., .F., .F.,
 ( 4, 4 ),
 ( 3.355580080399856939E-11, 0.0001071143710432874083 ),
 .UNSPECIFIED. ) ;
#2386 = EDGE_LOOP ( 'NONE', ( #4389, #2441, #281, #4483, #515, #1125, #1727, #3403 ) ) ;
#2387 = AXIS2_PLACEMENT_3D ( 'NONE', #2109, #1022, #3956 ) ;
#2388 = DIRECTION ( 'NONE',  ( 0.000000000000000000, 0.000000000000000000, -1.000000000000000000 ) ) ;
#2389 = ORIENTED_EDGE ( 'NONE', *, *, #1523, .F. ) ;
#2390 = CARTESIAN_POINT ( 'NONE',  ( 5.555880937064811675, 4.000000000000000888, 3.700000000000000178 ) ) ;
#2391 = FACE_OUTER_BOUND ( 'NONE', #475, .T. ) ;
#2392 = CARTESIAN_POINT ( 'NONE',  ( -7.710117922654207590, -1.495000000000000773, 1.497928932188133500 ) ) ;
#2393 = EDGE_CURVE ( 'NONE', #3914, #3805, #1316, .T. ) ;
#2394 = B_SPLINE_SURFACE_WITH_KNOTS ( 'NONE', 1, 3, ( 
 ( #4335, #3991, #4320, #345, #1438, #4003, #1812, #4353, #2145, #4708 ),
 ( #2161, #683, #2177, #2526, #715, #2559, #3299, #363, #3611, #398 ) ),
 .UNSPECIFIED., .F., .F., .F.,
 ( 2, 2 ),
 ( 4, 2, 2, 2, 4 ),
 ( 0.000000000000000000, 1.000000000000000000 ),
 ( 0.8989913270201348450, 1.024258228922604541, 1.149525130825074459, 1.274792032727544377, 1.400058934630014296 ),
 .UNSPECIFIED. ) ;
#2395 = PRODUCT_DEFINITION ( 'UNKNOWN', '', #3069, #2847 ) ;
#2396 = CARTESIAN_POINT ( 'NONE',  ( 6.659345677629531224, -0.4704916444166634126, -2.390722215727348665 ) ) ;
#2397 = LINE ( 'NONE', #1047, #3313 ) ;
#2398 = DIRECTION ( 'NONE',  ( 0.000000000000000000, 1.000000000000000000, 0.000000000000000000 ) ) ;
#2399 = VERTEX_POINT ( 'NONE', #4008 ) ;
#2400 = EDGE_CURVE ( 'NONE', #4080, #893, #3908, .T. ) ;
#2401 = VECTOR ( 'NONE', #3825, 1000.000000000000000 ) ;
#2402 = DIRECTION ( 'NONE',  ( 0.7071067811865495711, 0.000000000000000000, -0.7071067811865454633 ) ) ;
#2403 = CARTESIAN_POINT ( 'NONE',  ( 6.970242257573882938, -0.5387397067521979555, -2.461260293247803155 ) ) ;
#2404 = CARTESIAN_POINT ( 'NONE',  ( 6.977372590888415438, -0.5000000000000002220, -2.500000010332420253 ) ) ;
#2405 = LINE ( 'NONE', #4611, #1703 ) ;
#2406 = AXIS2_PLACEMENT_3D ( 'NONE', #2057, #1941, #1749 ) ;
#2407 = EDGE_LOOP ( 'NONE', ( #1373, #4294, #4354, #2761 ) ) ;
#2408 = CARTESIAN_POINT ( 'NONE',  ( 1.460470640393419561, -0.8448616055391399149, 2.301178153502416723 ) ) ;
#2409 = VECTOR ( 'NONE', #3925, 1000.000000000000114 ) ;
#2410 = ORIENTED_EDGE ( 'NONE', *, *, #3139, .F. ) ;
#2411 = CARTESIAN_POINT ( 'NONE',  ( 6.427043414560485779, -1.500000000000000000, 1.565206144405036248 ) ) ;
#2412 = ORIENTED_EDGE ( 'NONE', *, *, #3298, .T. ) ;
#2413 = VECTOR ( 'NONE', #3941, 1000.000000000000114 ) ;
#2414 = CARTESIAN_POINT ( 'NONE',  ( 1.229757742426119238, -0.5387397067522050609, -2.461260293247797382 ) ) ;
#2415 = DIRECTION ( 'NONE',  ( 0.000000000000000000, 2.891205793294680792E-16, -1.000000000000000000 ) ) ;
#2416 = EDGE_LOOP ( 'NONE', ( #99, #1191, #3967, #1623 ) ) ;
#2417 = VECTOR ( 'NONE', #1774, 1000.000000000000000 ) ;
#2418 = AXIS2_PLACEMENT_3D ( 'NONE', #498, #4503, #511 ) ;
#2419 = VERTEX_POINT ( 'NONE', #426 ) ;
#2420 = VERTEX_POINT ( 'NONE', #3301 ) ;
#2421 = DIRECTION ( 'NONE',  ( -0.000000000000000000, -0.000000000000000000, -1.000000000000000000 ) ) ;
#2422 = EDGE_CURVE ( 'NONE', #4659, #3892, #4680, .T. ) ;
#2423 = CARTESIAN_POINT ( 'NONE',  ( 6.521737208995287638, -1.499999968388866511, 1.500000012892269474 ) ) ;
#2424 = ORIENTED_EDGE ( 'NONE', *, *, #3841, .T. ) ;
#2425 = VERTEX_POINT ( 'NONE', #3337 ) ;
#2426 = CARTESIAN_POINT ( 'NONE',  ( -1.622971925498796208, -0.8587488878376684509, 2.134180044350466154 ) ) ;
#2427 = VERTEX_POINT ( 'NONE', #2910 ) ;
#2428 = DIRECTION ( 'NONE',  ( -0.7660444431189775694, -0.6427876096865398070, 0.000000000000000000 ) ) ;
#2429 = EDGE_CURVE ( 'NONE', #3408, #3749, #2215, .T. ) ;
#2430 = PLANE ( 'NONE',  #348 ) ;
#2431 = VERTEX_POINT ( 'NONE', #3657 ) ;
#2432 = CARTESIAN_POINT ( 'NONE',  ( -3.999999999999996447, 1.021924959892513503E-15, -3.700000000000003730 ) ) ;
#2433 = CARTESIAN_POINT ( 'NONE',  ( 6.690177002578623799, -0.8711978629625480863, 2.121731069225587962 ) ) ;
#2434 = ORIENTED_EDGE ( 'NONE', *, *, #1453, .T. ) ;
#2435 = VECTOR ( 'NONE', #3644, 1000.000000000000000 ) ;
#2436 = CARTESIAN_POINT ( 'NONE',  ( -2.199999999999999734, 3.713690413397838785, -4.000000000000000000 ) ) ;
#2437 = B_SPLINE_CURVE_WITH_KNOTS ( 'NONE', 3,
 ( #1490, #753, #3321, #2978 ),
 .UNSPECIFIED., .F., .F.,
 ( 4, 4 ),
 ( 9.894734403814065713E-15, 0.0004260459364081808182 ),
 .UNSPECIFIED. ) ;
#2438 = LINE ( 'NONE', #604, #58 ) ;
#2439 = CARTESIAN_POINT ( 'NONE',  ( 1.778008482157339865, -1.637135217555710343, -1.360979553818178145 ) ) ;
#2440 = DIRECTION ( 'NONE',  ( 0.000000000000000000, -1.000000000000000000, -2.891205793294680792E-16 ) ) ;
#2441 = ORIENTED_EDGE ( 'NONE', *, *, #725, .T. ) ;
#2442 = LINE ( 'NONE', #2618, #1524 ) ;
#2443 = EDGE_LOOP ( 'NONE', ( #2661, #2922, #2874, #3250, #910, #3642, #3235, #1895, #3519, #3495, #331, #4664, #918, #4640 ) ) ;
#2444 = CARTESIAN_POINT ( 'NONE',  ( -4.000000000000000000, 0.000000000000000000, -3.999999999962255970 ) ) ;
#2445 = EDGE_CURVE ( 'NONE', #2657, #4402, #1879, .T. ) ;
#2446 = PLANE ( 'NONE',  #1800 ) ;
#2447 = CARTESIAN_POINT ( 'NONE',  ( -2.199999999999999734, 1.021924959892513503E-15, -4.000000000000000000 ) ) ;
#2448 = FACE_OUTER_BOUND ( 'NONE', #4151, .T. ) ;
#2449 = ORIENTED_EDGE ( 'NONE', *, *, #1871, .F. ) ;
#2450 = ORIENTED_EDGE ( 'NONE', *, *, #1389, .T. ) ;
#2451 = CARTESIAN_POINT ( 'NONE',  ( 1.565500335363452900, -0.5878747177390124534, -3.054618181859638071 ) ) ;
#2452 = CARTESIAN_POINT ( 'NONE',  ( 6.690176994200158767, -0.5000000000000011102, 2.400955523451605345 ) ) ;
#2453 = LINE ( 'NONE', #3765, #795 ) ;
#2454 = ORIENTED_EDGE ( 'NONE', *, *, #3986, .T. ) ;
#2455 = ORIENTED_EDGE ( 'NONE', *, *, #2422, .F. ) ;
#2456 = EDGE_CURVE ( 'NONE', #341, #3317, #195, .T. ) ;
#2457 = CARTESIAN_POINT ( 'NONE',  ( 1.822320200135192136, -1.258555137450263262, -1.980187225312587174 ) ) ;
#2458 = LINE ( 'NONE', #4642, #3040 ) ;
#2459 = PLANE ( 'NONE',  #3492 ) ;
#2460 = ORIENTED_EDGE ( 'NONE', *, *, #3508, .T. ) ;
#2461 = AXIS2_PLACEMENT_3D ( 'NONE', #2239, #1145, #2276 ) ;
#2462 = LINE ( 'NONE', #4357, #430 ) ;
#2463 = CARTESIAN_POINT ( 'NONE',  ( 1.649510990093544960, -0.8746448878524265558, 2.713203705360854201 ) ) ;
#2464 = EDGE_LOOP ( 'NONE', ( #4133, #751 ) ) ;
#2465 = CONICAL_SURFACE ( 'NONE', #1201, 3.999999999981358911, 0.7853981633974482790 ) ;
#2466 = DIRECTION ( 'NONE',  ( 0.000000000000000000, -0.000000000000000000, 1.000000000000000000 ) ) ;
#2467 =( BOUNDED_CURVE ( )  B_SPLINE_CURVE ( 3, ( #3379, #1500, #2619, #3397 ),
 .UNSPECIFIED., .F., .F. ) 
 B_SPLINE_CURVE_WITH_KNOTS ( ( 4, 4 ),
 ( 1.694864376027814368, 1.953845068702432020 ),
 .UNSPECIFIED. ) 
 CURVE ( )  GEOMETRIC_REPRESENTATION_ITEM ( )  RATIONAL_B_SPLINE_CURVE ( ( 1.000000000000000000, 0.9944185556333229314, 0.9944185556333229314, 1.000000000000000000 ) ) 
 REPRESENTATION_ITEM ( '' )  );
#2468 = CARTESIAN_POINT ( 'NONE',  ( 1.633357381261771657, -0.8400670295378326324, -2.452980955399850949 ) ) ;
#2469 = ORIENTED_EDGE ( 'NONE', *, *, #2139, .T. ) ;
#2470 = LINE ( 'NONE', #4141, #3053 ) ;
#2471 = B_SPLINE_CURVE_WITH_KNOTS ( 'NONE', 3,
 ( #2452, #305, #320, #3588 ),
 .UNSPECIFIED., .F., .F.,
 ( 4, 4 ),
 ( 0.000000000000000000, 0.0004645416085136059962 ),
 .UNSPECIFIED. ) ;
#2472 = VERTEX_POINT ( 'NONE', #3042 ) ;
#2473 = CARTESIAN_POINT ( 'NONE',  ( 1.629891017790507712, -1.438387961528338810, -1.559483611922772628 ) ) ;
#2474 = VECTOR ( 'NONE', #2650, 1000.000000000000000 ) ;
#2475 = CARTESIAN_POINT ( 'NONE',  ( -6.450505049969864402, -0.4950000000000011058, 3.700000000015029933 ) ) ;
#2476 = CARTESIAN_POINT ( 'NONE',  ( 6.690176984666137194, -0.5000000210609897300, -2.400955490712144869 ) ) ;
#2477 = EDGE_CURVE ( 'NONE', #3683, #2425, #4388, .T. ) ;
#2478 = EDGE_LOOP ( 'NONE', ( #2627, #1963, #3664, #4705 ) ) ;
#2479 = ORIENTED_EDGE ( 'NONE', *, *, #892, .F. ) ;
#2480 = CARTESIAN_POINT ( 'NONE',  ( 1.509822997421379265, -0.4950000154656007956, -3.737051747692704318 ) ) ;
#2481 = DIRECTION ( 'NONE',  ( 1.000000000000000000, 8.881784197001252323E-16, 0.000000000000000000 ) ) ;
#2482 = CARTESIAN_POINT ( 'NONE',  ( 6.815191919265554787, -0.4999337107572984218, -2.667772212229458706 ) ) ;
#2483 = ORIENTED_EDGE ( 'NONE', *, *, #297, .T. ) ;
#2484 = EDGE_LOOP ( 'NONE', ( #2137, #611, #2527, #2483, #4285 ) ) ;
#2485 = CARTESIAN_POINT ( 'NONE',  ( 0.000000000000000000, -1.349999999945339368, 0.000000000000000000 ) ) ;
#2486 = EDGE_CURVE ( 'NONE', #1092, #3850, #2745, .T. ) ;
#2487 = CARTESIAN_POINT ( 'NONE',  ( 6.778183910765354092, -0.5000000019400289153, 2.492928928927053533 ) ) ;
#2488 = DIRECTION ( 'NONE',  ( 0.000000000000000000, 0.000000000000000000, -1.000000000000000000 ) ) ;
#2489 = ORIENTED_EDGE ( 'NONE', *, *, #1502, .F. ) ;
#2490 = DIRECTION ( 'NONE',  ( 0.000000000000000000, 1.000000000000000000, 0.000000000000000000 ) ) ;
#2491 = ORIENTED_EDGE ( 'NONE', *, *, #3106, .T. ) ;
#2492 = CARTESIAN_POINT ( 'NONE',  ( 6.753365185169052154, -1.117312480090292715, -1.882687519909708174 ) ) ;
#2493 = VECTOR ( 'NONE', #2041, 1000.000000000000114 ) ;
#2494 = CARTESIAN_POINT ( 'NONE',  ( -7.999999999999998224, -1.495000000000000107, -1.500000000000000666 ) ) ;
#2495 = VERTEX_POINT ( 'NONE', #4094 ) ;
#2496 = VECTOR ( 'NONE', #4029, 1000.000000000000000 ) ;
#2497 = CARTESIAN_POINT ( 'NONE',  ( 1.725605483862725498, -1.500000000000000000, -1.532609104574382153 ) ) ;
#2498 = DIRECTION ( 'NONE',  ( -0.4545194776720440366, 0.5416752204197043952, 0.7071067811865453523 ) ) ;
#2499 = DIRECTION ( 'NONE',  ( 0.000000000000000000, 0.7071067811865507924, 0.7071067811865441310 ) ) ;
#2500 = PRESENTATION_LAYER_ASSIGNMENT (  '', '', ( #3246 ) ) ;
#2501 = CARTESIAN_POINT ( 'NONE',  ( 1.379209916856119378, -0.4843026631328303244, -2.684614125488090863 ) ) ;
#2502 = CONICAL_SURFACE ( 'NONE', #483, 2.899999999960164665, 0.7853981633974482790 ) ;
#2503 = DIRECTION ( 'NONE',  ( -0.000000000000000000, -0.000000000000000000, -1.000000000000000000 ) ) ;
#2504 = CIRCLE ( 'NONE', #396, 2.500000000016825652 ) ;
#2505 = CARTESIAN_POINT ( 'NONE',  ( -6.500000000000000888, 0.000000000000000000, 4.000000000000000000 ) ) ;
#2506 = EDGE_CURVE ( 'NONE', #218, #371, #3558, .T. ) ;
#2507 = AXIS2_PLACEMENT_3D ( 'NONE', #3107, #2398, #215 ) ;
#2508 = DIRECTION ( 'NONE',  ( -0.000000000000000000, 0.7071067811865470176, 0.7071067811865481278 ) ) ;
#2509 = ORIENTED_EDGE ( 'NONE', *, *, #1960, .F. ) ;
#2510 = DIRECTION ( 'NONE',  ( 1.000000000000000000, 0.000000000000000000, 0.000000000000000000 ) ) ;
#2511 = DIRECTION ( 'NONE',  ( -1.000000000000000000, 0.000000000000000000, 0.000000000000000000 ) ) ;
#2512 = VECTOR ( 'NONE', #3354, 1000.000000000000000 ) ;
#2514 = ORIENTED_EDGE ( 'NONE', *, *, #4034, .F. ) ;
#2513 = DIRECTION ( 'NONE',  ( 0.000000000000000000, 0.000000000000000000, -1.000000000000000000 ) ) ;
#2515 = CARTESIAN_POINT ( 'NONE',  ( -3.999999999999996447, 1.021924959892513503E-15, 4.000000000019099389 ) ) ;
#2516 = EDGE_CURVE ( 'NONE', #1154, #3255, #3726, .T. ) ;
#2517 = ADVANCED_FACE ( 'NONE', ( #1183 ), #1903, .T. ) ;
#2518 = DIRECTION ( 'NONE',  ( 0.000000000000000000, 0.000000000000000000, -1.000000000000000000 ) ) ;
#2519 = CARTESIAN_POINT ( 'NONE',  ( 8.068626966596884387, -0.4999999999999992784, -2.500000000000001776 ) ) ;
#2520 = LINE ( 'NONE', #240, #591 ) ;
#2521 = EDGE_LOOP ( 'NONE', ( #1058, #2583, #2554, #190 ) ) ;
#2522 = DIRECTION ( 'NONE',  ( -0.7071067811865450192, 0.000000000000000000, 0.7071067811865501263 ) ) ;
#2523 = CIRCLE ( 'NONE', #3179, 2.899999999960165109 ) ;
#2524 = EDGE_CURVE ( 'NONE', #131, #95, #2453, .T. ) ;
#2525 = ORIENTED_EDGE ( 'NONE', *, *, #3232, .T. ) ;
#2526 = CARTESIAN_POINT ( 'NONE',  ( 6.377679799864818477, -1.258555137450247940, 1.980187225312600940 ) ) ;
#2527 = ORIENTED_EDGE ( 'NONE', *, *, #2600, .F. ) ;
#2528 = LINE ( 'NONE', #1372, #2413 ) ;
#2529 = DIRECTION ( 'NONE',  ( 0.000000000000000000, 0.000000000000000000, 1.000000000000000000 ) ) ;
#2530 = EDGE_LOOP ( 'NONE', ( #3024, #4367, #132, #4655 ) ) ;
#2531 = DIRECTION ( 'NONE',  ( -0.000000000000000000, 0.000000000000000000, 1.000000000000000000 ) ) ;
#2532 = CARTESIAN_POINT ( 'NONE',  ( 0.000000000000000000, -1.499999999999999778, -1.500000000000000666 ) ) ;
#2533 = VECTOR ( 'NONE', #2680, 1000.000000000000000 ) ;
#2534 = DIRECTION ( 'NONE',  ( 1.000000000000000000, 0.000000000000000000, 0.000000000000000000 ) ) ;
#2535 = CARTESIAN_POINT ( 'NONE',  ( 2.199999999979122656, 2.190890230081761647, 3.999999999960247354 ) ) ;
#2536 = ORIENTED_EDGE ( 'NONE', *, *, #3889, .F. ) ;
#2537 = B_SPLINE_CURVE_WITH_KNOTS ( 'NONE', 3,
 ( #3630, #743, #3693, #719, #4403, #1090 ),
 .UNSPECIFIED., .F., .F.,
 ( 4, 2, 4 ),
 ( 4.610090873601838277E-18, 0.0002058352151866027458, 0.0004116704303732008838 ),
 .UNSPECIFIED. ) ;
#2538 = ORIENTED_EDGE ( 'NONE', *, *, #1242, .T. ) ;
#2539 = ADVANCED_FACE ( 'NONE', ( #3443 ), #1466, .T. ) ;
#2540 = CARTESIAN_POINT ( 'NONE',  ( -4.000000000000000000, 0.000000000000000000, -3.699999999980718712 ) ) ;
#2541 = ORIENTED_EDGE ( 'NONE', *, *, #406, .F. ) ;
#2542 = PLANE ( 'NONE',  #3646 ) ;
#2543 = CARTESIAN_POINT ( 'NONE',  ( 0.000000000000000000, -1.499999999999999778, -1.500000000000000666 ) ) ;
#2544 = ORIENTED_EDGE ( 'NONE', *, *, #1023, .F. ) ;
#2545 = EDGE_CURVE ( 'NONE', #2717, #3095, #2095, .T. ) ;
#2546 = ORIENTED_EDGE ( 'NONE', *, *, #2699, .F. ) ;
#2547 = CARTESIAN_POINT ( 'NONE',  ( 2.145544523230735745, 2.068145890167103040, -3.945544523230735123 ) ) ;
#2548 = CARTESIAN_POINT ( 'NONE',  ( 4.100000000000000533, -8.131516293641283255E-17, 4.000000000000000000 ) ) ;
#2549 = PLANE ( 'NONE',  #778 ) ;
#2550 = ORIENTED_EDGE ( 'NONE', *, *, #4110, .T. ) ;
#2551 = EDGE_CURVE ( 'NONE', #689, #960, #306, .T. ) ;
#2552 = DIRECTION ( 'NONE',  ( 0.000000000000000000, 0.000000000000000000, 1.000000000000000000 ) ) ;
#2553 = DIRECTION ( 'NONE',  ( 0.000000000000000000, 0.7071067811865487940, -0.7071067811865463515 ) ) ;
#2554 = ORIENTED_EDGE ( 'NONE', *, *, #1799, .T. ) ;
#2555 = VECTOR ( 'NONE', #3441, 1000.000000000000000 ) ;
#2556 = DIRECTION ( 'NONE',  ( -1.000000000000000000, 0.000000000000000000, 0.000000000000000000 ) ) ;
#2557 = CARTESIAN_POINT ( 'NONE',  ( 6.521737208995287638, -1.499999968388866511, 1.500000012892269474 ) ) ;
#2558 = AXIS2_PLACEMENT_3D ( 'NONE', #1395, #3570, #2499 ) ;
#2559 = CARTESIAN_POINT ( 'NONE',  ( 6.517076022221050202, -0.9641212618329925155, 2.315730271499831350 ) ) ;
#2560 = VECTOR ( 'NONE', #1570, 1000.000000000000000 ) ;
#2561 = DIRECTION ( 'NONE',  ( 1.000000000000000000, 0.000000000000000000, 0.000000000000000000 ) ) ;
#2562 = ADVANCED_FACE ( 'NONE', ( #74 ), #3779, .F. ) ;
#2563 = CARTESIAN_POINT ( 'NONE',  ( 5.105479388357660575, -3.986309586602161392, 4.000000000000000000 ) ) ;
#2564 = CARTESIAN_POINT ( 'NONE',  ( 7.937997284175635215, -1.178883449206463707, -1.821116550793536737 ) ) ;
#2565 = FACE_OUTER_BOUND ( 'NONE', #206, .T. ) ;
#2566 = VERTEX_POINT ( 'NONE', #460 ) ;
#2567 = CARTESIAN_POINT ( 'NONE',  ( -1.549494950006534699, -0.4949999999999996625, -3.699999999981001597 ) ) ;
#2568 = CIRCLE ( 'NONE', #3058, 3.999999999999998224 ) ;
#2569 = EDGE_CURVE ( 'NONE', #233, #710, #4272, .T. ) ;
#2570 = CARTESIAN_POINT ( 'NONE',  ( -6.378314155852334189, 2.834364439554672099, -3.999999999981127985 ) ) ;
#2571 = LINE ( 'NONE', #3203, #2800 ) ;
#2572 = DIRECTION ( 'NONE',  ( 0.000000000000000000, 0.000000000000000000, 1.000000000000000000 ) ) ;
#2573 = VERTEX_POINT ( 'NONE', #4138 ) ;
#2574 = DIRECTION ( 'NONE',  ( 1.000000000000000000, 0.000000000000000000, 0.000000000000000000 ) ) ;
#2575 = EDGE_CURVE ( 'NONE', #3458, #2084, #479, .T. ) ;
#2576 = DIRECTION ( 'NONE',  ( 0.000000000000000000, 1.000000000000000000, 0.000000000000000000 ) ) ;
#2577 = CARTESIAN_POINT ( 'NONE',  ( 6.690177002591060962, -0.4950000000000008837, 3.737051744750023108 ) ) ;
#2578 = LINE ( 'NONE', #3643, #1601 ) ;
#2579 = VERTEX_POINT ( 'NONE', #3126 ) ;
#2580 = CARTESIAN_POINT ( 'NONE',  ( -6.500000000016825652, 0.000000000000000000, -3.699999999980718712 ) ) ;
#2581 = LINE ( 'NONE', #1876, #862 ) ;
#2582 = EDGE_CURVE ( 'NONE', #3470, #676, #744, .T. ) ;
#2583 = ORIENTED_EDGE ( 'NONE', *, *, #2808, .F. ) ;
#2584 = ADVANCED_FACE ( 'NONE', ( #1237 ), #874, .T. ) ;
#2585 = CARTESIAN_POINT ( 'NONE',  ( -5.455880937064816472, 3.999999999999998224, -3.700000000000003730 ) ) ;
#2586 = VECTOR ( 'NONE', #235, 1000.000000000000114 ) ;
#2587 = DIRECTION ( 'NONE',  ( 0.2492435693639578065, -0.6847910787717362835, 0.6847910787717342851 ) ) ;
#2588 = CARTESIAN_POINT ( 'NONE',  ( 0.000000000000000000, -1.500000000078216544, 0.000000000000000000 ) ) ;
#2589 = ORIENTED_EDGE ( 'NONE', *, *, #2076, .F. ) ;
#2590 = AXIS2_PLACEMENT_3D ( 'NONE', #2548, #1427, #384 ) ;
#2591 = CIRCLE ( 'NONE', #1656, 1.999999999952706276 ) ;
#2592 = CARTESIAN_POINT ( 'NONE',  ( 1.094999999907031452, -1.494999999863466655, 0.000000000000000000 ) ) ;
#2593 = CARTESIAN_POINT ( 'NONE',  ( 6.478314155855959378, 2.834364439558996640, 3.999999999975483167 ) ) ;
#2594 = CARTESIAN_POINT ( 'NONE',  ( -4.853672830396299709, 4.113690413397837808, 3.999999999999999112 ) ) ;
#2595 = PLANE ( 'NONE',  #4479 ) ;
#2596 = ORIENTED_EDGE ( 'NONE', *, *, #806, .T. ) ;
#2597 = VERTEX_POINT ( 'NONE', #1996 ) ;
#2598 = CARTESIAN_POINT ( 'NONE',  ( 1.601928762703624054, -0.7415858665278232120, 2.564955205602911015 ) ) ;
#2599 = DIRECTION ( 'NONE',  ( -0.000000000000000000, -0.000000000000000000, -1.000000000000000000 ) ) ;
#2600 = EDGE_CURVE ( 'NONE', #3108, #694, #4445, .T. ) ;
#2601 = B_SPLINE_CURVE_WITH_KNOTS ( 'NONE', 3,
 ( #434, #3002, #3411, #448 ),
 .UNSPECIFIED., .F., .F.,
 ( 4, 4 ),
 ( 2.780059206043315683E-14, 0.0001531860302077019066 ),
 .UNSPECIFIED. ) ;
#2602 = EDGE_LOOP ( 'NONE', ( #3602, #1755, #171 ) ) ;
#2603 = AXIS2_PLACEMENT_3D ( 'NONE', #3198, #4283, #992 ) ;
#2604 = ORIENTED_EDGE ( 'NONE', *, *, #2952, .T. ) ;
#2605 = CARTESIAN_POINT ( 'NONE',  ( 6.815191919265554787, -0.4999337107572984218, -2.667772212229458706 ) ) ;
#2606 = CARTESIAN_POINT ( 'NONE',  ( -7.969253708191303076, -0.4949999999999999956, -3.699999999981914200 ) ) ;
#2607 = CARTESIAN_POINT ( 'NONE',  ( 5.555880937064811675, -3.999999999999998224, -3.700000000000003730 ) ) ;
#2608 = EDGE_LOOP ( 'NONE', ( #1737, #672, #381, #4027 ) ) ;
#2609 = EDGE_CURVE ( 'NONE', #2112, #2573, #4637, .T. ) ;
#2610 = ORIENTED_EDGE ( 'NONE', *, *, #1089, .T. ) ;
#2611 = FACE_OUTER_BOUND ( 'NONE', #3909, .T. ) ;
#2612 = DIRECTION ( 'NONE',  ( 0.000000000000000000, 2.891205793294680298E-16, -1.000000000000000000 ) ) ;
#2613 = FILL_AREA_STYLE_COLOUR ( '', #4206 ) ;
#2614 = CARTESIAN_POINT ( 'NONE',  ( -6.377028074501201793, -0.8587488878376684509, 2.134180044350466154 ) ) ;
#2615 = EDGE_CURVE ( 'NONE', #174, #659, #1754, .T. ) ;
#2616 = VECTOR ( 'NONE', #4239, 1000.000000000000000 ) ;
#2617 = PLANE ( 'NONE',  #2299 ) ;
#2618 = CARTESIAN_POINT ( 'NONE',  ( 0.000000000000000000, -0.5000000000000000000, -2.500000000000001332 ) ) ;
#2619 = CARTESIAN_POINT ( 'NONE',  ( -7.839538620491527610, -1.173818695245050447, -1.819110236943085157 ) ) ;
#2620 =( BOUNDED_CURVE ( )  B_SPLINE_CURVE ( 3, ( #4647, #1735, #4666, #3628 ),
 .UNSPECIFIED., .F., .T. ) 
 B_SPLINE_CURVE_WITH_KNOTS ( ( 4, 4 ),
 ( 0.2240752853018093405, 1.570796326794897668 ),
 .UNSPECIFIED. ) 
 CURVE ( )  GEOMETRIC_REPRESENTATION_ITEM ( )  RATIONAL_B_SPLINE_CURVE ( ( 1.000000000000000000, 0.8544869384213106267, 0.8544869384213106267, 1.000000000000000000 ) ) 
 REPRESENTATION_ITEM ( '' )  );
#2621 = LINE ( 'NONE', #1152, #1519 ) ;
#2622 = DIRECTION ( 'NONE',  ( 0.000000000000000000, 0.7938448060994476307, 0.6081204024113402440 ) ) ;
#2623 = CARTESIAN_POINT ( 'NONE',  ( -7.666739014437340849, -0.4949999999999998845, -3.999999999981127985 ) ) ;
#2624 = AXIS2_PLACEMENT_3D ( 'NONE', #824, #777, #111 ) ;
#2625 = DIRECTION ( 'NONE',  ( 0.000000000000000000, -1.000000000000000000, 0.000000000000000000 ) ) ;
#2626 = LINE ( 'NONE', #421, #13 ) ;
#2627 = ORIENTED_EDGE ( 'NONE', *, *, #4529, .F. ) ;
#2629 = EDGE_LOOP ( 'NONE', ( #4580, #1391, #1683, #1369 ) ) ;
#2628 = DIRECTION ( 'NONE',  ( 1.000000000000000000, -0.000000000000000000, 0.000000000000000000 ) ) ;
#2630 = CARTESIAN_POINT ( 'NONE',  ( -7.968626966596885630, -0.5000000000000022204, -2.499999999999997780 ) ) ;
#2631 = CIRCLE ( 'NONE', #1075, 3.699999999999821654 ) ;
#2632 = CARTESIAN_POINT ( 'NONE',  ( 1.565500622242826934, -0.5878762302298157216, 3.054616294072503013 ) ) ;
#2633 = CARTESIAN_POINT ( 'NONE',  ( -5.114670458637522898, -4.286309586602162547, -3.700000000000003730 ) ) ;
#2634 = CARTESIAN_POINT ( 'NONE',  ( 1.499999999999999556, -8.131516293641283255E-17, 4.000000000000000000 ) ) ;
#2635 = LINE ( 'NONE', #2976, #3502 ) ;
#2636 = ORIENTED_EDGE ( 'NONE', *, *, #1361, .T. ) ;
#2637 = ADVANCED_FACE ( 'NONE', ( #4277 ), #1243, .T. ) ;
#2638 = CARTESIAN_POINT ( 'NONE',  ( 1.345449255246019771, -0.8915013126766789808, 2.108498687323321352 ) ) ;
#2639 = EDGE_CURVE ( 'NONE', #2019, #1946, #2850, .T. ) ;
#2640 = STYLED_ITEM ( 'NONE', ( #2778 ), #1751 ) ;
#2641 = DIRECTION ( 'NONE',  ( -1.000000000000000000, -4.325679667222773841E-17, 4.325679667222813901E-17 ) ) ;
#2642 = DIRECTION ( 'NONE',  ( 0.000000000000000000, 0.000000000000000000, -1.000000000000000000 ) ) ;
#2643 = FACE_OUTER_BOUND ( 'NONE', #163, .T. ) ;
#2644 = ORIENTED_EDGE ( 'NONE', *, *, #2360, .F. ) ;
#2645 = DIRECTION ( 'NONE',  ( 0.7660444431189761261, -0.6427876096865414723, -4.839895195679376175E-16 ) ) ;
#2646 = EDGE_CURVE ( 'NONE', #1150, #4183, #531, .T. ) ;
#2647 = VERTEX_POINT ( 'NONE', #2372 ) ;
#2648 = PRODUCT_CONTEXT ( 'NONE', #1511, 'mechanical' ) ;
#2649 = CONICAL_SURFACE ( 'NONE', #4567, 2.799999999960164132, 0.7853981634921873844 ) ;
#2650 = DIRECTION ( 'NONE',  ( -0.000000000000000000, 0.000000000000000000, 1.000000000000000000 ) ) ;
#2651 = DIRECTION ( 'NONE',  ( -0.000000000000000000, -0.000000000000000000, -1.000000000000000000 ) ) ;
#2652 = ORIENTED_EDGE ( 'NONE', *, *, #3723, .T. ) ;
#2653 = PLANE ( 'NONE',  #1759 ) ;
#2654 = DIRECTION ( 'NONE',  ( 0.000000000000000000, -1.000000000000000000, 0.000000000000000000 ) ) ;
#2655 = FACE_OUTER_BOUND ( 'NONE', #119, .T. ) ;
#2656 = AXIS2_PLACEMENT_3D ( 'NONE', #300, #2799, #2086 ) ;
#2657 = VERTEX_POINT ( 'NONE', #1965 ) ;
#2658 = CARTESIAN_POINT ( 'NONE',  ( 5.214670458637523431, -4.286309586602161659, 3.699999999999999734 ) ) ;
#2659 = ORIENTED_EDGE ( 'NONE', *, *, #549, .F. ) ;
#2660 = AXIS2_PLACEMENT_3D ( 'NONE', #491, #2997, #1886 ) ;
#2661 = ORIENTED_EDGE ( 'NONE', *, *, #3044, .T. ) ;
#2662 = ORIENTED_EDGE ( 'NONE', *, *, #1368, .T. ) ;
#2663 = CARTESIAN_POINT ( 'NONE',  ( 6.750860211382577525, -1.473377571134692143, -1.519551361053443461 ) ) ;
#2664 = ADVANCED_FACE ( 'NONE', ( #4219 ), #565, .F. ) ;
#2665 = CARTESIAN_POINT ( 'NONE',  ( -3.999999999999996447, 3.413690413397838075, -3.700000000000000178 ) ) ;
#2666 = ORIENTED_EDGE ( 'NONE', *, *, #342, .F. ) ;
#2667 = DIRECTION ( 'NONE',  ( 0.000000000000000000, -0.7071067811865481278, 0.7071067811865470176 ) ) ;
#2668 = CARTESIAN_POINT ( 'NONE',  ( 6.379682287334258461, -1.500000050647962047, -1.597788560892814180 ) ) ;
#2669 = CARTESIAN_POINT ( 'NONE',  ( 0.000000000000000000, -1.500000000000000222, 1.499999999999999334 ) ) ;
#2670 = EDGE_CURVE ( 'NONE', #139, #820, #993, .T. ) ;
#2671 = VERTEX_POINT ( 'NONE', #231 ) ;
#2672 = CARTESIAN_POINT ( 'NONE',  ( 6.854959618756659268, -0.5000000000000008882, 3.899909922798821871 ) ) ;
#2673 = CARTESIAN_POINT ( 'NONE',  ( 1.509823015333865870, -0.5000000210609910622, 2.400955490712142204 ) ) ;
#2674 = FACE_OUTER_BOUND ( 'NONE', #2702, .T. ) ;
#2675 = EDGE_CURVE ( 'NONE', #261, #865, #3937, .T. ) ;
#2676 = CARTESIAN_POINT ( 'NONE',  ( 6.509368318621227445, -1.314226803327781523, -1.796684824501117994 ) ) ;
#2677 = DIRECTION ( 'NONE',  ( 0.000000000000000000, 0.000000000000000000, -1.000000000000000000 ) ) ;
#2678 = VECTOR ( 'NONE', #2888, 1000.000000000000000 ) ;
#2679 = EDGE_CURVE ( 'NONE', #3470, #1384, #3613, .T. ) ;
#2680 = DIRECTION ( 'NONE',  ( 0.000000000000000000, 1.000000000000000000, 0.000000000000000000 ) ) ;
#2681 = LINE ( 'NONE', #4459, #631 ) ;
#2682 = CARTESIAN_POINT ( 'NONE',  ( 1.997409108662003385, -1.533267017895620477, 1.667119780219133096 ) ) ;
#2684 = ORIENTED_EDGE ( 'NONE', *, *, #806, .F. ) ;
#2683 = B_SPLINE_SURFACE_WITH_KNOTS ( 'NONE', 1, 3, ( 
 ( #1253, #2380, #1944, #1616, #3832, #523, #884, #1235, #2744, #1630 ),
 ( #1988, #1583, #2003, #574, #2328, #161, #3067, #143, #2682, #194 ) ),
 .UNSPECIFIED., .F., .F., .F.,
 ( 2, 2 ),
 ( 4, 2, 2, 2, 4 ),
 ( 0.000000000000000000, 1.000000000000000000 ),
 ( 4.883126372549571492, 5.008393274452041410, 5.133660176354511329, 5.258927078256981247, 5.384193980159451165 ),
 .UNSPECIFIED. ) ;
#2685 = ADVANCED_FACE ( 'NONE', ( #3833 ), #1318, .F. ) ;
#2686 = LINE ( 'NONE', #4333, #3827 ) ;
#2687 = AXIS2_PLACEMENT_3D ( 'NONE', #2444, #1324, #4626 ) ;
#2688 = CARTESIAN_POINT ( 'NONE',  ( 1.725039036289136796, -6.822835839239657751, 4.000000000000000000 ) ) ;
#2689 = B_SPLINE_CURVE_WITH_KNOTS ( 'NONE', 3,
 ( #36, #1825, #4411, #471 ),
 .UNSPECIFIED., .F., .F.,
 ( 4, 4 ),
 ( 2.440072805071129138E-16, 0.0005323621923177025445 ),
 .UNSPECIFIED. ) ;
#2690 = VECTOR ( 'NONE', #656, 1000.000000000000114 ) ;
#2691 = DIRECTION ( 'NONE',  ( 1.141265444721583757E-16, -1.000000000000000000, 0.000000000000000000 ) ) ;
#2692 = ORIENTED_EDGE ( 'NONE', *, *, #1732, .F. ) ;
#2693 = CARTESIAN_POINT ( 'NONE',  ( -1.245004537202592854, -0.4999999999999998890, -3.999999999970018205 ) ) ;
#2694 = VECTOR ( 'NONE', #2508, 1000.000000000000000 ) ;
#2695 = DIRECTION ( 'NONE',  ( 0.000000000000000000, -1.000000000000000000, -1.445602896647339410E-16 ) ) ;
#2696 = CARTESIAN_POINT ( 'NONE',  ( -3.999999999999996447, 3.713690413397838785, -4.000000000000000000 ) ) ;
#2697 = CARTESIAN_POINT ( 'NONE',  ( -4.000000000000000000, 0.000000000000000000, 4.000000000000000000 ) ) ;
#2698 = ORIENTED_EDGE ( 'NONE', *, *, #1590, .T. ) ;
#2699 = EDGE_CURVE ( 'NONE', #553, #2075, #3092, .T. ) ;
#2700 = FACE_OUTER_BOUND ( 'NONE', #1863, .T. ) ;
#2701 = CARTESIAN_POINT ( 'NONE',  ( 6.652780801971384328, -0.4932648143607858415, 3.172241401948406203 ) ) ;
#2702 = EDGE_LOOP ( 'NONE', ( #4645, #588, #1975, #3432 ) ) ;
#2703 = CARTESIAN_POINT ( 'NONE',  ( 6.618593549950179344, -0.6545783641883922144, -2.668491877424245651 ) ) ;
#2704 = EDGE_CURVE ( 'NONE', #3709, #4308, #3060, .T. ) ;
#2705 = ADVANCED_FACE ( 'NONE', ( #3383 ), #2878, .T. ) ;
#2706 = ORIENTED_EDGE ( 'NONE', *, *, #1619, .F. ) ;
#2707 = FACE_OUTER_BOUND ( 'NONE', #2000, .T. ) ;
#2708 = CARTESIAN_POINT ( 'NONE',  ( 4.100000000000001421, 9.919639073093561200E-16, 3.999999999962255970 ) ) ;
#2709 = CARTESIAN_POINT ( 'NONE',  ( -7.999999999999998224, -1.495000000000000107, -1.497928932188135276 ) ) ;
#2710 = DIRECTION ( 'NONE',  ( -1.000000000000000000, -5.706327223607873181E-17, -5.706327223607918787E-17 ) ) ;
#2711 = DIRECTION ( 'NONE',  ( 0.000000000000000000, -7.228014483236695816E-17, -1.000000000000000000 ) ) ;
#2712 = ORIENTED_EDGE ( 'NONE', *, *, #1212, .F. ) ;
#2713 = AXIS2_PLACEMENT_3D ( 'NONE', #3916, #4325, #3947 ) ;
#2714 = EDGE_LOOP ( 'NONE', ( #1211, #2012, #3809, #779 ) ) ;
#2715 = DIRECTION ( 'NONE',  ( 0.000000000000000000, -0.7071067811865470176, -0.7071067811865481278 ) ) ;
#2716 = CARTESIAN_POINT ( 'NONE',  ( 6.353358196044545991, -1.321717125623401934, 1.905334951432982260 ) ) ;
#2717 = VERTEX_POINT ( 'NONE', #934 ) ;
#2718 = B_SPLINE_CURVE_WITH_KNOTS ( 'NONE', 3,
 ( #3236, #1796, #394, #2127 ),
 .UNSPECIFIED., .F., .F.,
 ( 4, 4 ),
 ( 5.107869635706341618E-17, 0.0001449033155195219322 ),
 .UNSPECIFIED. ) ;
#2719 = ORIENTED_EDGE ( 'NONE', *, *, #1826, .T. ) ;
#2720 =( GEOMETRIC_REPRESENTATION_CONTEXT ( 3 ) GLOBAL_UNCERTAINTY_ASSIGNED_CONTEXT ( ( #28 ) ) GLOBAL_UNIT_ASSIGNED_CONTEXT ( ( #3977, #1426, #2946 ) ) REPRESENTATION_CONTEXT ( 'NONE', 'WORKASPACE' ) );
#2721 = DIRECTION ( 'NONE',  ( 8.069965350965104077E-17, -0.7071067811865452413, 0.7071067811865499042 ) ) ;
#2722 = VERTEX_POINT ( 'NONE', #2805 ) ;
#2723 = DIRECTION ( 'NONE',  ( -0.000000000000000000, 0.000000000000000000, -1.000000000000000000 ) ) ;
#2724 = PLANE ( 'NONE',  #254 ) ;
#2725 = ORIENTED_EDGE ( 'NONE', *, *, #666, .F. ) ;
#2726 = LINE ( 'NONE', #3534, #2493 ) ;
#2727 = CARTESIAN_POINT ( 'NONE',  ( 6.719383938494802422, -0.5000000000000003331, 2.431737274613682942 ) ) ;
#2728 = CARTESIAN_POINT ( 'NONE',  ( 6.406142324888424611, -1.212038508106773937, 2.306990177250981766 ) ) ;
#2729 = CARTESIAN_POINT ( 'NONE',  ( -7.926402039008916489, -0.8386144379984210584, 2.154314494189713880 ) ) ;
#2730 = EDGE_CURVE ( 'NONE', #1529, #47, #3930, .T. ) ;
#2731 = AXIS2_PLACEMENT_3D ( 'NONE', #1770, #4698, #2518 ) ;
#2732 = B_SPLINE_SURFACE_WITH_KNOTS ( 'NONE', 1, 3, ( 
 ( #4028, #4390, #355, #415, #433, #1172, #3728, #1127, #1893, #1872 ),
 ( #1513, #4424, #1479, #4062, #4084, #3343, #3757, #4437, #3711, #2289 ) ),
 .UNSPECIFIED., .F., .F., .F.,
 ( 2, 2 ),
 ( 4, 2, 2, 2, 4 ),
 ( 0.000000000000000000, 1.000000000000000000 ),
 ( 4.852785769138281857, 4.977075244521943276, 5.101364719905605583, 5.225654195289267889, 5.349943670672929308 ),
 .UNSPECIFIED. ) ;
#2733 = EDGE_LOOP ( 'NONE', ( #977, #302, #507, #445 ) ) ;
#2734 = FACE_OUTER_BOUND ( 'NONE', #597, .T. ) ;
#2735 = CARTESIAN_POINT ( 'NONE',  ( 0.000000000000000000, -2.286309586622792267, -1.449999999977080734 ) ) ;
#2736 = EDGE_CURVE ( 'NONE', #225, #3124, #3607, .T. ) ;
#2737 = FACE_OUTER_BOUND ( 'NONE', #3884, .T. ) ;
#2738 = CARTESIAN_POINT ( 'NONE',  ( 1.250004511042257738, -0.6051304823134119326, -2.394869517686588178 ) ) ;
#2739 = CARTESIAN_POINT ( 'NONE',  ( 6.377679799864810484, -1.258555137450257932, -1.980187225312591615 ) ) ;
#2740 = DIRECTION ( 'NONE',  ( 1.000000000000000000, 0.000000000000000000, 0.000000000000000000 ) ) ;
#2741 = EDGE_LOOP ( 'NONE', ( #1287, #4569, #4441, #3339 ) ) ;
#2742 = AXIS2_PLACEMENT_3D ( 'NONE', #2269, #1545, #2287 ) ;
#2743 = CARTESIAN_POINT ( 'NONE',  ( 6.417871205378948396, -1.182825500949066910, 1.645210515598452439 ) ) ;
#2744 = CARTESIAN_POINT ( 'NONE',  ( 1.703843134265601078, -1.540111803958496672, 1.459888196041501995 ) ) ;
#2745 = CIRCLE ( 'NONE', #1314, 2.500000000016825652 ) ;
#2746 = DIRECTION ( 'NONE',  ( -1.000000000000000000, 0.000000000000000000, 0.000000000000000000 ) ) ;
#2747 = AXIS2_PLACEMENT_3D ( 'NONE', #2494, #687, #4293 ) ;
#2748 = CARTESIAN_POINT ( 'NONE',  ( -5.005479388357661819, -3.986309586602162280, 4.000000000000000000 ) ) ;
#2749 = LINE ( 'NONE', #1899, #3617 ) ;
#2750 = ORIENTED_EDGE ( 'NONE', *, *, #4143, .T. ) ;
#2751 = B_SPLINE_CURVE_WITH_KNOTS ( 'NONE', 3,
 ( #1810, #696, #397, #3592 ),
 .UNSPECIFIED., .F., .F.,
 ( 4, 4 ),
 ( 0.000000000000000000, 0.0002333447080679888926 ),
 .UNSPECIFIED. ) ;
#2752 = DIRECTION ( 'NONE',  ( -0.000000000000000000, -1.445602896647339163E-16, 1.000000000000000000 ) ) ;
#2753 = CARTESIAN_POINT ( 'NONE',  ( 6.753365185169051266, -1.117312480090292937, -1.882687519909709062 ) ) ;
#2754 = ORIENTED_EDGE ( 'NONE', *, *, #3634, .T. ) ;
#2755 = AXIS2_PLACEMENT_3D ( 'NONE', #4672, #3906, #4654 ) ;
#2756 = DIRECTION ( 'NONE',  ( 0.000000000000000000, -0.000000000000000000, 1.000000000000000000 ) ) ;
#2757 = ORIENTED_EDGE ( 'NONE', *, *, #4041, .F. ) ;
#2758 = FACE_OUTER_BOUND ( 'NONE', #702, .T. ) ;
#2759 = DIRECTION ( 'NONE',  ( 0.000000000000000000, 0.000000000000000000, 1.000000000000000000 ) ) ;
#2760 = EDGE_CURVE ( 'NONE', #3468, #4123, #1009, .T. ) ;
#2761 = ORIENTED_EDGE ( 'NONE', *, *, #365, .T. ) ;
#2762 = CYLINDRICAL_SURFACE ( 'NONE', #4204, 0.9499999999999999556 ) ;
#2763 = UNCERTAINTY_MEASURE_WITH_UNIT (LENGTH_MEASURE( 1.000000000000000082E-05 ), #493, 'distance_accuracy_value', 'NONE');
#2764 = ORIENTED_EDGE ( 'NONE', *, *, #3508, .F. ) ;
#2765 = CIRCLE ( 'NONE', #4594, 2.600000000023464430 ) ;
#2766 = EDGE_CURVE ( 'NONE', #4300, #405, #2909, .T. ) ;
#2767 = CARTESIAN_POINT ( 'NONE',  ( 1.446730466672449422, -0.5000000000000008882, 3.799899250895512726 ) ) ;
#2768 = ORIENTED_EDGE ( 'NONE', *, *, #1769, .F. ) ;
#2769 = ORIENTED_EDGE ( 'NONE', *, *, #2817, .F. ) ;
#2770 = CARTESIAN_POINT ( 'NONE',  ( -6.653259378379138944, -0.5000000000000008882, 3.899899124679185647 ) ) ;
#2771 = DIRECTION ( 'NONE',  ( 0.000000000000000000, 1.000000000000000000, 0.000000000000000000 ) ) ;
#2772 = AXIS2_PLACEMENT_3D ( 'NONE', #312, #4693, #4307 ) ;
#2773 = ORIENTED_EDGE ( 'NONE', *, *, #1517, .T. ) ;
#2774 = CARTESIAN_POINT ( 'NONE',  ( 7.766060556000309312, -0.5000000000000008882, 3.999999999970513365 ) ) ;
#2775 = DIRECTION ( 'NONE',  ( 0.000000000000000000, 0.000000000000000000, -1.000000000000000000 ) ) ;
#2776 = B_SPLINE_CURVE_WITH_KNOTS ( 'NONE', 3,
 ( #837, #3817, #4179, #2344 ),
 .UNSPECIFIED., .F., .F.,
 ( 4, 4 ),
 ( 2.200363036292438359E-14, 0.0004280946021669749862 ),
 .UNSPECIFIED. ) ;
#2777 = ORIENTED_EDGE ( 'NONE', *, *, #268, .F. ) ;
#2778 = PRESENTATION_STYLE_ASSIGNMENT (( #772 ) ) ;
#2779 = CARTESIAN_POINT ( 'NONE',  ( 6.690177002578622911, -1.300000000000000266, 1.692928932188133784 ) ) ;
#2780 = PLANE ( 'NONE',  #2087 ) ;
#2781 = DIRECTION ( 'NONE',  ( 0.000000000000000000, 0.000000000000000000, -1.000000000000000000 ) ) ;
#2782 = VECTOR ( 'NONE', #1721, 1000.000000000000000 ) ;
#2783 = CIRCLE ( 'NONE', #1024, 1.250000000027284841 ) ;
#2784 = CARTESIAN_POINT ( 'NONE',  ( 0.000000000000000000, -1.349999999945339368, 0.000000000000000000 ) ) ;
#2785 = EDGE_CURVE ( 'NONE', #1946, #1180, #2971, .T. ) ;
#2786 = VECTOR ( 'NONE', #4426, 1000.000000000000000 ) ;
#2787 = CARTESIAN_POINT ( 'NONE',  ( -7.999999999999998224, -0.5000000000000008882, 2.492928932188135160 ) ) ;
#2788 = EDGE_CURVE ( 'NONE', #1592, #4169, #1639, .T. ) ;
#2789 = VECTOR ( 'NONE', #3152, 1000.000000000000114 ) ;
#2790 = DIRECTION ( 'NONE',  ( 0.000000000000000000, 1.000000000000000000, 0.000000000000000000 ) ) ;
#2791 = VERTEX_POINT ( 'NONE', #3938 ) ;
#2792 = CARTESIAN_POINT ( 'NONE',  ( -2.158921275869217560, 2.054769057826328460, -3.958921301749706689 ) ) ;
#2793 = ORIENTED_EDGE ( 'NONE', *, *, #976, .F. ) ;
#2794 = DIRECTION ( 'NONE',  ( 0.000000000000000000, -0.7071067811865479058, 0.7071067811865472397 ) ) ;
#2795 = LINE ( 'NONE', #2261, #3998 ) ;
#2796 = AXIS2_PLACEMENT_3D ( 'NONE', #4331, #1823, #2534 ) ;
#2797 = ORIENTED_EDGE ( 'NONE', *, *, #2224, .T. ) ;
#2798 = DIRECTION ( 'NONE',  ( 0.000000000000000000, 0.000000000000000000, 1.000000000000000000 ) ) ;
#2799 = DIRECTION ( 'NONE',  ( 9.901389703904623249E-17, -1.000000000000000000, 0.000000000000000000 ) ) ;
#2800 = VECTOR ( 'NONE', #1669, 1000.000000000000000 ) ;
#2801 = PLANE ( 'NONE',  #543 ) ;
#2802 = LINE ( 'NONE', #911, #1020 ) ;
#2803 = ORIENTED_EDGE ( 'NONE', *, *, #2144, .F. ) ;
#2804 = VECTOR ( 'NONE', #1053, 1000.000000000000000 ) ;
#2805 = CARTESIAN_POINT ( 'NONE',  ( 2.265596578439756388E-16, -2.286309586565948848, 1.700000000028012437 ) ) ;
#2806 = DIRECTION ( 'NONE',  ( -1.000000000000000000, 0.000000000000000000, 0.000000000000000000 ) ) ;
#2807 = VERTEX_POINT ( 'NONE', #1757 ) ;
#2808 = EDGE_CURVE ( 'NONE', #3140, #3683, #1938, .T. ) ;
#2809 = FACE_OUTER_BOUND ( 'NONE', #4208, .T. ) ;
#2810 = CARTESIAN_POINT ( 'NONE',  ( 1.566657750380549441, -0.5924723561017097850, 3.049228172867985975 ) ) ;
#2811 = DIRECTION ( 'NONE',  ( -1.000000000000000000, 0.000000000000000000, 0.000000000000000000 ) ) ;
#2812 = ORIENTED_EDGE ( 'NONE', *, *, #1905, .T. ) ;
#2813 = ORIENTED_EDGE ( 'NONE', *, *, #4352, .T. ) ;
#2814 = UNCERTAINTY_MEASURE_WITH_UNIT (LENGTH_MEASURE( 1.000000000000000082E-05 ), #1505, 'distance_accuracy_value', 'NONE');
#2815 = ADVANCED_FACE ( 'NONE', ( #189 ), #3438, .F. ) ;
#2816 = CARTESIAN_POINT ( 'NONE',  ( 6.794324151217180585, -0.4392158349107601611, -2.560784165089240894 ) ) ;
#2817 = EDGE_CURVE ( 'NONE', #1306, #774, #1875, .T. ) ;
#2818 = DIRECTION ( 'NONE',  ( 1.000000000000000000, 0.000000000000000000, 0.000000000000000000 ) ) ;
#2819 = CARTESIAN_POINT ( 'NONE',  ( -1.346740621582699804, -0.4999999999999998890, -3.899899124659525373 ) ) ;
#2820 = ORIENTED_EDGE ( 'NONE', *, *, #1330, .F. ) ;
#2821 = ORIENTED_EDGE ( 'NONE', *, *, #1428, .T. ) ;
#2822 = CARTESIAN_POINT ( 'NONE',  ( 1.581406450049825052, -0.6545783641883978765, -2.668491877424239433 ) ) ;
#2823 = VERTEX_POINT ( 'NONE', #4690 ) ;
#2824 = DIRECTION ( 'NONE',  ( 0.000000000000000000, -0.7071067811865470176, -0.7071067811865481278 ) ) ;
#2825 = EDGE_CURVE ( 'NONE', #2018, #3255, #1813, .T. ) ;
#2826 = ORIENTED_EDGE ( 'NONE', *, *, #1967, .T. ) ;
#2827 = VERTEX_POINT ( 'NONE', #3653 ) ;
#2828 = CARTESIAN_POINT ( 'NONE',  ( -4.000000000000000000, 0.000000000000000000, 3.999999999962255970 ) ) ;
#2829 = CARTESIAN_POINT ( 'NONE',  ( 1.509822997409353329, -0.4950000000034969760, 3.737051744750272686 ) ) ;
#2830 = CARTESIAN_POINT ( 'NONE',  ( -3.999999999999996447, 3.713690413397842338, 4.000000000000000000 ) ) ;
#2831 = ORIENTED_EDGE ( 'NONE', *, *, #1865, .F. ) ;
#2832 = FACE_OUTER_BOUND ( 'NONE', #2126, .T. ) ;
#2833 = CARTESIAN_POINT ( 'NONE',  ( -5.114670458637522898, -4.286309586602162547, 4.000000000000000000 ) ) ;
#2834 = CARTESIAN_POINT ( 'NONE',  ( 0.000000000000000000, -2.586309586547486106, 0.000000000000000000 ) ) ;
#2835 = PRODUCT ( 'umbilical-bracket', 'umbilical-bracket', '', ( #2648 ) ) ;
#2836 = CONICAL_SURFACE ( 'NONE', #1672, 3.999999999886309610, 0.7853981633974482790 ) ;
#2837 = EDGE_CURVE ( 'NONE', #1646, #197, #4273, .T. ) ;
#2838 = DIRECTION ( 'NONE',  ( -1.000000000000000000, -0.000000000000000000, -0.000000000000000000 ) ) ;
#2839 = CARTESIAN_POINT ( 'NONE',  ( 6.977372590888415438, -0.5000000000000002220, -2.500000010332420253 ) ) ;
#2840 = ORIENTED_EDGE ( 'NONE', *, *, #3223, .F. ) ;
#2841 = FACE_OUTER_BOUND ( 'NONE', #1729, .T. ) ;
#2842 = CARTESIAN_POINT ( 'NONE',  ( 0.000000000000000000, -1.700000000028012437, 1.250000000027284841 ) ) ;
#2843 = EDGE_CURVE ( 'NONE', #4659, #1096, #2718, .T. ) ;
#2844 = CARTESIAN_POINT ( 'NONE',  ( 1.242557962027093232, -0.4950000000000008837, 3.999999999965024422 ) ) ;
#2845 = DIRECTION ( 'NONE',  ( -1.000000000000000000, 0.000000000000000000, -0.000000000000000000 ) ) ;
#2846 = CIRCLE ( 'NONE', #1890, 2.899999999960164665 ) ;
#2847 = PRODUCT_DEFINITION_CONTEXT ( 'detailed design', #2981, 'design' ) ;
#2848 = DIRECTION ( 'NONE',  ( -0.000000000000000000, -1.000000000000000000, -0.000000000000000000 ) ) ;
#2849 = CARTESIAN_POINT ( 'NONE',  ( -1.245004537202592854, -0.4999999999999998890, -3.999999999970018205 ) ) ;
#2850 = LINE ( 'NONE', #920, #366 ) ;
#2851 = EDGE_CURVE ( 'NONE', #1778, #4169, #248, .T. ) ;
#2852 = DIRECTION ( 'NONE',  ( -0.000000000000000000, -0.000000000000000000, -1.000000000000000000 ) ) ;
#2853 = DIRECTION ( 'NONE',  ( 0.000000000000000000, 1.445602896647339163E-16, -1.000000000000000000 ) ) ;
#2854 = CARTESIAN_POINT ( 'NONE',  ( 6.660580360456817672, -0.9860746526757131480, 2.013925347324287962 ) ) ;
#2855 = ORIENTED_EDGE ( 'NONE', *, *, #4352, .F. ) ;
#2856 = LINE ( 'NONE', #1473, #1891 ) ;
#2857 = PLANE ( 'NONE',  #2747 ) ;
#2858 = ORIENTED_EDGE ( 'NONE', *, *, #3420, .T. ) ;
#2859 = CARTESIAN_POINT ( 'NONE',  ( 1.772956574464164436, -1.500000000000000000, -1.565206136854451424 ) ) ;
#2860 = VERTEX_POINT ( 'NONE', #2924 ) ;
#2861 = CARTESIAN_POINT ( 'NONE',  ( 6.322943777089562900, -1.500000000001492140, -1.636822472255055949 ) ) ;
#2862 = DIRECTION ( 'NONE',  ( 0.000000000000000000, -1.000000000000000000, 0.000000000000000000 ) ) ;
#2863 = LINE ( 'NONE', #2322, #4463 ) ;
#2864 = VERTEX_POINT ( 'NONE', #3252 ) ;
#2865 = ADVANCED_FACE ( 'NONE', ( #846 ), #3552, .F. ) ;
#2866 = DIRECTION ( 'NONE',  ( 0.5773502691896271743, 0.5773502691896271743, 0.5773502691896229555 ) ) ;
#2867 = VECTOR ( 'NONE', #1430, 1000.000000000000000 ) ;
#2868 = CARTESIAN_POINT ( 'NONE',  ( -6.450505049984594841, -0.4950000000000008837, -2.497928932188134610 ) ) ;
#2869 = CARTESIAN_POINT ( 'NONE',  ( 6.353653440969688759, -1.587534482977285943, 1.412465517022711836 ) ) ;
#2870 = CARTESIAN_POINT ( 'NONE',  ( 6.695691873714383568, -1.227044358864024964, -1.772955641135975924 ) ) ;
#2871 = EDGE_CURVE ( 'NONE', #801, #830, #632, .T. ) ;
#2872 = ORIENTED_EDGE ( 'NONE', *, *, #1531, .T. ) ;
#2873 = MECHANICAL_DESIGN_GEOMETRIC_PRESENTATION_REPRESENTATION (  '', ( #2640 ), #3535 ) ;
#2874 = ORIENTED_EDGE ( 'NONE', *, *, #243, .F. ) ;
#2875 = DIRECTION ( 'NONE',  ( 0.000000000000000000, -1.000000000000000000, 7.228014483236697048E-17 ) ) ;
#2876 = CARTESIAN_POINT ( 'NONE',  ( -6.552411645023534348, -0.4950000000148990220, 3.799889050329602114 ) ) ;
#2877 = CARTESIAN_POINT ( 'NONE',  ( 8.025327619720950878, -0.8436779112957319970, -2.156322088704268225 ) ) ;
#2878 = B_SPLINE_SURFACE_WITH_KNOTS ( 'NONE', 1, 3, ( 
 ( #2439, #650, #2473, #3512, #3559, #1667, #2064, #1716, #633, #308 ),
 ( #667, #2078, #1303, #1353, #3924, #4621, #619, #2414, #4227, #3185 ),
 ( #4243, #2049, #4639, #2457, #292, #3169, #4605, #2822, #3201, #962 ) ),
 .UNSPECIFIED., .F., .F., .F.,
 ( 2, 1, 2 ),
 ( 4, 2, 2, 2, 4 ),
 ( -0.01000000000000000021, 0.000000000000000000, 1.000000000000000000 ),
 ( 4.040583980609920189, 4.165850882512391884, 4.291117784414863578, 4.416384686317334385, 4.541651588219806079 ),
 .UNSPECIFIED. ) ;
#2879 = ORIENTED_EDGE ( 'NONE', *, *, #2132, .T. ) ;
#2880 = EDGE_LOOP ( 'NONE', ( #3931, #3629, #3978, #269, #2831, #2546, #127, #2228, #3286, #1606, #1339 ) ) ;
#2881 = EDGE_CURVE ( 'NONE', #95, #559, #2686, .T. ) ;
#2882 = DIRECTION ( 'NONE',  ( 0.000000000000000000, 0.000000000000000000, 1.000000000000000000 ) ) ;
#2883 = DIRECTION ( 'NONE',  ( 8.659560562354932858E-17, -0.7071067811865474617, 0.7071067811865474617 ) ) ;
#2884 = ORIENTED_EDGE ( 'NONE', *, *, #2600, .T. ) ;
#2885 = DIRECTION ( 'NONE',  ( 0.2492435693639578342, 0.6847910787717382819, -0.6847910787717322867 ) ) ;
#2886 = CARTESIAN_POINT ( 'NONE',  ( 1.354263969507956133, -1.495000000000000107, -1.497928932188135276 ) ) ;
#2887 = AXIS2_PLACEMENT_3D ( 'NONE', #1985, #3475, #1578 ) ;
#2888 = DIRECTION ( 'NONE',  ( -1.000000000000000000, -0.000000000000000000, -0.000000000000000000 ) ) ;
#2889 = VERTEX_POINT ( 'NONE', #4706 ) ;
#2890 = CARTESIAN_POINT ( 'NONE',  ( -3.999999999999996447, 1.021924959892513503E-15, 3.700000000037562131 ) ) ;
#2891 = DIRECTION ( 'NONE',  ( 0.000000000000000000, 0.000000000000000000, 1.000000000000000000 ) ) ;
#2892 = ORIENTED_EDGE ( 'NONE', *, *, #1865, .T. ) ;
#2893 = CIRCLE ( 'NONE', #686, 2.600000000023464430 ) ;
#2894 = CARTESIAN_POINT ( 'NONE',  ( 4.100000000000000533, -8.131516293641283255E-17, 3.699999999980718712 ) ) ;
#2895 = ADVANCED_FACE ( 'NONE', ( #3030 ), #4614, .F. ) ;
#2896 = AXIS2_PLACEMENT_3D ( 'NONE', #166, #3866, #2045 ) ;
#2897 = PRESENTATION_STYLE_ASSIGNMENT (( #783 ) ) ;
#2898 = CARTESIAN_POINT ( 'NONE',  ( 7.766060555936779686, -0.4999999999999998890, -3.999999999964608310 ) ) ;
#2899 = CARTESIAN_POINT ( 'NONE',  ( -6.450505049984594841, -0.4950000000000008837, -2.497928932188134610 ) ) ;
#2900 = B_SPLINE_CURVE_WITH_KNOTS ( 'NONE', 3,
 ( #2829, #4682, #317, #2844 ),
 .UNSPECIFIED., .F., .F.,
 ( 4, 4 ),
 ( 1.639697160688937865E-14, 0.0003749298388313038167 ),
 .UNSPECIFIED. ) ;
#2901 = ORIENTED_EDGE ( 'NONE', *, *, #4499, .T. ) ;
#2902 = LINE ( 'NONE', #1499, #2089 ) ;
#2903 = CARTESIAN_POINT ( 'NONE',  ( 4.100000000000000533, -8.131516293641283255E-17, 4.000000000000000000 ) ) ;
#2904 =( BOUNDED_CURVE ( )  B_SPLINE_CURVE ( 3, ( #3305, #3274, #1474, #1107 ),
 .UNSPECIFIED., .F., .T. ) 
 B_SPLINE_CURVE_WITH_KNOTS ( ( 4, 4 ),
 ( 4.071385534818892538, 4.513071877381344521 ),
 .UNSPECIFIED. ) 
 CURVE ( )  GEOMETRIC_REPRESENTATION_ITEM ( )  RATIONAL_B_SPLINE_CURVE ( ( 1.000000000000000000, 0.9838087316668910898, 0.9838087316668910898, 1.000000000000000000 ) ) 
 REPRESENTATION_ITEM ( '' )  );
#2905 = AXIS2_PLACEMENT_3D ( 'NONE', #3182, #3233, #4270 ) ;
#2906 = DIRECTION ( 'NONE',  ( -0.7660444431189770143, -0.6427876096865404731, -0.000000000000000000 ) ) ;
#2907 = VERTEX_POINT ( 'NONE', #711 ) ;
#2908 = CARTESIAN_POINT ( 'NONE',  ( -7.766950860391626854, -0.4999999999999998890, -3.900035144429646827 ) ) ;
#2909 = LINE ( 'NONE', #2779, #2789 ) ;
#2911 = ORIENTED_EDGE ( 'NONE', *, *, #4522, .F. ) ;
#2910 = CARTESIAN_POINT ( 'NONE',  ( -7.666060555977592728, -0.4999999999999998890, -3.999999999967909226 ) ) ;
#2912 = CARTESIAN_POINT ( 'NONE',  ( 6.854959618706653934, -0.4999999999999998890, -3.899909922832344833 ) ) ;
#2913 = EDGE_CURVE ( 'NONE', #2579, #3976, #3793, .T. ) ;
#2914 = CARTESIAN_POINT ( 'NONE',  ( 1.900000000000000133, 2.313690413397838430, 4.000000000000000000 ) ) ;
#2915 = CARTESIAN_POINT ( 'NONE',  ( -7.999999999999998224, -1.496464466094067136, -1.496464466094068246 ) ) ;
#2916 = FACE_BOUND ( 'NONE', #4519, .T. ) ;
#2917 = ORIENTED_EDGE ( 'NONE', *, *, #3009, .T. ) ;
#2918 = DIRECTION ( 'NONE',  ( 0.000000000000000000, 0.000000000000000000, -1.000000000000000000 ) ) ;
#2919 = DIRECTION ( 'NONE',  ( 0.000000000000000000, 0.000000000000000000, -1.000000000000000000 ) ) ;
#2920 = CYLINDRICAL_SURFACE ( 'NONE', #2590, 2.600000000000000533 ) ;
#2921 = EDGE_CURVE ( 'NONE', #1892, #1301, #2626, .T. ) ;
#2922 = ORIENTED_EDGE ( 'NONE', *, *, #746, .T. ) ;
#2923 = ADVANCED_FACE ( 'NONE', ( #1699 ), #4047, .F. ) ;
#2924 = CARTESIAN_POINT ( 'NONE',  ( -7.969253708190214169, -0.4950000000000021605, 3.700000000011737455 ) ) ;
#2925 = CARTESIAN_POINT ( 'NONE',  ( 6.757758047820948910, -0.6247152019632141728, -2.368213730224921765 ) ) ;
#2926 = LINE ( 'NONE', #3861, #2293 ) ;
#2927 = ORIENTED_EDGE ( 'NONE', *, *, #2477, .F. ) ;
#2928 = VECTOR ( 'NONE', #1550, 1000.000000000000000 ) ;
#2929 = AXIS2_PLACEMENT_3D ( 'NONE', #940, #984, #2072 ) ;
#2930 = DIRECTION ( 'NONE',  ( 0.000000000000000000, 0.000000000000000000, -1.000000000000000000 ) ) ;
#2931 = DIRECTION ( 'NONE',  ( 0.000000000000000000, -1.000000000000000000, -2.891205793294680792E-16 ) ) ;
#2932 = EDGE_LOOP ( 'NONE', ( #4023, #2342, #3242, #1205, #2901, #2250 ) ) ;
#2933 = DIRECTION ( 'NONE',  ( 0.000000000000000000, -1.000000000000000000, 7.228014483236697048E-17 ) ) ;
#2934 = FACE_OUTER_BOUND ( 'NONE', #2629, .T. ) ;
#2935 = CARTESIAN_POINT ( 'NONE',  ( -1.244101779812194941, -0.4949999999999998845, -3.999999999970020426 ) ) ;
#2936 = ORIENTED_EDGE ( 'NONE', *, *, #1368, .F. ) ;
#2937 = B_SPLINE_CURVE_WITH_KNOTS ( 'NONE', 3,
 ( #467, #3771, #4145, #2346 ),
 .UNSPECIFIED., .F., .F.,
 ( 4, 4 ),
 ( 1.106715565368079950E-14, 0.0004281748999699431027 ),
 .UNSPECIFIED. ) ;
#2938 = EDGE_LOOP ( 'NONE', ( #3572, #2872, #2469, #2038 ) ) ;
#2939 = CARTESIAN_POINT ( 'NONE',  ( -4.000000000000000000, 0.000000000000000000, 4.000000000000000000 ) ) ;
#2940 = ORIENTED_EDGE ( 'NONE', *, *, #1682, .T. ) ;
#2941 = CARTESIAN_POINT ( 'NONE',  ( 1.509822997421380375, -1.300000000000000266, 1.692928932188134228 ) ) ;
#2942 = CARTESIAN_POINT ( 'NONE',  ( -3.999999999999996447, 1.021924959892513503E-15, -4.000000000000000000 ) ) ;
#2943 = ORIENTED_EDGE ( 'NONE', *, *, #3352, .T. ) ;
#2944 = EDGE_CURVE ( 'NONE', #873, #1858, #1352, .T. ) ;
#2945 = EDGE_LOOP ( 'NONE', ( #935, #1785, #3755, #3422, #1311, #2858, #3968, #2769, #4299, #1700, #2244, #2088 ) ) ;
#2946 =( NAMED_UNIT ( * ) SI_UNIT ( $, .STERADIAN. ) SOLID_ANGLE_UNIT ( ) );
#2947 = ORIENTED_EDGE ( 'NONE', *, *, #4200, .T. ) ;
#2948 = CARTESIAN_POINT ( 'NONE',  ( -3.999999999999996447, 1.021924959892513503E-15, 4.000000000000000000 ) ) ;
#2949 = ADVANCED_FACE ( 'NONE', ( #3719 ), #2188, .F. ) ;
#2950 = CARTESIAN_POINT ( 'NONE',  ( 1.820317713818148775, -1.500000050574286536, -1.597788559217637960 ) ) ;
#2951 = ORIENTED_EDGE ( 'NONE', *, *, #379, .F. ) ;
#2952 = EDGE_CURVE ( 'NONE', #3219, #3914, #2689, .T. ) ;
#2953 = CARTESIAN_POINT ( 'NONE',  ( 6.815191853508550501, -0.4999337145626985279, 2.667772149970829343 ) ) ;
#2954 = CARTESIAN_POINT ( 'NONE',  ( -1.996259747372428839, -1.495000000000000107, 4.000000000000000000 ) ) ;
#2955 = ORIENTED_EDGE ( 'NONE', *, *, #365, .F. ) ;
#2956 = CIRCLE ( 'NONE', #2133, 2.799999999960164132 ) ;
#2957 = CARTESIAN_POINT ( 'NONE',  ( 1.250004511042257516, -0.6051304823134068256, 2.394869517686592619 ) ) ;
#2958 = DIRECTION ( 'NONE',  ( -1.000000000000000000, -8.397067585772158533E-17, 0.000000000000000000 ) ) ;
#2959 = AXIS2_PLACEMENT_3D ( 'NONE', #1280, #2798, #4265 ) ;
#2960 = CARTESIAN_POINT ( 'NONE',  ( 6.662306341382260300, -0.5000000000000007772, 2.984489442331790698 ) ) ;
#2961 = LINE ( 'NONE', #356, #2496 ) ;
#2962 = CARTESIAN_POINT ( 'NONE',  ( 6.734052126731945087, -0.5000000000000002220, -2.447066377907867629 ) ) ;
#2963 = PLANE ( 'NONE',  #4211 ) ;
#2964 = CARTESIAN_POINT ( 'NONE',  ( -6.450505049984594841, -0.4950000000000011058, 2.497928932188134166 ) ) ;
#2965 = CARTESIAN_POINT ( 'NONE',  ( 6.845736030492041380, -1.495000000000000551, 1.497928932188133722 ) ) ;
#2966 = CONICAL_SURFACE ( 'NONE', #3501, 2.799999999998362910, 0.7853981633974482790 ) ;
#2967 = AXIS2_PLACEMENT_3D ( 'NONE', #1120, #2572, #768 ) ;
#2968 = CARTESIAN_POINT ( 'NONE',  ( 1.825704073931674998, -1.507744765358618011, 1.589496709743034586 ) ) ;
#2969 = CARTESIAN_POINT ( 'NONE',  ( 6.474394502344650526, -1.499999999999999778, -1.532609114069360734 ) ) ;
#2970 = CARTESIAN_POINT ( 'NONE',  ( 5.105479388357661463, -3.986309586602163169, -4.000000000000000000 ) ) ;
#2971 = CIRCLE ( 'NONE', #615, 1.249999999913598003 ) ;
#2972 =( BOUNDED_CURVE ( )  B_SPLINE_CURVE ( 3, ( #1404, #328, #3612, #1731 ),
 .UNSPECIFIED., .F., .T. ) 
 B_SPLINE_CURVE_WITH_KNOTS ( ( 4, 4 ),
 ( 4.329340238477154656, 4.588320931151772086 ),
 .UNSPECIFIED. ) 
 CURVE ( )  GEOMETRIC_REPRESENTATION_ITEM ( )  RATIONAL_B_SPLINE_CURVE ( ( 1.000000000000000000, 0.9944185556333229314, 0.9944185556333229314, 1.000000000000000000 ) ) 
 REPRESENTATION_ITEM ( '' )  );
#2973 = CARTESIAN_POINT ( 'NONE',  ( -3.999999999999996447, 1.021924959892513503E-15, 3.700000000000000178 ) ) ;
#2974 = EDGE_CURVE ( 'NONE', #131, #2187, #3319, .T. ) ;
#2975 = VECTOR ( 'NONE', #2091, 1000.000000000000000 ) ;
#2976 = CARTESIAN_POINT ( 'NONE',  ( 1.548529835565384927, -0.5000000000000009992, 2.500000000000000000 ) ) ;
#2977 = FILL_AREA_STYLE_COLOUR ( '', #470 ) ;
#2978 = CARTESIAN_POINT ( 'NONE',  ( -7.666739014439505340, -0.4950000000000008837, 4.000000000017188029 ) ) ;
#2979 = ORIENTED_EDGE ( 'NONE', *, *, #3199, .F. ) ;
#2980 = EDGE_CURVE ( 'NONE', #4093, #156, #2568, .T. ) ;
#2981 = APPLICATION_CONTEXT ( 'automotive_design' ) ;
#2982 = DIRECTION ( 'NONE',  ( -0.4545194776720448693, -0.5416752204196992881, -0.7071067811865487940 ) ) ;
#2983 = VECTOR ( 'NONE', #1310, 1000.000000000000000 ) ;
#2984 = VERTEX_POINT ( 'NONE', #3733 ) ;
#2985 = CARTESIAN_POINT ( 'NONE',  ( 1.690631681377928519, -1.314226803328154336, 1.796684824499961364 ) ) ;
#2986 = CARTESIAN_POINT ( 'NONE',  ( -3.999999999999996447, 1.021924959892513503E-15, 3.700000000000000178 ) ) ;
#2987 = CARTESIAN_POINT ( 'NONE',  ( 1.975291174099501168, -1.503033220639118150, -1.699161008426499864 ) ) ;
#2988 = DIRECTION ( 'NONE',  ( -1.000000000000000000, 0.000000000000000000, 0.000000000000000000 ) ) ;
#2989 = AXIS2_PLACEMENT_3D ( 'NONE', #56, #429, #3011 ) ;
#2990 = ORIENTED_EDGE ( 'NONE', *, *, #463, .F. ) ;
#2991 = CONICAL_SURFACE ( 'NONE', #2742, 3.999999999899408465, 0.7853981633027092846 ) ;
#2992 = DIRECTION ( 'NONE',  ( -8.397067585772158533E-17, 1.000000000000000000, 0.000000000000000000 ) ) ;
#2993 = VERTEX_POINT ( 'NONE', #4033 ) ;
#2994 = AXIS2_PLACEMENT_3D ( 'NONE', #3268, #4305, #3623 ) ;
#2995 = VECTOR ( 'NONE', #1192, 999.9999999999998863 ) ;
#2996 = CARTESIAN_POINT ( 'NONE',  ( -1.899999999999999689, 2.313690413397837986, -3.700000000000000178 ) ) ;
#2997 = DIRECTION ( 'NONE',  ( 0.000000000000000000, 0.000000000000000000, -1.000000000000000000 ) ) ;
#2998 = ADVANCED_FACE ( 'NONE', ( #688 ), #1878, .T. ) ;
#2999 = VERTEX_POINT ( 'NONE', #3297 ) ;
#3000 = ORIENTED_EDGE ( 'NONE', *, *, #4006, .T. ) ;
#3001 = CARTESIAN_POINT ( 'NONE',  ( 1.649510990093563612, -0.8746448878524779591, 2.713203705360911488 ) ) ;
#3002 = CARTESIAN_POINT ( 'NONE',  ( 2.056897351394606499, 2.032281183902784782, -3.981409229495053381 ) ) ;
#3003 = CARTESIAN_POINT ( 'NONE',  ( 0.000000000000000000, -0.5000000000000009992, 2.500000000000000000 ) ) ;
#3004 = DIRECTION ( 'NONE',  ( -0.6427876096865402511, -0.7660444431189772363, 0.000000000000000000 ) ) ;
#3005 = VERTEX_POINT ( 'NONE', #3702 ) ;
#3006 = ORIENTED_EDGE ( 'NONE', *, *, #2304, .F. ) ;
#3007 = DIRECTION ( 'NONE',  ( -1.000000000000000000, -0.000000000000000000, -0.000000000000000000 ) ) ;
#3008 = ORIENTED_EDGE ( 'NONE', *, *, #2456, .T. ) ;
#3009 = EDGE_CURVE ( 'NONE', #1956, #2425, #741, .T. ) ;
#3010 = EDGE_LOOP ( 'NONE', ( #680, #3121, #4109, #2389 ) ) ;
#3011 = DIRECTION ( 'NONE',  ( 1.000000000000000000, 0.000000000000000000, 0.000000000000000000 ) ) ;
#3012 = EDGE_CURVE ( 'NONE', #2860, #3919, #3775, .T. ) ;
#3013 = EDGE_LOOP ( 'NONE', ( #4432, #592, #157, #924 ) ) ;
#3014 = FACE_OUTER_BOUND ( 'NONE', #4120, .T. ) ;
#3015 = CARTESIAN_POINT ( 'NONE',  ( 1.589832549200117073, -0.6848061305680006594, 2.941015183788920684 ) ) ;
#3016 = CARTESIAN_POINT ( 'NONE',  ( 1.509822997421395918, -0.7760511533843889032, 2.186958433324577289 ) ) ;
#3017 = CARTESIAN_POINT ( 'NONE',  ( 6.690177002578622023, -0.2257943651041623423, -3.700000000001037126 ) ) ;
#3018 = CARTESIAN_POINT ( 'NONE',  ( 8.069253708192510643, -0.4949999999999997735, 4.000000000000000000 ) ) ;
#3019 = ADVANCED_FACE ( 'NONE', ( #2448 ), #301, .F. ) ;
#3020 = CIRCLE ( 'NONE', #2070, 1.700000000028012437 ) ;
#3021 = CARTESIAN_POINT ( 'NONE',  ( -2.000000000000000444, -1.500000000000000000, 1.499999999999999112 ) ) ;
#3022 = AXIS2_PLACEMENT_3D ( 'NONE', #4260, #980, #3515 ) ;
#3023 = CARTESIAN_POINT ( 'NONE',  ( 6.668213931803226302, -0.4437241936346986715, 2.901148652163097807 ) ) ;
#3024 = ORIENTED_EDGE ( 'NONE', *, *, #3548, .F. ) ;
#3025 = VECTOR ( 'NONE', #4315, 1000.000000000000114 ) ;
#3027 = ORIENTED_EDGE ( 'NONE', *, *, #623, .F. ) ;
#3026 = DIRECTION ( 'NONE',  ( 0.000000000000000000, -1.000000000000000000, -1.084202172512769809E-16 ) ) ;
#3028 = DIRECTION ( 'NONE',  ( -0.000000000000000000, -0.000000000000000000, 1.000000000000000000 ) ) ;
#3029 = DIRECTION ( 'NONE',  ( 1.000000000000000000, 5.706327223607915090E-17, 5.706327223607918787E-17 ) ) ;
#3030 = FACE_OUTER_BOUND ( 'NONE', #2741, .T. ) ;
#3031 = VERTEX_POINT ( 'NONE', #1520 ) ;
#3032 = CARTESIAN_POINT ( 'NONE',  ( 6.690176994200158767, -0.5000000000000011102, 2.400955523451605345 ) ) ;
#3033 = CARTESIAN_POINT ( 'NONE',  ( 6.690177002578098886, -0.4949999999998098144, -3.737051744789113172 ) ) ;
#3034 = DIRECTION ( 'NONE',  ( -0.000000000000000000, -1.000000000000000000, -0.000000000000000000 ) ) ;
#3035 = VECTOR ( 'NONE', #2906, 1000.000000000000114 ) ;
#3036 = ORIENTED_EDGE ( 'NONE', *, *, #1321, .F. ) ;
#3037 = EDGE_CURVE ( 'NONE', #2597, #3394, #2340, .T. ) ;
#3038 = AXIS2_PLACEMENT_3D ( 'NONE', #1936, #3028, #1561 ) ;
#3039 = CARTESIAN_POINT ( 'NONE',  ( 0.000000000000000000, -1.500000000078216544, 1.449999999977080734 ) ) ;
#3040 = VECTOR ( 'NONE', #1701, 1000.000000000000000 ) ;
#3041 = ORIENTED_EDGE ( 'NONE', *, *, #2192, .F. ) ;
#3042 = CARTESIAN_POINT ( 'NONE',  ( 2.145544523195821451, 2.068145890203363813, 3.945544523191802710 ) ) ;
#3043 = CYLINDRICAL_SURFACE ( 'NONE', #2713, 2.000000000000000000 ) ;
#3044 = EDGE_CURVE ( 'NONE', #893, #1530, #4030, .T. ) ;
#3045 = EDGE_LOOP ( 'NONE', ( #2509, #1049, #1087, #1916, #3531, #4238, #767, #2313, #3690, #1961 ) ) ;
#3046 = ADVANCED_FACE ( 'NONE', ( #4673 ), #1199, .T. ) ;
#3047 = DIRECTION ( 'NONE',  ( 0.000000000000000000, -7.228014483236695816E-17, -1.000000000000000000 ) ) ;
#3048 = LINE ( 'NONE', #3742, #1425 ) ;
#3049 = DIRECTION ( 'NONE',  ( -0.7071067811865474617, -0.7071067811865476838, 8.659560562354934091E-17 ) ) ;
#3050 = EDGE_LOOP ( 'NONE', ( #2069, #2216, #4195 ) ) ;
#3051 = CARTESIAN_POINT ( 'NONE',  ( -4.000000000000000000, 0.000000000000000000, -4.000000000000000000 ) ) ;
#3052 = CARTESIAN_POINT ( 'NONE',  ( 0.000000000000000000, -1.499999999999999778, -1.500000000000000666 ) ) ;
#3053 = VECTOR ( 'NONE', #4485, 1000.000000000000114 ) ;
#3054 = CARTESIAN_POINT ( 'NONE',  ( 1.509822997421379043, -0.4950000000000003286, -2.497928932188135498 ) ) ;
#3055 = ORIENTED_EDGE ( 'NONE', *, *, #4442, .T. ) ;
#3056 = CARTESIAN_POINT ( 'NONE',  ( 6.550490831291219784, -0.8746396139152204929, 2.713210040315667815 ) ) ;
#3057 = VERTEX_POINT ( 'NONE', #502 ) ;
#3058 = AXIS2_PLACEMENT_3D ( 'NONE', #4089, #2243, #4394 ) ;
#3059 = VERTEX_POINT ( 'NONE', #4118 ) ;
#3060 =( BOUNDED_CURVE ( )  B_SPLINE_CURVE ( 3, ( #4657, #2426, #3576, #4589 ),
 .UNSPECIFIED., .F., .T. ) 
 B_SPLINE_CURVE_WITH_KNOTS ( ( 4, 4 ),
 ( 4.911706083388034827, 5.353392425950486810 ),
 .UNSPECIFIED. ) 
 CURVE ( )  GEOMETRIC_REPRESENTATION_ITEM ( )  RATIONAL_B_SPLINE_CURVE ( ( 1.000000000000000000, 0.9838087316668910898, 0.9838087316668910898, 1.000000000000000000 ) ) 
 REPRESENTATION_ITEM ( '' )  );
#3061 = CARTESIAN_POINT ( 'NONE',  ( 0.000000000000000000, -1.499999999999999778, -1.500000000000000666 ) ) ;
#3062 = ORIENTED_EDGE ( 'NONE', *, *, #1517, .F. ) ;
#3063 = ORIENTED_EDGE ( 'NONE', *, *, #3659, .F. ) ;
#3064 = ORIENTED_EDGE ( 'NONE', *, *, #276, .F. ) ;
#3065 = DIRECTION ( 'NONE',  ( -0.000000000000000000, -1.000000000000000000, -0.000000000000000000 ) ) ;
#3066 = CARTESIAN_POINT ( 'NONE',  ( 1.877056222910405969, -1.500000000001493472, 1.636822472255068384 ) ) ;
#3067 = CARTESIAN_POINT ( 'NONE',  ( 1.822320200135185475, -1.258555137450251715, 1.980187225312599830 ) ) ;
#3068 = EDGE_CURVE ( 'NONE', #960, #3296, #2846, .T. ) ;
#3069 = PRODUCT_DEFINITION_FORMATION_WITH_SPECIFIED_SOURCE ( 'ANY', '', #2835, .NOT_KNOWN. ) ;
#3070 = ORIENTED_EDGE ( 'NONE', *, *, #937, .T. ) ;
#3071 = ADVANCED_FACE ( 'NONE', ( #4383 ), #4132, .T. ) ;
#3072 = DIRECTION ( 'NONE',  ( -0.000000000000000000, -0.000000000000000000, -1.000000000000000000 ) ) ;
#3073 = EDGE_LOOP ( 'NONE', ( #2263, #3187, #2803, #3105 ) ) ;
#3074 = LINE ( 'NONE', #4630, #2782 ) ;
#3075 = EDGE_CURVE ( 'NONE', #107, #4172, #3681, .T. ) ;
#3076 = DIRECTION ( 'NONE',  ( 1.000000000000000000, -0.000000000000000000, 0.000000000000000000 ) ) ;
#3077 = EDGE_LOOP ( 'NONE', ( #2285, #4009, #4416, #1021 ) ) ;
#3078 = DIRECTION ( 'NONE',  ( 0.000000000000000000, 0.000000000000000000, 1.000000000000000000 ) ) ;
#3079 = VECTOR ( 'NONE', #4543, 1000.000000000000000 ) ;
#3080 = EDGE_CURVE ( 'NONE', #659, #3370, #2257, .T. ) ;
#3081 = DIRECTION ( 'NONE',  ( -1.000000000000000000, 0.000000000000000000, 0.000000000000000000 ) ) ;
#3082 = CARTESIAN_POINT ( 'NONE',  ( -1.094999999907031452, -1.494999999863466655, 1.340988244952498045E-16 ) ) ;
#3083 = VERTEX_POINT ( 'NONE', #1915 ) ;
#3084 = VECTOR ( 'NONE', #2710, 1000.000000000000000 ) ;
#3085 = CARTESIAN_POINT ( 'NONE',  ( 2.449293598306401277E-16, -2.586309586547486106, 2.000000000009549694 ) ) ;
#3086 = DIRECTION ( 'NONE',  ( -1.000000000000000000, -5.706327223607905229E-17, 5.706327223607918787E-17 ) ) ;
#3087 = VECTOR ( 'NONE', #3120, 1000.000000000000114 ) ;
#3088 = AXIS2_PLACEMENT_3D ( 'NONE', #4513, #1717, #3528 ) ;
#3089 = CARTESIAN_POINT ( 'NONE',  ( 4.100000000000000533, -8.131516293641283255E-17, -3.999999999962255970 ) ) ;
#3090 = ORIENTED_EDGE ( 'NONE', *, *, #3331, .F. ) ;
#3091 = B_SPLINE_CURVE_WITH_KNOTS ( 'NONE', 3,
 ( #1674, #2770, #3843, #2054 ),
 .UNSPECIFIED., .F., .F.,
 ( 4, 4 ),
 ( 1.134193278238280601E-14, 0.0004281748999034945199 ),
 .UNSPECIFIED. ) ;
#3092 = LINE ( 'NONE', #3893, #2975 ) ;
#3093 = ORIENTED_EDGE ( 'NONE', *, *, #3012, .T. ) ;
#3094 = CARTESIAN_POINT ( 'NONE',  ( 2.056897351354142423, 2.032281183943541514, 3.981409229454293097 ) ) ;
#3095 = VERTEX_POINT ( 'NONE', #2332 ) ;
#3096 = ADVANCED_FACE ( 'NONE', ( #417 ), #165, .T. ) ;
#3098 = VECTOR ( 'NONE', #3717, 1000.000000000000114 ) ;
#3097 =( GEOMETRIC_REPRESENTATION_CONTEXT ( 3 ) GLOBAL_UNCERTAINTY_ASSIGNED_CONTEXT ( ( #2814 ) ) GLOBAL_UNIT_ASSIGNED_CONTEXT ( ( #1505, #4073, #1882 ) ) REPRESENTATION_CONTEXT ( 'NONE', 'WORKASPACE' ) );
#3099 = EDGE_LOOP ( 'NONE', ( #3819, #69, #418, #1763 ) ) ;
#3100 = CARTESIAN_POINT ( 'NONE',  ( 6.690177002578622023, -1.300000000000000044, -1.500000000000000666 ) ) ;
#3101 = CARTESIAN_POINT ( 'NONE',  ( 6.514983314096225442, -0.9685719277013318251, 2.600259636407165509 ) ) ;
#3102 = DIRECTION ( 'NONE',  ( 0.000000000000000000, -1.000000000000000000, 7.228014483236695816E-17 ) ) ;
#3103 = DIRECTION ( 'NONE',  ( 0.000000000000000000, -1.000000000000000000, -1.445602896647339163E-16 ) ) ;
#3104 = VECTOR ( 'NONE', #3161, 1000.000000000000000 ) ;
#3105 = ORIENTED_EDGE ( 'NONE', *, *, #771, .T. ) ;
#3106 = EDGE_CURVE ( 'NONE', #2231, #1539, #1992, .T. ) ;
#3107 = CARTESIAN_POINT ( 'NONE',  ( 0.000000000000000000, 2.013690413377844379, 0.000000000000000000 ) ) ;
#3108 = VERTEX_POINT ( 'NONE', #3054 ) ;
#3109 = LINE ( 'NONE', #2197, #4188 ) ;
#3110 = CARTESIAN_POINT ( 'NONE',  ( -7.666739014437340849, -0.4949999999999998845, -3.999999999981127985 ) ) ;
#3111 = EDGE_CURVE ( 'NONE', #2472, #3907, #2042, .T. ) ;
#3112 = CARTESIAN_POINT ( 'NONE',  ( -6.754995462797407590, -0.4999999999999998890, -3.999999999970018205 ) ) ;
#3113 = ORIENTED_EDGE ( 'NONE', *, *, #3253, .T. ) ;
#3114 = VECTOR ( 'NONE', #1597, 1000.000000000000000 ) ;
#3115 = CARTESIAN_POINT ( 'NONE',  ( 1.449139788617422209, -1.473377571134692587, -1.519551361053441685 ) ) ;
#3116 = CARTESIAN_POINT ( 'NONE',  ( 8.069253708192510643, -0.4949999999999997735, 4.000000000000000000 ) ) ;
#3117 = ORIENTED_EDGE ( 'NONE', *, *, #403, .T. ) ;
#3118 = ORIENTED_EDGE ( 'NONE', *, *, #4083, .F. ) ;
#3119 = VERTEX_POINT ( 'NONE', #3806 ) ;
#3120 = DIRECTION ( 'NONE',  ( 0.000000000000000000, -0.7071067811865474617, -0.7071067811865474617 ) ) ;
#3121 = ORIENTED_EDGE ( 'NONE', *, *, #1190, .T. ) ;
#3122 =( BOUNDED_CURVE ( )  B_SPLINE_CURVE ( 3, ( #1819, #1074, #1852, #4374 ),
 .UNSPECIFIED., .F., .T. ) 
 B_SPLINE_CURVE_WITH_KNOTS ( ( 4, 4 ),
 ( 1.772154247585227660, 2.214297435588181262 ),
 .UNSPECIFIED. ) 
 CURVE ( )  GEOMETRIC_REPRESENTATION_ITEM ( )  RATIONAL_B_SPLINE_CURVE ( ( 1.000000000000000000, 0.9837753570014466931, 0.9837753570014466931, 1.000000000000000000 ) ) 
 REPRESENTATION_ITEM ( '' )  );
#3123 = B_SPLINE_CURVE_WITH_KNOTS ( 'NONE', 3,
 ( #2146, #3961, #4290, #4337 ),
 .UNSPECIFIED., .F., .F.,
 ( 4, 4 ),
 ( 1.080766856479525373E-14, 0.0004260459364496346920 ),
 .UNSPECIFIED. ) ;
#3124 = VERTEX_POINT ( 'NONE', #4163 ) ;
#3125 = AXIS2_PLACEMENT_3D ( 'NONE', #2939, #3715, #4429 ) ;
#3126 = CARTESIAN_POINT ( 'NONE',  ( 1.678262766461643629, -1.499999965590859130, 1.500000000143879797 ) ) ;
#3127 = ORIENTED_EDGE ( 'NONE', *, *, #1989, .F. ) ;
#3128 = CARTESIAN_POINT ( 'NONE',  ( 6.567086422877060237, -1.438444072235439464, -1.561555927764562091 ) ) ;
#3129 = DIRECTION ( 'NONE',  ( -0.000000000000000000, -1.000000000000000000, -0.000000000000000000 ) ) ;
#3130 = ORIENTED_EDGE ( 'NONE', *, *, #217, .T. ) ;
#3131 = SURFACE_STYLE_FILL_AREA ( #508 ) ;
#3132 = EDGE_CURVE ( 'NONE', #2112, #1971, #1461, .T. ) ;
#3133 = DIRECTION ( 'NONE',  ( 0.000000000000000000, 2.891205793294680792E-16, -1.000000000000000000 ) ) ;
#3134 = AXIS2_PLACEMENT_3D ( 'NONE', #1268, #2695, #3800 ) ;
#3135 = VERTEX_POINT ( 'NONE', #3021 ) ;
#3136 = FACE_OUTER_BOUND ( 'NONE', #2521, .T. ) ;
#3137 = DIRECTION ( 'NONE',  ( 1.000000000000000000, 0.000000000000000000, 0.000000000000000000 ) ) ;
#3138 = CARTESIAN_POINT ( 'NONE',  ( -7.710117922654209366, -1.495000000000000329, -1.497928932188135054 ) ) ;
#3139 = EDGE_CURVE ( 'NONE', #4360, #2993, #1231, .T. ) ;
#3140 = VERTEX_POINT ( 'NONE', #485 ) ;
#3141 = CARTESIAN_POINT ( 'NONE',  ( -7.666060555975291457, -0.5000000000000008882, 4.000000000008395062 ) ) ;
#3142 = VERTEX_POINT ( 'NONE', #4525 ) ;
#3143 = FACE_OUTER_BOUND ( 'NONE', #3050, .T. ) ;
#3144 = CARTESIAN_POINT ( 'NONE',  ( 4.100000000000000533, -8.131516293641283255E-17, 3.999999999905412551 ) ) ;
#3145 = PLANE ( 'NONE',  #2114 ) ;
#3146 = CARTESIAN_POINT ( 'NONE',  ( 8.068626966596884387, -0.4999999999999985012, 4.000000000000000000 ) ) ;
#3147 = VECTOR ( 'NONE', #4040, 1000.000000000000000 ) ;
#3148 = AXIS2_PLACEMENT_3D ( 'NONE', #625, #586, #3191 ) ;
#3149 = VECTOR ( 'NONE', #1117, 1000.000000000000000 ) ;
#3150 = ORIENTED_EDGE ( 'NONE', *, *, #549, .T. ) ;
#3151 = B_SPLINE_CURVE_WITH_KNOTS ( 'NONE', 3,
 ( #2567, #1064, #1807, #2935 ),
 .UNSPECIFIED., .F., .F.,
 ( 4, 4 ),
 ( 6.531476524976053356E-15, 0.0004280946021490670563 ),
 .UNSPECIFIED. ) ;
#3152 = DIRECTION ( 'NONE',  ( 0.000000000000000000, 0.7071067811865470176, 0.7071067811865479058 ) ) ;
#3153 = CYLINDRICAL_SURFACE ( 'NONE', #3903, 4.000000000000001776 ) ;
#3154 = DIRECTION ( 'NONE',  ( -0.000000000000000000, -2.891205793294680792E-16, 1.000000000000000000 ) ) ;
#3155 = ORIENTED_EDGE ( 'NONE', *, *, #3192, .T. ) ;
#3156 = CARTESIAN_POINT ( 'NONE',  ( 1.548529835553429823, -0.5000000000000008882, 3.699999999968986764 ) ) ;
#3157 = PRESENTATION_LAYER_ASSIGNMENT (  '', '', ( #4364 ) ) ;
#3158 = CIRCLE ( 'NONE', #2179, 1.094999999963874870 ) ;
#3159 = DIRECTION ( 'NONE',  ( 1.000000000000000000, 0.000000000000000000, 0.000000000000000000 ) ) ;
#3160 = ORIENTED_EDGE ( 'NONE', *, *, #1940, .T. ) ;
#3161 = DIRECTION ( 'NONE',  ( -0.000000000000000000, -0.000000000000000000, -1.000000000000000000 ) ) ;
#3162 = CYLINDRICAL_SURFACE ( 'NONE', #4662, 4.000000000000001776 ) ;
#3163 = DIRECTION ( 'NONE',  ( 5.937623431981228016E-17, -0.7071067811865456854, -0.7071067811865493491 ) ) ;
#3164 = EDGE_CURVE ( 'NONE', #1709, #2495, #129, .T. ) ;
#3165 = ORIENTED_EDGE ( 'NONE', *, *, #3579, .T. ) ;
#3166 = DIRECTION ( 'NONE',  ( 1.000000000000000000, 0.000000000000000000, 0.000000000000000000 ) ) ;
#3167 = LINE ( 'NONE', #640, #4076 ) ;
#3168 = ORIENTED_EDGE ( 'NONE', *, *, #3814, .T. ) ;
#3169 = CARTESIAN_POINT ( 'NONE',  ( 1.682923977778956193, -0.9641212618330047279, -2.315730271499821136 ) ) ;
#3170 = EDGE_LOOP ( 'NONE', ( #4220, #973 ) ) ;
#3171 = CARTESIAN_POINT ( 'NONE',  ( 6.690177002578622911, -0.4950000000000003286, -2.497928932188135498 ) ) ;
#3172 = EDGE_CURVE ( 'NONE', #1795, #4386, #2208, .T. ) ;
#3173 = DIRECTION ( 'NONE',  ( -8.069965350965126264E-17, 0.7071067811865472397, 0.7071067811865479058 ) ) ;
#3174 = EDGE_LOOP ( 'NONE', ( #2223, #4221, #2029, #1256, #2455, #3327 ) ) ;
#3175 = ORIENTED_EDGE ( 'NONE', *, *, #636, .T. ) ;
#3176 = DIRECTION ( 'NONE',  ( 0.000000000000000000, -1.000000000000000000, 0.000000000000000000 ) ) ;
#3177 = CARTESIAN_POINT ( 'NONE',  ( 1.820317713784605163, -1.500000050647961825, 1.597788559266464237 ) ) ;
#3178 = DIRECTION ( 'NONE',  ( 8.651359334445627801E-17, -1.000000000000000000, 0.000000000000000000 ) ) ;
#3179 = AXIS2_PLACEMENT_3D ( 'NONE', #1850, #754, #3323 ) ;
#3180 = ORIENTED_EDGE ( 'NONE', *, *, #2788, .F. ) ;
#3181 = CARTESIAN_POINT ( 'NONE',  ( 1.551129605009838430, -0.5433179406354792240, -2.790382387379745310 ) ) ;
#3182 = CARTESIAN_POINT ( 'NONE',  ( -4.000000000000000000, 0.000000000000000000, -4.000000000000000000 ) ) ;
#3183 = B_SPLINE_CURVE_WITH_KNOTS ( 'NONE', 3,
 ( #1609, #3094, #4562, #222 ),
 .UNSPECIFIED., .F., .F.,
 ( 4, 4 ),
 ( 3.329265674061598746E-14, 0.0001531860302134007172 ),
 .UNSPECIFIED. ) ;
#3184 = ORIENTED_EDGE ( 'NONE', *, *, #211, .T. ) ;
#3185 = CARTESIAN_POINT ( 'NONE',  ( 1.180068226864003478, -0.2962114851818956618, -2.703788514818107114 ) ) ;
#3186 = DIRECTION ( 'NONE',  ( -1.000000000000000000, -0.000000000000000000, -0.000000000000000000 ) ) ;
#3187 = ORIENTED_EDGE ( 'NONE', *, *, #1484, .F. ) ;
#3188 = ADVANCED_FACE ( 'NONE', ( #4165 ), #4210, .T. ) ;
#3189 = CARTESIAN_POINT ( 'NONE',  ( 6.690177002578622911, -0.4950000000000009948, 4.000000000000000000 ) ) ;
#3190 = LINE ( 'NONE', #2914, #4428 ) ;
#3191 = DIRECTION ( 'NONE',  ( 0.000000000000000000, 0.7071067811865473507, 0.7071067811865477948 ) ) ;
#3192 = EDGE_CURVE ( 'NONE', #2084, #3853, #792, .T. ) ;
#3193 = CARTESIAN_POINT ( 'NONE',  ( 0.000000000000000000, -4.286309586518655124, 0.000000000000000000 ) ) ;
#3194 = DIRECTION ( 'NONE',  ( 0.000000000000000000, 1.000000000000000000, 0.000000000000000000 ) ) ;
#3195 = CARTESIAN_POINT ( 'NONE',  ( 1.243428628604142050, -0.4999999999999998890, -3.999999999981127985 ) ) ;
#3196 = ORIENTED_EDGE ( 'NONE', *, *, #1084, .F. ) ;
#3197 = DIRECTION ( 'NONE',  ( 1.000000000000000000, 0.000000000000000000, 0.000000000000000000 ) ) ;
#3198 = CARTESIAN_POINT ( 'NONE',  ( -3.999999999999996447, 1.021924959892513503E-15, 3.700000000037562131 ) ) ;
#3199 = EDGE_CURVE ( 'NONE', #371, #4393, #4497, .T. ) ;
#3200 = VECTOR ( 'NONE', #3007, 1000.000000000000000 ) ;
#3201 = CARTESIAN_POINT ( 'NONE',  ( 1.556248921321830014, -0.5487500835787443298, -2.789096015022456410 ) ) ;
#3202 = ORIENTED_EDGE ( 'NONE', *, *, #237, .F. ) ;
#3203 = CARTESIAN_POINT ( 'NONE',  ( -3.999999999999996447, -0.4950000000000008837, 4.000000000000000000 ) ) ;
#3204 = VERTEX_POINT ( 'NONE', #226 ) ;
#3205 = DIRECTION ( 'NONE',  ( -1.000000000000000000, 0.000000000000000000, 0.000000000000000000 ) ) ;
#3206 = VECTOR ( 'NONE', #1525, 1000.000000000000000 ) ;
#3207 = AXIS2_PLACEMENT_3D ( 'NONE', #3563, #3173, #2794 ) ;
#3208 = ORIENTED_EDGE ( 'NONE', *, *, #2052, .F. ) ;
#3209 = CARTESIAN_POINT ( 'NONE',  ( 6.712809724334150907, -0.5000000000001622036, -2.814963087505829353 ) ) ;
#3210 = DIRECTION ( 'NONE',  ( 0.000000000000000000, 1.445602896647339163E-16, -1.000000000000000000 ) ) ;
#3211 = CARTESIAN_POINT ( 'NONE',  ( 6.577607449968082776, -1.214392776675713659, -1.903574078388575952 ) ) ;
#3212 = CIRCLE ( 'NONE', #4055, 1.249999999913598003 ) ;
#3213 = VERTEX_POINT ( 'NONE', #2774 ) ;
#3214 = ADVANCED_FACE ( 'NONE', ( #2203 ), #1809, .T. ) ;
#3215 = CARTESIAN_POINT ( 'NONE',  ( 1.746397617925186996, -1.131635424137016566, -2.121467563618846253 ) ) ;
#3216 = AXIS2_PLACEMENT_3D ( 'NONE', #3061, #1884, #86 ) ;
#3217 = CARTESIAN_POINT ( 'NONE',  ( -1.777108399925958260, -1.202811199901279826, 1.797188800098719952 ) ) ;
#3218 = CIRCLE ( 'NONE', #2959, 2.499999999978626875 ) ;
#3219 = VERTEX_POINT ( 'NONE', #3507 ) ;
#3220 = DIRECTION ( 'NONE',  ( -1.000000000000000000, 0.000000000000000000, 0.000000000000000000 ) ) ;
#3221 = CARTESIAN_POINT ( 'NONE',  ( -1.200000000039835868, 0.000000000000000000, 3.999999999962255970 ) ) ;
#3222 = VERTEX_POINT ( 'NONE', #1281 ) ;
#3223 = EDGE_CURVE ( 'NONE', #847, #225, #2275, .T. ) ;
#3224 = FACE_OUTER_BOUND ( 'NONE', #51, .T. ) ;
#3225 = AXIS2_PLACEMENT_3D ( 'NONE', #2272, #4101, #1173 ) ;
#3226 = DIRECTION ( 'NONE',  ( 1.000000000000000000, -0.000000000000000000, 0.000000000000000000 ) ) ;
#3227 = DIRECTION ( 'NONE',  ( 0.000000000000000000, -1.000000000000000000, -1.445602896647339163E-16 ) ) ;
#3228 = ORIENTED_EDGE ( 'NONE', *, *, #2843, .T. ) ;
#3229 = CARTESIAN_POINT ( 'NONE',  ( 6.521737208995287638, -1.499999968388866511, 1.500000012892269474 ) ) ;
#3230 = CONICAL_SURFACE ( 'NONE', #697, 1.449999999863393896, 0.7853981633974482790 ) ;
#3231 = CARTESIAN_POINT ( 'NONE',  ( 6.778550415440402155, -0.5508415838299152156, -2.449158416170082564 ) ) ;
#3232 = EDGE_CURVE ( 'NONE', #3892, #341, #4107, .T. ) ;
#3233 = DIRECTION ( 'NONE',  ( -0.000000000000000000, -0.000000000000000000, 1.000000000000000000 ) ) ;
#3234 = EDGE_LOOP ( 'NONE', ( #2636, #3740, #3582, #3130 ) ) ;
#3235 = ORIENTED_EDGE ( 'NONE', *, *, #1806, .T. ) ;
#3236 = CARTESIAN_POINT ( 'NONE',  ( 2.145544523231622147, 2.068145890166279255, -3.945544523231621525 ) ) ;
#3237 = ORIENTED_EDGE ( 'NONE', *, *, #1960, .T. ) ;
#3238 = AXIS2_PLACEMENT_3D ( 'NONE', #3539, #340, #3295 ) ;
#3239 = CARTESIAN_POINT ( 'NONE',  ( 1.900000000000000133, 3.413690413397838075, 3.699999999999997957 ) ) ;
#3240 = VERTEX_POINT ( 'NONE', #1662 ) ;
#3241 = CARTESIAN_POINT ( 'NONE',  ( 6.854550744753977298, -0.8915013126766827556, -2.108498687323318244 ) ) ;
#3242 = ORIENTED_EDGE ( 'NONE', *, *, #3889, .T. ) ;
#3243 = FILL_AREA_STYLE ('',( #4711 ) ) ;
#3244 = ADVANCED_FACE ( 'NONE', ( #3378 ), #4237, .T. ) ;
#3245 = DIRECTION ( 'NONE',  ( 0.7071067811865474617, 0.000000000000000000, 0.7071067811865474617 ) ) ;
#3246 = STYLED_ITEM ( 'NONE', ( #3939 ), #2323 ) ;
#3247 = EDGE_LOOP ( 'NONE', ( #3887, #2820, #4461, #3415, #4142, #1267, #1853 ) ) ;
#3248 = DIRECTION ( 'NONE',  ( -1.000000000000000000, 0.000000000000000000, 0.000000000000000000 ) ) ;
#3249 = CARTESIAN_POINT ( 'NONE',  ( -5.114670458637522898, -4.286309586602162547, 3.700000000000000178 ) ) ;
#3250 = ORIENTED_EDGE ( 'NONE', *, *, #2766, .T. ) ;
#3251 = LINE ( 'NONE', #4224, #1633 ) ;
#3252 = CARTESIAN_POINT ( 'NONE',  ( 6.690177002578625576, -0.5000000042281278478, 2.492928927960007979 ) ) ;
#3253 = EDGE_CURVE ( 'NONE', #3910, #3119, #3663, .T. ) ;
#3254 = DIRECTION ( 'NONE',  ( 1.000000000000000000, -1.776356839400250465E-15, 0.000000000000000000 ) ) ;
#3255 = VERTEX_POINT ( 'NONE', #1255 ) ;
#3256 = VECTOR ( 'NONE', #3350, 1000.000000000000000 ) ;
#3257 = CARTESIAN_POINT ( 'NONE',  ( -1.899999999999999689, 3.413690413397839851, -3.700000000000000178 ) ) ;
#3258 = CARTESIAN_POINT ( 'NONE',  ( -6.755898220156942635, -0.4950000000000008837, 3.999999999977842613 ) ) ;
#3259 = EDGE_CURVE ( 'NONE', #4158, #1539, #245, .T. ) ;
#3260 = VERTEX_POINT ( 'NONE', #4570 ) ;
#3261 = DIRECTION ( 'NONE',  ( -0.000000000000000000, -1.000000000000000000, -0.000000000000000000 ) ) ;
#3262 = CARTESIAN_POINT ( 'NONE',  ( 6.379682287334258461, -1.500000050647962047, -1.597788560892814180 ) ) ;
#3263 = CARTESIAN_POINT ( 'NONE',  ( 0.000000000000000000, -2.586309586602166366, -2.000000000064229955 ) ) ;
#3264 = EDGE_CURVE ( 'NONE', #847, #996, #1457, .T. ) ;
#3265 = ADVANCED_FACE ( 'NONE', ( #3143 ), #3890, .T. ) ;
#3266 = CARTESIAN_POINT ( 'NONE',  ( 4.953672830396295801, 4.113690413397837808, 4.000000000000000000 ) ) ;
#3267 = CONICAL_SURFACE ( 'NONE', #4384, 2.900000000005001688, 0.7853981634921873844 ) ;
#3268 = CARTESIAN_POINT ( 'NONE',  ( -4.000000000000000000, 0.000000000000000000, 3.700000000037562131 ) ) ;
#3269 = CARTESIAN_POINT ( 'NONE',  ( -7.867803707508677746, -0.5000000000000000000, -3.800032476200121412 ) ) ;
#3270 = ORIENTED_EDGE ( 'NONE', *, *, #4338, .F. ) ;
#3271 = AXIS2_PLACEMENT_3D ( 'NONE', #4607, #2028, #2806 ) ;
#3272 = CONICAL_SURFACE ( 'NONE', #1604, 3.999999999911416637, 0.7853981633974482790 ) ;
#3273 = EDGE_LOOP ( 'NONE', ( #562, #1649, #315, #1327, #4025, #1082 ) ) ;
#3274 = CARTESIAN_POINT ( 'NONE',  ( -1.774344437579155276, -1.197568134510300863, -1.795360797677834519 ) ) ;
#3275 = DIRECTION ( 'NONE',  ( 0.000000000000000000, 0.000000000000000000, 1.000000000000000000 ) ) ;
#3276 = ORIENTED_EDGE ( 'NONE', *, *, #3564, .T. ) ;
#3277 = CARTESIAN_POINT ( 'NONE',  ( 1.900000000000000799, 3.413690413397838519, -3.700000000000000178 ) ) ;
#3278 = CARTESIAN_POINT ( 'NONE',  ( -1.244101779812194941, -0.4949999999999998845, -3.999999999970020426 ) ) ;
#3279 = LINE ( 'NONE', #1025, #2804 ) ;
#3280 = ORIENTED_EDGE ( 'NONE', *, *, #334, .T. ) ;
#3281 = DIRECTION ( 'NONE',  ( -0.000000000000000000, -0.000000000000000000, -1.000000000000000000 ) ) ;
#3282 = FACE_OUTER_BOUND ( 'NONE', #4595, .T. ) ;
#3283 = PLANE ( 'NONE',  #4296 ) ;
#3284 = CARTESIAN_POINT ( 'NONE',  ( 6.525828966509885198, -1.296353283958501690, 1.703646716041498754 ) ) ;
#3285 = EDGE_CURVE ( 'NONE', #2071, #996, #3874, .T. ) ;
#3286 = ORIENTED_EDGE ( 'NONE', *, *, #4648, .F. ) ;
#3287 =( GEOMETRIC_REPRESENTATION_CONTEXT ( 3 ) GLOBAL_UNCERTAINTY_ASSIGNED_CONTEXT ( ( #238 ) ) GLOBAL_UNIT_ASSIGNED_CONTEXT ( ( #803, #3373, #1919 ) ) REPRESENTATION_CONTEXT ( 'NONE', 'WORKASPACE' ) );
#3288 = ORIENTED_EDGE ( 'NONE', *, *, #1300, .T. ) ;
#3289 = CARTESIAN_POINT ( 'NONE',  ( -2.172405178420615535, 2.084955357162719736, 3.972405178420612692 ) ) ;
#3290 = CARTESIAN_POINT ( 'NONE',  ( 6.651470164420661746, -0.5000000000000000000, -3.699999999988398347 ) ) ;
#3291 = ADVANCED_FACE ( 'NONE', ( #4378 ), #4608, .F. ) ;
#3292 = CARTESIAN_POINT ( 'NONE',  ( 7.808099243547829360, -1.499999999999999556, 1.500000000000000000 ) ) ;
#3293 = EDGE_LOOP ( 'NONE', ( #24, #2719, #3270, #4049 ) ) ;
#3294 = EDGE_CURVE ( 'NONE', #996, #311, #359, .T. ) ;
#3295 = DIRECTION ( 'NONE',  ( -1.000000000000000000, 0.000000000000000000, 0.000000000000000000 ) ) ;
#3296 = VERTEX_POINT ( 'NONE', #3538 ) ;
#3297 = CARTESIAN_POINT ( 'NONE',  ( -6.571150438728985854, 3.064177772488402951, 3.700000000018781154 ) ) ;
#3298 = EDGE_CURVE ( 'NONE', #2018, #1224, #1176, .T. ) ;
#3299 = CARTESIAN_POINT ( 'NONE',  ( 6.555256742084090149, -0.8622648289039808178, 2.431808007823877293 ) ) ;
#3300 = ORIENTED_EDGE ( 'NONE', *, *, #3895, .T. ) ;
#3301 = CARTESIAN_POINT ( 'NONE',  ( 8.069253708192507091, -0.4950000000000004396, 2.497928932188135054 ) ) ;
#3302 = ORIENTED_EDGE ( 'NONE', *, *, #1492, .F. ) ;
#3303 = VECTOR ( 'NONE', #1675, 1000.000000000000000 ) ;
#3304 = PLANE ( 'NONE',  #4631 ) ;
#3305 = CARTESIAN_POINT ( 'NONE',  ( -1.996259747372429283, -1.495000000000000107, -1.497928932188135276 ) ) ;
#3306 = AXIS2_PLACEMENT_3D ( 'NONE', #2903, #3281, #2556 ) ;
#3307 = ORIENTED_EDGE ( 'NONE', *, *, #1806, .F. ) ;
#3308 = LINE ( 'NONE', #2787, #1452 ) ;
#3309 = CARTESIAN_POINT ( 'NONE',  ( -6.000000000000000000, -1.499999999999999778, -1.500000000000000888 ) ) ;
#3310 = B_SPLINE_CURVE_WITH_KNOTS ( 'NONE', 3,
 ( #539, #1614, #2728, #3101, #556, #897, #2001, #4551 ),
 .UNSPECIFIED., .F., .F.,
 ( 4, 2, 2, 4 ),
 ( 0.000000000000000000, 0.4521132687152696339, 0.7293437919660749058, 1.000000000000000000 ),
 .UNSPECIFIED. ) ;
#3311 = ORIENTED_EDGE ( 'NONE', *, *, #3315, .F. ) ;
#3312 = ADVANCED_FACE ( 'NONE', ( #2037 ), #2121, .T. ) ;
#3313 = VECTOR ( 'NONE', #353, 1000.000000000000000 ) ;
#3314 = CARTESIAN_POINT ( 'NONE',  ( 6.977372590888415438, -0.5000000000000002220, -2.500000010332420253 ) ) ;
#3315 = EDGE_CURVE ( 'NONE', #3394, #960, #1019, .T. ) ;
#3316 = AXIS2_PLACEMENT_3D ( 'NONE', #3965, #674, #1376 ) ;
#3317 = VERTEX_POINT ( 'NONE', #3933 ) ;
#3318 = DIRECTION ( 'NONE',  ( -1.000000000000000000, 0.000000000000000000, -0.000000000000000000 ) ) ;
#3319 = LINE ( 'NONE', #1504, #3666 ) ;
#3320 = EDGE_LOOP ( 'NONE', ( #2108, #3510, #816, #1360 ) ) ;
#3322 = ORIENTED_EDGE ( 'NONE', *, *, #3331, .T. ) ;
#3321 = CARTESIAN_POINT ( 'NONE',  ( -7.767611374949221492, -0.4950000000000008837, 3.900034427109238422 ) ) ;
#3323 = DIRECTION ( 'NONE',  ( -1.000000000000000000, -2.664535259100375697E-15, 0.000000000000000000 ) ) ;
#3324 = EDGE_CURVE ( 'NONE', #2288, #497, #1061, .T. ) ;
#3325 = PLANE ( 'NONE',  #1056 ) ;
#3326 = VECTOR ( 'NONE', #383, 1000.000000000000114 ) ;
#3327 = ORIENTED_EDGE ( 'NONE', *, *, #4250, .F. ) ;
#3328 = CARTESIAN_POINT ( 'NONE',  ( 2.046561418929668807, -1.594800926063145052, 1.843807405799365196 ) ) ;
#3329 = CARTESIAN_POINT ( 'NONE',  ( 0.000000000000000000, -4.286309586575498543, 0.000000000000000000 ) ) ;
#3330 = FACE_OUTER_BOUND ( 'NONE', #319, .T. ) ;
#3331 = EDGE_CURVE ( 'NONE', #3140, #1956, #125, .T. ) ;
#3332 = ORIENTED_EDGE ( 'NONE', *, *, #2524, .F. ) ;
#3333 = DIRECTION ( 'NONE',  ( -0.000000000000000000, 7.228014483236695816E-17, 1.000000000000000000 ) ) ;
#3334 = DIRECTION ( 'NONE',  ( -0.5773502691896253980, -0.5773502691896263972, -0.5773502691896253980 ) ) ;
#3335 = LINE ( 'NONE', #1014, #1712 ) ;
#3336 = ORIENTED_EDGE ( 'NONE', *, *, #2551, .T. ) ;
#3337 = CARTESIAN_POINT ( 'NONE',  ( -4.962863900676156348, 4.413690413397840295, 3.700000000000000178 ) ) ;
#3338 = DIRECTION ( 'NONE',  ( 0.000000000000000000, -1.000000000000000000, -2.891205793294680298E-16 ) ) ;
#3339 = ORIENTED_EDGE ( 'NONE', *, *, #2076, .T. ) ;
#3340 = ADVANCED_FACE ( 'NONE', ( #1283 ), #3682, .T. ) ;
#3341 = CARTESIAN_POINT ( 'NONE',  ( -6.450505049984594841, -0.4950000000000011058, 2.497928932188134166 ) ) ;
#3342 = CYLINDRICAL_SURFACE ( 'NONE', #3271, 3.999999999999998224 ) ;
#3343 = CARTESIAN_POINT ( 'NONE',  ( 1.624926870625576392, -1.194701083587078827, 1.805298916412921617 ) ) ;
#3344 = CARTESIAN_POINT ( 'NONE',  ( 6.690177002578622023, -1.300000000000000266, 1.692928932188134006 ) ) ;
#3345 = ORIENTED_EDGE ( 'NONE', *, *, #3259, .T. ) ;
#3346 = PLANE ( 'NONE',  #1440 ) ;
#3347 = EDGE_CURVE ( 'NONE', #1933, #3135, #2902, .T. ) ;
#3348 = ORIENTED_EDGE ( 'NONE', *, *, #2068, .F. ) ;
#3349 = CARTESIAN_POINT ( 'NONE',  ( -7.708099243547828827, -1.500000000000003109, 4.000000000000000000 ) ) ;
#3350 = DIRECTION ( 'NONE',  ( 0.000000000000000000, 0.000000000000000000, 1.000000000000000000 ) ) ;
#3351 = ORIENTED_EDGE ( 'NONE', *, *, #2760, .T. ) ;
#3352 = EDGE_CURVE ( 'NONE', #4169, #3408, #2504, .T. ) ;
#3353 = EDGE_LOOP ( 'NONE', ( #1434, #4058, #1263, #2096, #724 ) ) ;
#3354 = DIRECTION ( 'NONE',  ( 0.000000000000000000, 0.000000000000000000, 1.000000000000000000 ) ) ;
#3355 = EDGE_LOOP ( 'NONE', ( #3898, #2525, #2514, #4198 ) ) ;
#3356 = DIRECTION ( 'NONE',  ( 0.000000000000000000, 0.000000000000000000, 1.000000000000000000 ) ) ;
#3357 = SURFACE_SIDE_STYLE ('',( #3131 ) ) ;
#3358 = CARTESIAN_POINT ( 'NONE',  ( 6.671150438746161981, 3.064177772475908945, 4.000000000000000000 ) ) ;
#3359 = ORIENTED_EDGE ( 'NONE', *, *, #85, .F. ) ;
#3360 = EDGE_CURVE ( 'NONE', #504, #3005, #1931, .T. ) ;
#3361 = CARTESIAN_POINT ( 'NONE',  ( 1.846649108158912922, -1.321730244720846104, 1.905320033865571805 ) ) ;
#3362 = CARTESIAN_POINT ( 'NONE',  ( 1.976311991728259443, -1.499999999999999556, -1.890295137286181149 ) ) ;
#3363 = DIRECTION ( 'NONE',  ( -1.000000000000000000, 0.000000000000000000, -0.000000000000000000 ) ) ;
#3364 = DIRECTION ( 'NONE',  ( 0.7660444431189771253, 0.6427876096865402511, 0.000000000000000000 ) ) ;
#3365 = ORIENTED_EDGE ( 'NONE', *, *, #482, .F. ) ;
#3366 = FACE_OUTER_BOUND ( 'NONE', #889, .T. ) ;
#3367 = ADVANCED_FACE ( 'NONE', ( #11 ), #110, .F. ) ;
#3368 = CARTESIAN_POINT ( 'NONE',  ( 1.548531806072031447, -0.5000000000000027756, 3.074315759163827266 ) ) ;
#3369 = AXIS2_PLACEMENT_3D ( 'NONE', #2894, #2529, #3584 ) ;
#3370 = VERTEX_POINT ( 'NONE', #4330 ) ;
#3371 = CIRCLE ( 'NONE', #2507, 0.9499999999889040536 ) ;
#3372 = CARTESIAN_POINT ( 'NONE',  ( 6.820789557759794342, -0.4843054332521856131, -2.684611166509320412 ) ) ;
#3373 =( NAMED_UNIT ( * ) PLANE_ANGLE_UNIT ( ) SI_UNIT ( $, .RADIAN. ) );
#3374 = FACE_OUTER_BOUND ( 'NONE', #1100, .T. ) ;
#3375 = AXIS2_PLACEMENT_3D ( 'NONE', #886, #4222, #2746 ) ;
#3376 = CARTESIAN_POINT ( 'NONE',  ( 1.420662200943609399, -0.4949999999999999956, -3.824627669499863547 ) ) ;
#3377 = CARTESIAN_POINT ( 'NONE',  ( -7.999999999999998224, -1.496464466094067136, -1.496464466094068246 ) ) ;
#3378 = FACE_OUTER_BOUND ( 'NONE', #1104, .T. ) ;
#3379 = CARTESIAN_POINT ( 'NONE',  ( -7.969253708192510999, -0.4950000000000001066, -2.497928932188135498 ) ) ;
#3380 = DIRECTION ( 'NONE',  ( 0.4545194776720459795, 0.5416752204196993992, 0.7071067811865479058 ) ) ;
#3381 = EDGE_CURVE ( 'NONE', #2231, #3976, #1582, .T. ) ;
#3383 = FACE_OUTER_BOUND ( 'NONE', #3798, .T. ) ;
#3382 = AXIS2_PLACEMENT_3D ( 'NONE', #4391, #12, #2553 ) ;
#3384 = ORIENTED_EDGE ( 'NONE', *, *, #2230, .F. ) ;
#3385 = LINE ( 'NONE', #266, #4115 ) ;
#3386 = DIRECTION ( 'NONE',  ( -0.000000000000000000, -0.000000000000000000, 1.000000000000000000 ) ) ;
#3387 = ORIENTED_EDGE ( 'NONE', *, *, #3917, .F. ) ;
#3388 = CARTESIAN_POINT ( 'NONE',  ( -1.899999999999999689, 3.413690413397838075, 4.000000000000000000 ) ) ;
#3389 = EDGE_CURVE ( 'NONE', #4102, #1347, #2681, .T. ) ;
#3390 = ADVANCED_FACE ( 'NONE', ( #1400 ), #3433, .F. ) ;
#3391 =( NAMED_UNIT ( * ) SI_UNIT ( $, .STERADIAN. ) SOLID_ANGLE_UNIT ( ) );
#3392 = CARTESIAN_POINT ( 'NONE',  ( -1.549494950015405159, -0.4949999999999993294, 4.000000000000000000 ) ) ;
#3393 = FACE_OUTER_BOUND ( 'NONE', #2150, .T. ) ;
#3394 = VERTEX_POINT ( 'NONE', #1129 ) ;
#3395 = CARTESIAN_POINT ( 'NONE',  ( 1.343983595600648062, -0.2676479237254850707, 2.918206976093464355 ) ) ;
#3396 = DIRECTION ( 'NONE',  ( -0.4545194776720438146, -0.5416752204196982889, -0.7071067811865501263 ) ) ;
#3397 = CARTESIAN_POINT ( 'NONE',  ( -7.710117922654209366, -1.495000000000000329, -1.497928932188135054 ) ) ;
#3398 = AXIS2_PLACEMENT_3D ( 'NONE', #986, #1344, #675 ) ;
#3399 = EDGE_LOOP ( 'NONE', ( #1673, #1885, #4448, #4147, #4, #3660, #1568, #492 ) ) ;
#3400 = CARTESIAN_POINT ( 'NONE',  ( -7.999999999999998224, -1.496464466094067580, 1.496464466094066692 ) ) ;
#3401 = VECTOR ( 'NONE', #4660, 1000.000000000000000 ) ;
#3402 = CARTESIAN_POINT ( 'NONE',  ( 6.374307586543710435, -1.507728059288983680, 1.589514595933106067 ) ) ;
#3403 = ORIENTED_EDGE ( 'NONE', *, *, #2026, .T. ) ;
#3404 = AXIS2_PLACEMENT_3D ( 'NONE', #2011, #2025, #3471 ) ;
#3405 = CONICAL_SURFACE ( 'NONE', #3398, 2.799999999960164132, 0.7853981634921873844 ) ;
#3406 = APPLICATION_PROTOCOL_DEFINITION ( 'draft international standard', 'automotive_design', 1998, #2981 ) ;
#3407 = DIRECTION ( 'NONE',  ( -0.000000000000000000, 7.228014483236695816E-17, 1.000000000000000000 ) ) ;
#3408 = VERTEX_POINT ( 'NONE', #1515 ) ;
#3409 = ORIENTED_EDGE ( 'NONE', *, *, #2582, .T. ) ;
#3410 = CARTESIAN_POINT ( 'NONE',  ( -2.054479267877127313, 2.013690413405308632, -3.999999999992529531 ) ) ;
#3411 = CARTESIAN_POINT ( 'NONE',  ( 2.101040382072630219, 2.050444049979090799, -3.963246363418748253 ) ) ;
#3412 = CARTESIAN_POINT ( 'NONE',  ( 1.976315994397759734, -1.500002296987928085, 1.958674534477661489 ) ) ;
#3413 = DIRECTION ( 'NONE',  ( -0.7071067812535380970, 8.659560563175332176E-17, 0.7071067811195568265 ) ) ;
#3414 = ORIENTED_EDGE ( 'NONE', *, *, #4317, .F. ) ;
#3415 = ORIENTED_EDGE ( 'NONE', *, *, #1389, .F. ) ;
#3416 = ADVANCED_FACE ( 'NONE', ( #296 ), #3633, .T. ) ;
#3417 = CARTESIAN_POINT ( 'NONE',  ( 4.100000000000000533, -8.131516293641283255E-17, -3.699999999980718712 ) ) ;
#3418 = CARTESIAN_POINT ( 'NONE',  ( 6.671150438751479506, 3.064177772482246986, -3.699999999991730348 ) ) ;
#3419 = ORIENTED_EDGE ( 'NONE', *, *, #1217, .T. ) ;
#3420 = EDGE_CURVE ( 'NONE', #3394, #102, #2397, .T. ) ;
#3421 = CARTESIAN_POINT ( 'NONE',  ( 6.815191853508550501, -0.4999337145626985279, 2.667772149970829343 ) ) ;
#3422 = ORIENTED_EDGE ( 'NONE', *, *, #144, .T. ) ;
#3423 = CARTESIAN_POINT ( 'NONE',  ( 6.353350891839854242, -1.321730244719719005, -1.905320033866405360 ) ) ;
#3424 = EDGE_CURVE ( 'NONE', #873, #4651, #2442, .T. ) ;
#3425 = ORIENTED_EDGE ( 'NONE', *, *, #1929, .F. ) ;
#3426 = FACE_OUTER_BOUND ( 'NONE', #3013, .T. ) ;
#3427 = CARTESIAN_POINT ( 'NONE',  ( 6.734052137610239797, -0.5000000000000003331, 2.447066389276312481 ) ) ;
#3428 = CARTESIAN_POINT ( 'NONE',  ( -1.996259747372429727, -1.495000000000000329, 1.497928932188133944 ) ) ;
#3429 = CONICAL_SURFACE ( 'NONE', #3225, 1.449999999863393896, 0.7853981633974482790 ) ;
#3430 = DIRECTION ( 'NONE',  ( -0.5773502691896270633, 0.5773502691896270633, -0.5773502691896230665 ) ) ;
#3431 = B_SPLINE_CURVE_WITH_KNOTS ( 'NONE', 3,
 ( #1108, #27, #4715, #2950 ),
 .UNSPECIFIED., .F., .F.,
 ( 4, 4 ),
 ( 0.000000000000000000, 1.000000000000000000 ),
 .UNSPECIFIED. ) ;
#3432 = ORIENTED_EDGE ( 'NONE', *, *, #3981, .F. ) ;
#3433 = CONICAL_SURFACE ( 'NONE', #1179, 2.799999999960164132, 0.7853981634921873844 ) ;
#3434 = CARTESIAN_POINT ( 'NONE',  ( 8.068626966566917247, -0.4999999999999992784, -3.699999999969799003 ) ) ;
#3435 = CARTESIAN_POINT ( 'NONE',  ( 6.695691873714382680, -1.227044358864025186, -1.772955641135976812 ) ) ;
#3436 = ADVANCED_FACE ( 'NONE', ( #473 ), #2220, .F. ) ;
#3437 = DIRECTION ( 'NONE',  ( -0.000000000000000000, -0.000000000000000000, -1.000000000000000000 ) ) ;
#3438 = CONICAL_SURFACE ( 'NONE', #2387, 2.899999999960164665, 0.7853981633974482790 ) ;
#3439 = EDGE_LOOP ( 'NONE', ( #1557, #169, #1139, #3237, #4615, #4471, #988, #4218 ) ) ;
#3440 = ORIENTED_EDGE ( 'NONE', *, *, #2013, .T. ) ;
#3441 = DIRECTION ( 'NONE',  ( 1.000000000000000000, 0.000000000000000000, 0.000000000000000000 ) ) ;
#3442 = DIRECTION ( 'NONE',  ( -1.000000000000000000, 0.000000000000000000, -0.000000000000000000 ) ) ;
#3443 = FACE_OUTER_BOUND ( 'NONE', #1424, .T. ) ;
#3444 = ORIENTED_EDGE ( 'NONE', *, *, #2808, .T. ) ;
#3445 = VERTEX_POINT ( 'NONE', #2970 ) ;
#3446 = EDGE_CURVE ( 'NONE', #3678, #2288, #2336, .T. ) ;
#3447 = CARTESIAN_POINT ( 'NONE',  ( 6.734053726166845166, -0.8003470157467579282, 2.346730623969788709 ) ) ;
#3448 = LINE ( 'NONE', #4245, #22 ) ;
#3449 = VERTEX_POINT ( 'NONE', #96 ) ;
#3450 = CARTESIAN_POINT ( 'NONE',  ( -2.158921348434224896, 2.054769185465939341, 3.958921348434222054 ) ) ;
#3451 = FACE_OUTER_BOUND ( 'NONE', #1789, .T. ) ;
#3452 = CARTESIAN_POINT ( 'NONE',  ( 6.202590891337980139, -1.533267017895636242, -1.667119780219116443 ) ) ;
#3453 = EDGE_CURVE ( 'NONE', #643, #3850, #2937, .T. ) ;
#3454 = ORIENTED_EDGE ( 'NONE', *, *, #1682, .F. ) ;
#3455 = LINE ( 'NONE', #838, #2298 ) ;
#3456 = CARTESIAN_POINT ( 'NONE',  ( -1.244101779843058031, -0.4950000000000008837, 3.999999999977842613 ) ) ;
#3457 = CARTESIAN_POINT ( 'NONE',  ( -7.837997284175633794, -1.178883449206465706, 1.821116550793534739 ) ) ;
#3458 = VERTEX_POINT ( 'NONE', #540 ) ;
#3459 = DIRECTION ( 'NONE',  ( 0.000000000000000000, 0.000000000000000000, 1.000000000000000000 ) ) ;
#3460 = CARTESIAN_POINT ( 'NONE',  ( 1.548529888989079950, -0.4999997916108455676, -3.163880376616044821 ) ) ;
#3461 = VECTOR ( 'NONE', #3881, 1000.000000000000000 ) ;
#3462 = AXIS2_PLACEMENT_3D ( 'NONE', #450, #2654, #499 ) ;
#3463 = ADVANCED_FACE ( 'NONE', ( #1694 ), #3741, .F. ) ;
#3464 = CARTESIAN_POINT ( 'NONE',  ( 6.546625697235716856, -0.8863553396047724187, -1.955489146881254081 ) ) ;
#3465 = VERTEX_POINT ( 'NONE', #1566 ) ;
#3466 = LINE ( 'NONE', #4536, #2533 ) ;
#3467 = AXIS2_PLACEMENT_3D ( 'NONE', #1335, #277, #4287 ) ;
#3468 = VERTEX_POINT ( 'NONE', #1208 ) ;
#3469 = CARTESIAN_POINT ( 'NONE',  ( 1.345449255246019549, -0.8915013126766853091, -2.108498687323314247 ) ) ;
#3470 = VERTEX_POINT ( 'NONE', #124 ) ;
#3471 = DIRECTION ( 'NONE',  ( 0.000000000000000000, 0.000000000000000000, -1.000000000000000000 ) ) ;
#3472 = CARTESIAN_POINT ( 'NONE',  ( 0.000000000000000000, -4.286309586518655124, 0.000000000000000000 ) ) ;
#3473 = ORIENTED_EDGE ( 'NONE', *, *, #612, .F. ) ;
#3474 = ORIENTED_EDGE ( 'NONE', *, *, #1670, .F. ) ;
#3475 = DIRECTION ( 'NONE',  ( 0.000000000000000000, 0.000000000000000000, -1.000000000000000000 ) ) ;
#3476 = CARTESIAN_POINT ( 'NONE',  ( 6.189239584018745965, -1.547603941765846924, 1.263442060975919601 ) ) ;
#3477 = EDGE_CURVE ( 'NONE', #2889, #116, #4329, .T. ) ;
#3478 = ORIENTED_EDGE ( 'NONE', *, *, #1037, .F. ) ;
#3479 = CARTESIAN_POINT ( 'NONE',  ( 6.674417427725273910, -0.3638336265718030149, -2.502347964646506107 ) ) ;
#3480 = DIRECTION ( 'NONE',  ( -1.000000000000000000, 0.000000000000000000, 0.000000000000000000 ) ) ;
#3481 =( BOUNDED_CURVE ( )  B_SPLINE_CURVE ( 3, ( #521, #4192, #3115, #4489 ),
 .UNSPECIFIED., .F., .T. ) 
 B_SPLINE_CURVE_WITH_KNOTS ( ( 4, 4 ),
 ( 1.570796326794897668, 2.917517368287979806 ),
 .UNSPECIFIED. ) 
 CURVE ( )  GEOMETRIC_REPRESENTATION_ITEM ( )  RATIONAL_B_SPLINE_CURVE ( ( 1.000000000000000000, 0.8544869384213118479, 0.8544869384213118479, 1.000000000000000000 ) ) 
 REPRESENTATION_ITEM ( '' )  );
#3482 = ORIENTED_EDGE ( 'NONE', *, *, #2974, .T. ) ;
#3483 = EDGE_CURVE ( 'NONE', #3783, #3536, #392, .T. ) ;
#3484 = CARTESIAN_POINT ( 'NONE',  ( 6.496156865734382890, -1.540111803958514436, -1.459888196041485786 ) ) ;
#3485 = CARTESIAN_POINT ( 'NONE',  ( 1.772956570386622577, -1.500000000000000000, 1.565206134049271114 ) ) ;
#3486 = LINE ( 'NONE', #3557, #4264 ) ;
#3487 = CARTESIAN_POINT ( 'NONE',  ( -2.186101966189202717, 2.114953097232867396, 3.986101966189199430 ) ) ;
#3488 = FACE_OUTER_BOUND ( 'NONE', #1439, .T. ) ;
#3489 = DIRECTION ( 'NONE',  ( -0.000000000000000000, -0.000000000000000000, -1.000000000000000000 ) ) ;
#3490 = DIRECTION ( 'NONE',  ( -0.000000000000000000, -1.445602896647339410E-16, 1.000000000000000000 ) ) ;
#3491 = VECTOR ( 'NONE', #1615, 1000.000000000000000 ) ;
#3492 = AXIS2_PLACEMENT_3D ( 'NONE', #4591, #3513, #2824 ) ;
#3493 = CARTESIAN_POINT ( 'NONE',  ( -3.999999999999996447, 1.021924959892513503E-15, -3.700000000094405550 ) ) ;
#3494 = ORIENTED_EDGE ( 'NONE', *, *, #4563, .F. ) ;
#3495 = ORIENTED_EDGE ( 'NONE', *, *, #4262, .T. ) ;
#3496 = DIRECTION ( 'NONE',  ( 0.000000000000000000, -0.7071067811865499042, -0.7071067811865452413 ) ) ;
#3497 = ORIENTED_EDGE ( 'NONE', *, *, #1826, .F. ) ;
#3498 = CARTESIAN_POINT ( 'NONE',  ( 6.135018726177138504, -1.618239408773740173, -1.570283453837586052 ) ) ;
#3499 = CARTESIAN_POINT ( 'NONE',  ( 6.700000000023464963, 2.370930048447725603E-16, 3.699999999980718712 ) ) ;
#3500 = EDGE_CURVE ( 'NONE', #2187, #4082, #522, .T. ) ;
#3502 = VECTOR ( 'NONE', #3333, 1000.000000000000000 ) ;
#3501 = AXIS2_PLACEMENT_3D ( 'NONE', #3801, #2291, #4520 ) ;
#3503 = EDGE_LOOP ( 'NONE', ( #4022, #3113, #4088, #2324 ) ) ;
#3504 = CARTESIAN_POINT ( 'NONE',  ( 1.775737858735594245E-16, -1.500000000078216544, -1.449999999977080734 ) ) ;
#3505 = VECTOR ( 'NONE', #154, 1000.000000000000000 ) ;
#3506 = VERTEX_POINT ( 'NONE', #1924 ) ;
#3507 = CARTESIAN_POINT ( 'NONE',  ( 1.509822997421381041, -0.8711978629791440332, 2.121731069211928666 ) ) ;
#3508 = EDGE_CURVE ( 'NONE', #4123, #3240, #4160, .T. ) ;
#3509 = CARTESIAN_POINT ( 'NONE',  ( -6.449489742791764790, -0.5000000000000000000, -3.699999999972305886 ) ) ;
#3510 = ORIENTED_EDGE ( 'NONE', *, *, #21, .T. ) ;
#3511 = LINE ( 'NONE', #535, #4071 ) ;
#3512 = CARTESIAN_POINT ( 'NONE',  ( 1.501128005547124777, -1.226729251078167326, -1.770883325294205113 ) ) ;
#3513 = DIRECTION ( 'NONE',  ( 0.000000000000000000, -0.7071067811865481278, 0.7071067811865470176 ) ) ;
#3514 = EDGE_CURVE ( 'NONE', #1306, #2984, #2157, .T. ) ;
#3515 = DIRECTION ( 'NONE',  ( 0.000000000000000000, 0.000000000000000000, -1.000000000000000000 ) ) ;
#3516 = ORIENTED_EDGE ( 'NONE', *, *, #2165, .T. ) ;
#3517 = FACE_OUTER_BOUND ( 'NONE', #400, .T. ) ;
#3518 = DIRECTION ( 'NONE',  ( 0.000000000000000000, -0.7071067811865477948, -0.7071067811865473507 ) ) ;
#3519 = ORIENTED_EDGE ( 'NONE', *, *, #1084, .T. ) ;
#3520 = DIRECTION ( 'NONE',  ( 0.7660444431189775694, 0.6427876096865398070, -0.000000000000000000 ) ) ;
#3521 = AXIS2_PLACEMENT_3D ( 'NONE', #1247, #1625, #155 ) ;
#3522 = ORIENTED_EDGE ( 'NONE', *, *, #2760, .F. ) ;
#3523 = CARTESIAN_POINT ( 'NONE',  ( 6.637633653883237450, -0.5762104902716589372, -2.280079381912476943 ) ) ;
#3524 = DIRECTION ( 'NONE',  ( 0.7071067811865474617, 8.659560562354932858E-17, -0.7071067811865474617 ) ) ;
#3525 = ORIENTED_EDGE ( 'NONE', *, *, #2343, .T. ) ;
#3526 = ORIENTED_EDGE ( 'NONE', *, *, #4110, .F. ) ;
#3527 = ORIENTED_EDGE ( 'NONE', *, *, #4194, .T. ) ;
#3528 = DIRECTION ( 'NONE',  ( 0.000000000000000000, -0.7071067811865483499, -0.7071067811865466846 ) ) ;
#3529 = ADVANCED_FACE ( 'NONE', ( #738 ), #2653, .T. ) ;
#3530 = DIRECTION ( 'NONE',  ( 0.000000000000000000, -0.7071067811865481278, 0.7071067811865470176 ) ) ;
#3531 = ORIENTED_EDGE ( 'NONE', *, *, #4066, .F. ) ;
#3532 = DIRECTION ( 'NONE',  ( -0.7071067811865474617, 0.000000000000000000, -0.7071067811865474617 ) ) ;
#3533 = EDGE_CURVE ( 'NONE', #3907, #134, #1340, .T. ) ;
#3534 = CARTESIAN_POINT ( 'NONE',  ( -6.799999999960164132, 3.429011037563804145E-16, 3.999999999962255970 ) ) ;
#3535 =( GEOMETRIC_REPRESENTATION_CONTEXT ( 3 ) GLOBAL_UNCERTAINTY_ASSIGNED_CONTEXT ( ( #2763 ) ) GLOBAL_UNIT_ASSIGNED_CONTEXT ( ( #493, #2232, #3391 ) ) REPRESENTATION_CONTEXT ( 'NONE', 'WORKASPACE' ) );
#3536 = VERTEX_POINT ( 'NONE', #3033 ) ;
#3537 = LINE ( 'NONE', #4127, #2555 ) ;
#3538 = CARTESIAN_POINT ( 'NONE',  ( 6.956571371392518799, -0.4999999999999998890, -3.999999999977839060 ) ) ;
#3539 = CARTESIAN_POINT ( 'NONE',  ( -4.000000000000000000, 0.000000000000000000, 4.000000000000000000 ) ) ;
#3540 = EDGE_CURVE ( 'NONE', #3701, #2647, #414, .T. ) ;
#3541 = LINE ( 'NONE', #2207, #4103 ) ;
#3542 = DIRECTION ( 'NONE',  ( -1.000000000000000000, 0.000000000000000000, 0.000000000000000000 ) ) ;
#3543 = CARTESIAN_POINT ( 'NONE',  ( -2.186101929190201076, 2.114953017932292845, -3.986101929190200899 ) ) ;
#3544 = CARTESIAN_POINT ( 'NONE',  ( 7.766739014405432684, -0.4949999999999998845, -3.999999999969009234 ) ) ;
#3545 = ORIENTED_EDGE ( 'NONE', *, *, #1149, .T. ) ;
#3546 = VECTOR ( 'NONE', #1223, 1000.000000000000000 ) ;
#3547 = ORIENTED_EDGE ( 'NONE', *, *, #2329, .F. ) ;
#3548 = EDGE_CURVE ( 'NONE', #1778, #1733, #184, .T. ) ;
#3549 = CARTESIAN_POINT ( 'NONE',  ( 2.200000000000000622, 3.713690413397838785, -4.000000000000000000 ) ) ;
#3550 = CARTESIAN_POINT ( 'NONE',  ( -4.853672830396299709, 4.113690413397838697, -4.000000000000000000 ) ) ;
#3551 = CARTESIAN_POINT ( 'NONE',  ( 6.379682287334258461, -1.500000050647962047, -1.597788560892814180 ) ) ;
#3552 = CYLINDRICAL_SURFACE ( 'NONE', #42, 2.500000000000000444 ) ;
#3553 = ORIENTED_EDGE ( 'NONE', *, *, #1190, .F. ) ;
#3554 = ADVANCED_FACE ( 'NONE', ( #2565 ), #2966, .F. ) ;
#3555 = CARTESIAN_POINT ( 'NONE',  ( 1.432815872037432214, -0.6954638876243242063, -2.458911694802067061 ) ) ;
#3556 = AXIS2_PLACEMENT_3D ( 'NONE', #2585, #1483, #2622 ) ;
#3557 = CARTESIAN_POINT ( 'NONE',  ( -1.899999999999999689, 2.313690413397837986, 4.000000000000000000 ) ) ;
#3558 = CIRCLE ( 'NONE', #2122, 2.799999999979263521 ) ;
#3559 = CARTESIAN_POINT ( 'NONE',  ( 1.443384035438540325, -1.116862933919495759, -1.880615204067911606 ) ) ;
#3560 = VECTOR ( 'NONE', #3154, 1000.000000000000000 ) ;
#3561 = DIRECTION ( 'NONE',  ( 0.000000000000000000, -0.000000000000000000, 1.000000000000000000 ) ) ;
#3562 = ORIENTED_EDGE ( 'NONE', *, *, #2843, .F. ) ;
#3563 = CARTESIAN_POINT ( 'NONE',  ( -3.999999999999996447, 3.713690413397837897, -4.000000000000000000 ) ) ;
#3564 = EDGE_CURVE ( 'NONE', #4393, #1704, #4216, .T. ) ;
#3565 = LINE ( 'NONE', #3116, #1829 ) ;
#3566 = ORIENTED_EDGE ( 'NONE', *, *, #2080, .F. ) ;
#3567 = DIRECTION ( 'NONE',  ( -0.000000000000000000, -1.000000000000000000, -0.000000000000000000 ) ) ;
#3568 = CIRCLE ( 'NONE', #2280, 3.700000000018458746 ) ;
#3569 = CARTESIAN_POINT ( 'NONE',  ( -2.199999999999999734, 1.021924959892513503E-15, -4.000000000000000000 ) ) ;
#3570 = DIRECTION ( 'NONE',  ( -6.117434851868013211E-17, 0.7071067811865442421, -0.7071067811865509034 ) ) ;
#3571 = EDGE_CURVE ( 'NONE', #505, #1966, #4439, .T. ) ;
#3572 = ORIENTED_EDGE ( 'NONE', *, *, #2582, .F. ) ;
#3573 = DIRECTION ( 'NONE',  ( -1.141265444721583757E-16, 1.000000000000000000, 0.000000000000000000 ) ) ;
#3574 = CIRCLE ( 'NONE', #2989, 2.900000000061845107 ) ;
#3575 = ORIENTED_EDGE ( 'NONE', *, *, #1995, .T. ) ;
#3576 = CARTESIAN_POINT ( 'NONE',  ( -1.774344437579154388, -1.197568134510300197, 1.795360797677833853 ) ) ;
#3577 = LINE ( 'NONE', #3100, #325 ) ;
#3578 = CARTESIAN_POINT ( 'NONE',  ( 0.000000000000000000, -3.986309586537117866, -1.999999999952706276 ) ) ;
#3579 = EDGE_CURVE ( 'NONE', #1351, #4427, #1970, .T. ) ;
#3580 = ADVANCED_FACE ( 'NONE', ( #4604 ), #3992, .T. ) ;
#3581 = CARTESIAN_POINT ( 'NONE',  ( 5.105479388357662351, -3.986309586602163169, -4.000000000000000000 ) ) ;
#3582 = ORIENTED_EDGE ( 'NONE', *, *, #685, .T. ) ;
#3583 = ORIENTED_EDGE ( 'NONE', *, *, #912, .T. ) ;
#3584 = DIRECTION ( 'NONE',  ( 1.000000000000000000, 0.000000000000000000, 0.000000000000000000 ) ) ;
#3585 = ORIENTED_EDGE ( 'NONE', *, *, #2198, .T. ) ;
#3586 = EDGE_LOOP ( 'NONE', ( #1571, #180, #208, #191 ) ) ;
#3587 = CARTESIAN_POINT ( 'NONE',  ( 6.286548540371882154, -1.678121738581349387, -1.321878261418650391 ) ) ;
#3588 = CARTESIAN_POINT ( 'NONE',  ( 6.690177002578623799, -0.8711978629625480863, 2.121731069225587962 ) ) ;
#3589 = B_SPLINE_CURVE_WITH_KNOTS ( 'NONE', 3,
 ( #2423, #4602, #2411, #246 ),
 .UNSPECIFIED., .F., .F.,
 ( 4, 4 ),
 ( 3.256801776177538607E-11, 0.0001724593057124910176 ),
 .UNSPECIFIED. ) ;
#3590 = ORIENTED_EDGE ( 'NONE', *, *, #948, .T. ) ;
#3591 = EDGE_CURVE ( 'NONE', #2419, #1939, #1927, .T. ) ;
#3592 = CARTESIAN_POINT ( 'NONE',  ( 1.384808150012000194, -0.4999337102465380434, 2.667772146629190821 ) ) ;
#3593 = ORIENTED_EDGE ( 'NONE', *, *, #4136, .T. ) ;
#3594 = CARTESIAN_POINT ( 'NONE',  ( 1.243428628604142050, -0.4999999999999998890, -3.999999999981127985 ) ) ;
#3595 = CARTESIAN_POINT ( 'NONE',  ( 1.876700012226401260, -1.359041047224006871, 2.129382595358121577 ) ) ;
#3596 = ORIENTED_EDGE ( 'NONE', *, *, #3688, .T. ) ;
#3597 = LINE ( 'NONE', #2022, #2085 ) ;
#3598 = DIRECTION ( 'NONE',  ( -0.000000000000000000, 0.000000000000000000, 1.000000000000000000 ) ) ;
#3599 = EDGE_CURVE ( 'NONE', #3083, #46, #4436, .T. ) ;
#3600 = CARTESIAN_POINT ( 'NONE',  ( 4.100000000000000533, -8.131516293641283255E-17, 3.999999999905412551 ) ) ;
#3601 = CARTESIAN_POINT ( 'NONE',  ( -3.999999999999996447, 4.113690413397837808, 4.000000000000000000 ) ) ;
#3602 = ORIENTED_EDGE ( 'NONE', *, *, #2952, .F. ) ;
#3603 = FACE_OUTER_BOUND ( 'NONE', #3353, .T. ) ;
#3604 = CARTESIAN_POINT ( 'NONE',  ( 7.766739014472086922, -0.4950000000000008837, 3.999999999971804776 ) ) ;
#3605 = EDGE_CURVE ( 'NONE', #2717, #95, #3769, .T. ) ;
#3606 = ADVANCED_FACE ( 'NONE', ( #3374 ), #2394, .T. ) ;
#3607 = CIRCLE ( 'NONE', #991, 2.900000000061845107 ) ;
#3608 = DIRECTION ( 'NONE',  ( 0.000000000000000000, -1.000000000000000000, -0.000000000000000000 ) ) ;
#3609 = DIRECTION ( 'NONE',  ( 0.000000000000000000, -1.000000000000000000, 7.228014483236695816E-17 ) ) ;
#3610 = VERTEX_POINT ( 'NONE', #4021 ) ;
#3611 = CARTESIAN_POINT ( 'NONE',  ( 6.643751078678168831, -0.5487500835787393338, 2.789096015022461295 ) ) ;
#3612 = CARTESIAN_POINT ( 'NONE',  ( 8.026402039008916134, -0.8386144379984201702, -2.154314494189715212 ) ) ;
#3613 = LINE ( 'NONE', #3879, #1645 ) ;
#3615 = ORIENTED_EDGE ( 'NONE', *, *, #4275, .T. ) ;
#3614 = DIRECTION ( 'NONE',  ( 0.000000000000000000, -7.228014483236697048E-17, -1.000000000000000000 ) ) ;
#3616 = CARTESIAN_POINT ( 'NONE',  ( 1.163414459183191371E-16, 2.013690413377844379, -0.9499999999889041646 ) ) ;
#3617 = VECTOR ( 'NONE', #2587, 1000.000000000000000 ) ;
#3618 = ORIENTED_EDGE ( 'NONE', *, *, #1178, .F. ) ;
#3619 = CARTESIAN_POINT ( 'NONE',  ( 6.956571371474632670, -0.5000000000000008882, 3.999999999957043251 ) ) ;
#3620 = B_SPLINE_CURVE_WITH_KNOTS ( 'NONE', 3,
 ( #2007, #1679, #2819, #2849 ),
 .UNSPECIFIED., .F., .F.,
 ( 4, 4 ),
 ( 5.237180761152159254E-15, 0.0004281748999477442801 ),
 .UNSPECIFIED. ) ;
#3621 = ORIENTED_EDGE ( 'NONE', *, *, #4311, .T. ) ;
#3622 =( BOUNDED_SURFACE ( )  B_SPLINE_SURFACE ( 3, 2, ( 
 ( #2254, #2271, #3395 ),
 ( #2632, #93, #447 ),
 ( #3015, #1547, #108 ),
 ( #3001, #2598, #822 ),
 ( #808, #2235, #2218 ),
 ( #3738, #1922, #76 ),
 ( #480, #3361, #2985 ),
 ( #3328, #1532, #2968 ) ),
 .UNSPECIFIED., .F., .F., .F. ) 
 B_SPLINE_SURFACE_WITH_KNOTS ( ( 4, 2, 2, 4 ),
 ( 3, 3 ),
 ( 0.004113098836299268479, 0.004605777519332561465, 0.005098456202365855318, 0.006083813568432442156 ),
 ( 0.000000000000000000, 1.000000000000000000 ),
 .UNSPECIFIED. ) 
 GEOMETRIC_REPRESENTATION_ITEM ( )  RATIONAL_B_SPLINE_SURFACE ( (
 ( 1.000000000000000000, 0.9182912418214000949, 1.000000000000000000),
 ( 1.000000000000000000, 0.9199202561375746656, 1.000000000000000000),
 ( 1.000000000000000000, 0.9218578888780677438, 1.000000000000000000),
 ( 1.000000000000000000, 0.9254187110405374117, 1.000000000000000000),
 ( 1.000000000000000000, 0.9271262671280330325, 1.000000000000000000),
 ( 1.000000000000000000, 0.9320153802498024609, 1.000000000000000000),
 ( 1.000000000000000000, 0.9349601181546960404, 1.000000000000000000),
 ( 1.000000000000000000, 0.9375336409511764169, 1.000000000000000000) ) ) 
 REPRESENTATION_ITEM ( '' )  SURFACE ( )  );
#3623 = DIRECTION ( 'NONE',  ( 1.000000000000000000, 0.000000000000000000, 0.000000000000000000 ) ) ;
#3624 = CARTESIAN_POINT ( 'NONE',  ( 6.755827126932015148, -0.6614844176444996116, 2.338515582355501721 ) ) ;
#3625 = ORIENTED_EDGE ( 'NONE', *, *, #3298, .F. ) ;
#3626 = EDGE_CURVE ( 'NONE', #2573, #1933, #3656, .T. ) ;
#3627 = VECTOR ( 'NONE', #1445, 1000.000000000000000 ) ;
#3628 = CARTESIAN_POINT ( 'NONE',  ( 1.509822997421380375, -1.300000000000000266, 1.692928932188134228 ) ) ;
#3629 = ORIENTED_EDGE ( 'NONE', *, *, #3477, .F. ) ;
#3630 = CARTESIAN_POINT ( 'NONE',  ( 6.379682287300728838, -1.500000050574287425, 1.597788560844011885 ) ) ;
#3631 = LINE ( 'NONE', #3799, #3114 ) ;
#3632 = PRODUCT_DEFINITION_SHAPE ( 'NONE', 'NONE',  #2395 ) ;
#3633 = PLANE ( 'NONE',  #3744 ) ;
#3634 = EDGE_CURVE ( 'NONE', #1709, #2427, #1081, .T. ) ;
#3635 = ORIENTED_EDGE ( 'NONE', *, *, #3599, .T. ) ;
#3636 = ORIENTED_EDGE ( 'NONE', *, *, #1458, .T. ) ;
#3637 = EDGE_LOOP ( 'NONE', ( #1261, #1969, #323, #3575 ) ) ;
#3638 = DIRECTION ( 'NONE',  ( 0.000000000000000000, 0.000000000000000000, -1.000000000000000000 ) ) ;
#3639 = AXIS2_PLACEMENT_3D ( 'NONE', #2200, #2140, #4702 ) ;
#3640 = CARTESIAN_POINT ( 'NONE',  ( 6.696842858980522450, -0.8791018121141740416, 2.120898187885826847 ) ) ;
#3641 = ORIENTED_EDGE ( 'NONE', *, *, #2040, .T. ) ;
#3642 = ORIENTED_EDGE ( 'NONE', *, *, #1744, .F. ) ;
#3643 = CARTESIAN_POINT ( 'NONE',  ( -7.999999999999998224, -1.495000000000000551, 1.497928932188133722 ) ) ;
#3644 = DIRECTION ( 'NONE',  ( -0.7660444431189759040, 0.6427876096865419164, 0.000000000000000000 ) ) ;
#3645 = CARTESIAN_POINT ( 'NONE',  ( -1.549494950029124407, -0.4950000000000006617, 3.700000000034801229 ) ) ;
#3646 = AXIS2_PLACEMENT_3D ( 'NONE', #4676, #4090, #2958 ) ;
#3647 = ORIENTED_EDGE ( 'NONE', *, *, #1740, .F. ) ;
#3648 = CARTESIAN_POINT ( 'NONE',  ( 0.000000000000000000, -4.286309586602162547, 0.000000000000000000 ) ) ;
#3649 = CARTESIAN_POINT ( 'NONE',  ( -6.003740252627570051, -1.495000000000000107, -1.497928932188135276 ) ) ;
#3650 = ORIENTED_EDGE ( 'NONE', *, *, #2375, .F. ) ;
#3651 = VECTOR ( 'NONE', #60, 1000.000000000000000 ) ;
#3652 = ADVANCED_FACE ( 'NONE', ( #3603 ), #2502, .F. ) ;
#3653 = CARTESIAN_POINT ( 'NONE',  ( -6.571150438728985854, 3.064177772459981242, -3.699999999990362110 ) ) ;
#3654 = AXIS2_PLACEMENT_3D ( 'NONE', #258, #1993, #561 ) ;
#3655 = DIRECTION ( 'NONE',  ( 0.000000000000000000, 0.000000000000000000, 1.000000000000000000 ) ) ;
#3656 = LINE ( 'NONE', #2543, #2678 ) ;
#3657 = CARTESIAN_POINT ( 'NONE',  ( 6.651470111010923780, -0.4999997916108526175, 3.163880376616057255 ) ) ;
#3658 = CARTESIAN_POINT ( 'NONE',  ( 6.753269533282441728, -0.5000000000000000000, -3.799899250914968274 ) ) ;
#3659 = EDGE_CURVE ( 'NONE', #1384, #4102, #2783, .T. ) ;
#3660 = ORIENTED_EDGE ( 'NONE', *, *, #718, .F. ) ;
#3661 = CARTESIAN_POINT ( 'NONE',  ( 1.509822997421379487, -0.2257943651035222710, -3.699999999991341326 ) ) ;
#3662 = CARTESIAN_POINT ( 'NONE',  ( -1.244101779843058031, -0.4950000000000008837, 3.999999999977842613 ) ) ;
#3663 = LINE ( 'NONE', #3849, #950 ) ;
#3664 = ORIENTED_EDGE ( 'NONE', *, *, #304, .T. ) ;
#3665 = CARTESIAN_POINT ( 'NONE',  ( 1.899999999999999911, 3.413690413397838075, 3.699999999999998401 ) ) ;
#3666 = VECTOR ( 'NONE', #4444, 1000.000000000000000 ) ;
#3667 = ORIENTED_EDGE ( 'NONE', *, *, #2132, .F. ) ;
#3668 = EDGE_CURVE ( 'NONE', #497, #2019, #1987, .T. ) ;
#3669 = DIRECTION ( 'NONE',  ( -0.7660444431189759040, 0.6427876096865419164, 0.000000000000000000 ) ) ;
#3670 = CARTESIAN_POINT ( 'NONE',  ( -7.666060555977592728, -0.4999999999999998890, -3.999999999967909226 ) ) ;
#3671 = ORIENTED_EDGE ( 'NONE', *, *, #158, .T. ) ;
#3672 = AXIS2_PLACEMENT_3D ( 'NONE', #326, #2853, #2490 ) ;
#3673 = FACE_OUTER_BOUND ( 'NONE', #3751, .T. ) ;
#3674 = DIRECTION ( 'NONE',  ( 1.000000000000000000, 4.198533792886056464E-17, 4.198533792886078650E-17 ) ) ;
#3675 = ADVANCED_FACE ( 'NONE', ( #3488 ), #4414, .T. ) ;
#3676 = CARTESIAN_POINT ( 'NONE',  ( -1.447588354984239656, -0.4950000000000008837, 3.799889050340207408 ) ) ;
#3677 = FACE_OUTER_BOUND ( 'NONE', #2316, .T. ) ;
#3678 = VERTEX_POINT ( 'NONE', #4382 ) ;
#3679 = DIRECTION ( 'NONE',  ( 0.000000000000000000, 1.000000000000000000, 0.000000000000000000 ) ) ;
#3680 = VECTOR ( 'NONE', #265, 1000.000000000000000 ) ;
#3681 = B_SPLINE_CURVE_WITH_KNOTS ( 'NONE', 3,
 ( #128, #2672, #813, #826 ),
 .UNSPECIFIED., .F., .F.,
 ( 4, 4 ),
 ( 7.429381840336875657E-15, 0.0004278863710337791021 ),
 .UNSPECIFIED. ) ;
#3682 =( BOUNDED_SURFACE ( )  B_SPLINE_SURFACE ( 3, 2, ( 
 ( #2058, #1380, #4632 ),
 ( #3949, #4685, #2451 ),
 ( #2501, #3181, #1005 ),
 ( #3555, #1329, #989 ),
 ( #4652, #2468, #303 ),
 ( #662, #3215, #1772 ),
 ( #1412, #3729, #690 ),
 ( #61, #2987, #810 ) ),
 .UNSPECIFIED., .F., .F., .F. ) 
 B_SPLINE_SURFACE_WITH_KNOTS ( ( 4, 2, 2, 4 ),
 ( 3, 3 ),
 ( 0.004113214858428400865, 0.004605885962374886913, 0.005098557066321373829, 0.006083899274214346793 ),
 ( 0.000000000000000000, 1.000000000000000000 ),
 .UNSPECIFIED. ) 
 GEOMETRIC_REPRESENTATION_ITEM ( )  RATIONAL_B_SPLINE_SURFACE ( (
 ( 1.000000000000000000, 0.9182912443656081614, 1.000000000000000000),
 ( 1.000000000000000000, 0.9199202278098479457, 1.000000000000000000),
 ( 1.000000000000000000, 0.9218578404864511411, 1.000000000000000000),
 ( 1.000000000000000000, 0.9254186136108716321, 1.000000000000000000),
 ( 1.000000000000000000, 0.9271261519138725982, 1.000000000000000000),
 ( 1.000000000000000000, 0.9320152096527788421, 1.000000000000000000),
 ( 1.000000000000000000, 0.9349599174075206021, 1.000000000000000000),
 ( 1.000000000000000000, 0.9375334188612730602, 1.000000000000000000) ) ) 
 REPRESENTATION_ITEM ( '' )  SURFACE ( )  );
#3683 = VERTEX_POINT ( 'NONE', #4692 ) ;
#3684 = CARTESIAN_POINT ( 'NONE',  ( 1.222627383223139796, -0.5000000022477357753, 2.500000008084644953 ) ) ;
#3685 = CIRCLE ( 'NONE', #3022, 2.299999999991086952 ) ;
#3686 = PLANE ( 'NONE',  #1846 ) ;
#3687 = CARTESIAN_POINT ( 'NONE',  ( 1.900000000000000133, 2.313690413397838430, 3.699999999999998401 ) ) ;
#3688 = EDGE_CURVE ( 'NONE', #341, #4638, #2147, .T. ) ;
#3689 = ORIENTED_EDGE ( 'NONE', *, *, #887, .T. ) ;
#3690 = ORIENTED_EDGE ( 'NONE', *, *, #3802, .T. ) ;
#3691 = CARTESIAN_POINT ( 'NONE',  ( 6.704758674173016963, -0.5000000000000001110, -2.416366926539393667 ) ) ;
#3692 = DIRECTION ( 'NONE',  ( 0.000000000000000000, -0.7071067811865474617, -0.7071067811865474617 ) ) ;
#3693 = CARTESIAN_POINT ( 'NONE',  ( 6.281592394238941779, -1.500000000000000666, 1.694810994161623618 ) ) ;
#3694 = CARTESIAN_POINT ( 'NONE',  ( 1.487258729696466331, -0.5000000000000002220, -2.815243804382951076 ) ) ;
#3695 = EDGE_LOOP ( 'NONE', ( #3336, #1496, #3864, #4069, #2124, #2307, #104, #3721, #1098, #1509 ) ) ;
#3696 = ORIENTED_EDGE ( 'NONE', *, *, #1165, .F. ) ;
#3697 = EDGE_CURVE ( 'NONE', #1347, #3808, #1054, .T. ) ;
#3698 = CARTESIAN_POINT ( 'NONE',  ( 6.514980817929320267, -0.9685783057029648813, -2.600251964430324580 ) ) ;
#3699 = CARTESIAN_POINT ( 'NONE',  ( 6.690177002578622911, -0.4950000000000008837, 2.497928932188134610 ) ) ;
#3700 = ORIENTED_EDGE ( 'NONE', *, *, #2139, .F. ) ;
#3701 = VERTEX_POINT ( 'NONE', #2190 ) ;
#3702 = CARTESIAN_POINT ( 'NONE',  ( -7.968626966596885630, -0.5000000000000022204, -2.499999999999997780 ) ) ;
#3703 = CARTESIAN_POINT ( 'NONE',  ( 0.000000000000000000, 2.013690413377844379, 0.9499999999889040536 ) ) ;
#3704 = AXIS2_PLACEMENT_3D ( 'NONE', #4678, #1042, #3926 ) ;
#3705 = DIRECTION ( 'NONE',  ( 0.000000000000000000, 1.000000000000000000, 0.000000000000000000 ) ) ;
#3706 = ORIENTED_EDGE ( 'NONE', *, *, #636, .F. ) ;
#3707 = ORIENTED_EDGE ( 'NONE', *, *, #1330, .T. ) ;
#3708 = CARTESIAN_POINT ( 'NONE',  ( -4.000000000000000000, 0.000000000000000000, 3.999999999962255970 ) ) ;
#3709 = VERTEX_POINT ( 'NONE', #796 ) ;
#3710 = CONICAL_SURFACE ( 'NONE', #828, 2.799999999998362910, 0.7853981633974482790 ) ;
#3711 = CARTESIAN_POINT ( 'NONE',  ( 1.846346559030308532, -1.587534482977284611, 1.412465517022714057 ) ) ;
#3712 = CARTESIAN_POINT ( 'NONE',  ( 1.509822997421381041, -0.8711978629791440332, 2.121731069211928666 ) ) ;
#3713 = ORIENTED_EDGE ( 'NONE', *, *, #1055, .T. ) ;
#3714 = CIRCLE ( 'NONE', #2258, 2.899999999960165109 ) ;
#3715 = DIRECTION ( 'NONE',  ( -0.000000000000000000, -0.000000000000000000, -1.000000000000000000 ) ) ;
#3716 = EDGE_CURVE ( 'NONE', #2209, #1301, #4553, .T. ) ;
#3717 = DIRECTION ( 'NONE',  ( -0.7071067811865474617, 0.000000000000000000, -0.7071067811865474617 ) ) ;
#3718 = PLANE ( 'NONE',  #4460 ) ;
#3719 = FACE_OUTER_BOUND ( 'NONE', #4528, .T. ) ;
#3720 = VERTEX_POINT ( 'NONE', #4106 ) ;
#3721 = ORIENTED_EDGE ( 'NONE', *, *, #917, .T. ) ;
#3722 = CARTESIAN_POINT ( 'NONE',  ( -7.837997284175632018, -1.178883449206467038, -1.821116550793532962 ) ) ;
#3723 = EDGE_CURVE ( 'NONE', #1971, #1092, #2621, .T. ) ;
#3724 = ADVANCED_FACE ( 'NONE', ( #2841 ), #1008, .F. ) ;
#3725 = DIRECTION ( 'NONE',  ( 1.000000000000000000, 0.000000000000000000, 0.000000000000000000 ) ) ;
#3726 = LINE ( 'NONE', #1540, #4052 ) ;
#3727 = ORIENTED_EDGE ( 'NONE', *, *, #1670, .T. ) ;
#3728 = CARTESIAN_POINT ( 'NONE',  ( 1.782128794621041346, -1.182825500949048481, 1.645210515598474865 ) ) ;
#3729 = CARTESIAN_POINT ( 'NONE',  ( 1.846641803956597938, -1.321717125622483335, -1.905334951433590218 ) ) ;
#3730 = VECTOR ( 'NONE', #1467, 1000.000000000000000 ) ;
#3731 = EDGE_CURVE ( 'NONE', #2431, #233, #709, .T. ) ;
#3732 = ORIENTED_EDGE ( 'NONE', *, *, #2736, .F. ) ;
#3733 = CARTESIAN_POINT ( 'NONE',  ( 1.820317713784605163, -1.500000050647961825, 1.597788559266464237 ) ) ;
#3734 = ORIENTED_EDGE ( 'NONE', *, *, #1856, .F. ) ;
#3735 = ORIENTED_EDGE ( 'NONE', *, *, #3564, .F. ) ;
#3736 = DIRECTION ( 'NONE',  ( 1.000000000000000000, 0.000000000000000000, 0.000000000000000000 ) ) ;
#3737 = FACE_OUTER_BOUND ( 'NONE', #3077, .T. ) ;
#3738 = CARTESIAN_POINT ( 'NONE',  ( 1.809136364662068619, -1.246213844115756197, 2.265824003651677021 ) ) ;
#3739 = CARTESIAN_POINT ( 'NONE',  ( 7.808099243547829360, -1.499999999999999556, 1.500000000000000000 ) ) ;
#3740 = ORIENTED_EDGE ( 'NONE', *, *, #2575, .F. ) ;
#3741 = PLANE ( 'NONE',  #2418 ) ;
#3742 = CARTESIAN_POINT ( 'NONE',  ( 5.062863900676155993, 4.413690413397840295, -3.700000000000003730 ) ) ;
#3743 = LINE ( 'NONE', #373, #817 ) ;
#3744 = AXIS2_PLACEMENT_3D ( 'NONE', #1791, #2522, #1874 ) ;
#3745 = ADVANCED_FACE ( 'NONE', ( #2391 ), #3718, .T. ) ;
#3746 = DIRECTION ( 'NONE',  ( -1.000000000000000000, 0.000000000000000000, 0.000000000000000000 ) ) ;
#3747 = ORIENTED_EDGE ( 'NONE', *, *, #4435, .F. ) ;
#3748 = DIRECTION ( 'NONE',  ( -1.000000000000000000, -0.000000000000000000, -0.000000000000000000 ) ) ;
#3749 = VERTEX_POINT ( 'NONE', #4396 ) ;
#3750 = EDGE_CURVE ( 'NONE', #4402, #290, #3541, .T. ) ;
#3751 = EDGE_LOOP ( 'NONE', ( #2840, #3880, #3196, #614, #1617 ) ) ;
#3752 = DIRECTION ( 'NONE',  ( -1.000000000000000000, 1.776356839400250465E-15, 0.000000000000000000 ) ) ;
#3753 = ORIENTED_EDGE ( 'NONE', *, *, #3381, .T. ) ;
#3754 = CARTESIAN_POINT ( 'NONE',  ( 6.453597553966557321, -1.131645983513929643, -2.121455557850608020 ) ) ;
#3755 = ORIENTED_EDGE ( 'NONE', *, *, #211, .F. ) ;
#3756 = EDGE_CURVE ( 'NONE', #3907, #95, #121, .T. ) ;
#3757 = CARTESIAN_POINT ( 'NONE',  ( 1.674171033490106986, -1.296353283958479041, 1.703646716041520959 ) ) ;
#3758 = CARTESIAN_POINT ( 'NONE',  ( 1.967424534835587435, -1.499999999999999778, -1.822781353016114325 ) ) ;
#3759 = DIRECTION ( 'NONE',  ( 1.000000000000000000, 0.000000000000000000, 0.000000000000000000 ) ) ;
#3760 = ORIENTED_EDGE ( 'NONE', *, *, #3756, .T. ) ;
#3761 = CARTESIAN_POINT ( 'NONE',  ( -6.571150438746159672, -3.064177772475907613, 3.699999999999998401 ) ) ;
#3762 = CARTESIAN_POINT ( 'NONE',  ( 6.224708825900505005, -1.503033220639116374, 1.699161008426499198 ) ) ;
#3763 = VECTOR ( 'NONE', #756, 1000.000000000000000 ) ;
#3764 = MANIFOLD_SOLID_BREP ( 'Cut-Extrude-Thin1', #1921 ) ;
#3765 = CARTESIAN_POINT ( 'NONE',  ( 1.900000000000000133, 3.413690413397838519, 4.000000000000000000 ) ) ;
#3766 = CARTESIAN_POINT ( 'NONE',  ( 6.610167450799774969, -0.6848061305683533773, -2.941015183789060572 ) ) ;
#3767 = ADVANCED_FACE ( 'NONE', ( #1398 ), #1746, .F. ) ;
#3768 = CARTESIAN_POINT ( 'NONE',  ( -1.624807457241501663, -0.8639804587559277715, -2.136019541244073672 ) ) ;
#3769 = LINE ( 'NONE', #3239, #1279 ) ;
#3770 = CARTESIAN_POINT ( 'NONE',  ( 0.000000000000000000, -1.500000000000000222, 1.499999999999999334 ) ) ;
#3771 = CARTESIAN_POINT ( 'NONE',  ( -6.653259378417701875, -0.4999999999999998890, -3.899899124659919725 ) ) ;
#3772 = VECTOR ( 'NONE', #4344, 1000.000000000000000 ) ;
#3773 = DIRECTION ( 'NONE',  ( -0.000000000000000000, -0.000000000000000000, -1.000000000000000000 ) ) ;
#3774 = EDGE_CURVE ( 'NONE', #2116, #3468, #3714, .T. ) ;
#3775 = CIRCLE ( 'NONE', #173, 4.000000000000001776 ) ;
#3776 = CARTESIAN_POINT ( 'NONE',  ( -7.999999999999998224, 1.021924959892513503E-15, 4.000000000000000000 ) ) ;
#3777 = ORIENTED_EDGE ( 'NONE', *, *, #3500, .T. ) ;
#3778 = COLOUR_RGB ( '',0.000000000000000000, 0.7372549019607843590, 1.000000000000000000 ) ;
#3779 = PLANE ( 'NONE',  #3216 ) ;
#3780 = ORIENTED_EDGE ( 'NONE', *, *, #4686, .F. ) ;
#3781 = EDGE_CURVE ( 'NONE', #3919, #3449, #3984, .T. ) ;
#3782 = LINE ( 'NONE', #3870, #855 ) ;
#3783 = VERTEX_POINT ( 'NONE', #2246 ) ;
#3784 = CARTESIAN_POINT ( 'NONE',  ( -2.158921348434224896, 2.054769185465939341, 3.958921348434222054 ) ) ;
#3785 = CARTESIAN_POINT ( 'NONE',  ( -7.925327619720953010, -0.8436779112957351057, 2.156322088704266005 ) ) ;
#3786 = CARTESIAN_POINT ( 'NONE',  ( -6.754995462758780711, -0.5000000000000008882, 3.999999999970211384 ) ) ;
#3787 = AXIS2_PLACEMENT_3D ( 'NONE', #1331, #4634, #1711 ) ;
#3788 = LINE ( 'NONE', #25, #647 ) ;
#3789 = VERTEX_POINT ( 'NONE', #2658 ) ;
#3790 = ADVANCED_FACE ( 'NONE', ( #946 ), #183, .F. ) ;
#3791 = LINE ( 'NONE', #653, #3401 ) ;
#3792 = DIRECTION ( 'NONE',  ( 0.000000000000000000, 0.7938448060994461875, 0.6081204024113421314 ) ) ;
#3793 = B_SPLINE_CURVE_WITH_KNOTS ( 'NONE', 3,
 ( #4379, #4017, #1860, #98, #1083, #2638, #1842, #2957, #1465, #3684 ),
 .UNSPECIFIED., .F., .F.,
 ( 4, 2, 2, 2, 4 ),
 ( 0.000000000000000000, 0.0002693151736476939403, 0.0007690381026502012647, 0.001268761031652708426, 0.001488135385335065744 ),
 .UNSPECIFIED. ) ;
#3794 = VERTEX_POINT ( 'NONE', #3418 ) ;
#3795 = FACE_OUTER_BOUND ( 'NONE', #1790, .T. ) ;
#3796 = DIRECTION ( 'NONE',  ( -0.000000000000000000, -1.000000000000000000, -0.000000000000000000 ) ) ;
#3797 = EDGE_LOOP ( 'NONE', ( #3904, #2489, #1186, #3062, #3307, #3300, #4095, #811 ) ) ;
#3798 = EDGE_LOOP ( 'NONE', ( #1036, #1379, #2434, #1035 ) ) ;
#3799 = CARTESIAN_POINT ( 'NONE',  ( 5.555880937064811675, 4.000000000000000888, -3.700000000000003730 ) ) ;
#3800 = DIRECTION ( 'NONE',  ( 0.000000000000000000, 1.445602896647339410E-16, -1.000000000000000000 ) ) ;
#3801 = CARTESIAN_POINT ( 'NONE',  ( -4.000000000000000000, 0.000000000000000000, -3.999999999962255970 ) ) ;
#3802 = EDGE_CURVE ( 'NONE', #4684, #4054, #1687, .T. ) ;
#3803 = ORIENTED_EDGE ( 'NONE', *, *, #542, .T. ) ;
#3804 = PRESENTATION_LAYER_ASSIGNMENT (  '', '', ( #2640 ) ) ;
#3805 = VERTEX_POINT ( 'NONE', #2673 ) ;
#3806 = CARTESIAN_POINT ( 'NONE',  ( -6.003740252627569163, -1.495000000000000551, 1.497928932188133500 ) ) ;
#3807 = DIRECTION ( 'NONE',  ( -1.000000000000000000, 0.000000000000000000, 0.000000000000000000 ) ) ;
#3808 = VERTEX_POINT ( 'NONE', #3039 ) ;
#3809 = ORIENTED_EDGE ( 'NONE', *, *, #2524, .T. ) ;
#3810 = EDGE_CURVE ( 'NONE', #197, #3370, #4493, .T. ) ;
#3811 = ORIENTED_EDGE ( 'NONE', *, *, #4679, .F. ) ;
#3812 = ADVANCED_FACE ( 'NONE', ( #2737 ), #829, .F. ) ;
#3813 = DIRECTION ( 'NONE',  ( -0.4545194776720437591, 0.5416752204197001763, -0.7071067811865486830 ) ) ;
#3814 = EDGE_CURVE ( 'NONE', #2722, #2277, #3020, .T. ) ;
#3815 = ORIENTED_EDGE ( 'NONE', *, *, #3668, .F. ) ;
#3816 = FACE_OUTER_BOUND ( 'NONE', #4075, .T. ) ;
#3817 = CARTESIAN_POINT ( 'NONE',  ( -6.654197608916260442, -0.4949999999999998845, -3.899901237971927337 ) ) ;
#3818 = DIRECTION ( 'NONE',  ( 8.659560562354932858E-17, -0.7071067811865474617, 0.7071067811865474617 ) ) ;
#3819 = ORIENTED_EDGE ( 'NONE', *, *, #334, .F. ) ;
#3820 = LINE ( 'NONE', #228, #2616 ) ;
#3821 = CARTESIAN_POINT ( 'NONE',  ( 6.464923833042834467, -1.085697174319816494, -1.746862715970532332 ) ) ;
#3822 = AXIS2_PLACEMENT_3D ( 'NONE', #635, #3561, #1336 ) ;
#3823 = CARTESIAN_POINT ( 'NONE',  ( 6.957442037968460724, -0.4950000000000008837, 3.999999999960642594 ) ) ;
#3824 = ORIENTED_EDGE ( 'NONE', *, *, #1744, .T. ) ;
#3825 = DIRECTION ( 'NONE',  ( -1.000000000000000000, -0.000000000000000000, -0.000000000000000000 ) ) ;
#3826 = CARTESIAN_POINT ( 'NONE',  ( 6.517076022221048426, -0.9641212618330021744, -2.315730271499823800 ) ) ;
#3827 = VECTOR ( 'NONE', #2866, 1000.000000000000000 ) ;
#3828 = EDGE_CURVE ( 'NONE', #830, #311, #2034, .T. ) ;
#3829 = AXIS2_PLACEMENT_3D ( 'NONE', #2369, #2775, #3480 ) ;
#3830 = VERTEX_POINT ( 'NONE', #3823 ) ;
#3831 = CARTESIAN_POINT ( 'NONE',  ( 6.253358084944742323, -1.461048131674642203, 1.354029316579977715 ) ) ;
#3832 = CARTESIAN_POINT ( 'NONE',  ( 1.345449255246021103, -0.8915013126766793139, 2.108498687323322240 ) ) ;
#3833 = FACE_OUTER_BOUND ( 'NONE', #101, .T. ) ;
#3834 = ORIENTED_EDGE ( 'NONE', *, *, #21, .F. ) ;
#3835 = ADVANCED_FACE ( 'NONE', ( #1577 ), #1454, .T. ) ;
#3836 = EDGE_CURVE ( 'NONE', #3408, #3240, #784, .T. ) ;
#3837 = CARTESIAN_POINT ( 'NONE',  ( 1.900000000000000133, 2.313690413397838430, 3.699999999999998401 ) ) ;
#3838 = VECTOR ( 'NONE', #1459, 1000.000000000000000 ) ;
#3839 = ORIENTED_EDGE ( 'NONE', *, *, #1118, .T. ) ;
#3840 = DIRECTION ( 'NONE',  ( 0.000000000000000000, 0.7071067812535380970, 0.7071067811195569375 ) ) ;
#3841 = EDGE_CURVE ( 'NONE', #620, #290, #2264, .T. ) ;
#3842 = ORIENTED_EDGE ( 'NONE', *, *, #85, .T. ) ;
#3843 = CARTESIAN_POINT ( 'NONE',  ( -6.551436147513917341, -0.5000000000000008882, 3.799886669120602800 ) ) ;
#3844 = ORIENTED_EDGE ( 'NONE', *, *, #3075, .T. ) ;
#3845 = DIRECTION ( 'NONE',  ( 0.000000000000000000, 0.000000000000000000, -1.000000000000000000 ) ) ;
#3846 = LINE ( 'NONE', #1123, #152 ) ;
#3847 = CARTESIAN_POINT ( 'NONE',  ( 5.555880937064811675, -3.999999999999998224, 3.700000000000000178 ) ) ;
#3848 = AXIS2_PLACEMENT_3D ( 'NONE', #2432, #587, #242 ) ;
#3849 = CARTESIAN_POINT ( 'NONE',  ( -6.003740252627570051, -1.495000000000000107, -1.500000000000000666 ) ) ;
#3850 = VERTEX_POINT ( 'NONE', #3509 ) ;
#3851 = CIRCLE ( 'NONE', #4691, 1.250000000027284841 ) ;
#3852 = B_SPLINE_CURVE_WITH_KNOTS ( 'NONE', 3,
 ( #1690, #4613, #122, #4488, #1722, #1031, #3948, #1326, #270, #3229 ),
 .UNSPECIFIED., .F., .F.,
 ( 4, 2, 2, 2, 4 ),
 ( 0.000000000000000000, 0.0002194557610387778328, 0.0007193641316023069660, 0.001219272502165836018, 0.001488687624868349161 ),
 .UNSPECIFIED. ) ;
#3853 = VERTEX_POINT ( 'NONE', #3876 ) ;
#3854 = VERTEX_POINT ( 'NONE', #3138 ) ;
#3855 = CARTESIAN_POINT ( 'NONE',  ( 7.766739014472086922, -0.4950000000000008837, 3.999999999971804776 ) ) ;
#3856 = ADVANCED_FACE ( 'NONE', ( #1050 ), #1334, .F. ) ;
#3857 = CARTESIAN_POINT ( 'NONE',  ( 1.509822997421379487, -0.3161494490751444730, 3.707846795655559191 ) ) ;
#3858 = ORIENTED_EDGE ( 'NONE', *, *, #495, .F. ) ;
#3859 = VERTEX_POINT ( 'NONE', #2748 ) ;
#3860 = CARTESIAN_POINT ( 'NONE',  ( 6.868419431146147502, -0.4949999999808831208, 3.912283814118772352 ) ) ;
#3861 = CARTESIAN_POINT ( 'NONE',  ( 6.478314155840201316, -2.834364439540213443, 4.000000000000000000 ) ) ;
#3862 = EDGE_CURVE ( 'NONE', #4533, #2019, #3371, .T. ) ;
#3863 = AXIS2_PLACEMENT_3D ( 'NONE', #4098, #4420, #1544 ) ;
#3864 = ORIENTED_EDGE ( 'NONE', *, *, #4609, .T. ) ;
#3865 = CARTESIAN_POINT ( 'NONE',  ( -3.999999999999996447, 2.313690413397838430, -3.700000000000000178 ) ) ;
#3866 = DIRECTION ( 'NONE',  ( -0.000000000000000000, -0.000000000000000000, -1.000000000000000000 ) ) ;
#3867 = ORIENTED_EDGE ( 'NONE', *, *, #4556, .F. ) ;
#3868 = EDGE_CURVE ( 'NONE', #4427, #4590, #2438, .T. ) ;
#3869 = CARTESIAN_POINT ( 'NONE',  ( -3.999999999999996447, -0.4949999999999998845, -4.000000000000000000 ) ) ;
#3870 = CARTESIAN_POINT ( 'NONE',  ( 5.214670458637524320, -4.286309586602162547, 3.700000000000000178 ) ) ;
#3871 = CYLINDRICAL_SURFACE ( 'NONE', #3654, 2.600000000000000533 ) ;
#3872 = PLANE ( 'NONE',  #3148 ) ;
#3873 = CARTESIAN_POINT ( 'NONE',  ( 4.100000000000001421, 9.919639073093561200E-16, 4.000000000000000000 ) ) ;
#3874 = CIRCLE ( 'NONE', #4026, 2.599999999978627407 ) ;
#3875 = CARTESIAN_POINT ( 'NONE',  ( 6.671150438757409873, -3.064177772488401619, 3.700000000018781154 ) ) ;
#3876 = CARTESIAN_POINT ( 'NONE',  ( 6.671150438746163758, -3.064177772475905837, -3.700000000000004174 ) ) ;
#3877 = ORIENTED_EDGE ( 'NONE', *, *, #1897, .F. ) ;
#3878 = VECTOR ( 'NONE', #2852, 1000.000000000000000 ) ;
#3879 = CARTESIAN_POINT ( 'NONE',  ( 0.000000000000000000, -4.286309586602162547, 1.250000000000000000 ) ) ;
#3880 = ORIENTED_EDGE ( 'NONE', *, *, #1458, .F. ) ;
#3881 = DIRECTION ( 'NONE',  ( 1.000000000000000000, 0.000000000000000000, 0.000000000000000000 ) ) ;
#3883 = LINE ( 'NONE', #952, #1945 ) ;
#3882 = AXIS2_PLACEMENT_3D ( 'NONE', #2090, #3573, #4255 ) ;
#3884 = EDGE_LOOP ( 'NONE', ( #2185, #2338, #256, #330 ) ) ;
#3885 = CARTESIAN_POINT ( 'NONE',  ( 6.957442037968460724, -0.4950000000000008837, 3.999999999960642594 ) ) ;
#3886 = LINE ( 'NONE', #4484, #3505 ) ;
#3887 = ORIENTED_EDGE ( 'NONE', *, *, #4430, .F. ) ;
#3888 = CARTESIAN_POINT ( 'NONE',  ( 1.345040381307078592, -0.4999999999999998890, -3.899909922818834307 ) ) ;
#3889 = EDGE_CURVE ( 'NONE', #3709, #116, #3597, .T. ) ;
#3890 = B_SPLINE_SURFACE_WITH_KNOTS ( 'NONE', 1, 3, ( 
 ( #3479, #2396, #3523, #2044, #3464, #3821, #560, #1991, #4542, #1753 ),
 ( #2816, #3231, #272, #1724, #4616, #629, #1349, #4298, #3921, #3587 ) ),
 .UNSPECIFIED., .F., .F., .F.,
 ( 2, 2 ),
 ( 4, 2, 2, 2, 4 ),
 ( 0.000000000000000000, 1.000000000000000000 ),
 ( 1.711193115548488075, 1.835482590932150160, 1.959772066315812022, 2.084061541699473885, 2.208351017083136192 ),
 .UNSPECIFIED. ) ;
#3891 = CYLINDRICAL_SURFACE ( 'NONE', #2206, 3.999999999999998224 ) ;
#3892 = VERTEX_POINT ( 'NONE', #901 ) ;
#3893 = CARTESIAN_POINT ( 'NONE',  ( 1.509822997421379487, -1.300000000000000044, 4.000000000000000000 ) ) ;
#3894 = DIRECTION ( 'NONE',  ( 0.7660444431189770143, -0.6427876096865404731, 0.000000000000000000 ) ) ;
#3895 = EDGE_CURVE ( 'NONE', #2864, #9, #3308, .T. ) ;
#3896 = ADVANCED_FACE ( 'NONE', ( #4550 ), #2836, .T. ) ;
#3897 = CARTESIAN_POINT ( 'NONE',  ( 0.000000000000000000, -3.986309586537117866, 0.000000000000000000 ) ) ;
#3898 = ORIENTED_EDGE ( 'NONE', *, *, #4656, .F. ) ;
#3899 = LINE ( 'NONE', #1920, #2009 ) ;
#3900 = CARTESIAN_POINT ( 'NONE',  ( -7.969253708191303076, -0.4949999999999999956, -3.699999999981914200 ) ) ;
#3901 = CARTESIAN_POINT ( 'NONE',  ( 5.628288422431423178E-27, -1.494999999920310074, 0.000000000000000000 ) ) ;
#3902 = VERTEX_POINT ( 'NONE', #2735 ) ;
#3903 = AXIS2_PLACEMENT_3D ( 'NONE', #2948, #1817, #1105 ) ;
#3904 = ORIENTED_EDGE ( 'NONE', *, *, #3981, .T. ) ;
#3905 = CARTESIAN_POINT ( 'NONE',  ( 1.548529835573529523, -0.5000000000000000000, -3.699999999994099564 ) ) ;
#3906 = DIRECTION ( 'NONE',  ( -0.000000000000000000, 5.421010862563849660E-17, -1.000000000000000000 ) ) ;
#3907 = VERTEX_POINT ( 'NONE', #3837 ) ;
#3908 = B_SPLINE_CURVE_WITH_KNOTS ( 'NONE', 3,
 ( #1848, #785, #4024, #2962, #2193, #3691, #732 ),
 .UNSPECIFIED., .F., .F.,
 ( 4, 3, 4 ),
 ( 6.560544005666793364E-13, 6.364736827644199826E-05, 0.0001272967377345859811 ),
 .UNSPECIFIED. ) ;
#3909 = EDGE_LOOP ( 'NONE', ( #981, #4234, #2247, #3987 ) ) ;
#3910 = VERTEX_POINT ( 'NONE', #590 ) ;
#3911 = AXIS2_PLACEMENT_3D ( 'NONE', #4153, #3796, #2388 ) ;
#3912 = EDGE_LOOP ( 'NONE', ( #2855, #4291, #684, #1210, #3036 ) ) ;
#3913 = PLANE ( 'NONE',  #955 ) ;
#3914 = VERTEX_POINT ( 'NONE', #1284 ) ;
#3915 = CARTESIAN_POINT ( 'NONE',  ( 1.685019182070883081, -0.9685783057034106358, 2.600251964430035034 ) ) ;
#3916 = CARTESIAN_POINT ( 'NONE',  ( 0.000000000000000000, -2.286309586602162103, 0.000000000000000000 ) ) ;
#3917 = EDGE_CURVE ( 'NONE', #2999, #2827, #3820, .T. ) ;
#3918 = DIRECTION ( 'NONE',  ( -0.7071067811865475727, 0.000000000000000000, 0.7071067811865475727 ) ) ;
#3919 = VERTEX_POINT ( 'NONE', #958 ) ;
#3920 = VECTOR ( 'NONE', #1407, 1000.000000000000114 ) ;
#3921 = CARTESIAN_POINT ( 'NONE',  ( 6.353653440969688759, -1.587534482977285277, -1.412465517022713613 ) ) ;
#3922 = EDGE_CURVE ( 'NONE', #4183, #2671, #3251, .T. ) ;
#3923 = LINE ( 'NONE', #4635, #4318 ) ;
#3924 = CARTESIAN_POINT ( 'NONE',  ( 1.446634814830956461, -1.117312480090301596, -1.882687519909699070 ) ) ;
#3925 = DIRECTION ( 'NONE',  ( 0.000000000000000000, 0.7071067811865321406, 0.7071067811865627828 ) ) ;
#3926 = DIRECTION ( 'NONE',  ( -1.000000000000000000, 0.000000000000000000, 0.000000000000000000 ) ) ;
#3927 = AXIS2_PLACEMENT_3D ( 'NONE', #1044, #3227, #3210 ) ;
#3928 = CARTESIAN_POINT ( 'NONE',  ( -1.899999999999999689, 2.313690413397837986, 4.000000000000000000 ) ) ;
#3929 = CARTESIAN_POINT ( 'NONE',  ( -3.999999999999996447, -0.4950000000000008837, 4.000000000000000000 ) ) ;
#3930 = CIRCLE ( 'NONE', #389, 3.700000000054854965 ) ;
#3931 = ORIENTED_EDGE ( 'NONE', *, *, #1436, .F. ) ;
#3932 = ORIENTED_EDGE ( 'NONE', *, *, #3634, .F. ) ;
#3933 = CARTESIAN_POINT ( 'NONE',  ( -1.900000000000000133, 3.413690413397838963, -3.700000000000000178 ) ) ;
#3934 = CARTESIAN_POINT ( 'NONE',  ( 1.509822997409353329, -0.4950000000034969760, 3.737051744750272686 ) ) ;
#3935 = AXIS2_PLACEMENT_3D ( 'NONE', #2337, #891, #1262 ) ;
#3936 = PLANE ( 'NONE',  #3882 ) ;
#3937 = LINE ( 'NONE', #4511, #906 ) ;
#3938 = CARTESIAN_POINT ( 'NONE',  ( 6.223684005602219571, -1.500002296987978712, -1.958674534477728324 ) ) ;
#3939 = PRESENTATION_STYLE_ASSIGNMENT (( #1390 ) ) ;
#3940 = CARTESIAN_POINT ( 'NONE',  ( 4.100000000000000533, -8.131516293641283255E-17, 3.999999999968259168 ) ) ;
#3941 = DIRECTION ( 'NONE',  ( -0.5773502691896257311, -0.5773502691896276184, 0.5773502691896238437 ) ) ;
#3942 = EDGE_CURVE ( 'NONE', #1966, #1374, #3589, .T. ) ;
#3943 = AXIS2_PLACEMENT_3D ( 'NONE', #3193, #1343, #2118 ) ;
#3944 = FACE_OUTER_BOUND ( 'NONE', #3273, .T. ) ;
#3945 = DIRECTION ( 'NONE',  ( -0.5773502691896255090, 0.5773502691896263972, -0.5773502691896255090 ) ) ;
#3946 = ORIENTED_EDGE ( 'NONE', *, *, #30, .T. ) ;
#3947 = DIRECTION ( 'NONE',  ( 0.000000000000000000, 0.000000000000000000, -1.000000000000000000 ) ) ;
#3948 = CARTESIAN_POINT ( 'NONE',  ( 6.695691873714389786, -1.227044358864014528, 1.772955641135988358 ) ) ;
#3949 = CARTESIAN_POINT ( 'NONE',  ( 1.358819204154721572, -0.3790483704059422476, -2.794471344446740169 ) ) ;
#3950 = EDGE_CURVE ( 'NONE', #497, #4440, #466, .T. ) ;
#3951 = ORIENTED_EDGE ( 'NONE', *, *, #2445, .T. ) ;
#3952 = CARTESIAN_POINT ( 'NONE',  ( 0.000000000000000000, -1.500000000135059963, 1.449999999920237315 ) ) ;
#3953 = DIRECTION ( 'NONE',  ( -1.000000000000000000, -0.000000000000000000, -0.000000000000000000 ) ) ;
#3954 = LINE ( 'NONE', #3392, #4405 ) ;
#3955 = ORIENTED_EDGE ( 'NONE', *, *, #3424, .T. ) ;
#3956 = DIRECTION ( 'NONE',  ( -1.000000000000000000, 0.000000000000000000, 0.000000000000000000 ) ) ;
#3957 = LINE ( 'NONE', #4144, #2995 ) ;
#3958 = CARTESIAN_POINT ( 'NONE',  ( 0.000000000000000000, -2.586309586602166366, 0.000000000000000000 ) ) ;
#3959 = AXIS2_PLACEMENT_3D ( 'NONE', #3648, #4375, #2171 ) ;
#3960 = DIRECTION ( 'NONE',  ( 0.000000000000000000, 1.000000000000000000, 0.000000000000000000 ) ) ;
#3961 = CARTESIAN_POINT ( 'NONE',  ( 7.968447036359901148, -0.4949999999999999956, -3.800031813894599431 ) ) ;
#3962 = EDGE_LOOP ( 'NONE', ( #2341, #2538, #4558, #1676, #3815 ) ) ;
#3963 = ORIENTED_EDGE ( 'NONE', *, *, #4074, .T. ) ;
#3964 = CARTESIAN_POINT ( 'NONE',  ( -3.999999999999996447, 1.021924959892513503E-15, -4.000000000000000000 ) ) ;
#3965 = CARTESIAN_POINT ( 'NONE',  ( -4.000000000000000000, 0.000000000000000000, 3.999999999962255970 ) ) ;
#3966 = DIRECTION ( 'NONE',  ( 1.000000000000000000, 0.000000000000000000, 0.000000000000000000 ) ) ;
#3967 = ORIENTED_EDGE ( 'NONE', *, *, #2825, .F. ) ;
#3968 = ORIENTED_EDGE ( 'NONE', *, *, #1149, .F. ) ;
#3969 = DIRECTION ( 'NONE',  ( 0.000000000000000000, -0.7071067811865481278, 0.7071067811865470176 ) ) ;
#3970 = DIRECTION ( 'NONE',  ( 0.7660444431189759040, -0.6427876096865419164, -0.000000000000000000 ) ) ;
#3971 = ORIENTED_EDGE ( 'NONE', *, *, #761, .T. ) ;
#3972 = ADVANCED_FACE ( 'NONE', ( #1110 ), #3871, .F. ) ;
#3973 = CARTESIAN_POINT ( 'NONE',  ( -3.999999999999996447, -0.4949999999999998845, -4.000000000000000000 ) ) ;
#3974 = CARTESIAN_POINT ( 'NONE',  ( 6.728533111683716150, -0.7486117747007020595, -2.244317157487433434 ) ) ;
#3975 = CARTESIAN_POINT ( 'NONE',  ( 6.794324151217171703, -0.4392158349108518101, 2.560784165089149855 ) ) ;
#3976 = VERTEX_POINT ( 'NONE', #4197 ) ;
#3977 =( LENGTH_UNIT ( ) NAMED_UNIT ( * ) SI_UNIT ( .MILLI., .METRE. ) );
#3978 = ORIENTED_EDGE ( 'NONE', *, *, #186, .F. ) ;
#3979 = FACE_OUTER_BOUND ( 'NONE', #2357, .T. ) ;
#3980 = DIRECTION ( 'NONE',  ( -0.000000000000000000, -0.000000000000000000, -1.000000000000000000 ) ) ;
#3981 = EDGE_CURVE ( 'NONE', #4300, #620, #1102, .T. ) ;
#3982 = CARTESIAN_POINT ( 'NONE',  ( -5.114670458637522898, -4.286309586602162547, -3.700000000000003730 ) ) ;
#3983 = CARTESIAN_POINT ( 'NONE',  ( 0.000000000000000000, -1.349999999945339368, 0.9499999999889041646 ) ) ;
#3984 = LINE ( 'NONE', #3776, #789 ) ;
#3985 = DIRECTION ( 'NONE',  ( 0.000000000000000000, -1.000000000000000000, 7.228014483236695816E-17 ) ) ;
#3986 = EDGE_CURVE ( 'NONE', #1092, #689, #3620, .T. ) ;
#3987 = ORIENTED_EDGE ( 'NONE', *, *, #1560, .T. ) ;
#3988 = VECTOR ( 'NONE', #2421, 1000.000000000000000 ) ;
#3989 = CARTESIAN_POINT ( 'NONE',  ( 0.000000000000000000, 2.313690413359381637, 0.000000000000000000 ) ) ;
#3990 = ORIENTED_EDGE ( 'NONE', *, *, #2699, .T. ) ;
#3991 = CARTESIAN_POINT ( 'NONE',  ( 6.496156865734402430, -1.540111803958497783, 1.459888196041501773 ) ) ;
#3992 = B_SPLINE_SURFACE_WITH_KNOTS ( 'NONE', 1, 3, ( 
 ( #3476, #3831, #1629, #2743, #4193, #2002, #4552, #327, #1828, #1040 ),
 ( #698, #2869, #20, #3284, #1797, #2854, #3640, #3624, #1403, #3975 ) ),
 .UNSPECIFIED., .F., .F., .F.,
 ( 2, 2 ),
 ( 4, 2, 2, 2, 4 ),
 ( 0.000000000000000000, 1.000000000000000000 ),
 ( 0.9332416365066589226, 1.057531111890312125, 1.181820587273965106, 1.306110062657618309, 1.430399538041271512 ),
 .UNSPECIFIED. ) ;
#3993 = VECTOR ( 'NONE', #854, 1000.000000000000000 ) ;
#3995 = ORIENTED_EDGE ( 'NONE', *, *, #749, .T. ) ;
#3994 = DIRECTION ( 'NONE',  ( -1.000000000000000000, 0.000000000000000000, -0.000000000000000000 ) ) ;
#3996 = ADVANCED_FACE ( 'NONE', ( #1277 ), #681, .T. ) ;
#3997 = CARTESIAN_POINT ( 'NONE',  ( 1.446971339550685798, -0.4999999999999994449, -2.733102456935294633 ) ) ;
#3998 = VECTOR ( 'NONE', #2641, 1000.000000000000000 ) ;
#3999 = CARTESIAN_POINT ( 'NONE',  ( 6.223684005602219571, -1.500002296987978712, -1.958674534477728324 ) ) ;
#4000 = CARTESIAN_POINT ( 'NONE',  ( -6.377028074501202681, -0.8587488878376695611, -2.134180044350465710 ) ) ;
#4001 = LINE ( 'NONE', #4229, #2694 ) ;
#4002 = CARTESIAN_POINT ( 'NONE',  ( 1.976323941840470555, -1.500000000000001554, 4.000000000000000000 ) ) ;
#4003 = CARTESIAN_POINT ( 'NONE',  ( 6.854550744753986180, -0.8915013126766743179, 2.108498687323327125 ) ) ;
#4004 = CYLINDRICAL_SURFACE ( 'NONE', #1784, 2.600000000000000533 ) ;
#4005 = ORIENTED_EDGE ( 'NONE', *, *, #4656, .T. ) ;
#4006 = EDGE_CURVE ( 'NONE', #2907, #4308, #895, .T. ) ;
#4007 = VECTOR ( 'NONE', #4130, 1000.000000000000000 ) ;
#4008 = CARTESIAN_POINT ( 'NONE',  ( -7.708099243547827939, -1.500000000000001776, 1.499999999999998224 ) ) ;
#4009 = ORIENTED_EDGE ( 'NONE', *, *, #2974, .F. ) ;
#4010 = DIRECTION ( 'NONE',  ( 0.000000000000000000, 0.7071067811865473507, -0.7071067811865477948 ) ) ;
#4011 = CYLINDRICAL_SURFACE ( 'NONE', #3238, 2.500000000000000444 ) ;
#4012 = EDGE_CURVE ( 'NONE', #139, #112, #519, .T. ) ;
#4013 = PLANE ( 'NONE',  #4035 ) ;
#4014 = EDGE_LOOP ( 'NONE', ( #2051, #1845, #2550, #2162, #4697 ) ) ;
#4015 = EDGE_LOOP ( 'NONE', ( #4586, #2217, #3440, #1411 ) ) ;
#4016 = ADVANCED_FACE ( 'NONE', ( #4100, #411 ), #3936, .T. ) ;
#4017 = CARTESIAN_POINT ( 'NONE',  ( 1.639844784034684588, -1.445502541320569545, 1.554497458679428901 ) ) ;
#4018 = ORIENTED_EDGE ( 'NONE', *, *, #4012, .F. ) ;
#4019 = CARTESIAN_POINT ( 'NONE',  ( -4.000000000000000000, 0.000000000000000000, 3.999999999962255970 ) ) ;
#4020 = AXIS2_PLACEMENT_3D ( 'NONE', #176, #555, #140 ) ;
#4021 = CARTESIAN_POINT ( 'NONE',  ( 1.499999999976535658, -8.131516293641283255E-17, 3.699999999980718712 ) ) ;
#4022 = ORIENTED_EDGE ( 'NONE', *, *, #4317, .T. ) ;
#4023 = ORIENTED_EDGE ( 'NONE', *, *, #489, .T. ) ;
#4024 = CARTESIAN_POINT ( 'NONE',  ( 6.748719867896604718, -0.5000000000000002220, -2.462395014028069262 ) ) ;
#4025 = ORIENTED_EDGE ( 'NONE', *, *, #999, .F. ) ;
#4026 = AXIS2_PLACEMENT_3D ( 'NONE', #288, #2104, #4254 ) ;
#4027 = ORIENTED_EDGE ( 'NONE', *, *, #4223, .F. ) ;
#4028 = CARTESIAN_POINT ( 'NONE',  ( 1.525582572274726934, -0.3638336265718063456, 2.502347964646505218 ) ) ;
#4029 = DIRECTION ( 'NONE',  ( -0.7660444431189773473, 0.6427876096865401401, 0.000000000000000000 ) ) ;
#4030 = B_SPLINE_CURVE_WITH_KNOTS ( 'NONE', 3,
 ( #1148, #1896, #147, #841 ),
 .UNSPECIFIED., .F., .F.,
 ( 4, 4 ),
 ( 0.000000000000000000, 0.0004645415606044898146 ),
 .UNSPECIFIED. ) ;
#4031 = ORIENTED_EDGE ( 'NONE', *, *, #1897, .T. ) ;
#4032 = LINE ( 'NONE', #2100, #1450 ) ;
#4033 = CARTESIAN_POINT ( 'NONE',  ( -6.378314155837751187, -2.834364439537299774, 4.000000000003804068 ) ) ;
#4034 = EDGE_CURVE ( 'NONE', #134, #341, #3486, .T. ) ;
#4035 = AXIS2_PLACEMENT_3D ( 'NONE', #45, #3985, #416 ) ;
#4036 = CARTESIAN_POINT ( 'NONE',  ( -1.550510257216821897, -0.5000000000000003331, -2.500000000000001332 ) ) ;
#4037 = DIRECTION ( 'NONE',  ( 1.000000000000000000, 0.000000000000000000, 0.000000000000000000 ) ) ;
#4038 = EDGE_LOOP ( 'NONE', ( #603, #2097, #350, #2750 ) ) ;
#4039 = VECTOR ( 'NONE', #3524, 1000.000000000000114 ) ;
#4040 = DIRECTION ( 'NONE',  ( 0.000000000000000000, 1.445602896647339163E-16, -1.000000000000000000 ) ) ;
#4041 = EDGE_CURVE ( 'NONE', #3240, #261, #236, .T. ) ;
#4042 = ORIENTED_EDGE ( 'NONE', *, *, #2609, .F. ) ;
#4043 = CARTESIAN_POINT ( 'NONE',  ( 1.509822997421379487, -0.3161494543238881905, -3.707846796157535429 ) ) ;
#4044 = VECTOR ( 'NONE', #2366, 1000.000000000000114 ) ;
#4045 = CARTESIAN_POINT ( 'NONE',  ( 1.242557962125042437, -0.4949999999999998845, -3.999999999970194065 ) ) ;
#4046 = CARTESIAN_POINT ( 'NONE',  ( -7.968626966596882077, -0.5000000000000006661, 2.500000000000000444 ) ) ;
#4047 = CONICAL_SURFACE ( 'NONE', #4422, 1.249999999856754584, 0.7853981633027092846 ) ;
#4048 = DIRECTION ( 'NONE',  ( 0.000000000000000000, 0.000000000000000000, 1.000000000000000000 ) ) ;
#4049 = ORIENTED_EDGE ( 'NONE', *, *, #3810, .T. ) ;
#4050 = EDGE_CURVE ( 'NONE', #618, #405, #2471, .T. ) ;
#4051 = CARTESIAN_POINT ( 'NONE',  ( 6.922791245707181851, -0.5000000000000004441, -2.555415248845146703 ) ) ;
#4052 = VECTOR ( 'NONE', #2645, 1000.000000000000114 ) ;
#4053 = PLANE ( 'NONE',  #705 ) ;
#4054 = VERTEX_POINT ( 'NONE', #663 ) ;
#4055 = AXIS2_PLACEMENT_3D ( 'NONE', #1371, #714, #3655 ) ;
#4056 = FACE_OUTER_BOUND ( 'NONE', #4423, .T. ) ;
#4057 = CARTESIAN_POINT ( 'NONE',  ( 1.451280132103397902, -0.5000000000000018874, 2.462395014028064821 ) ) ;
#4058 = ORIENTED_EDGE ( 'NONE', *, *, #3294, .T. ) ;
#4059 = CARTESIAN_POINT ( 'NONE',  ( 4.100000000000000533, -8.131516293641283255E-17, 3.999999999962255970 ) ) ;
#4060 = VECTOR ( 'NONE', #2182, 1000.000000000000114 ) ;
#4061 = EDGE_LOOP ( 'NONE', ( #4336, #362 ) ) ;
#4062 = CARTESIAN_POINT ( 'NONE',  ( 1.503157141019466181, -0.8791018121141210839, 2.120898187885880581 ) ) ;
#4063 = CARTESIAN_POINT ( 'NONE',  ( 6.690177002578622023, -0.2257943651042528810, 4.000000000000000000 ) ) ;
#4064 = DIRECTION ( 'NONE',  ( 1.000000000000000000, 0.000000000000000000, 0.000000000000000000 ) ) ;
#4065 = CARTESIAN_POINT ( 'NONE',  ( 6.690177002572953668, -0.4058676804393165360, 3.720320750264237919 ) ) ;
#4066 = EDGE_CURVE ( 'NONE', #762, #1150, #3923, .T. ) ;
#4067 = B_SPLINE_CURVE_WITH_KNOTS ( 'NONE', 3,
 ( #3661, #4043, #55, #1444 ),
 .UNSPECIFIED., .F., .F.,
 ( 4, 4 ),
 ( 7.191127453553682920E-16, 0.0002717434713000560194 ),
 .UNSPECIFIED. ) ;
#4068 = AXIS2_PLACEMENT_3D ( 'NONE', #2942, #2262, #3318 ) ;
#4069 = ORIENTED_EDGE ( 'NONE', *, *, #4012, .T. ) ;
#4070 = ADVANCED_FACE ( 'NONE', ( #1741 ), #351, .F. ) ;
#4071 = VECTOR ( 'NONE', #3813, 1000.000000000000114 ) ;
#4072 = DIRECTION ( 'NONE',  ( -1.000000000000000000, -8.397067585772158533E-17, 0.000000000000000000 ) ) ;
#4073 =( NAMED_UNIT ( * ) PLANE_ANGLE_UNIT ( ) SI_UNIT ( $, .RADIAN. ) );
#4074 = EDGE_CURVE ( 'NONE', #2231, #3135, #293, .T. ) ;
#4075 = EDGE_LOOP ( 'NONE', ( #2884, #3150, #1323, #3522, #1449, #4350 ) ) ;
#4076 = VECTOR ( 'NONE', #3194, 1000.000000000000000 ) ;
#4077 = CARTESIAN_POINT ( 'NONE',  ( -1.899999999999999689, 3.413690413397838075, 3.699999999999998401 ) ) ;
#4078 = DIRECTION ( 'NONE',  ( 0.000000000000000000, 0.000000000000000000, 1.000000000000000000 ) ) ;
#4079 = CARTESIAN_POINT ( 'NONE',  ( -1.550510257216821897, -0.5000000000000003331, -2.500000000000001332 ) ) ;
#4080 = VERTEX_POINT ( 'NONE', #2123 ) ;
#4081 = ORIENTED_EDGE ( 'NONE', *, *, #798, .T. ) ;
#4082 = VERTEX_POINT ( 'NONE', #2436 ) ;
#4083 = EDGE_CURVE ( 'NONE', #3083, #221, #1002, .T. ) ;
#4084 = CARTESIAN_POINT ( 'NONE',  ( 1.539419639543172069, -0.9860746526756682950, 2.013925347324332371 ) ) ;
#4085 = CARTESIAN_POINT ( 'NONE',  ( 8.068626966596884387, -0.5000000000000006661, 2.500000000000000444 ) ) ;
#4086 = CARTESIAN_POINT ( 'NONE',  ( -4.000000000000000000, 0.000000000000000000, -3.699999999980718712 ) ) ;
#4087 = EDGE_LOOP ( 'NONE', ( #1137, #1030, #1041, #4205, #75 ) ) ;
#4088 = ORIENTED_EDGE ( 'NONE', *, *, #3, .F. ) ;
#4089 = CARTESIAN_POINT ( 'NONE',  ( 4.100000000000001421, 9.919639073093561200E-16, 3.700000000000000178 ) ) ;
#4090 = DIRECTION ( 'NONE',  ( -8.397067585772158533E-17, 1.000000000000000000, 0.000000000000000000 ) ) ;
#4091 = AXIS2_PLACEMENT_3D ( 'NONE', #4059, #1491, #2574 ) ;
#4092 = DIRECTION ( 'NONE',  ( 0.000000000000000000, 0.7938448060994472977, -0.6081204024113406881 ) ) ;
#4093 = VERTEX_POINT ( 'NONE', #4618 ) ;
#4094 = CARTESIAN_POINT ( 'NONE',  ( -6.571150438741623745, -3.064177772481491147, -3.699999999998640376 ) ) ;
#4095 = ORIENTED_EDGE ( 'NONE', *, *, #4282, .T. ) ;
#4096 = CARTESIAN_POINT ( 'NONE',  ( 6.284999733033071578, -1.425405021661946270, -2.049173906692229430 ) ) ;
#4097 = ADVANCED_FACE ( 'NONE', ( #3136 ), #1460, .F. ) ;
#4098 = CARTESIAN_POINT ( 'NONE',  ( -3.999999999999996447, 1.021924959892513503E-15, 4.000000000000000000 ) ) ;
#4099 = DIRECTION ( 'NONE',  ( -0.000000000000000000, -0.000000000000000000, -1.000000000000000000 ) ) ;
#4100 = FACE_OUTER_BOUND ( 'NONE', #3355, .T. ) ;
#4101 = DIRECTION ( 'NONE',  ( 0.000000000000000000, -1.000000000000000000, 0.000000000000000000 ) ) ;
#4102 = VERTEX_POINT ( 'NONE', #1448 ) ;
#4103 = VECTOR ( 'NONE', #3748, 1000.000000000000000 ) ;
#4104 = CARTESIAN_POINT ( 'NONE',  ( -6.375192542758498782, -0.8639804587559269944, 2.136019541244073228 ) ) ;
#4105 = EDGE_CURVE ( 'NONE', #1348, #3465, #2331, .T. ) ;
#4106 = CARTESIAN_POINT ( 'NONE',  ( 6.223684002367433798, -1.500002295986595069, 1.958674535742434886 ) ) ;
#4107 = LINE ( 'NONE', #3865, #2152 ) ;
#4109 = ORIENTED_EDGE ( 'NONE', *, *, #4529, .T. ) ;
#4108 = DIRECTION ( 'NONE',  ( -0.000000000000000000, -0.000000000000000000, -1.000000000000000000 ) ) ;
#4110 = EDGE_CURVE ( 'NONE', #2472, #3124, #2221, .T. ) ;
#4111 = DIRECTION ( 'NONE',  ( -1.000000000000000000, 0.000000000000000000, 0.000000000000000000 ) ) ;
#4112 = FACE_OUTER_BOUND ( 'NONE', #3695, .T. ) ;
#4113 = CARTESIAN_POINT ( 'NONE',  ( 6.651470111043798816, -0.4999997915716129504, -3.163880376572077324 ) ) ;
#4114 = CARTESIAN_POINT ( 'NONE',  ( 8.069253708192510643, -0.4949999999999999956, -2.497928932188135498 ) ) ;
#4115 = VECTOR ( 'NONE', #967, 1000.000000000000000 ) ;
#4116 = ORIENTED_EDGE ( 'NONE', *, *, #827, .F. ) ;
#4117 = ADVANCED_FACE ( 'NONE', ( #3014 ), #3710, .F. ) ;
#4118 = CARTESIAN_POINT ( 'NONE',  ( -1.500000000021373125, 3.061616997855295939E-16, 3.700000000037562131 ) ) ;
#4119 = LINE ( 'NONE', #3388, #255 ) ;
#4120 = EDGE_LOOP ( 'NONE', ( #1437, #1950, #2764, #1580 ) ) ;
#4121 = CARTESIAN_POINT ( 'NONE',  ( -3.999999999999996447, -0.4999999999999998890, -4.000000000000000000 ) ) ;
#4122 = LINE ( 'NONE', #3085, #750 ) ;
#4123 = VERTEX_POINT ( 'NONE', #3278 ) ;
#4124 = CARTESIAN_POINT ( 'NONE',  ( 2.200000000000000622, 1.021924959892513503E-15, -4.000000000000000000 ) ) ;
#4125 = FACE_OUTER_BOUND ( 'NONE', #4620, .T. ) ;
#4126 = CARTESIAN_POINT ( 'NONE',  ( 6.763430678022412046, -0.5000000000000011102, 2.477682562821076129 ) ) ;
#4127 = CARTESIAN_POINT ( 'NONE',  ( -7.999999999999998224, -0.5000000132520335816, 2.492928918936101912 ) ) ;
#4128 = ORIENTED_EDGE ( 'NONE', *, *, #372, .F. ) ;
#4129 = CARTESIAN_POINT ( 'NONE',  ( 6.690177002578622911, -0.4058676804295487939, -3.720320750308971025 ) ) ;
#4130 = DIRECTION ( 'NONE',  ( -0.7660444431189770143, -0.6427876096865405842, 0.000000000000000000 ) ) ;
#4131 = FACE_OUTER_BOUND ( 'NONE', #123, .T. ) ;
#4132 = PLANE ( 'NONE',  #2214 ) ;
#4133 = ORIENTED_EDGE ( 'NONE', *, *, #2165, .F. ) ;
#4134 = DIRECTION ( 'NONE',  ( -0.000000000000000000, -0.000000000000000000, 1.000000000000000000 ) ) ;
#4135 = ORIENTED_EDGE ( 'NONE', *, *, #798, .F. ) ;
#4136 = EDGE_CURVE ( 'NONE', #1892, #3910, #4593, .T. ) ;
#4137 = ORIENTED_EDGE ( 'NONE', *, *, #2224, .F. ) ;
#4138 = CARTESIAN_POINT ( 'NONE',  ( 1.678262674955328437, -1.500000000000000000, -1.499999969945979172 ) ) ;
#4139 = ORIENTED_EDGE ( 'NONE', *, *, #2092, .T. ) ;
#4140 = ADVANCED_FACE ( 'NONE', ( #2199 ), #4013, .F. ) ;
#4141 = CARTESIAN_POINT ( 'NONE',  ( 6.690177002578622911, -0.8711978629815362307, -2.121731069206600484 ) ) ;
#4142 = ORIENTED_EDGE ( 'NONE', *, *, #403, .F. ) ;
#4143 = EDGE_CURVE ( 'NONE', #3031, #4449, #2961, .T. ) ;
#4144 = CARTESIAN_POINT ( 'NONE',  ( 1.509822997421379487, -0.4950000000000003286, -2.497928932188135498 ) ) ;
#4145 = CARTESIAN_POINT ( 'NONE',  ( -6.551436147552601952, -0.5000000000000000000, -3.799886669082452872 ) ) ;
#4146 = CARTESIAN_POINT ( 'NONE',  ( 1.566657443431975993, -0.5924707806914630837, -3.049230132034292495 ) ) ;
#4147 = ORIENTED_EDGE ( 'NONE', *, *, #3347, .T. ) ;
#4148 = AXIS2_PLACEMENT_3D ( 'NONE', #3958, #344, #3638 ) ;
#4149 = DIRECTION ( 'NONE',  ( 0.7660444431189775694, 0.6427876096865398070, 0.000000000000000000 ) ) ;
#4150 = B_SPLINE_CURVE_WITH_KNOTS ( 'NONE', 3,
 ( #1861, #2225, #782, #472, #3368, #1521 ),
 .UNSPECIFIED., .F., .F.,
 ( 4, 2, 4 ),
 ( 0.000000000000000000, 0.0002660992063808367922, 0.0005321984127616735845 ),
 .UNSPECIFIED. ) ;
#4151 = EDGE_LOOP ( 'NONE', ( #3345, #4624, #3963, #4501, #376, #2652, #670, #1585, #537, #1512, #4178, #4252 ) ) ;
#4152 = SHAPE_DEFINITION_REPRESENTATION ( #3632, #1751 ) ;
#4153 = CARTESIAN_POINT ( 'NONE',  ( 0.000000000000000000, -2.086309586616152956, 0.000000000000000000 ) ) ;
#4154 = CARTESIAN_POINT ( 'NONE',  ( 6.854550744753976410, -0.8915013126766830887, -2.108498687323319132 ) ) ;
#4155 = CARTESIAN_POINT ( 'NONE',  ( 6.977372613933918721, -0.5000000022477341100, 2.500000010971024533 ) ) ;
#4156 = AXIS2_PLACEMENT_3D ( 'NONE', #213, #4555, #2033 ) ;
#4157 = CARTESIAN_POINT ( 'NONE',  ( -7.708099243547827939, -1.500000000000001776, 1.499999999999998224 ) ) ;
#4158 = VERTEX_POINT ( 'NONE', #1838 ) ;
#4159 = DIRECTION ( 'NONE',  ( -0.000000000000000000, -0.000000000000000000, 1.000000000000000000 ) ) ;
#4160 = CIRCLE ( 'NONE', #938, 2.800000000036106940 ) ;
#4161 = CARTESIAN_POINT ( 'NONE',  ( 8.069253708192510643, -0.4949999999999997735, -3.699999999940066786 ) ) ;
#4162 = ADVANCED_FACE ( 'NONE', ( #291 ), #1095, .F. ) ;
#4163 = CARTESIAN_POINT ( 'NONE',  ( 2.199999999979122656, 2.190890230081761647, 3.999999999960247354 ) ) ;
#4164 = EDGE_CURVE ( 'NONE', #4386, #3465, #1864, .T. ) ;
#4165 = FACE_OUTER_BOUND ( 'NONE', #2932, .T. ) ;
#4166 = CARTESIAN_POINT ( 'NONE',  ( 6.566642618738121939, -0.8400670295380232577, 2.452980955399605367 ) ) ;
#4167 = EDGE_LOOP ( 'NONE', ( #1312, #3008, #1093, #2059 ) ) ;
#4168 =( BOUNDED_CURVE ( )  B_SPLINE_CURVE ( 3, ( #3739, #1533, #1514, #4085 ),
 .UNSPECIFIED., .F., .F. ) 
 B_SPLINE_CURVE_WITH_KNOTS ( ( 4, 4 ),
 ( 1.186399552299256976, 1.445468495626830663 ),
 .UNSPECIFIED. ) 
 CURVE ( )  GEOMETRIC_REPRESENTATION_ITEM ( )  RATIONAL_B_SPLINE_CURVE ( ( 1.000000000000000000, 0.9944147564235756853, 0.9944147564235756853, 1.000000000000000000 ) ) 
 REPRESENTATION_ITEM ( '' )  );
#4169 = VERTEX_POINT ( 'NONE', #2580 ) ;
#4170 = LINE ( 'NONE', #2229, #2512 ) ;
#4171 = CARTESIAN_POINT ( 'NONE',  ( 1.900000000000000133, 3.413690413397838519, 3.699999999999998401 ) ) ;
#4172 = VERTEX_POINT ( 'NONE', #707 ) ;
#4173 = CARTESIAN_POINT ( 'NONE',  ( -7.968626966596883854, -0.5000000000000038858, -3.699999999990358557 ) ) ;
#4174 = VERTEX_POINT ( 'NONE', #3263 ) ;
#4175 = EDGE_CURVE ( 'NONE', #4308, #2419, #181, .T. ) ;
#4176 = CARTESIAN_POINT ( 'NONE',  ( 0.000000000000000000, -0.5000000000000009992, 2.500000000000000000 ) ) ;
#4177 = CIRCLE ( 'NONE', #2994, 2.499999999978626875 ) ;
#4178 = ORIENTED_EDGE ( 'NONE', *, *, #3080, .T. ) ;
#4179 = CARTESIAN_POINT ( 'NONE',  ( -6.552411645052464984, -0.4949999999999999956, -3.799889050300142124 ) ) ;
#4180 = CARTESIAN_POINT ( 'NONE',  ( 7.810117922654209899, -1.494999999999999885, -1.497928932188135276 ) ) ;
#4181 = AXIS2_PLACEMENT_3D ( 'NONE', #2305, #2440, #2415 ) ;
#4182 = FACE_OUTER_BOUND ( 'NONE', #3399, .T. ) ;
#4183 = VERTEX_POINT ( 'NONE', #2186 ) ;
#4184 = CARTESIAN_POINT ( 'NONE',  ( 6.671150438746163758, -3.064177772475906725, 4.000000000000000000 ) ) ;
#4185 = DIRECTION ( 'NONE',  ( 0.000000000000000000, 0.000000000000000000, -1.000000000000000000 ) ) ;
#4186 = B_SPLINE_CURVE_WITH_KNOTS ( 'NONE', 3,
 ( #1195, #2347, #1974, #4521, #2311, #2364, #4146, #3460 ),
 .UNSPECIFIED., .F., .F.,
 ( 4, 2, 2, 4 ),
 ( 0.000000000000000000, 0.4521132687153161522, 0.7293437919661033275, 1.000000000000000000 ),
 .UNSPECIFIED. ) ;
#4187 = ORIENTED_EDGE ( 'NONE', *, *, #3750, .F. ) ;
#4188 = VECTOR ( 'NONE', #10, 1000.000000000000000 ) ;
#4189 = CARTESIAN_POINT ( 'NONE',  ( -1.899999999999999689, 2.313690413397837986, 3.699999999999998401 ) ) ;
#4190 = VERTEX_POINT ( 'NONE', #3699 ) ;
#4191 = CYLINDRICAL_SURFACE ( 'NONE', #3959, 1.250000000000000000 ) ;
#4192 = CARTESIAN_POINT ( 'NONE',  ( 1.509822997421379487, -1.397308532419965665, -1.595620399768169939 ) ) ;
#4193 = CARTESIAN_POINT ( 'NONE',  ( 6.464923833042821144, -1.085697174319845359, 1.746862715970502355 ) ) ;
#4194 = EDGE_CURVE ( 'NONE', #3031, #801, #4665, .T. ) ;
#4195 = ORIENTED_EDGE ( 'NONE', *, *, #2400, .F. ) ;
#4196 = ORIENTED_EDGE ( 'NONE', *, *, #2265, .T. ) ;
#4197 = CARTESIAN_POINT ( 'NONE',  ( 1.222627383223139796, -0.5000000022477357753, 2.500000008084644953 ) ) ;
#4198 = ORIENTED_EDGE ( 'NONE', *, *, #3533, .F. ) ;
#4199 = ORIENTED_EDGE ( 'NONE', *, *, #2730, .F. ) ;
#4200 = EDGE_CURVE ( 'NONE', #1666, #774, #1048, .T. ) ;
#4201 = CARTESIAN_POINT ( 'NONE',  ( -4.000000000000000000, 0.000000000000000000, 3.999999999962255970 ) ) ;
#4202 = ORIENTED_EDGE ( 'NONE', *, *, #3192, .F. ) ;
#4203 = CARTESIAN_POINT ( 'NONE',  ( 4.100000000000000533, -8.131516293641283255E-17, -3.699999999980718712 ) ) ;
#4204 = AXIS2_PLACEMENT_3D ( 'NONE', #692, #3679, #737 ) ;
#4205 = ORIENTED_EDGE ( 'NONE', *, *, #4499, .F. ) ;
#4206 = COLOUR_RGB ( '',0.000000000000000000, 0.7372549019607843590, 1.000000000000000000 ) ;
#4207 = CARTESIAN_POINT ( 'NONE',  ( 1.590540166511821951, -0.6870570806443677681, 2.938313984770746679 ) ) ;
#4208 = EDGE_LOOP ( 'NONE', ( #626, #3647, #1232, #329, #1843, #1752, #1658, #2378 ) ) ;
#4209 = ADVANCED_FACE ( 'NONE', ( #2734 ), #2617, .T. ) ;
#4210 = PLANE ( 'NONE',  #1573 ) ;
#4211 = AXIS2_PLACEMENT_3D ( 'NONE', #1803, #2931, #2210 ) ;
#4212 = B_SPLINE_CURVE_WITH_KNOTS ( 'NONE', 3,
 ( #2482, #972, #3211, #3551 ),
 .UNSPECIFIED., .F., .F.,
 ( 4, 4 ),
 ( 0.000000000000000000, 1.000000000000000000 ),
 .UNSPECIFIED. ) ;
#4213 = CARTESIAN_POINT ( 'NONE',  ( 7.866950860348272734, -0.4999999999999998890, -3.900035144409941257 ) ) ;
#4214 = CARTESIAN_POINT ( 'NONE',  ( 0.000000000000000000, -2.286309586509105429, -1.449999999863393896 ) ) ;
#4215 = CARTESIAN_POINT ( 'NONE',  ( 1.509822997421379487, -0.2257943651061004031, 3.699999999978786924 ) ) ;
#4216 = LINE ( 'NONE', #1549, #3491 ) ;
#4217 = MECHANICAL_DESIGN_GEOMETRIC_PRESENTATION_REPRESENTATION (  '', ( #4364 ), #3097 ) ;
#4218 = ORIENTED_EDGE ( 'NONE', *, *, #2569, .F. ) ;
#4219 = FACE_OUTER_BOUND ( 'NONE', #1482, .T. ) ;
#4220 = ORIENTED_EDGE ( 'NONE', *, *, #1037, .T. ) ;
#4221 = ORIENTED_EDGE ( 'NONE', *, *, #4376, .F. ) ;
#4222 = DIRECTION ( 'NONE',  ( 0.000000000000000000, 0.000000000000000000, 1.000000000000000000 ) ) ;
#4223 = EDGE_CURVE ( 'NONE', #4360, #1646, #2141, .T. ) ;
#4224 = CARTESIAN_POINT ( 'NONE',  ( -3.999999999999996447, -0.5000000000000008882, 4.000000000000000000 ) ) ;
#4225 = LINE ( 'NONE', #2333, #3838 ) ;
#4226 = ORIENTED_EDGE ( 'NONE', *, *, #599, .F. ) ;
#4227 = CARTESIAN_POINT ( 'NONE',  ( 1.201087692805876017, -0.4181355691551766895, -2.581864430844824643 ) ) ;
#4228 = FACE_OUTER_BOUND ( 'NONE', #4247, .T. ) ;
#4229 = CARTESIAN_POINT ( 'NONE',  ( 1.509822997421382595, -1.496464466094067580, 1.496464466094066692 ) ) ;
#4230 = EDGE_CURVE ( 'NONE', #1556, #357, #419, .T. ) ;
#4231 = ORIENTED_EDGE ( 'NONE', *, *, #1706, .T. ) ;
#4232 = ADVANCED_FACE ( 'NONE', ( #3979 ), #3429, .F. ) ;
#4233 = DIRECTION ( 'NONE',  ( 0.000000000000000000, -0.7071067811865470176, -0.7071067811865481278 ) ) ;
#4234 = ORIENTED_EDGE ( 'NONE', *, *, #1929, .T. ) ;
#4235 = FACE_OUTER_BOUND ( 'NONE', #4704, .T. ) ;
#4236 = AXIS2_PLACEMENT_3D ( 'NONE', #1209, #2771, #4597 ) ;
#4237 = PLANE ( 'NONE',  #2318 ) ;
#4238 = ORIENTED_EDGE ( 'NONE', *, *, #1595, .F. ) ;
#4239 = DIRECTION ( 'NONE',  ( 0.000000000000000000, -0.000000000000000000, -1.000000000000000000 ) ) ;
#4240 = FACE_OUTER_BOUND ( 'NONE', #848, .T. ) ;
#4241 = B_SPLINE_CURVE_WITH_KNOTS ( 'NONE', 3,
 ( #4649, #2119, #1707, #4279 ),
 .UNSPECIFIED., .F., .F.,
 ( 4, 4 ),
 ( 1.115632550682425110E-15, 0.0004260826596359254081 ),
 .UNSPECIFIED. ) ;
#4242 = ORIENTED_EDGE ( 'NONE', *, *, #887, .F. ) ;
#4243 = CARTESIAN_POINT ( 'NONE',  ( 2.064981273822865226, -1.618239408773742172, -1.570283453837586052 ) ) ;
#4244 = ORIENTED_EDGE ( 'NONE', *, *, #725, .F. ) ;
#4245 = CARTESIAN_POINT ( 'NONE',  ( 5.555880937064811675, -3.999999999999998224, -3.700000000000003730 ) ) ;
#4246 = CARTESIAN_POINT ( 'NONE',  ( -5.005479388357661819, -3.986309586602162280, 4.000000000000000000 ) ) ;
#4247 = EDGE_LOOP ( 'NONE', ( #1469, #39, #307, #1275 ) ) ;
#4248 = ORIENTED_EDGE ( 'NONE', *, *, #1811, .T. ) ;
#4249 = DIRECTION ( 'NONE',  ( 0.7071067811865469066, -0.000000000000000000, 0.7071067811865482389 ) ) ;
#4250 = EDGE_CURVE ( 'NONE', #865, #4659, #2601, .T. ) ;
#4251 = DIRECTION ( 'NONE',  ( 0.000000000000000000, -1.000000000000000000, -2.891205793294680792E-16 ) ) ;
#4252 = ORIENTED_EDGE ( 'NONE', *, *, #582, .T. ) ;
#4253 = ADVANCED_FACE ( 'NONE', ( #577 ), #1873, .T. ) ;
#4254 = DIRECTION ( 'NONE',  ( -1.000000000000000000, 0.000000000000000000, 0.000000000000000000 ) ) ;
#4255 = DIRECTION ( 'NONE',  ( -1.000000000000000000, -1.141265444721583757E-16, 0.000000000000000000 ) ) ;
#4256 = VERTEX_POINT ( 'NONE', #4114 ) ;
#4257 = EDGE_CURVE ( 'NONE', #3219, #3805, #1146, .T. ) ;
#4258 = DIRECTION ( 'NONE',  ( 0.000000000000000000, 0.000000000000000000, 1.000000000000000000 ) ) ;
#4259 = ORIENTED_EDGE ( 'NONE', *, *, #3774, .T. ) ;
#4260 = CARTESIAN_POINT ( 'NONE',  ( 0.000000000000000000, -4.286309586575498543, 0.000000000000000000 ) ) ;
#4261 = LINE ( 'NONE', #2212, #4546 ) ;
#4262 = EDGE_CURVE ( 'NONE', #337, #3783, #117, .T. ) ;
#4263 = CARTESIAN_POINT ( 'NONE',  ( 6.779337695186467450, -0.4950000000000008837, 3.824627567221995594 ) ) ;
#4264 = VECTOR ( 'NONE', #2488, 1000.000000000000000 ) ;
#4265 = DIRECTION ( 'NONE',  ( 1.000000000000000000, 0.000000000000000000, 0.000000000000000000 ) ) ;
#4266 = CARTESIAN_POINT ( 'NONE',  ( 5.062863900676155993, 4.413690413397840295, 4.000000000000000000 ) ) ;
#4267 = DIRECTION ( 'NONE',  ( 0.000000000000000000, 0.000000000000000000, -1.000000000000000000 ) ) ;
#4268 = VECTOR ( 'NONE', #3442, 1000.000000000000000 ) ;
#4269 = AXIS2_PLACEMENT_3D ( 'NONE', #2278, #2314, #1182 ) ;
#4270 = DIRECTION ( 'NONE',  ( -1.000000000000000000, 0.000000000000000000, 0.000000000000000000 ) ) ;
#4271 = VERTEX_POINT ( 'NONE', #776 ) ;
#4272 = B_SPLINE_CURVE_WITH_KNOTS ( 'NONE', 3,
 ( #3421, #800, #1574, #1951 ),
 .UNSPECIFIED., .F., .F.,
 ( 4, 4 ),
 ( 6.563424331675905879E-16, 0.0002333446999720587434 ),
 .UNSPECIFIED. ) ;
#4273 = LINE ( 'NONE', #17, #3878 ) ;
#4274 = ORIENTED_EDGE ( 'NONE', *, *, #2040, .F. ) ;
#4275 = EDGE_CURVE ( 'NONE', #505, #4707, #4168, .T. ) ;
#4277 = FACE_OUTER_BOUND ( 'NONE', #2407, .T. ) ;
#4276 = AXIS2_PLACEMENT_3D ( 'NONE', #2381, #4251, #3133 ) ;
#4278 = CARTESIAN_POINT ( 'NONE',  ( -1.448563852485156733, -0.5000000000000008882, 3.799886669121498528 ) ) ;
#4279 = CARTESIAN_POINT ( 'NONE',  ( -7.968626966601614292, -0.5000000000000006661, 3.700000000004767031 ) ) ;
#4280 = LINE ( 'NONE', #2035, #3560 ) ;
#4281 = ORIENTED_EDGE ( 'NONE', *, *, #2506, .T. ) ;
#4282 = EDGE_CURVE ( 'NONE', #9, #405, #1794, .T. ) ;
#4283 = DIRECTION ( 'NONE',  ( 0.000000000000000000, 0.000000000000000000, -1.000000000000000000 ) ) ;
#4284 = VECTOR ( 'NONE', #657, 1000.000000000000114 ) ;
#4285 = ORIENTED_EDGE ( 'NONE', *, *, #4371, .T. ) ;
#4286 = CIRCLE ( 'NONE', #2461, 1.094999999963874870 ) ;
#4287 = DIRECTION ( 'NONE',  ( 0.7660444431189770143, 0.6427876096865404731, 0.000000000000000000 ) ) ;
#4288 = CARTESIAN_POINT ( 'NONE',  ( -2.172405105550196502, 2.084955197625472767, -3.972405105222732491 ) ) ;
#4289 = EDGE_CURVE ( 'NONE', #4587, #2047, #890, .T. ) ;
#4290 = CARTESIAN_POINT ( 'NONE',  ( 7.867611374909675881, -0.4949999999999998845, -3.900034427047563756 ) ) ;
#4291 = ORIENTED_EDGE ( 'NONE', *, *, #3950, .F. ) ;
#4292 = LINE ( 'NONE', #388, #3627 ) ;
#4293 = DIRECTION ( 'NONE',  ( 0.000000000000000000, 1.445602896647339410E-16, -1.000000000000000000 ) ) ;
#4294 = ORIENTED_EDGE ( 'NONE', *, *, #3605, .T. ) ;
#4295 = CARTESIAN_POINT ( 'NONE',  ( -2.158921348434224896, 2.054769185465939341, 3.958921348434222054 ) ) ;
#4296 = AXIS2_PLACEMENT_3D ( 'NONE', #2143, #378, #1386 ) ;
#4297 = FACE_OUTER_BOUND ( 'NONE', #1548, .T. ) ;
#4298 = CARTESIAN_POINT ( 'NONE',  ( 6.415117977645677705, -1.492770063251658508, -1.507229936748341936 ) ) ;
#4299 = ORIENTED_EDGE ( 'NONE', *, *, #2198, .F. ) ;
#4300 = VERTEX_POINT ( 'NONE', #3344 ) ;
#4301 = DIRECTION ( 'NONE',  ( -1.000000000000000000, 0.000000000000000000, -0.000000000000000000 ) ) ;
#4302 = ORIENTED_EDGE ( 'NONE', *, *, #691, .F. ) ;
#4303 =( BOUNDED_SURFACE ( )  B_SPLINE_SURFACE ( 3, 2, ( 
 ( #819, #462, #4434 ),
 ( #516, #4453, #2267 ),
 ( #3766, #1575, #3372 ),
 ( #1559, #1171, #2303 ),
 ( #2251, #1156, #135 ),
 ( #802, #3754, #1526 ),
 ( #4096, #3423, #2676 ),
 ( #4468, #105, #1904 ) ),
 .UNSPECIFIED., .F., .F., .F. ) 
 B_SPLINE_SURFACE_WITH_KNOTS ( ( 4, 2, 2, 4 ),
 ( 3, 3 ),
 ( 0.004113098836297720239, 0.004605777519331010622, 0.005098456202364301873, 0.006083813568430883507 ),
 ( 0.000000000000000000, 1.000000000000000000 ),
 .UNSPECIFIED. ) 
 GEOMETRIC_REPRESENTATION_ITEM ( )  RATIONAL_B_SPLINE_SURFACE ( (
 ( 1.000000000000000000, 0.9182912418213992067, 1.000000000000000000),
 ( 1.000000000000000000, 0.9199202561376226273, 1.000000000000000000),
 ( 1.000000000000000000, 0.9218578888780035729, 1.000000000000000000),
 ( 1.000000000000000000, 0.9254187110406009165, 1.000000000000000000),
 ( 1.000000000000000000, 0.9271262671280336987, 1.000000000000000000),
 ( 1.000000000000000000, 0.9320153802498030160, 1.000000000000000000),
 ( 1.000000000000000000, 0.9349601181546930428, 1.000000000000000000),
 ( 1.000000000000000000, 0.9375336409511756397, 1.000000000000000000) ) ) 
 REPRESENTATION_ITEM ( '' )  SURFACE ( )  );
#4304 = AXIS2_PLACEMENT_3D ( 'NONE', #339, #3969, #1144 ) ;
#4305 = DIRECTION ( 'NONE',  ( 0.000000000000000000, 0.000000000000000000, 1.000000000000000000 ) ) ;
#4306 = VERTEX_POINT ( 'NONE', #496 ) ;
#4307 = DIRECTION ( 'NONE',  ( 0.000000000000000000, 2.891205793294680298E-16, -1.000000000000000000 ) ) ;
#4308 = VERTEX_POINT ( 'NONE', #3428 ) ;
#4309 = CARTESIAN_POINT ( 'NONE',  ( -6.571150438746159672, -3.064177772475908057, -3.700000000000001954 ) ) ;
#4310 = CARTESIAN_POINT ( 'NONE',  ( 1.678262674955328437, -1.500000000000000000, -1.499999969945979172 ) ) ;
#4311 = EDGE_CURVE ( 'NONE', #3914, #2889, #3537, .T. ) ;
#4312 = CARTESIAN_POINT ( 'NONE',  ( -6.378314155840204336, 2.834364439540215219, -4.000000000000000000 ) ) ;
#4313 = ORIENTED_EDGE ( 'NONE', *, *, #3352, .F. ) ;
#4314 = VECTOR ( 'NONE', #1222, 1000.000000000000000 ) ;
#4315 = DIRECTION ( 'NONE',  ( 0.7071067811865474617, 8.659560562354932858E-17, -0.7071067811865474617 ) ) ;
#4316 = CARTESIAN_POINT ( 'NONE',  ( -3.999999999999996447, -0.4950000000000008837, 4.000000000000000000 ) ) ;
#4317 = EDGE_CURVE ( 'NONE', #3854, #3910, #622, .T. ) ;
#4318 = VECTOR ( 'NONE', #1018, 1000.000000000000000 ) ;
#4319 = DIRECTION ( 'NONE',  ( 1.000000000000000000, 0.000000000000000000, 0.000000000000000000 ) ) ;
#4320 = CARTESIAN_POINT ( 'NONE',  ( 6.567086422877073559, -1.438444072235424365, 1.561555927764575191 ) ) ;
#4321 = CARTESIAN_POINT ( 'NONE',  ( 6.964408776026361103, -0.5527433662353335997, -2.447256633764666844 ) ) ;
#4322 = VECTOR ( 'NONE', #3334, 999.9999999999998863 ) ;
#4323 = AXIS2_PLACEMENT_3D ( 'NONE', #598, #4249, #4612 ) ;
#4324 = DIRECTION ( 'NONE',  ( -1.000000000000000000, 0.000000000000000000, -0.000000000000000000 ) ) ;
#4325 = DIRECTION ( 'NONE',  ( 0.000000000000000000, -1.000000000000000000, 0.000000000000000000 ) ) ;
#4326 = ADVANCED_FACE ( 'NONE', ( #3366, #1627 ), #1942, .T. ) ;
#4327 = CARTESIAN_POINT ( 'NONE',  ( -7.666739014439505340, -0.4950000000000008837, 4.000000000017188029 ) ) ;
#4328 = CARTESIAN_POINT ( 'NONE',  ( 6.690177002578622023, -0.2257943651059913792, 3.699999999978778487 ) ) ;
#4329 = LINE ( 'NONE', #866, #3546 ) ;
#4330 = CARTESIAN_POINT ( 'NONE',  ( -6.449489742783176993, -0.5000000000000009992, 2.500000000000000000 ) ) ;
#4331 = CARTESIAN_POINT ( 'NONE',  ( 4.100000000000000533, -8.131516293641283255E-17, 3.699999999980718712 ) ) ;
#4332 = CARTESIAN_POINT ( 'NONE',  ( 2.163316380035235298, 2.109392938226570369, 3.963316380059216382 ) ) ;
#4333 = CARTESIAN_POINT ( 'NONE',  ( 1.900000000000000133, 3.413690413397838519, 3.699999999999998401 ) ) ;
#4334 = CIRCLE ( 'NONE', #1257, 1.449999999977080734 ) ;
#4335 = CARTESIAN_POINT ( 'NONE',  ( 6.419150203073714422, -1.636948130340028840, 1.363051869659970938 ) ) ;
#4336 = ORIENTED_EDGE ( 'NONE', *, *, #2785, .T. ) ;
#4337 = CARTESIAN_POINT ( 'NONE',  ( 7.766739014405432684, -0.4949999999999998845, -3.999999999969009234 ) ) ;
#4338 = EDGE_CURVE ( 'NONE', #197, #2399, #1196, .T. ) ;
#4339 = AXIS2_PLACEMENT_3D ( 'NONE', #4537, #1579, #2345 ) ;
#4340 = CIRCLE ( 'NONE', #227, 3.700000000018459190 ) ;
#4341 = EDGE_LOOP ( 'NONE', ( #956, #1714, #3618 ) ) ;
#4342 = DIRECTION ( 'NONE',  ( 0.2492435693639593608, -0.6847910787717335079, -0.6847910787717365055 ) ) ;
#4343 = DIRECTION ( 'NONE',  ( 0.000000000000000000, -7.228014483236697048E-17, -1.000000000000000000 ) ) ;
#4344 = DIRECTION ( 'NONE',  ( -1.000000000000000000, -0.000000000000000000, -0.000000000000000000 ) ) ;
#4345 = EDGE_CURVE ( 'NONE', #112, #3853, #998, .T. ) ;
#4346 = ORIENTED_EDGE ( 'NONE', *, *, #3810, .F. ) ;
#4347 = CARTESIAN_POINT ( 'NONE',  ( 6.281623174704732193, -1.499999999999997113, -1.694837128815553262 ) ) ;
#4348 = DIRECTION ( 'NONE',  ( -0.000000000000000000, 5.421010862563849660E-17, -1.000000000000000000 ) ) ;
#4349 = VECTOR ( 'NONE', #2711, 1000.000000000000000 ) ;
#4350 = ORIENTED_EDGE ( 'NONE', *, *, #1777, .T. ) ;
#4351 = DIRECTION ( 'NONE',  ( -1.000000000000000000, 0.000000000000000000, 0.000000000000000000 ) ) ;
#4352 = EDGE_CURVE ( 'NONE', #4440, #3506, #287, .T. ) ;
#4353 = CARTESIAN_POINT ( 'NONE',  ( 6.970242257573889155, -0.5387397067521964011, 2.461260293247804931 ) ) ;
#4354 = ORIENTED_EDGE ( 'NONE', *, *, #2881, .T. ) ;
#4355 = VERTEX_POINT ( 'NONE', #1250 ) ;
#4356 = CARTESIAN_POINT ( 'NONE',  ( 7.808099243547830248, -1.499999999999999334, -1.500000000000000444 ) ) ;
#4357 = CARTESIAN_POINT ( 'NONE',  ( 0.000000000000000000, -2.586309586547486106, -2.000000000009549694 ) ) ;
#4358 = AXIS2_PLACEMENT_3D ( 'NONE', #4189, #907, #2402 ) ;
#4359 = EDGE_LOOP ( 'NONE', ( #928, #4412 ) ) ;
#4360 = VERTEX_POINT ( 'NONE', #1973 ) ;
#4361 = CARTESIAN_POINT ( 'NONE',  ( 1.548529888989079950, -0.4999997916108455676, -3.163880376616044821 ) ) ;
#4362 = ORIENTED_EDGE ( 'NONE', *, *, #517, .F. ) ;
#4363 = EDGE_CURVE ( 'NONE', #4669, #3222, #4600, .T. ) ;
#4364 = STYLED_ITEM ( 'NONE', ( #2897 ), #3764 ) ;
#4365 = CARTESIAN_POINT ( 'NONE',  ( 6.690177002575788734, -0.8711978629825434250, -2.121731069209209952 ) ) ;
#4366 = DIRECTION ( 'NONE',  ( -0.000000000000000000, 0.000000000000000000, -1.000000000000000000 ) ) ;
#4367 = ORIENTED_EDGE ( 'NONE', *, *, #4430, .T. ) ;
#4368 = ORIENTED_EDGE ( 'NONE', *, *, #948, .F. ) ;
#4369 = VECTOR ( 'NONE', #1565, 1000.000000000000227 ) ;
#4370 = DIRECTION ( 'NONE',  ( -1.000000000000000000, -0.000000000000000000, -0.000000000000000000 ) ) ;
#4371 = EDGE_CURVE ( 'NONE', #553, #1939, #3481, .T. ) ;
#4372 = ADVANCED_FACE ( 'NONE', ( #571 ), #141, .T. ) ;
#4373 = CARTESIAN_POINT ( 'NONE',  ( 1.384808150012000194, -0.4999337102465380434, 2.667772146629190821 ) ) ;
#4374 = CARTESIAN_POINT ( 'NONE',  ( -6.000000000000000000, -1.499999999999999778, -1.500000000000000888 ) ) ;
#4375 = DIRECTION ( 'NONE',  ( 0.000000000000000000, 1.000000000000000000, 0.000000000000000000 ) ) ;
#4376 = EDGE_CURVE ( 'NONE', #4638, #261, #322, .T. ) ;
#4377 = ORIENTED_EDGE ( 'NONE', *, *, #4712, .T. ) ;
#4378 = FACE_OUTER_BOUND ( 'NONE', #648, .T. ) ;
#4379 = CARTESIAN_POINT ( 'NONE',  ( 1.678262766461643629, -1.499999965590859130, 1.500000000143879797 ) ) ;
#4380 = DIRECTION ( 'NONE',  ( 1.000000000000000000, 0.000000000000000000, 0.000000000000000000 ) ) ;
#4381 = ORIENTED_EDGE ( 'NONE', *, *, #3668, .T. ) ;
#4382 = CARTESIAN_POINT ( 'NONE',  ( 1.163414459183191371E-16, -1.349999999945339368, -0.9499999999889041646 ) ) ;
#4383 = FACE_OUTER_BOUND ( 'NONE', #4341, .T. ) ;
#4384 = AXIS2_PLACEMENT_3D ( 'NONE', #3144, #2756, #3159 ) ;
#4386 = VERTEX_POINT ( 'NONE', #1598 ) ;
#4385 = DIRECTION ( 'NONE',  ( 0.000000000000000000, 0.000000000000000000, -1.000000000000000000 ) ) ;
#4387 = DIRECTION ( 'NONE',  ( -1.000000000000000000, 0.000000000000000000, -0.000000000000000000 ) ) ;
#4388 = LINE ( 'NONE', #1508, #422 ) ;
#4389 = ORIENTED_EDGE ( 'NONE', *, *, #3164, .T. ) ;
#4390 = CARTESIAN_POINT ( 'NONE',  ( 1.540654322370468066, -0.4704916444166670764, 2.390722215727347777 ) ) ;
#4391 = CARTESIAN_POINT ( 'NONE',  ( -3.999999999999996447, 4.113690413397837808, 4.000000000000000000 ) ) ;
#4392 = FACE_OUTER_BOUND ( 'NONE', #2294, .T. ) ;
#4393 = VERTEX_POINT ( 'NONE', #2362 ) ;
#4394 = DIRECTION ( 'NONE',  ( -1.000000000000000000, 0.000000000000000000, 0.000000000000000000 ) ) ;
#4395 = CARTESIAN_POINT ( 'NONE',  ( -7.767611374952308800, -0.4949999999999998845, -3.900034427067972320 ) ) ;
#4396 = CARTESIAN_POINT ( 'NONE',  ( -1.549494950006534699, -0.4949999999999996625, -3.699999999981001597 ) ) ;
#4397 = CIRCLE ( 'NONE', #2382, 2.799999999960164132 ) ;
#4398 = ORIENTED_EDGE ( 'NONE', *, *, #2422, .T. ) ;
#4399 = EDGE_CURVE ( 'NONE', #3720, #2431, #3310, .T. ) ;
#4400 = FACE_OUTER_BOUND ( 'NONE', #2733, .T. ) ;
#4401 = CARTESIAN_POINT ( 'NONE',  ( -3.999999999999996447, 1.021924959892513503E-15, -3.700000000000003730 ) ) ;
#4402 = VERTEX_POINT ( 'NONE', #4180 ) ;
#4403 = CARTESIAN_POINT ( 'NONE',  ( 6.223688008271906824, -1.500000000000000666, 1.890295137286182037 ) ) ;
#4404 = DIRECTION ( 'NONE',  ( 0.000000000000000000, -0.7071067811865477948, -0.7071067811865473507 ) ) ;
#4405 = VECTOR ( 'NONE', #4099, 1000.000000000000000 ) ;
#4406 = EDGE_CURVE ( 'NONE', #2194, #278, #1415, .T. ) ;
#4407 = DIRECTION ( 'NONE',  ( -1.000000000000000000, 0.000000000000000000, 0.000000000000000000 ) ) ;
#4408 = VERTEX_POINT ( 'NONE', #572 ) ;
#4409 = DIRECTION ( 'NONE',  ( -0.2492435693639463434, -0.6847910787717412795, -0.6847910787717333969 ) ) ;
#4410 = CIRCLE ( 'NONE', #2796, 2.600000000023464430 ) ;
#4411 = CARTESIAN_POINT ( 'NONE',  ( 1.442241952178868747, -0.6247152019620979546, 2.368213730226037761 ) ) ;
#4412 = ORIENTED_EDGE ( 'NONE', *, *, #761, .F. ) ;
#4413 = CARTESIAN_POINT ( 'NONE',  ( 1.530808498758766408E-16, 2.313690413302538218, -1.249999999856754584 ) ) ;
#4414 = PLANE ( 'NONE',  #4068 ) ;
#4415 = ORIENTED_EDGE ( 'NONE', *, *, #431, .F. ) ;
#4416 = ORIENTED_EDGE ( 'NONE', *, *, #579, .F. ) ;
#4417 = ORIENTED_EDGE ( 'NONE', *, *, #1217, .F. ) ;
#4418 = CARTESIAN_POINT ( 'NONE',  ( 6.379682287334258461, -1.500000050647962047, -1.597788560892814180 ) ) ;
#4419 = ADVANCED_FACE ( 'NONE', ( #2832 ), #2801, .T. ) ;
#4420 = DIRECTION ( 'NONE',  ( -0.000000000000000000, -0.000000000000000000, -1.000000000000000000 ) ) ;
#4421 = CARTESIAN_POINT ( 'NONE',  ( 6.815191853508550501, -0.4999337145626985279, 2.667772149970829343 ) ) ;
#4422 = AXIS2_PLACEMENT_3D ( 'NONE', #1038, #360, #454 ) ;
#4423 = EDGE_LOOP ( 'NONE', ( #2460, #1849, #1468, #2698, #4259, #3351 ) ) ;
#4424 = CARTESIAN_POINT ( 'NONE',  ( 1.421449584559595802, -0.5508415838299169920, 2.449158416170083452 ) ) ;
#4425 = CARTESIAN_POINT ( 'NONE',  ( 1.509822997421380153, -0.8232814416892407783, 2.153821827467872208 ) ) ;
#4426 = DIRECTION ( 'NONE',  ( 1.000000000000000000, 0.000000000000000000, 0.000000000000000000 ) ) ;
#4427 = VERTEX_POINT ( 'NONE', #314 ) ;
#4428 = VECTOR ( 'NONE', #26, 1000.000000000000000 ) ;
#4429 = DIRECTION ( 'NONE',  ( -1.000000000000000000, 0.000000000000000000, 0.000000000000000000 ) ) ;
#4430 = EDGE_CURVE ( 'NONE', #1778, #3204, #2726, .T. ) ;
#4431 = CARTESIAN_POINT ( 'NONE',  ( -7.968626966596883854, -0.5000000000000038858, 4.000000000000000000 ) ) ;
#4432 = ORIENTED_EDGE ( 'NONE', *, *, #4105, .F. ) ;
#4433 = VECTOR ( 'NONE', #2236, 1000.000000000000000 ) ;
#4434 = CARTESIAN_POINT ( 'NONE',  ( 6.856016404399355224, -0.2676479237254810184, -2.918206976093467464 ) ) ;
#4435 = EDGE_CURVE ( 'NONE', #3789, #2084, #677, .T. ) ;
#4436 = CIRCLE ( 'NONE', #2361, 2.900000000067848305 ) ;
#4437 = CARTESIAN_POINT ( 'NONE',  ( 1.784882022354324027, -1.492770063251659174, 1.507229936748340382 ) ) ;
#4438 = CARTESIAN_POINT ( 'NONE',  ( 1.509822997421379487, -0.2257943651042560729, 4.000000000000000000 ) ) ;
#4439 = LINE ( 'NONE', #2669, #354 ) ;
#4440 = VERTEX_POINT ( 'NONE', #1294 ) ;
#4441 = ORIENTED_EDGE ( 'NONE', *, *, #3540, .F. ) ;
#4442 = EDGE_CURVE ( 'NONE', #820, #4651, #2195, .T. ) ;
#4443 = ADVANCED_FACE ( 'NONE', ( #3816 ), #253, .T. ) ;
#4444 = DIRECTION ( 'NONE',  ( 0.5773502691896255090, 0.5773502691896263972, -0.5773502691896255090 ) ) ;
#4445 = LINE ( 'NONE', #1608, #2401 ) ;
#4446 = DIRECTION ( 'NONE',  ( 0.4545194776720449248, -0.5416752204197016196, -0.7071067811865469066 ) ) ;
#4447 = DIRECTION ( 'NONE',  ( 0.000000000000000000, 1.000000000000000000, -0.000000000000000000 ) ) ;
#4448 = ORIENTED_EDGE ( 'NONE', *, *, #3626, .T. ) ;
#4449 = VERTEX_POINT ( 'NONE', #1689 ) ;
#4450 = AXIS2_PLACEMENT_3D ( 'NONE', #1541, #1187, #1203 ) ;
#4451 = FACE_OUTER_BOUND ( 'NONE', #3073, .T. ) ;
#4452 = EDGE_LOOP ( 'NONE', ( #871, #1169, #3955, #1161, #271, #856, #585, #432 ) ) ;
#4453 = CARTESIAN_POINT ( 'NONE',  ( 6.668213721558364782, -0.4437257870297455220, -2.901146760340853614 ) ) ;
#4454 = DIRECTION ( 'NONE',  ( -0.000000000000000000, 0.000000000000000000, -1.000000000000000000 ) ) ;
#4455 = CARTESIAN_POINT ( 'NONE',  ( -6.449489742783176105, -0.5000000000000009992, 2.500000000000000000 ) ) ;
#4456 = FACE_OUTER_BOUND ( 'NONE', #3439, .T. ) ;
#4457 = ORIENTED_EDGE ( 'NONE', *, *, #4175, .F. ) ;
#4458 = CARTESIAN_POINT ( 'NONE',  ( 6.757758204874368069, -0.6247142449116686036, 2.368214687276466446 ) ) ;
#4459 = CARTESIAN_POINT ( 'NONE',  ( 1.775737858665980968E-16, -1.500000000135059963, -1.449999999920237315 ) ) ;
#4460 = AXIS2_PLACEMENT_3D ( 'NONE', #2607, #440, #4092 ) ;
#4461 = ORIENTED_EDGE ( 'NONE', *, *, #4495, .T. ) ;
#4462 = CARTESIAN_POINT ( 'NONE',  ( 0.000000000000000000, -0.5000000000000003331, -2.500000000000000888 ) ) ;
#4463 = VECTOR ( 'NONE', #3078, 1000.000000000000000 ) ;
#4464 = CARTESIAN_POINT ( 'NONE',  ( 6.598072819417896362, -0.7415803538827840935, 2.564961473311548446 ) ) ;
#4465 = EDGE_CURVE ( 'NONE', #3536, #830, #14, .T. ) ;
#4466 = ORIENTED_EDGE ( 'NONE', *, *, #3626, .F. ) ;
#4467 = LINE ( 'NONE', #2830, #1551 ) ;
#4468 = CARTESIAN_POINT ( 'NONE',  ( 6.153438581070336255, -1.594800926063145274, -1.843807405799365196 ) ) ;
#4469 = ADVANCED_FACE ( 'NONE', ( #836 ), #2446, .F. ) ;
#4470 = EDGE_LOOP ( 'NONE', ( #2927, #875, #2191, #1317 ) ) ;
#4471 = ORIENTED_EDGE ( 'NONE', *, *, #2343, .F. ) ;
#4472 = EDGE_CURVE ( 'NONE', #1939, #2907, #3074, .T. ) ;
#4473 = CARTESIAN_POINT ( 'NONE',  ( 6.609459833488072533, -0.6870570806447126033, -2.938313984770881682 ) ) ;
#4474 = CARTESIAN_POINT ( 'NONE',  ( 1.918376825295152077, -1.499999999999998668, 1.694837128815564142 ) ) ;
#4475 = CARTESIAN_POINT ( 'NONE',  ( 6.690177002578622911, -0.3161494490742092767, 3.707846795655482808 ) ) ;
#4476 = ORIENTED_EDGE ( 'NONE', *, *, #945, .T. ) ;
#4477 = VERTEX_POINT ( 'NONE', #4327 ) ;
#4478 = DIRECTION ( 'NONE',  ( -1.000000000000000000, 0.000000000000000000, 0.000000000000000000 ) ) ;
#4479 = AXIS2_PLACEMENT_3D ( 'NONE', #1869, #773, #2233 ) ;
#4480 = CARTESIAN_POINT ( 'NONE',  ( 6.856016382789093200, -0.2676480859968085046, 2.918206795854104918 ) ) ;
#4481 = ORIENTED_EDGE ( 'NONE', *, *, #2913, .T. ) ;
#4482 = DIRECTION ( 'NONE',  ( -1.000000000000000000, 0.000000000000000000, 0.000000000000000000 ) ) ;
#4483 = ORIENTED_EDGE ( 'NONE', *, *, #2837, .T. ) ;
#4484 = CARTESIAN_POINT ( 'NONE',  ( 5.062863900676155993, 4.413690413397840295, 4.000000000000000000 ) ) ;
#4485 = DIRECTION ( 'NONE',  ( 0.000000000000000000, -0.7071067811865457964, 0.7071067811865492381 ) ) ;
#4486 = ORIENTED_EDGE ( 'NONE', *, *, #2107, .F. ) ;
#4487 = VECTOR ( 'NONE', #2498, 1000.000000000000114 ) ;
#4488 = CARTESIAN_POINT ( 'NONE',  ( 6.898062297293080292, -0.7754235763549448546, 2.224576423645058476 ) ) ;
#4489 = CARTESIAN_POINT ( 'NONE',  ( 1.354263969507956133, -1.495000000000000107, -1.497928932188135276 ) ) ;
#4490 = CARTESIAN_POINT ( 'NONE',  ( -7.999999999999998224, -1.495000000000000107, -1.500000000000000666 ) ) ;
#4491 = CARTESIAN_POINT ( 'NONE',  ( 1.530808498828379685E-16, 2.313690413359381637, -1.249999999913598003 ) ) ;
#4492 = ADVANCED_FACE ( 'NONE', ( #3426 ), #2082, .F. ) ;
#4493 = LINE ( 'NONE', #527, #2560 ) ;
#4494 = DIRECTION ( 'NONE',  ( -0.000000000000000000, -0.000000000000000000, 1.000000000000000000 ) ) ;
#4495 = EDGE_CURVE ( 'NONE', #3059, #1910, #4032, .T. ) ;
#4496 = CARTESIAN_POINT ( 'NONE',  ( 6.845736030492043156, -1.495000000000000107, -1.500000000000000666 ) ) ;
#4497 = CIRCLE ( 'NONE', #1981, 2.799999999979263521 ) ;
#4498 = DIRECTION ( 'NONE',  ( 0.000000000000000000, -0.000000000000000000, -1.000000000000000000 ) ) ;
#4499 = EDGE_CURVE ( 'NONE', #35, #3083, #2900, .T. ) ;
#4500 = VECTOR ( 'NONE', #1116, 1000.000000000000114 ) ;
#4501 = ORIENTED_EDGE ( 'NONE', *, *, #3347, .F. ) ;
#4502 = CARTESIAN_POINT ( 'NONE',  ( 0.000000000000000000, -3.986309586537117866, 0.000000000000000000 ) ) ;
#4503 = DIRECTION ( 'NONE',  ( 0.000000000000000000, -1.000000000000000000, -2.891205793294680298E-16 ) ) ;
#4504 = CARTESIAN_POINT ( 'NONE',  ( 6.651470164434615917, -0.5000000000000009992, 2.500000000000000000 ) ) ;
#4505 = LINE ( 'NONE', #1471, #3147 ) ;
#4506 = DIRECTION ( 'NONE',  ( 0.000000000000000000, -1.000000000000000000, -2.891205793294680298E-16 ) ) ;
#4507 = DIRECTION ( 'NONE',  ( -1.000000000000000000, 0.000000000000000000, -0.000000000000000000 ) ) ;
#4508 = LINE ( 'NONE', #264, #536 ) ;
#4509 = ORIENTED_EDGE ( 'NONE', *, *, #54, .T. ) ;
#4510 = AXIS2_PLACEMENT_3D ( 'NONE', #401, #2930, #3994 ) ;
#4511 = CARTESIAN_POINT ( 'NONE',  ( -3.999999999999996447, 2.013690413397837720, -4.000000000000000000 ) ) ;
#4512 = VECTOR ( 'NONE', #4342, 1000.000000000000114 ) ;
#4513 = CARTESIAN_POINT ( 'NONE',  ( -3.999999999999996447, 2.013690413397837720, -4.000000000000000000 ) ) ;
#4514 = ORIENTED_EDGE ( 'NONE', *, *, #2329, .T. ) ;
#4515 = ADVANCED_FACE ( 'NONE', ( #2325 ), #1328, .F. ) ;
#4516 = DIRECTION ( 'NONE',  ( 0.000000000000000000, -1.000000000000000000, 0.000000000000000000 ) ) ;
#4517 = LINE ( 'NONE', #1516, #2928 ) ;
#4518 = CARTESIAN_POINT ( 'NONE',  ( -2.158921275869217560, 2.054769057826328460, -3.958921301749706689 ) ) ;
#4519 = EDGE_LOOP ( 'NONE', ( #2544, #3700 ) ) ;
#4520 = DIRECTION ( 'NONE',  ( -1.000000000000000000, 0.000000000000000000, 0.000000000000000000 ) ) ;
#4521 = CARTESIAN_POINT ( 'NONE',  ( 1.685016685903653277, -0.9685719277010651496, -2.600259636407411090 ) ) ;
#4522 = EDGE_CURVE ( 'NONE', #2024, #2827, #1738, .T. ) ;
#4523 = LINE ( 'NONE', #1288, #2586 ) ;
#4524 = PRODUCT_RELATED_PRODUCT_CATEGORY ( 'part', '', ( #2835 ) ) ;
#4525 = CARTESIAN_POINT ( 'NONE',  ( 6.690177002578622023, -1.300000000000000044, -1.692928932188135116 ) ) ;
#4526 = ORIENTED_EDGE ( 'NONE', *, *, #1126, .F. ) ;
#4527 = CARTESIAN_POINT ( 'NONE',  ( 6.509376012098719855, -1.314212788280046729, 1.796699833888024456 ) ) ;
#4528 = EDGE_LOOP ( 'NONE', ( #898, #4244, #4710, #2412 ) ) ;
#4529 = EDGE_CURVE ( 'NONE', #1833, #4174, #175, .T. ) ;
#4530 = ORIENTED_EDGE ( 'NONE', *, *, #4311, .F. ) ;
#4531 = CARTESIAN_POINT ( 'NONE',  ( 1.446634814830953797, -1.117312480090301152, -1.882687519909697293 ) ) ;
#4532 = ORIENTED_EDGE ( 'NONE', *, *, #4472, .T. ) ;
#4533 = VERTEX_POINT ( 'NONE', #3616 ) ;
#4534 = AXIS2_PLACEMENT_3D ( 'NONE', #1456, #369, #3275 ) ;
#4535 = VERTEX_POINT ( 'NONE', #4373 ) ;
#4536 = CARTESIAN_POINT ( 'NONE',  ( 1.163414459189985682E-16, -4.286309586602162547, -0.9499999999999999556 ) ) ;
#4537 = CARTESIAN_POINT ( 'NONE',  ( 1.900000000000000133, 2.313690413397838430, 3.699999999999998401 ) ) ;
#4538 = CARTESIAN_POINT ( 'NONE',  ( 6.690177002578622911, -0.3161494490713767647, -3.707846795701432718 ) ) ;
#4539 = DIRECTION ( 'NONE',  ( -1.000000000000000000, 0.000000000000000000, 0.000000000000000000 ) ) ;
#4540 = ORIENTED_EDGE ( 'NONE', *, *, #1832, .F. ) ;
#4541 = ADVANCED_FACE ( 'NONE', ( #2674 ), #1686, .T. ) ;
#4542 = CARTESIAN_POINT ( 'NONE',  ( 6.253358084944742323, -1.461048131674640871, -1.354029316579980158 ) ) ;
#4543 = DIRECTION ( 'NONE',  ( 0.000000000000000000, 1.445602896647339410E-16, -1.000000000000000000 ) ) ;
#4544 = B_SPLINE_CURVE_WITH_KNOTS ( 'NONE', 3,
 ( #1805, #736, #1836, #3694, #3997, #1408 ),
 .UNSPECIFIED., .F., .F.,
 ( 4, 2, 4 ),
 ( 4.790161764288451849E-18, 0.0002677459652283623579, 0.0005354919304567199454 ),
 .UNSPECIFIED. ) ;
#4545 = ORIENTED_EDGE ( 'NONE', *, *, #2837, .F. ) ;
#4546 = VECTOR ( 'NONE', #2167, 1000.000000000000000 ) ;
#4547 = CARTESIAN_POINT ( 'NONE',  ( 1.301937702706922551, -0.7754235763549575111, -2.224576423645042489 ) ) ;
#4548 = CARTESIAN_POINT ( 'NONE',  ( 7.019931773135998476, -0.2962114851818845596, -2.703788514818117772 ) ) ;
#4549 = CARTESIAN_POINT ( 'NONE',  ( -1.549494950015405159, -0.4949999999999997735, -2.497928932188135498 ) ) ;
#4550 = FACE_OUTER_BOUND ( 'NONE', #1198, .T. ) ;
#4551 = CARTESIAN_POINT ( 'NONE',  ( 6.651470111010923780, -0.4999997916108526175, 3.163880376616057255 ) ) ;
#4552 = CARTESIAN_POINT ( 'NONE',  ( 6.581274389424699223, -0.7841431596366738033, 2.062461987443454436 ) ) ;
#4553 = LINE ( 'NONE', #1862, #3256 ) ;
#4554 = DIRECTION ( 'NONE',  ( 0.000000000000000000, 1.445602896647339163E-16, -1.000000000000000000 ) ) ;
#4555 = DIRECTION ( 'NONE',  ( 0.000000000000000000, -0.000000000000000000, 1.000000000000000000 ) ) ;
#4556 = EDGE_CURVE ( 'NONE', #1356, #4669, #780, .T. ) ;
#4557 = VECTOR ( 'NONE', #4584, 1000.000000000000000 ) ;
#4558 = ORIENTED_EDGE ( 'NONE', *, *, #276, .T. ) ;
#4559 = ORIENTED_EDGE ( 'NONE', *, *, #1274, .F. ) ;
#4560 = VECTOR ( 'NONE', #2752, 1000.000000000000000 ) ;
#4561 = CARTESIAN_POINT ( 'NONE',  ( 1.603265454617164965, -1.389708932636656513, -1.610291067363343043 ) ) ;
#4562 = CARTESIAN_POINT ( 'NONE',  ( 2.101040382036237997, 2.050444050019500697, 3.963246363378334358 ) ) ;
#4563 = EDGE_CURVE ( 'NONE', #1374, #3720, #2537, .T. ) ;
#4564 = VECTOR ( 'NONE', #2205, 1000.000000000000000 ) ;
#4565 = CARTESIAN_POINT ( 'NONE',  ( 1.200000000039835868, -8.131516293641283255E-17, -3.999999999962255970 ) ) ;
#4566 = CARTESIAN_POINT ( 'NONE',  ( -1.549494950015405159, -0.4950000000000004396, 4.000000000000000000 ) ) ;
#4567 = AXIS2_PLACEMENT_3D ( 'NONE', #1907, #478, #2740 ) ;
#4568 = CONICAL_SURFACE ( 'NONE', #3822, 2.900000000005001688, 0.7853981634921873844 ) ;
#4569 = ORIENTED_EDGE ( 'NONE', *, *, #118, .T. ) ;
#4570 = CARTESIAN_POINT ( 'NONE',  ( 1.548529835553429823, -0.5000000000000008882, 3.699999999968986764 ) ) ;
#4571 = DIRECTION ( 'NONE',  ( 0.000000000000000000, -0.000000000000000000, 1.000000000000000000 ) ) ;
#4572 = B_SPLINE_CURVE_WITH_KNOTS ( 'NONE', 3,
 ( #481, #4065, #4475, #1925 ),
 .UNSPECIFIED., .F., .F.,
 ( 4, 4 ),
 ( 7.386784829659859365E-15, 0.0002717434555850330950 ),
 .UNSPECIFIED. ) ;
#4573 = EDGE_LOOP ( 'NONE', ( #84, #3482, #3473, #3562, #4398 ) ) ;
#4574 = CONICAL_SURFACE ( 'NONE', #4534, 1.249999999856754584, 0.7853981633027092846 ) ;
#4575 = DIRECTION ( 'NONE',  ( -1.000000000000000000, 0.000000000000000000, 0.000000000000000000 ) ) ;
#4576 = VECTOR ( 'NONE', #3970, 1000.000000000000000 ) ;
#4577 = CARTESIAN_POINT ( 'NONE',  ( 1.548529888956199363, -0.4999997915716007935, 3.163880376572064890 ) ) ;
#4578 = CARTESIAN_POINT ( 'NONE',  ( 2.449293598265746837E-16, -3.986309586537117866, 1.999999999952706276 ) ) ;
#4579 = EDGE_CURVE ( 'NONE', #1956, #529, #1980, .T. ) ;
#4580 = ORIENTED_EDGE ( 'NONE', *, *, #3862, .F. ) ;
#4581 = AXIS2_PLACEMENT_3D ( 'NONE', #1793, #4348, #2155 ) ;
#4582 = ORIENTED_EDGE ( 'NONE', *, *, #4563, .T. ) ;
#4583 = ADVANCED_FACE ( 'NONE', ( #1859 ), #4714, .T. ) ;
#4584 = DIRECTION ( 'NONE',  ( -0.000000000000000000, -0.000000000000000000, -1.000000000000000000 ) ) ;
#4585 = DIRECTION ( 'NONE',  ( 1.000000000000000000, -0.000000000000000000, 0.000000000000000000 ) ) ;
#4586 = ORIENTED_EDGE ( 'NONE', *, *, #2825, .T. ) ;
#4587 = VERTEX_POINT ( 'NONE', #1804 ) ;
#4588 = EDGE_CURVE ( 'NONE', #2018, #2495, #1802, .T. ) ;
#4589 = CARTESIAN_POINT ( 'NONE',  ( -1.996259747372429727, -1.495000000000000329, 1.497928932188133944 ) ) ;
#4590 = VERTEX_POINT ( 'NONE', #2964 ) ;
#4591 = CARTESIAN_POINT ( 'NONE',  ( 0.000000000000000000, -1.500000000000000222, 1.499999999999999334 ) ) ;
#4592 = CARTESIAN_POINT ( 'NONE',  ( 2.013124124711195950, 2.013690413398412371, -3.999999999980553778 ) ) ;
#4593 =( BOUNDED_CURVE ( )  B_SPLINE_CURVE ( 3, ( #2899, #4000, #1065, #3649 ),
 .UNSPECIFIED., .F., .T. ) 
 B_SPLINE_CURVE_WITH_KNOTS ( ( 4, 4 ),
 ( 1.770113429798241933, 2.211799772360694138 ),
 .UNSPECIFIED. ) 
 CURVE ( )  GEOMETRIC_REPRESENTATION_ITEM ( )  RATIONAL_B_SPLINE_CURVE ( ( 1.000000000000000000, 0.9838087316668909788, 0.9838087316668909788, 1.000000000000000000 ) ) 
 REPRESENTATION_ITEM ( '' )  );
#4594 = AXIS2_PLACEMENT_3D ( 'NONE', #1381, #4653, #3197 ) ;
#4595 = EDGE_LOOP ( 'NONE', ( #3064, #1798, #2363, #4381, #1143 ) ) ;
#4596 = DIRECTION ( 'NONE',  ( 1.000000000000000000, 4.198533792886082348E-17, -4.198533792886079883E-17 ) ) ;
#4597 = DIRECTION ( 'NONE',  ( 0.000000000000000000, 0.000000000000000000, 1.000000000000000000 ) ) ;
#4598 = CARTESIAN_POINT ( 'NONE',  ( 6.779337695148443643, -0.4949999999999999956, -3.824627567253068516 ) ) ;
#4599 = ORIENTED_EDGE ( 'NONE', *, *, #158, .F. ) ;
#4600 = LINE ( 'NONE', #2309, #4314 ) ;
#4601 = AXIS2_PLACEMENT_3D ( 'NONE', #2020, #547, #4267 ) ;
#4602 = CARTESIAN_POINT ( 'NONE',  ( 6.474394494191201055, -1.499999999999999556, 1.532609119682279530 ) ) ;
#4603 = B_SPLINE_CURVE_WITH_KNOTS ( 'NONE', 3,
 ( #1764, #1782, #2111, #2870, #2492, #3241, #1357, #295, #4321, #2839 ),
 .UNSPECIFIED., .F., .F.,
 ( 4, 2, 2, 2, 4 ),
 ( 0.000000000000000000, 0.0002693151826418768886, 0.0007690381114859023157, 0.001268761040329927526, 0.001488135391429327992 ),
 .UNSPECIFIED. ) ;
#4604 = FACE_OUTER_BOUND ( 'NONE', #247, .T. ) ;
#4605 = CARTESIAN_POINT ( 'NONE',  ( 1.644743257915916468, -0.8622648289039922531, -2.431808007823864415 ) ) ;
#4606 = ADVANCED_FACE ( 'NONE', ( #408 ), #3325, .T. ) ;
#4607 = CARTESIAN_POINT ( 'NONE',  ( 4.100000000000001421, 9.919639073093561200E-16, 4.000000000000000000 ) ) ;
#4608 = CONICAL_SURFACE ( 'NONE', #4601, 2.000000000009549694, 0.7853981633974482790 ) ;
#4609 = EDGE_CURVE ( 'NONE', #3296, #139, #734, .T. ) ;
#4610 = AXIS2_PLACEMENT_3D ( 'NONE', #2688, #130, #3792 ) ;
#4611 = CARTESIAN_POINT ( 'NONE',  ( -3.999999999999996447, -3.986309586602162280, 4.000000000000000000 ) ) ;
#4612 = DIRECTION ( 'NONE',  ( 0.7071067811865482389, 0.000000000000000000, -0.7071067811865469066 ) ) ;
#4613 = CARTESIAN_POINT ( 'NONE',  ( 6.964408776356631137, -0.5527433650349290462, 2.447256634965074618 ) ) ;
#4614 = CYLINDRICAL_SURFACE ( 'NONE', #3306, 2.600000000000000533 ) ;
#4615 = ORIENTED_EDGE ( 'NONE', *, *, #685, .F. ) ;
#4616 = CARTESIAN_POINT ( 'NONE',  ( 6.660580360456830107, -0.9860746526756669628, -2.013925347324332815 ) ) ;
#4617 = EDGE_CURVE ( 'NONE', #2419, #694, #2904, .T. ) ;
#4618 = CARTESIAN_POINT ( 'NONE',  ( 6.671150438746161981, 3.064177772475908501, 3.700000000000000178 ) ) ;
#4619 = LINE ( 'NONE', #4309, #2690 ) ;
#4620 = EDGE_LOOP ( 'NONE', ( #3093, #1994, #2249, #949, #2610, #570, #3165, #2093 ) ) ;
#4621 = CARTESIAN_POINT ( 'NONE',  ( 1.345449255246022213, -0.8915013126766859752, -2.108498687323316023 ) ) ;
#4622 = FACE_OUTER_BOUND ( 'NONE', #3293, .T. ) ;
#4623 = EDGE_CURVE ( 'NONE', #2425, #4669, #4261, .T. ) ;
#4624 = ORIENTED_EDGE ( 'NONE', *, *, #3106, .F. ) ;
#4625 = LINE ( 'NONE', #4566, #3104 ) ;
#4626 = DIRECTION ( 'NONE',  ( -1.000000000000000000, 0.000000000000000000, 0.000000000000000000 ) ) ;
#4627 = ORIENTED_EDGE ( 'NONE', *, *, #4406, .T. ) ;
#4628 = CARTESIAN_POINT ( 'NONE',  ( 4.100000000000001421, 9.919639073093561200E-16, -3.700000000000003730 ) ) ;
#4629 = LINE ( 'NONE', #3189, #3680 ) ;
#4630 = CARTESIAN_POINT ( 'NONE',  ( 1.354263969507956133, -1.495000000000000107, -1.500000000000000666 ) ) ;
#4631 = AXIS2_PLACEMENT_3D ( 'NONE', #1442, #3338, #2612 ) ;
#4632 = CARTESIAN_POINT ( 'NONE',  ( 1.547219198028624509, -0.4932648143607872293, -3.172241401948403983 ) ) ;
#4633 = EDGE_LOOP ( 'NONE', ( #4582, #1542, #2319, #3027 ) ) ;
#4634 = DIRECTION ( 'NONE',  ( 0.000000000000000000, -0.7071067811865481278, 0.7071067811865470176 ) ) ;
#4635 = CARTESIAN_POINT ( 'NONE',  ( -3.999999999999996447, -0.5000000000000008882, 4.000000000000000000 ) ) ;
#4636 = VECTOR ( 'NONE', #845, 1000.000000000000000 ) ;
#4637 = B_SPLINE_CURVE_WITH_KNOTS ( 'NONE', 3,
 ( #1982, #1622, #2738, #4547, #3469, #4531, #220, #4561, #551, #185 ),
 .UNSPECIFIED., .F., .F.,
 ( 4, 2, 2, 2, 4 ),
 ( 0.000000000000000000, 0.0002194557610932521615, 0.0007193641317808320210, 0.001219272502468415377, 0.001488687616154681353 ),
 .UNSPECIFIED. ) ;
#4638 = VERTEX_POINT ( 'NONE', #735 ) ;
#4639 = CARTESIAN_POINT ( 'NONE',  ( 1.935169510366599122, -1.444055142945809944, -1.768787511943206159 ) ) ;
#4640 = ORIENTED_EDGE ( 'NONE', *, *, #1178, .T. ) ;
#4641 = AXIS2_PLACEMENT_3D ( 'NONE', #198, #2759, #3137 ) ;
#4642 = CARTESIAN_POINT ( 'NONE',  ( 6.690177002578622911, -0.5000000000000009992, 2.500000000000000000 ) ) ;
#4643 = DIRECTION ( 'NONE',  ( -0.000000000000000000, 0.000000000000000000, -1.000000000000000000 ) ) ;
#4644 = ORIENTED_EDGE ( 'NONE', *, *, #2639, .T. ) ;
#4645 = ORIENTED_EDGE ( 'NONE', *, *, #243, .T. ) ;
#4646 = DIRECTION ( 'NONE',  ( 0.000000000000000000, 0.000000000000000000, -1.000000000000000000 ) ) ;
#4647 = CARTESIAN_POINT ( 'NONE',  ( 1.354263969507955245, -1.495000000000000551, 1.497928932188133722 ) ) ;
#4648 = EDGE_CURVE ( 'NONE', #3701, #2282, #4067, .T. ) ;
#4649 = CARTESIAN_POINT ( 'NONE',  ( -7.666060555975291457, -0.5000000000000008882, 4.000000000008395062 ) ) ;
#4650 = ORIENTED_EDGE ( 'NONE', *, *, #54, .F. ) ;
#4651 = VERTEX_POINT ( 'NONE', #2183 ) ;
#4652 = CARTESIAN_POINT ( 'NONE',  ( 1.465946273833116598, -0.8003470157465539803, -2.346730623970043172 ) ) ;
#4653 = DIRECTION ( 'NONE',  ( 0.000000000000000000, 0.000000000000000000, 1.000000000000000000 ) ) ;
#4654 = DIRECTION ( 'NONE',  ( 3.516331370247288011E-15, -1.000000000000000000, 0.000000000000000000 ) ) ;
#4655 = ORIENTED_EDGE ( 'NONE', *, *, #1420, .F. ) ;
#4656 = EDGE_CURVE ( 'NONE', #3892, #3907, #3190, .T. ) ;
#4657 = CARTESIAN_POINT ( 'NONE',  ( -1.549494950015406047, -0.4950000000000006617, 2.497928932188134610 ) ) ;
#4658 = CARTESIAN_POINT ( 'NONE',  ( 0.000000000000000000, -1.499999999999999778, -1.500000000000000666 ) ) ;
#4659 = VERTEX_POINT ( 'NONE', #1073 ) ;
#4660 = DIRECTION ( 'NONE',  ( 0.000000000000000000, 0.000000000000000000, 1.000000000000000000 ) ) ;
#4661 = VECTOR ( 'NONE', #1207, 1000.000000000000000 ) ;
#4662 = AXIS2_PLACEMENT_3D ( 'NONE', #2067, #1655, #2511 ) ;
#4663 = CARTESIAN_POINT ( 'NONE',  ( -1.550510257227728950, -0.5000000000000004441, 3.700000000048248694 ) ) ;
#4664 = ORIENTED_EDGE ( 'NONE', *, *, #999, .T. ) ;
#4665 = CIRCLE ( 'NONE', #4581, 3.699999999974714626 ) ;
#4666 = CARTESIAN_POINT ( 'NONE',  ( 1.509822997421379487, -1.397308532419966332, 1.595620399768168385 ) ) ;
#4667 = CARTESIAN_POINT ( 'NONE',  ( -6.799999999979263521, 0.000000000000000000, -3.999999999943156581 ) ) ;
#4668 = DIRECTION ( 'NONE',  ( 0.000000000000000000, 0.7071067811865493491, -0.7071067811865456854 ) ) ;
#4669 = VERTEX_POINT ( 'NONE', #1818 ) ;
#4670 = VECTOR ( 'NONE', #2510, 1000.000000000000000 ) ;
#4671 = AXIS2_PLACEMENT_3D ( 'NONE', #2204, #1451, #3669 ) ;
#4672 = CARTESIAN_POINT ( 'NONE',  ( 4.100000000000001421, 1.008226939896046844E-15, -3.999999999962255970 ) ) ;
#4673 = FACE_OUTER_BOUND ( 'NONE', #3797, .T. ) ;
#4674 = DIRECTION ( 'NONE',  ( 0.000000000000000000, -0.000000000000000000, 1.000000000000000000 ) ) ;
#4675 = EDGE_LOOP ( 'NONE', ( #1632, #2712, #4644, #2449 ) ) ;
#4676 = CARTESIAN_POINT ( 'NONE',  ( 0.000000000000000000, -2.286309586602162103, 0.000000000000000000 ) ) ;
#4677 = ORIENTED_EDGE ( 'NONE', *, *, #2851, .T. ) ;
#4678 = CARTESIAN_POINT ( 'NONE',  ( 4.100000000000000533, -8.131516293641283255E-17, -3.999999999962255970 ) ) ;
#4679 = EDGE_CURVE ( 'NONE', #1910, #221, #2956, .T. ) ;
#4680 = LINE ( 'NONE', #2547, #3326 ) ;
#4681 = CARTESIAN_POINT ( 'NONE',  ( 6.651468193927976280, -0.5000000000000013323, -3.074315759158737116 ) ) ;
#4682 = CARTESIAN_POINT ( 'NONE',  ( 1.420662304809089616, -0.4950000000000008837, 3.824627567226359659 ) ) ;
#4683 = DIRECTION ( 'NONE',  ( -0.000000000000000000, -1.000000000000000000, -0.000000000000000000 ) ) ;
#4684 = VERTEX_POINT ( 'NONE', #2563 ) ;
#4685 = CARTESIAN_POINT ( 'NONE',  ( 1.531786068196442141, -0.4437241936346705273, -2.901148652163214603 ) ) ;
#4686 = EDGE_CURVE ( 'NONE', #3260, #4172, #2893, .T. ) ;
#4687 = CARTESIAN_POINT ( 'NONE',  ( -2.000000000000000444, -1.500000000000000000, 1.499999999999999112 ) ) ;
#4688 = CIRCLE ( 'NONE', #2351, 4.000000000000001776 ) ;
#4689 = ORIENTED_EDGE ( 'NONE', *, *, #3420, .F. ) ;
#4690 = CARTESIAN_POINT ( 'NONE',  ( 1.094999999963874870, -1.494999999920309852, 0.000000000000000000 ) ) ;
#4691 = AXIS2_PLACEMENT_3D ( 'NONE', #1033, #1078, #2882 ) ;
#4692 = CARTESIAN_POINT ( 'NONE',  ( 5.062863900676155993, 4.413690413397840295, 3.700000000000000178 ) ) ;
#4693 = DIRECTION ( 'NONE',  ( 0.000000000000000000, -1.000000000000000000, -2.891205793294680298E-16 ) ) ;
#4694 = ORIENTED_EDGE ( 'NONE', *, *, #945, .F. ) ;
#4695 = CIRCLE ( 'NONE', #671, 2.799999999960163688 ) ;
#4696 = DIRECTION ( 'NONE',  ( -1.000000000000000000, 0.000000000000000000, 0.000000000000000000 ) ) ;
#4697 = ORIENTED_EDGE ( 'NONE', *, *, #2881, .F. ) ;
#4698 = DIRECTION ( 'NONE',  ( 0.000000000000000000, -1.000000000000000000, 0.000000000000000000 ) ) ;
#4699 = DIRECTION ( 'NONE',  ( 0.000000000000000000, 0.7071067811865473507, -0.7071067811865477948 ) ) ;
#4700 = FACE_OUTER_BOUND ( 'NONE', #978, .T. ) ;
#4701 = DIRECTION ( 'NONE',  ( 0.000000000000000000, -0.000000000000000000, 1.000000000000000000 ) ) ;
#4702 = DIRECTION ( 'NONE',  ( 0.000000000000000000, 0.000000000000000000, -1.000000000000000000 ) ) ;
#4703 = CARTESIAN_POINT ( 'NONE',  ( 1.725039036289143013, 6.822835839239659528, 4.000000000000000000 ) ) ;
#4704 = EDGE_LOOP ( 'NONE', ( #2479, #3706, #1026, #902 ) ) ;
#4705 = ORIENTED_EDGE ( 'NONE', *, *, #1300, .F. ) ;
#4706 = CARTESIAN_POINT ( 'NONE',  ( 1.509822997421381485, -0.5000000228753492815, 2.492928909312786434 ) ) ;
#4707 = VERTEX_POINT ( 'NONE', #1868 ) ;
#4708 = CARTESIAN_POINT ( 'NONE',  ( 7.019931773136002917, -0.2962114851818833938, 2.703788514818118216 ) ) ;
#4709 = VERTEX_POINT ( 'NONE', #1494 ) ;
#4710 = ORIENTED_EDGE ( 'NONE', *, *, #4588, .F. ) ;
#4711 = FILL_AREA_STYLE_COLOUR ( '', #3778 ) ;
#4712 = EDGE_CURVE ( 'NONE', #311, #1096, #52, .T. ) ;
#4713 = ADVANCED_FACE ( 'NONE', ( #2611 ), #5, .T. ) ;
#4714 = PLANE ( 'NONE',  #763 ) ;
#4715 = CARTESIAN_POINT ( 'NONE',  ( 1.601651624975557686, -1.184415237606114335, -1.935702750867131172 ) ) ;
#4716 = EDGE_LOOP ( 'NONE', ( #1282, #2797, #512, #4486 ) ) ;
ENDSEC;
END-ISO-10303-21;
