ISO-10303-21;
HEADER;
FILE_DESCRIPTION (( 'STEP AP214' ),
    '1' );
FILE_NAME ('can-distribution-board-mount.STEP',
    '2026-08-10T06:25:26',
    ( '' ),
    ( '' ),
    'SwSTEP 2.0',
    'SolidWorks 2018',
    '' );
FILE_SCHEMA (( 'AUTOMOTIVE_DESIGN' ));
ENDSEC;

DATA;
#1 = AXIS2_PLACEMENT_3D ( 'NONE', #3788, #1462, #493 ) ;
#2 = ORIENTED_EDGE ( 'NONE', *, *, #2316, .F. ) ;
#3 = CARTESIAN_POINT ( 'NONE',  ( 53.50000000000466116, 27.99999999999372946, 2.500000000000000000 ) ) ;
#4 = CONICAL_SURFACE ( 'NONE', #1471, 4.500000000029425351, 0.7853981633974566057 ) ;
#5 = CARTESIAN_POINT ( 'NONE',  ( -66.60000000025779343, 44.40000000000125624, 0.000000000000000000 ) ) ;
#6 = DIRECTION ( 'NONE',  ( -1.000000000000000000, 0.000000000000000000, 0.000000000000000000 ) ) ;
#7 = ORIENTED_EDGE ( 'NONE', *, *, #2789, .T. ) ;
#8 = FACE_OUTER_BOUND ( 'NONE', #1384, .T. ) ;
#9 = AXIS2_PLACEMENT_3D ( 'NONE', #3116, #154, #4085 ) ;
#10 = CARTESIAN_POINT ( 'NONE',  ( 53.50000000000466116, -28.00000000000627409, 7.000000000003114842 ) ) ;
#11 = FACE_OUTER_BOUND ( 'NONE', #2583, .T. ) ;
#12 = EDGE_CURVE ( 'NONE', #1736, #2601, #1914, .T. ) ;
#13 = DIRECTION ( 'NONE',  ( 1.000000000000000000, 0.000000000000000000, 0.000000000000000000 ) ) ;
#14 = ORIENTED_EDGE ( 'NONE', *, *, #2290, .T. ) ;
#15 = CARTESIAN_POINT ( 'NONE',  ( 67.80403433744587005, -36.49999999990579624, 2.500000000000000000 ) ) ;
#16 = CARTESIAN_POINT ( 'NONE',  ( 68.25000000030915714, 40.40000000000126334, 2.000000000000023537 ) ) ;
#17 = EDGE_CURVE ( 'NONE', #490, #3201, #2998, .T. ) ;
#18 = ADVANCED_FACE ( 'NONE', ( #1464 ), #4166, .T. ) ;
#19 = ORIENTED_EDGE ( 'NONE', *, *, #1603, .T. ) ;
#20 = DIRECTION ( 'NONE',  ( 1.000000000000000000, 0.000000000000000000, 0.000000000000000000 ) ) ;
#21 = CIRCLE ( 'NONE', #1151, 2.000000000029450220 ) ;
#22 = CARTESIAN_POINT ( 'NONE',  ( 64.50000000000466116, -28.00000000000634870, 8.000000000003115730 ) ) ;
#23 = VERTEX_POINT ( 'NONE', #1749 ) ;
#24 = CARTESIAN_POINT ( 'NONE',  ( -64.50000000000460432, 27.99999999999365485, 8.000000000003115730 ) ) ;
#25 = ORIENTED_EDGE ( 'NONE', *, *, #775, .T. ) ;
#26 = DIRECTION ( 'NONE',  ( 7.236352499274584495E-17, 0.7071067811865424657, 0.7071067811865525687 ) ) ;
#27 = LINE ( 'NONE', #3537, #3269 ) ;
#28 = DIRECTION ( 'NONE',  ( 0.000000000000000000, -0.000000000000000000, -1.000000000000000000 ) ) ;
#29 = CARTESIAN_POINT ( 'NONE',  ( -66.60000000025779343, 40.40000000000126334, 2.500000000000000000 ) ) ;
#30 = ORIENTED_EDGE ( 'NONE', *, *, #1837, .F. ) ;
#31 = AXIS2_PLACEMENT_3D ( 'NONE', #4181, #1216, #3548 ) ;
#32 = CARTESIAN_POINT ( 'NONE',  ( 53.50000000000466116, -28.00000000000627409, 1.500000000000001332 ) ) ;
#33 = VECTOR ( 'NONE', #146, 1000.000000000000000 ) ;
#34 = ORIENTED_EDGE ( 'NONE', *, *, #2122, .T. ) ;
#35 = EDGE_CURVE ( 'NONE', #1546, #925, #4068, .T. ) ;
#36 = APPLICATION_PROTOCOL_DEFINITION ( 'draft international standard', 'automotive_design', 1998, #3102 ) ;
#37 = AXIS2_PLACEMENT_3D ( 'NONE', #1719, #3409, #3735 ) ;
#38 = LINE ( 'NONE', #3865, #3683 ) ;
#39 = ORIENTED_EDGE ( 'NONE', *, *, #1727, .F. ) ;
#40 = ORIENTED_EDGE ( 'NONE', *, *, #874, .F. ) ;
#41 = ADVANCED_FACE ( 'NONE', ( #1411 ), #3407, .F. ) ;
#42 = CIRCLE ( 'NONE', #1824, 1.500000000029366731 ) ;
#43 = CARTESIAN_POINT ( 'NONE',  ( -64.50000000000460432, 27.99999999999365485, 1.500000000000001332 ) ) ;
#44 = VERTEX_POINT ( 'NONE', #2065 ) ;
#45 = EDGE_CURVE ( 'NONE', #1962, #2985, #4226, .T. ) ;
#46 = PLANE ( 'NONE',  #2563 ) ;
#47 = CIRCLE ( 'NONE', #2141, 5.500000000029453773 ) ;
#48 = EDGE_CURVE ( 'NONE', #1551, #3840, #1042, .T. ) ;
#49 = DIRECTION ( 'NONE',  ( -0.000000000000000000, -0.000000000000000000, 1.000000000000000000 ) ) ;
#50 = CIRCLE ( 'NONE', #2536, 2.000000000029395153 ) ;
#51 = VERTEX_POINT ( 'NONE', #4034 ) ;
#52 = VECTOR ( 'NONE', #3849, 1000.000000000000000 ) ;
#53 = DIRECTION ( 'NONE',  ( 0.000000000000000000, 1.000000000000000000, 0.000000000000000000 ) ) ;
#54 = DIRECTION ( 'NONE',  ( 0.000000000000000000, 0.000000000000000000, 1.000000000000000000 ) ) ;
#55 = EDGE_LOOP ( 'NONE', ( #644, #3047, #3323, #733, #1622, #3004, #4197, #3212, #1573, #1239, #1833, #2841 ) ) ;
#56 = FACE_OUTER_BOUND ( 'NONE', #4234, .T. ) ;
#57 = AXIS2_PLACEMENT_3D ( 'NONE', #732, #388, #2689 ) ;
#58 = ORIENTED_EDGE ( 'NONE', *, *, #2409, .F. ) ;
#59 = CARTESIAN_POINT ( 'NONE',  ( 66.60000000025779343, 40.40000000000126334, 2.000000000000023537 ) ) ;
#60 = ADVANCED_FACE ( 'NONE', ( #3045 ), #2688, .F. ) ;
#61 = AXIS2_PLACEMENT_3D ( 'NONE', #1090, #2376, #407 ) ;
#62 = DIRECTION ( 'NONE',  ( 0.000000000000000000, 0.000000000000000000, 1.000000000000000000 ) ) ;
#63 = CONICAL_SURFACE ( 'NONE', #2614, 2.150000000051346838, 0.7853981633974566057 ) ;
#64 = DIRECTION ( 'NONE',  ( 1.000000000000000000, 0.000000000000000000, 0.000000000000000000 ) ) ;
#65 = ORIENTED_EDGE ( 'NONE', *, *, #2380, .T. ) ;
#66 = PLANE ( 'NONE',  #4104 ) ;
#67 = EDGE_CURVE ( 'NONE', #2966, #3001, #1362, .T. ) ;
#68 = CARTESIAN_POINT ( 'NONE',  ( 53.50000000000466116, -28.00000000000627409, 8.000000000003115730 ) ) ;
#69 = ORIENTED_EDGE ( 'NONE', *, *, #2148, .T. ) ;
#70 = AXIS2_PLACEMENT_3D ( 'NONE', #667, #326, #679 ) ;
#71 = ORIENTED_EDGE ( 'NONE', *, *, #1113, .F. ) ;
#72 = DIRECTION ( 'NONE',  ( -0.000000000000000000, -0.000000000000000000, -1.000000000000000000 ) ) ;
#73 = EDGE_CURVE ( 'NONE', #2289, #3228, #2682, .T. ) ;
#74 = CARTESIAN_POINT ( 'NONE',  ( -53.50000000000466116, 27.99999999999372946, 8.000000000003115730 ) ) ;
#75 = ORIENTED_EDGE ( 'NONE', *, *, #3265, .F. ) ;
#76 = DIRECTION ( 'NONE',  ( 0.000000000000000000, 1.000000000000000000, 0.000000000000000000 ) ) ;
#77 = CARTESIAN_POINT ( 'NONE',  ( 63.45403433744591126, -18.49999999996431299, 0.6000000000000033085 ) ) ;
#78 = ORIENTED_EDGE ( 'NONE', *, *, #2042, .T. ) ;
#79 = ADVANCED_FACE ( 'NONE', ( #3151 ), #2037, .F. ) ;
#80 = CARTESIAN_POINT ( 'NONE',  ( 63.45403433744591126, -18.49999999996431299, 2.500000000000000000 ) ) ;
#81 = CYLINDRICAL_SURFACE ( 'NONE', #1748, 9.500000000029428904 ) ;
#82 = CARTESIAN_POINT ( 'NONE',  ( -62.10000000025780054, 40.40000000000126334, 2.500000000000000000 ) ) ;
#83 = ORIENTED_EDGE ( 'NONE', *, *, #3830, .F. ) ;
#84 = VECTOR ( 'NONE', #3158, 1000.000000000000000 ) ;
#85 = DIRECTION ( 'NONE',  ( -0.000000000000000000, -0.000000000000000000, -1.000000000000000000 ) ) ;
#86 = ORIENTED_EDGE ( 'NONE', *, *, #2599, .T. ) ;
#87 = AXIS2_PLACEMENT_3D ( 'NONE', #4090, #860, #4103 ) ;
#88 = ORIENTED_EDGE ( 'NONE', *, *, #532, .T. ) ;
#89 = CARTESIAN_POINT ( 'NONE',  ( 53.50000000000466116, 27.99999999999372946, 3.500000000000034195 ) ) ;
#90 = CARTESIAN_POINT ( 'NONE',  ( 51.99999999997522337, -28.00000000000627409, 20.72792206144420391 ) ) ;
#91 = ORIENTED_EDGE ( 'NONE', *, *, #3265, .T. ) ;
#92 = DIRECTION ( 'NONE',  ( -0.000000000000000000, -0.000000000000000000, -1.000000000000000000 ) ) ;
#93 = ORIENTED_EDGE ( 'NONE', *, *, #587, .T. ) ;
#94 = EDGE_CURVE ( 'NONE', #3840, #1684, #2158, .T. ) ;
#95 = CIRCLE ( 'NONE', #831, 3.500000000029410252 ) ;
#96 = ORIENTED_EDGE ( 'NONE', *, *, #616, .T. ) ;
#97 = CARTESIAN_POINT ( 'NONE',  ( 4.662936703425657470E-12, -6.272760089132134453E-12, 8.000000000003115730 ) ) ;
#98 = DIRECTION ( 'NONE',  ( 0.5773502691896420513, -0.5773502691896171823, -0.5773502691896179595 ) ) ;
#99 = EDGE_CURVE ( 'NONE', #4244, #4143, #1264, .T. ) ;
#100 = ORIENTED_EDGE ( 'NONE', *, *, #2626, .F. ) ;
#101 = CARTESIAN_POINT ( 'NONE',  ( 53.50000000000465405, -27.99999999999374012, 0.6000000000000033085 ) ) ;
#102 = ADVANCED_FACE ( 'NONE', ( #3350 ), #1410, .T. ) ;
#103 = ORIENTED_EDGE ( 'NONE', *, *, #2400, .T. ) ;
#104 = LINE ( 'NONE', #1829, #517 ) ;
#105 = CARTESIAN_POINT ( 'NONE',  ( 64.50000000000460432, 27.99999999999365485, 7.500000000003087308 ) ) ;
#106 = CARTESIAN_POINT ( 'NONE',  ( 64.50000000000466116, 27.99999999999365130, 7.000000000003114842 ) ) ;
#107 = EDGE_LOOP ( 'NONE', ( #768, #3433, #2353, #835 ) ) ;
#108 = CARTESIAN_POINT ( 'NONE',  ( -64.50000000000466116, 27.99999999999365130, 8.000000000003115730 ) ) ;
#109 = CONICAL_SURFACE ( 'NONE', #2361, 4.500000000029425351, 0.7853981633974566057 ) ;
#110 = DIRECTION ( 'NONE',  ( 0.000000000000000000, 0.000000000000000000, 1.000000000000000000 ) ) ;
#111 = CARTESIAN_POINT ( 'NONE',  ( -53.50000000000466116, -28.00000000000627409, 3.500000000000034195 ) ) ;
#112 = DIRECTION ( 'NONE',  ( -1.000000000000000000, 0.000000000000000000, 0.000000000000000000 ) ) ;
#113 = CYLINDRICAL_SURFACE ( 'NONE', #3686, 1.500000000029422242 ) ;
#114 = AXIS2_PLACEMENT_3D ( 'NONE', #779, #2806, #3796 ) ;
#115 = MANIFOLD_SOLID_BREP ( 'Fillet1', #249 ) ;
#116 = CARTESIAN_POINT ( 'NONE',  ( 64.50000000000466116, -28.00000000000634870, 20.72792206144420391 ) ) ;
#117 = DIRECTION ( 'NONE',  ( 0.000000000000000000, 0.000000000000000000, 1.000000000000000000 ) ) ;
#118 = EDGE_LOOP ( 'NONE', ( #2159, #19, #3026, #4149 ) ) ;
#119 = CARTESIAN_POINT ( 'NONE',  ( -73.45403433744590416, 40.40000000000126334, 7.500000000000000000 ) ) ;
#120 = EDGE_CURVE ( 'NONE', #846, #1076, #4117, .T. ) ;
#121 = AXIS2_PLACEMENT_3D ( 'NONE', #1948, #3609, #4250 ) ;
#122 =( NAMED_UNIT ( * ) PLANE_ANGLE_UNIT ( ) SI_UNIT ( $, .RADIAN. ) );
#123 = ORIENTED_EDGE ( 'NONE', *, *, #3187, .F. ) ;
#124 = EDGE_CURVE ( 'NONE', #3880, #1620, #3561, .T. ) ;
#125 = DIRECTION ( 'NONE',  ( -0.000000000000000000, 0.000000000000000000, 1.000000000000000000 ) ) ;
#126 = AXIS2_PLACEMENT_3D ( 'NONE', #1632, #1956, #2971 ) ;
#127 = ORIENTED_EDGE ( 'NONE', *, *, #2474, .F. ) ;
#128 = DIRECTION ( 'NONE',  ( 0.000000000000000000, 0.000000000000000000, -1.000000000000000000 ) ) ;
#129 = CIRCLE ( 'NONE', #3481, 5.650000000000009237 ) ;
#130 = DIRECTION ( 'NONE',  ( -0.000000000000000000, -0.000000000000000000, -1.000000000000000000 ) ) ;
#131 = ORIENTED_EDGE ( 'NONE', *, *, #3789, .T. ) ;
#132 = DIRECTION ( 'NONE',  ( -1.000000000000000000, 0.000000000000000000, 0.000000000000000000 ) ) ;
#133 = CIRCLE ( 'NONE', #2843, 1.500000000029422242 ) ;
#134 = ORIENTED_EDGE ( 'NONE', *, *, #67, .F. ) ;
#135 = DIRECTION ( 'NONE',  ( -0.000000000000000000, -0.000000000000000000, 1.000000000000000000 ) ) ;
#136 = CIRCLE ( 'NONE', #2542, 1.650000000051360383 ) ;
#137 = DIRECTION ( 'NONE',  ( -0.000000000000000000, -0.000000000000000000, 1.000000000000000000 ) ) ;
#138 = ORIENTED_EDGE ( 'NONE', *, *, #45, .F. ) ;
#139 = AXIS2_PLACEMENT_3D ( 'NONE', #2953, #117, #1323 ) ;
#140 = LINE ( 'NONE', #3853, #696 ) ;
#141 = ORIENTED_EDGE ( 'NONE', *, *, #399, .T. ) ;
#142 = VERTEX_POINT ( 'NONE', #2132 ) ;
#143 = AXIS2_PLACEMENT_3D ( 'NONE', #2589, #3205, #3578 ) ;
#144 = VECTOR ( 'NONE', #440, 1000.000000000000000 ) ;
#145 = ADVANCED_FACE ( 'NONE', ( #632 ), #63, .F. ) ;
#146 = DIRECTION ( 'NONE',  ( -1.000000000000000000, -1.117374219626154903E-16, 0.000000000000000000 ) ) ;
#147 = CARTESIAN_POINT ( 'NONE',  ( -66.60000000025779343, 44.90000000000125624, 2.500000000000000000 ) ) ;
#148 = CIRCLE ( 'NONE', #4210, 2.150000000051346838 ) ;
#149 = DIRECTION ( 'NONE',  ( -1.000000000000000000, 0.000000000000000000, 0.000000000000000000 ) ) ;
#150 = ORIENTED_EDGE ( 'NONE', *, *, #3074, .F. ) ;
#151 = EDGE_CURVE ( 'NONE', #1076, #2188, #528, .T. ) ;
#152 = CARTESIAN_POINT ( 'NONE',  ( -69.00000000003409184, -28.00000000000634870, 3.500000000000034195 ) ) ;
#153 = VECTOR ( 'NONE', #2073, 1000.000000000000000 ) ;
#154 = DIRECTION ( 'NONE',  ( 0.000000000000000000, 0.000000000000000000, -1.000000000000000000 ) ) ;
#155 = ORIENTED_EDGE ( 'NONE', *, *, #669, .F. ) ;
#156 = VECTOR ( 'NONE', #3554, 1000.000000000000000 ) ;
#157 = CARTESIAN_POINT ( 'NONE',  ( -64.50000000000466116, -28.00000000000634870, 8.000000000003115730 ) ) ;
#158 = EDGE_CURVE ( 'NONE', #3072, #1894, #269, .T. ) ;
#159 = CIRCLE ( 'NONE', #2332, 2.150000000051346838 ) ;
#160 = CARTESIAN_POINT ( 'NONE',  ( 68.25000000030915714, 40.40000000000126334, 2.500000000000000000 ) ) ;
#161 = CARTESIAN_POINT ( 'NONE',  ( 62.99999999997524469, -28.00000000000634870, 7.500000000003101519 ) ) ;
#162 = CARTESIAN_POINT ( 'NONE',  ( -73.45403433744590416, 44.90000000000125624, 0.5000000000000004441 ) ) ;
#163 = CIRCLE ( 'NONE', #2951, 5.500000000029453773 ) ;
#164 = DIRECTION ( 'NONE',  ( 0.000000000000000000, -0.000000000000000000, -1.000000000000000000 ) ) ;
#165 = EDGE_CURVE ( 'NONE', #3562, #2758, #936, .T. ) ;
#166 = CARTESIAN_POINT ( 'NONE',  ( -59.99999999997523759, 27.99999999999365130, 7.000000000003114842 ) ) ;
#167 = VERTEX_POINT ( 'NONE', #2477 ) ;
#168 = ADVANCED_FACE ( 'NONE', ( #3611, #3655 ), #3763, .F. ) ;
#169 = ORIENTED_EDGE ( 'NONE', *, *, #2492, .T. ) ;
#170 = CARTESIAN_POINT ( 'NONE',  ( 72.95403433744587574, -30.84999999990578701, 0.000000000000000000 ) ) ;
#171 = CARTESIAN_POINT ( 'NONE',  ( 71.95403433744587574, 40.40000000000127045, 7.500000000000000000 ) ) ;
#172 = DIRECTION ( 'NONE',  ( 0.000000000000000000, 0.000000000000000000, -1.000000000000000000 ) ) ;
#173 = LINE ( 'NONE', #3245, #3667 ) ;
#174 = CARTESIAN_POINT ( 'NONE',  ( 66.60000000025779343, 40.40000000000126334, 2.500000000000000000 ) ) ;
#175 = EDGE_CURVE ( 'NONE', #2758, #23, #1710, .T. ) ;
#176 = ORIENTED_EDGE ( 'NONE', *, *, #817, .F. ) ;
#177 = AXIS2_PLACEMENT_3D ( 'NONE', #4032, #3390, #2034 ) ;
#178 = CARTESIAN_POINT ( 'NONE',  ( -64.50000000000466116, 27.99999999999365130, 3.500000000000034195 ) ) ;
#179 = CIRCLE ( 'NONE', #1570, 3.999999999999989786 ) ;
#180 = VERTEX_POINT ( 'NONE', #2804 ) ;
#181 = EDGE_CURVE ( 'NONE', #3811, #3466, #987, .T. ) ;
#182 = LINE ( 'NONE', #170, #2850 ) ;
#183 = DIRECTION ( 'NONE',  ( 1.000000000000000000, 0.000000000000000000, 0.000000000000000000 ) ) ;
#184 = ORIENTED_EDGE ( 'NONE', *, *, #1178, .T. ) ;
#185 = VECTOR ( 'NONE', #604, 1000.000000000000000 ) ;
#186 = CARTESIAN_POINT ( 'NONE',  ( -70.00000000003412026, -28.00000000000634870, 2.500000000000000000 ) ) ;
#187 = CARTESIAN_POINT ( 'NONE',  ( -71.95403433744587574, 40.40000000000126334, 7.500000000000000000 ) ) ;
#188 = EDGE_CURVE ( 'NONE', #1012, #1943, #3456, .T. ) ;
#189 = EDGE_LOOP ( 'NONE', ( #1108, #3976 ) ) ;
#190 = DIRECTION ( 'NONE',  ( -0.000000000000000000, -0.000000000000000000, -1.000000000000000000 ) ) ;
#191 = DIRECTION ( 'NONE',  ( -0.000000000000000000, 0.000000000000000000, -1.000000000000000000 ) ) ;
#192 = EDGE_LOOP ( 'NONE', ( #4063, #4096 ) ) ;
#193 = DIRECTION ( 'NONE',  ( 0.000000000000000000, 0.000000000000000000, -1.000000000000000000 ) ) ;
#194 = ORIENTED_EDGE ( 'NONE', *, *, #424, .F. ) ;
#195 = VECTOR ( 'NONE', #1130, 1000.000000000000000 ) ;
#196 = ORIENTED_EDGE ( 'NONE', *, *, #3757, .T. ) ;
#197 = AXIS2_PLACEMENT_3D ( 'NONE', #2208, #193, #3167 ) ;
#198 = ORIENTED_EDGE ( 'NONE', *, *, #1677, .T. ) ;
#199 = DIRECTION ( 'NONE',  ( 1.000000000000000000, 0.000000000000000000, 0.000000000000000000 ) ) ;
#200 = FACE_OUTER_BOUND ( 'NONE', #4097, .T. ) ;
#201 = AXIS2_PLACEMENT_3D ( 'NONE', #108, #137, #3766 ) ;
#202 = DIRECTION ( 'NONE',  ( 1.000000000000000000, 0.000000000000000000, -0.000000000000000000 ) ) ;
#203 = LINE ( 'NONE', #2312, #2145 ) ;
#204 = CARTESIAN_POINT ( 'NONE',  ( -58.00000000003408474, 27.99999999999372946, 7.000000000003114842 ) ) ;
#205 = DIRECTION ( 'NONE',  ( 0.000000000000000000, -0.7071067811865525687, 0.7071067811865425767 ) ) ;
#206 = DIRECTION ( 'NONE',  ( 0.000000000000000000, -0.000000000000000000, -1.000000000000000000 ) ) ;
#207 = EDGE_CURVE ( 'NONE', #818, #2022, #3098, .T. ) ;
#208 = VERTEX_POINT ( 'NONE', #1100 ) ;
#209 = DIRECTION ( 'NONE',  ( -1.832051195753331637E-16, -1.000000000000000000, 0.000000000000000000 ) ) ;
#210 = CIRCLE ( 'NONE', #3583, 3.999999999999989786 ) ;
#211 = ORIENTED_EDGE ( 'NONE', *, *, #2683, .F. ) ;
#212 = DIRECTION ( 'NONE',  ( 1.000000000000000000, 0.000000000000000000, -0.000000000000000000 ) ) ;
#213 = LINE ( 'NONE', #1126, #629 ) ;
#214 = EDGE_CURVE ( 'NONE', #4262, #3999, #2995, .T. ) ;
#215 = CARTESIAN_POINT ( 'NONE',  ( -53.50000000000465405, -27.99999999999374012, 0.6000000000000033085 ) ) ;
#216 = VECTOR ( 'NONE', #1437, 1000.000000000000000 ) ;
#217 = DIRECTION ( 'NONE',  ( -0.000000000000000000, -0.000000000000000000, -1.000000000000000000 ) ) ;
#218 = CARTESIAN_POINT ( 'NONE',  ( 64.50000000000466116, -28.00000000000634870, 1.500000000000001332 ) ) ;
#219 = AXIS2_PLACEMENT_3D ( 'NONE', #2766, #3123, #4073 ) ;
#220 = VERTEX_POINT ( 'NONE', #147 ) ;
#221 = ORIENTED_EDGE ( 'NONE', *, *, #2847, .T. ) ;
#222 = CARTESIAN_POINT ( 'NONE',  ( -43.99999999997522337, -27.99999999999374012, 0.6000000000000033085 ) ) ;
#223 = AXIS2_PLACEMENT_3D ( 'NONE', #97, #2720, #2734 ) ;
#224 = VECTOR ( 'NONE', #2946, 1000.000000000000000 ) ;
#225 = CARTESIAN_POINT ( 'NONE',  ( 68.75000000030914293, 40.40000000000126334, 2.500000000000000000 ) ) ;
#226 = EDGE_LOOP ( 'NONE', ( #908, #2753, #841, #3502 ) ) ;
#227 = CARTESIAN_POINT ( 'NONE',  ( -59.99999999997523759, 27.99999999999365130, 3.500000000000034195 ) ) ;
#228 = DIRECTION ( 'NONE',  ( -1.000000000000000000, 0.000000000000000000, 0.000000000000000000 ) ) ;
#229 = VECTOR ( 'NONE', #3028, 1000.000000000000000 ) ;
#230 = DIRECTION ( 'NONE',  ( -0.7071067811865544561, 8.659560562355017907E-17, 0.7071067811865405783 ) ) ;
#231 = EDGE_CURVE ( 'NONE', #4262, #1317, #2783, .T. ) ;
#232 = AXIS2_PLACEMENT_3D ( 'NONE', #1135, #2426, #112 ) ;
#233 = CARTESIAN_POINT ( 'NONE',  ( -63.45403433744591126, -18.49999999996431299, 0.6000000000000033085 ) ) ;
#234 = ORIENTED_EDGE ( 'NONE', *, *, #930, .F. ) ;
#235 = DIRECTION ( 'NONE',  ( -1.000000000000000000, -0.000000000000000000, -0.000000000000000000 ) ) ;
#236 = CYLINDRICAL_SURFACE ( 'NONE', #1593, 4.500000000029425351 ) ;
#237 = ORIENTED_EDGE ( 'NONE', *, *, #389, .F. ) ;
#238 = EDGE_CURVE ( 'NONE', #2717, #687, #830, .T. ) ;
#239 = FACE_OUTER_BOUND ( 'NONE', #4122, .T. ) ;
#240 = ORIENTED_EDGE ( 'NONE', *, *, #3897, .T. ) ;
#241 = DIRECTION ( 'NONE',  ( 0.000000000000000000, 0.000000000000000000, -1.000000000000000000 ) ) ;
#242 = ORIENTED_EDGE ( 'NONE', *, *, #2538, .F. ) ;
#243 = ORIENTED_EDGE ( 'NONE', *, *, #2182, .F. ) ;
#244 = VECTOR ( 'NONE', #3672, 1000.000000000000000 ) ;
#245 = DIRECTION ( 'NONE',  ( 0.000000000000000000, -0.000000000000000000, -1.000000000000000000 ) ) ;
#246 = DIRECTION ( 'NONE',  ( 1.000000000000000000, 3.485468137178896096E-16, 0.000000000000000000 ) ) ;
#247 = AXIS2_PLACEMENT_3D ( 'NONE', #1984, #1360, #2989 ) ;
#248 = LINE ( 'NONE', #2586, #3233 ) ;
#249 = CLOSED_SHELL ( 'NONE', ( #2197, #3960, #3917, #2996, #2954, #4189, #626, #1007, #2728, #2335, #3852, #3401, #472, #745, #1427, #3311, #4215, #18, #4177, #4204, #1408, #1365, #4127, #3223, #2539, #1118, #362, #4000, #2383, #3841, #3555, #3354, #3446, #723, #766, #4084, #2823, #266, #3567, #3760, #3533, #1764, #1031, #935, #3825, #3033, #3894, #3936, #2646, #2911, #4040, #3573, #2099, #1598, #1494, #3602, #680, #1952, #700, #2975, #2362, #569, #3870, #449, #3514, #1472, #1664, #425, #2769, #253, #168, #2209, #1703, #892, #1077, #2076, #102, #1194, #340, #2257, #2320, #3056, #2530, #3211, #3678, #4019, #3199, #614, #1286, #1808, #2794, #403, #2301, #1923, #2431, #2685, #2011, #1050, #901, #1610, #988, #2056, #1746, #2221, #2668, #4263, #599, #1993, #2244, #2278, #3329, #1725, #943, #2877, #1390, #3011, #1879, #145, #3978, #3083, #1680, #589, #2898, #2577, #3524, #3293, #3700, #79, #1901, #2704, #3375, #323, #2608, #2564, #3719, #1565, #380, #2410, #968, #41, #1266, #4242, #2184, #2033, #4061, #60, #1346, #1097, #3635, #2585, #926, #557, #1916, #3656, #1891 ) ) ;
#250 = CARTESIAN_POINT ( 'NONE',  ( 48.99999999997523759, 27.99999999999372946, 20.72792206144420391 ) ) ;
#251 = LINE ( 'NONE', #2752, #153 ) ;
#252 = VERTEX_POINT ( 'NONE', #3722 ) ;
#253 = ADVANCED_FACE ( 'NONE', ( #1261 ), #113, .F. ) ;
#254 = CARTESIAN_POINT ( 'NONE',  ( -67.80403433744587005, -30.84999999990578701, 0.5000000000000004441 ) ) ;
#255 = AXIS2_PLACEMENT_3D ( 'NONE', #3968, #2006, #774 ) ;
#256 = CARTESIAN_POINT ( 'NONE',  ( 62.10000000025780054, 36.50000000000331113, 0.5000000000000004441 ) ) ;
#257 = CARTESIAN_POINT ( 'NONE',  ( -66.00000000003397815, 27.99999999999365485, 7.500000000003101519 ) ) ;
#258 = ORIENTED_EDGE ( 'NONE', *, *, #2986, .T. ) ;
#259 = CARTESIAN_POINT ( 'NONE',  ( -66.60000000025779343, 40.40000000000126334, 1.500000000000000000 ) ) ;
#260 = FACE_OUTER_BOUND ( 'NONE', #1506, .T. ) ;
#261 = CARTESIAN_POINT ( 'NONE',  ( 64.50000000000466116, -28.00000000000634870, 3.500000000000034195 ) ) ;
#262 = EDGE_CURVE ( 'NONE', #1836, #284, #4220, .T. ) ;
#263 = CARTESIAN_POINT ( 'NONE',  ( -53.50000000000466116, -28.00000000000627409, 8.000000000003115730 ) ) ;
#264 = ORIENTED_EDGE ( 'NONE', *, *, #848, .T. ) ;
#265 = FACE_OUTER_BOUND ( 'NONE', #1949, .T. ) ;
#266 = ADVANCED_FACE ( 'NONE', ( #3403 ), #2634, .F. ) ;
#267 = CARTESIAN_POINT ( 'NONE',  ( -58.00000000003408474, 27.99999999999372946, 7.000000000003114842 ) ) ;
#268 = EDGE_CURVE ( 'NONE', #1450, #2927, #2730, .T. ) ;
#269 = LINE ( 'NONE', #2757, #2785 ) ;
#270 = ORIENTED_EDGE ( 'NONE', *, *, #94, .T. ) ;
#271 = CARTESIAN_POINT ( 'NONE',  ( 69.00000000003409184, 27.99999999999365130, 20.72792206144420391 ) ) ;
#272 = DIRECTION ( 'NONE',  ( -1.000000000000000000, 0.000000000000000000, 0.000000000000000000 ) ) ;
#273 = CARTESIAN_POINT ( 'NONE',  ( -53.50000000000466116, 27.99999999999372946, 8.000000000003115730 ) ) ;
#274 = DIRECTION ( 'NONE',  ( -0.000000000000000000, -0.000000000000000000, -1.000000000000000000 ) ) ;
#275 = CARTESIAN_POINT ( 'NONE',  ( -51.99999999997522337, -28.00000000000627409, 1.500000000000001332 ) ) ;
#276 = AXIS2_PLACEMENT_3D ( 'NONE', #1751, #1043, #3333 ) ;
#277 = ORIENTED_EDGE ( 'NONE', *, *, #3923, .T. ) ;
#278 = CARTESIAN_POINT ( 'NONE',  ( 64.50000000000466116, -28.00000000000634870, 3.500000000000034195 ) ) ;
#279 = CIRCLE ( 'NONE', #1114, 4.500000000029425351 ) ;
#280 = VERTEX_POINT ( 'NONE', #3794 ) ;
#281 = FACE_BOUND ( 'NONE', #3090, .T. ) ;
#282 = DIRECTION ( 'NONE',  ( 0.000000000000000000, 0.000000000000000000, -1.000000000000000000 ) ) ;
#283 = DIRECTION ( 'NONE',  ( -0.7071067811865533459, 0.000000000000000000, -0.7071067811865416886 ) ) ;
#284 = VERTEX_POINT ( 'NONE', #3165 ) ;
#285 = CARTESIAN_POINT ( 'NONE',  ( -71.95403433744587574, 44.90000000000125624, 2.500000000000000000 ) ) ;
#286 = CARTESIAN_POINT ( 'NONE',  ( 64.50000000000466116, -28.00000000000634870, 1.500000000000001332 ) ) ;
#287 = EDGE_CURVE ( 'NONE', #636, #1317, #4065, .T. ) ;
#288 = AXIS2_PLACEMENT_3D ( 'NONE', #1944, #1027, #3321 ) ;
#289 = VECTOR ( 'NONE', #4007, 1000.000000000000000 ) ;
#290 = DIRECTION ( 'NONE',  ( -0.000000000000000000, -0.000000000000000000, 1.000000000000000000 ) ) ;
#291 = ORIENTED_EDGE ( 'NONE', *, *, #313, .F. ) ;
#292 = DIRECTION ( 'NONE',  ( 0.000000000000000000, -0.000000000000000000, -1.000000000000000000 ) ) ;
#293 = CIRCLE ( 'NONE', #3067, 4.499999999999997335 ) ;
#294 = ORIENTED_EDGE ( 'NONE', *, *, #3310, .T. ) ;
#295 = EDGE_CURVE ( 'NONE', #311, #683, #4164, .T. ) ;
#296 = ORIENTED_EDGE ( 'NONE', *, *, #897, .T. ) ;
#297 = CONICAL_SURFACE ( 'NONE', #718, 2.150000000051346838, 0.7853981633974566057 ) ;
#298 = ORIENTED_EDGE ( 'NONE', *, *, #3977, .F. ) ;
#299 = ORIENTED_EDGE ( 'NONE', *, *, #2661, .T. ) ;
#300 = CARTESIAN_POINT ( 'NONE',  ( 62.10000000025780054, 40.40000000000126334, 0.5000000000000004441 ) ) ;
#301 = CARTESIAN_POINT ( 'NONE',  ( -62.99999999997524469, 27.99999999999365485, 1.500000000000001332 ) ) ;
#302 = CIRCLE ( 'NONE', #2035, 4.500000000029425351 ) ;
#303 = ORIENTED_EDGE ( 'NONE', *, *, #4076, .T. ) ;
#304 = AXIS2_PLACEMENT_3D ( 'NONE', #2429, #3095, #4105 ) ;
#305 = CARTESIAN_POINT ( 'NONE',  ( 71.95403433744587574, -30.84999999990578701, 7.500000000000000000 ) ) ;
#306 = CARTESIAN_POINT ( 'NONE',  ( 64.50000000000466116, 27.99999999999365130, 3.500000000000034195 ) ) ;
#307 = DIRECTION ( 'NONE',  ( 0.7071067811865533459, 0.000000000000000000, -0.7071067811865416886 ) ) ;
#308 = CIRCLE ( 'NONE', #3715, 5.650000000000002132 ) ;
#309 = EDGE_LOOP ( 'NONE', ( #4230, #1556, #2116, #2482 ) ) ;
#310 = AXIS2_PLACEMENT_3D ( 'NONE', #1796, #478, #3109 ) ;
#311 = VERTEX_POINT ( 'NONE', #3848 ) ;
#312 = FACE_OUTER_BOUND ( 'NONE', #1289, .T. ) ;
#313 = EDGE_CURVE ( 'NONE', #3128, #2907, #2212, .T. ) ;
#314 = ORIENTED_EDGE ( 'NONE', *, *, #3187, .T. ) ;
#315 = CARTESIAN_POINT ( 'NONE',  ( 66.60000000025779343, 40.40000000000126334, 0.000000000000000000 ) ) ;
#316 = FACE_OUTER_BOUND ( 'NONE', #3039, .T. ) ;
#317 = CARTESIAN_POINT ( 'NONE',  ( -64.50000000000466116, 27.99999999999365130, 7.000000000003114842 ) ) ;
#318 = EDGE_LOOP ( 'NONE', ( #4092, #3646, #1699, #2852, #2200 ) ) ;
#319 = DIRECTION ( 'NONE',  ( -0.7071067811865592301, 8.659560562355075839E-17, 0.7071067811865359154 ) ) ;
#320 = CYLINDRICAL_SURFACE ( 'NONE', #3385, 1.500000000029436009 ) ;
#321 = EDGE_CURVE ( 'NONE', #3674, #1433, #3508, .T. ) ;
#322 = ORIENTED_EDGE ( 'NONE', *, *, #1991, .T. ) ;
#323 = ADVANCED_FACE ( 'NONE', ( #1037 ), #3810, .F. ) ;
#324 = CARTESIAN_POINT ( 'NONE',  ( -71.95403433744587574, 44.90000000000125624, 3.000000000000000000 ) ) ;
#325 = ORIENTED_EDGE ( 'NONE', *, *, #2352, .F. ) ;
#326 = DIRECTION ( 'NONE',  ( 0.000000000000000000, 0.000000000000000000, -1.000000000000000000 ) ) ;
#327 = ORIENTED_EDGE ( 'NONE', *, *, #3348, .T. ) ;
#328 = DIRECTION ( 'NONE',  ( -1.000000000000000000, -3.485468137178898561E-16, 0.000000000000000000 ) ) ;
#329 = VECTOR ( 'NONE', #1318, 1000.000000000000000 ) ;
#330 = CARTESIAN_POINT ( 'NONE',  ( -73.45403433744590416, 44.90000000000125624, 7.500000000000000000 ) ) ;
#331 = ORIENTED_EDGE ( 'NONE', *, *, #4056, .T. ) ;
#332 = CARTESIAN_POINT ( 'NONE',  ( 53.50000000000466116, 27.99999999999372946, 7.500000000003108624 ) ) ;
#333 = AXIS2_PLACEMENT_3D ( 'NONE', #3497, #4205, #1951 ) ;
#334 = FACE_BOUND ( 'NONE', #762, .T. ) ;
#335 = VERTEX_POINT ( 'NONE', #1869 ) ;
#336 = VECTOR ( 'NONE', #878, 1000.000000000000000 ) ;
#337 = EDGE_CURVE ( 'NONE', #339, #3906, #2108, .T. ) ;
#338 = AXIS2_PLACEMENT_3D ( 'NONE', #1917, #579, #4243 ) ;
#339 = VERTEX_POINT ( 'NONE', #866 ) ;
#340 = ADVANCED_FACE ( 'NONE', ( #11 ), #4171, .T. ) ;
#341 = CARTESIAN_POINT ( 'NONE',  ( 66.60000000025779343, 40.40000000000126334, 1.500000000000000000 ) ) ;
#342 = FACE_OUTER_BOUND ( 'NONE', #3188, .T. ) ;
#343 = DIRECTION ( 'NONE',  ( 0.000000000000000000, -1.000000000000000000, -0.000000000000000000 ) ) ;
#344 = EDGE_LOOP ( 'NONE', ( #58, #2869, #194, #4004 ) ) ;
#345 = EDGE_CURVE ( 'NONE', #3381, #2002, #675, .T. ) ;
#346 = VECTOR ( 'NONE', #3185, 1000.000000000000000 ) ;
#347 = ORIENTED_EDGE ( 'NONE', *, *, #2048, .F. ) ;
#348 = ORIENTED_EDGE ( 'NONE', *, *, #2416, .F. ) ;
#349 = VECTOR ( 'NONE', #3728, 1000.000000000000000 ) ;
#350 = AXIS2_PLACEMENT_3D ( 'NONE', #2434, #2773, #807 ) ;
#351 = ORIENTED_EDGE ( 'NONE', *, *, #1463, .T. ) ;
#352 = CARTESIAN_POINT ( 'NONE',  ( 51.99999999997522337, 27.99999999999372946, 20.72792206144420391 ) ) ;
#353 = FACE_OUTER_BOUND ( 'NONE', #3945, .T. ) ;
#354 = ORIENTED_EDGE ( 'NONE', *, *, #3773, .T. ) ;
#355 = CARTESIAN_POINT ( 'NONE',  ( -69.00000000003409184, -28.00000000000634870, 7.000000000003114842 ) ) ;
#356 = CARTESIAN_POINT ( 'NONE',  ( 64.50000000000460432, 27.99999999999365485, 7.500000000003087308 ) ) ;
#357 = AXIS2_PLACEMENT_3D ( 'NONE', #1892, #241, #2871 ) ;
#358 = LINE ( 'NONE', #1976, #3696 ) ;
#359 = ORIENTED_EDGE ( 'NONE', *, *, #3697, .F. ) ;
#360 = LINE ( 'NONE', #2120, #1561 ) ;
#361 = CARTESIAN_POINT ( 'NONE',  ( 64.50000000000460432, 27.99999999999365485, 20.72792206144420391 ) ) ;
#362 = ADVANCED_FACE ( 'NONE', ( #367 ), #3299, .F. ) ;
#363 = CARTESIAN_POINT ( 'NONE',  ( -43.99999999997523048, 27.99999999999372946, 0.6000000000000033085 ) ) ;
#364 = EDGE_LOOP ( 'NONE', ( #971, #4020, #1877, #1328 ) ) ;
#365 = LINE ( 'NONE', #804, #4160 ) ;
#366 = CARTESIAN_POINT ( 'NONE',  ( -68.25000000030915714, 40.40000000000126334, 1.999999999999995781 ) ) ;
#367 = FACE_OUTER_BOUND ( 'NONE', #1789, .T. ) ;
#368 = EDGE_CURVE ( 'NONE', #1770, #1047, #1143, .T. ) ;
#369 = AXIS2_PLACEMENT_3D ( 'NONE', #2411, #4043, #3730 ) ;
#370 = CARTESIAN_POINT ( 'NONE',  ( 66.00000000003409184, -28.00000000000634870, 7.500000000003101519 ) ) ;
#371 = ORIENTED_EDGE ( 'NONE', *, *, #3868, .F. ) ;
#372 = CARTESIAN_POINT ( 'NONE',  ( -4.662936703425657470E-12, -6.272760089132134453E-12, 8.000000000003115730 ) ) ;
#373 = EDGE_CURVE ( 'NONE', #1285, #1047, #2581, .T. ) ;
#374 = ORIENTED_EDGE ( 'NONE', *, *, #676, .T. ) ;
#375 = CARTESIAN_POINT ( 'NONE',  ( 64.50000000000466116, -28.00000000000634870, 7.000000000003114842 ) ) ;
#376 = DIRECTION ( 'NONE',  ( -1.000000000000000000, 0.000000000000000000, 0.000000000000000000 ) ) ;
#377 = ORIENTED_EDGE ( 'NONE', *, *, #515, .F. ) ;
#378 = CIRCLE ( 'NONE', #2654, 1.500000000029436009 ) ;
#379 = AXIS2_PLACEMENT_3D ( 'NONE', #1706, #1691, #3695 ) ;
#380 = ADVANCED_FACE ( 'NONE', ( #573 ), #1862, .F. ) ;
#381 = ORIENTED_EDGE ( 'NONE', *, *, #3749, .T. ) ;
#382 = CARTESIAN_POINT ( 'NONE',  ( 73.45403433744588995, -30.84999999990578701, 2.500000000000000000 ) ) ;
#383 = LINE ( 'NONE', #3703, #3879 ) ;
#384 = VERTEX_POINT ( 'NONE', #623 ) ;
#385 = CARTESIAN_POINT ( 'NONE',  ( -67.80403433744587005, -36.49999999990579624, 2.500000000000000000 ) ) ;
#386 = CIRCLE ( 'NONE', #1876, 2.150000000051346838 ) ;
#387 = ORIENTED_EDGE ( 'NONE', *, *, #2066, .T. ) ;
#388 = DIRECTION ( 'NONE',  ( 0.000000000000000000, 0.000000000000000000, 1.000000000000000000 ) ) ;
#389 = EDGE_CURVE ( 'NONE', #3529, #2758, #778, .T. ) ;
#390 = AXIS2_PLACEMENT_3D ( 'NONE', #32, #3612, #6 ) ;
#391 = LINE ( 'NONE', #4190, #2555 ) ;
#392 = DIRECTION ( 'NONE',  ( 1.000000000000000000, 6.308085367154608259E-16, 0.000000000000000000 ) ) ;
#393 = EDGE_LOOP ( 'NONE', ( #1915, #2562, #1626, #794, #931, #1849, #694, #184, #1715, #3582, #3536, #1305 ) ) ;
#394 = ORIENTED_EDGE ( 'NONE', *, *, #703, .F. ) ;
#395 = CARTESIAN_POINT ( 'NONE',  ( 66.60000000025779343, 40.40000000000126334, 0.000000000000000000 ) ) ;
#396 = LINE ( 'NONE', #3353, #1545 ) ;
#397 = CARTESIAN_POINT ( 'NONE',  ( -67.80403433744587005, -36.49999999990578914, 0.5000000000000004441 ) ) ;
#398 = EDGE_LOOP ( 'NONE', ( #2857, #2432, #622, #3690 ) ) ;
#399 = EDGE_CURVE ( 'NONE', #2545, #2943, #1663, .T. ) ;
#400 = ORIENTED_EDGE ( 'NONE', *, *, #2105, .F. ) ;
#401 = DIRECTION ( 'NONE',  ( -0.000000000000000000, -0.000000000000000000, 1.000000000000000000 ) ) ;
#402 = CIRCLE ( 'NONE', #9, 3.500000000029410252 ) ;
#403 = ADVANCED_FACE ( 'NONE', ( #2319 ), #320, .F. ) ;
#404 = EDGE_CURVE ( 'NONE', #2790, #4054, #3756, .T. ) ;
#405 = CIRCLE ( 'NONE', #1819, 4.500000000029425351 ) ;
#406 = ORIENTED_EDGE ( 'NONE', *, *, #3856, .F. ) ;
#407 = DIRECTION ( 'NONE',  ( -1.000000000000000000, 0.000000000000000000, 0.000000000000000000 ) ) ;
#408 = DIRECTION ( 'NONE',  ( 0.000000000000000000, 0.000000000000000000, -1.000000000000000000 ) ) ;
#409 = EDGE_LOOP ( 'NONE', ( #1714, #3498, #3470, #3822 ) ) ;
#410 = VECTOR ( 'NONE', #2556, 1000.000000000000114 ) ;
#411 = DIRECTION ( 'NONE',  ( 0.000000000000000000, 0.000000000000000000, -1.000000000000000000 ) ) ;
#412 = AXIS2_PLACEMENT_3D ( 'NONE', #3682, #1072, #2357 ) ;
#413 = VERTEX_POINT ( 'NONE', #2621 ) ;
#414 = PLANE ( 'NONE',  #3558 ) ;
#415 = VECTOR ( 'NONE', #2144, 1000.000000000000000 ) ;
#416 = CARTESIAN_POINT ( 'NONE',  ( 73.45403433744588995, 44.90000000000125624, 3.000000000000000000 ) ) ;
#417 = ORIENTED_EDGE ( 'NONE', *, *, #287, .T. ) ;
#418 = AXIS2_PLACEMENT_3D ( 'NONE', #3411, #1102, #2110 ) ;
#419 = CARTESIAN_POINT ( 'NONE',  ( -73.45403433744590416, 44.90000000000125624, 0.5000000000000004441 ) ) ;
#420 = VECTOR ( 'NONE', #3980, 1000.000000000000000 ) ;
#421 = CARTESIAN_POINT ( 'NONE',  ( -64.50000000000466116, -28.00000000000634870, 3.500000000000034195 ) ) ;
#422 = ORIENTED_EDGE ( 'NONE', *, *, #463, .F. ) ;
#423 = CARTESIAN_POINT ( 'NONE',  ( 43.99999999997522337, -27.99999999999374012, 0.6000000000000033085 ) ) ;
#424 = EDGE_CURVE ( 'NONE', #683, #1628, #2427, .T. ) ;
#425 = ADVANCED_FACE ( 'NONE', ( #1461 ), #1895, .T. ) ;
#426 = VERTEX_POINT ( 'NONE', #3251 ) ;
#427 = MECHANICAL_DESIGN_GEOMETRIC_PRESENTATION_REPRESENTATION (  '', ( #1002 ), #1241 ) ;
#428 = DIRECTION ( 'NONE',  ( -1.000000000000000000, 0.000000000000000000, 0.000000000000000000 ) ) ;
#429 = EDGE_LOOP ( 'NONE', ( #1609, #2624, #2959, #4047 ) ) ;
#430 = DIRECTION ( 'NONE',  ( 3.664102391506663275E-16, -1.000000000000000000, 0.000000000000000000 ) ) ;
#431 = EDGE_CURVE ( 'NONE', #3384, #284, #2680, .T. ) ;
#432 = DIRECTION ( 'NONE',  ( 0.000000000000000000, 0.000000000000000000, -1.000000000000000000 ) ) ;
#433 = ORIENTED_EDGE ( 'NONE', *, *, #3709, .F. ) ;
#434 = CARTESIAN_POINT ( 'NONE',  ( -66.60000000025780764, -35.99999999990578203, 0.000000000000000000 ) ) ;
#435 = CARTESIAN_POINT ( 'NONE',  ( -51.99999999997522337, -28.00000000000627409, 7.500000000003121947 ) ) ;
#436 = FACE_BOUND ( 'NONE', #3761, .T. ) ;
#437 = ORIENTED_EDGE ( 'NONE', *, *, #782, .T. ) ;
#438 = CARTESIAN_POINT ( 'NONE',  ( 53.50000000000466116, -28.00000000000627409, 7.500000000003108624 ) ) ;
#439 = AXIS2_PLACEMENT_3D ( 'NONE', #2543, #202, #559 ) ;
#440 = DIRECTION ( 'NONE',  ( 0.000000000000000000, -1.000000000000000000, 0.000000000000000000 ) ) ;
#441 = VECTOR ( 'NONE', #2366, 1000.000000000000000 ) ;
#442 = DIRECTION ( 'NONE',  ( 1.832051195753331637E-16, -1.000000000000000000, 0.000000000000000000 ) ) ;
#443 = ORIENTED_EDGE ( 'NONE', *, *, #1517, .F. ) ;
#444 = CYLINDRICAL_SURFACE ( 'NONE', #177, 4.500000000029425351 ) ;
#445 = DIRECTION ( 'NONE',  ( 0.000000000000000000, 0.000000000000000000, 1.000000000000000000 ) ) ;
#446 = ORIENTED_EDGE ( 'NONE', *, *, #3956, .F. ) ;
#447 = AXIS2_PLACEMENT_3D ( 'NONE', #2508, #1212, #527 ) ;
#448 = ORIENTED_EDGE ( 'NONE', *, *, #2825, .F. ) ;
#449 = ADVANCED_FACE ( 'NONE', ( #2947 ), #637, .T. ) ;
#450 = CYLINDRICAL_SURFACE ( 'NONE', #942, 4.500000000029425351 ) ;
#451 = CARTESIAN_POINT ( 'NONE',  ( -66.60000000025779343, 44.40000000000125624, 0.000000000000000000 ) ) ;
#452 = EDGE_LOOP ( 'NONE', ( #4188, #2325 ) ) ;
#453 = DIRECTION ( 'NONE',  ( -0.7071067811865441310, -8.659560562354890950E-17, -0.7071067811865507924 ) ) ;
#454 = VERTEX_POINT ( 'NONE', #907 ) ;
#455 = EDGE_CURVE ( 'NONE', #1972, #551, #2004, .T. ) ;
#456 = AXIS2_PLACEMENT_3D ( 'NONE', #1987, #2440, #2058 ) ;
#457 = FACE_BOUND ( 'NONE', #1673, .T. ) ;
#458 =( LENGTH_UNIT ( ) NAMED_UNIT ( * ) SI_UNIT ( .MILLI., .METRE. ) );
#459 = ORIENTED_EDGE ( 'NONE', *, *, #3046, .F. ) ;
#460 = DIRECTION ( 'NONE',  ( -1.000000000000000000, 0.000000000000000000, 0.000000000000000000 ) ) ;
#461 = CARTESIAN_POINT ( 'NONE',  ( -4.662936703425657470E-12, -6.272760089132134453E-12, 8.000000000003115730 ) ) ;
#462 = CIRCLE ( 'NONE', #1929, 4.500000000029425351 ) ;
#463 = EDGE_CURVE ( 'NONE', #655, #3128, #2528, .T. ) ;
#464 = CIRCLE ( 'NONE', #3226, 4.499999999999997335 ) ;
#465 = EDGE_LOOP ( 'NONE', ( #325, #2498, #468, #1071 ) ) ;
#466 = LINE ( 'NONE', #2532, #618 ) ;
#467 = CARTESIAN_POINT ( 'NONE',  ( -64.50000000000460432, 27.99999999999365485, 8.000000000003115730 ) ) ;
#468 = ORIENTED_EDGE ( 'NONE', *, *, #3216, .T. ) ;
#469 = CARTESIAN_POINT ( 'NONE',  ( -53.50000000000466116, 18.49999999996429523, 2.500000000000000000 ) ) ;
#470 = FACE_OUTER_BOUND ( 'NONE', #2534, .T. ) ;
#471 = DIRECTION ( 'NONE',  ( 0.000000000000000000, 0.000000000000000000, 1.000000000000000000 ) ) ;
#472 = ADVANCED_FACE ( 'NONE', ( #265 ), #3967, .T. ) ;
#473 = DIRECTION ( 'NONE',  ( 1.000000000000000000, 0.000000000000000000, 0.000000000000000000 ) ) ;
#474 = ORIENTED_EDGE ( 'NONE', *, *, #556, .T. ) ;
#475 = DIRECTION ( 'NONE',  ( 1.000000000000000000, -1.832051195753331637E-16, -0.000000000000000000 ) ) ;
#476 = VECTOR ( 'NONE', #575, 1000.000000000000000 ) ;
#477 = AXIS2_PLACEMENT_3D ( 'NONE', #767, #2780, #3741 ) ;
#478 = DIRECTION ( 'NONE',  ( -0.000000000000000000, -0.000000000000000000, -1.000000000000000000 ) ) ;
#479 = DIRECTION ( 'NONE',  ( 0.000000000000000000, 0.000000000000000000, -1.000000000000000000 ) ) ;
#480 = EDGE_LOOP ( 'NONE', ( #2123, #3930 ) ) ;
#481 = ORIENTED_EDGE ( 'NONE', *, *, #3290, .F. ) ;
#482 = CARTESIAN_POINT ( 'NONE',  ( -43.99999999997523048, 27.99999999999372946, -84.63104911140096931 ) ) ;
#483 = EDGE_CURVE ( 'NONE', #698, #1873, #1203, .T. ) ;
#484 = AXIS2_PLACEMENT_3D ( 'NONE', #3439, #2433, #4075 ) ;
#485 = CARTESIAN_POINT ( 'NONE',  ( 66.60000000025779343, 40.40000000000126334, 2.500000000000000000 ) ) ;
#486 = ORIENTED_EDGE ( 'NONE', *, *, #2346, .F. ) ;
#487 = DIRECTION ( 'NONE',  ( 0.000000000000000000, 0.000000000000000000, 1.000000000000000000 ) ) ;
#488 = FACE_OUTER_BOUND ( 'NONE', #677, .T. ) ;
#489 = EDGE_CURVE ( 'NONE', #1687, #3228, #163, .T. ) ;
#490 = VERTEX_POINT ( 'NONE', #608 ) ;
#491 = CARTESIAN_POINT ( 'NONE',  ( -73.45403433744590416, 40.40000000000126334, 3.000000000000000000 ) ) ;
#492 = ORIENTED_EDGE ( 'NONE', *, *, #3066, .T. ) ;
#493 = DIRECTION ( 'NONE',  ( 1.000000000000000000, 0.000000000000000000, 0.000000000000000000 ) ) ;
#494 = EDGE_CURVE ( 'NONE', #1233, #1542, #1807, .T. ) ;
#495 = CARTESIAN_POINT ( 'NONE',  ( 68.75000000030914293, 40.40000000000126334, 2.500000000000000000 ) ) ;
#496 = CIRCLE ( 'NONE', #2348, 1.500000000029366731 ) ;
#497 = DIRECTION ( 'NONE',  ( -1.000000000000000000, 0.000000000000000000, 0.000000000000000000 ) ) ;
#498 = ORIENTED_EDGE ( 'NONE', *, *, #188, .T. ) ;
#499 = DIRECTION ( 'NONE',  ( -0.000000000000000000, -0.000000000000000000, -1.000000000000000000 ) ) ;
#500 = VECTOR ( 'NONE', #1157, 1000.000000000000000 ) ;
#501 = DIRECTION ( 'NONE',  ( -0.000000000000000000, -0.000000000000000000, 1.000000000000000000 ) ) ;
#502 = VERTEX_POINT ( 'NONE', #1672 ) ;
#503 = AXIS2_PLACEMENT_3D ( 'NONE', #2673, #1989, #1021 ) ;
#504 = DIRECTION ( 'NONE',  ( -1.000000000000000000, 0.000000000000000000, 0.000000000000000000 ) ) ;
#505 = ORIENTED_EDGE ( 'NONE', *, *, #1038, .T. ) ;
#506 = ORIENTED_EDGE ( 'NONE', *, *, #3429, .T. ) ;
#507 = CARTESIAN_POINT ( 'NONE',  ( -67.80403433744587005, -34.99999999990579624, 7.500000000000000000 ) ) ;
#508 = FACE_OUTER_BOUND ( 'NONE', #671, .T. ) ;
#509 = CARTESIAN_POINT ( 'NONE',  ( -72.95403433744590416, 44.40000000000125624, 0.000000000000000000 ) ) ;
#510 = DIRECTION ( 'NONE',  ( -0.7071067811865493491, 8.659560562354955045E-17, 0.7071067811865456854 ) ) ;
#511 = CARTESIAN_POINT ( 'NONE',  ( 64.50000000000466116, -28.00000000000634870, 2.500000000000000000 ) ) ;
#512 = CARTESIAN_POINT ( 'NONE',  ( -48.99999999997523759, 27.99999999999372946, 20.72792206144420391 ) ) ;
#513 = FACE_OUTER_BOUND ( 'NONE', #2952, .T. ) ;
#514 = CARTESIAN_POINT ( 'NONE',  ( -62.10000000025780054, 40.40000000000126334, 0.5000000000000004441 ) ) ;
#515 = EDGE_CURVE ( 'NONE', #2289, #2724, #3557, .T. ) ;
#516 = LINE ( 'NONE', #2030, #3600 ) ;
#517 = VECTOR ( 'NONE', #135, 1000.000000000000000 ) ;
#518 = EDGE_CURVE ( 'NONE', #2630, #1515, #3710, .T. ) ;
#519 = EDGE_LOOP ( 'NONE', ( #991, #2575, #4057, #2161 ) ) ;
#520 = CARTESIAN_POINT ( 'NONE',  ( 71.95403433744587574, -30.84999999990579411, 2.500000000000000000 ) ) ;
#521 = CYLINDRICAL_SURFACE ( 'NONE', #1685, 4.500000000029425351 ) ;
#522 = DIRECTION ( 'NONE',  ( 0.000000000000000000, 0.000000000000000000, -1.000000000000000000 ) ) ;
#523 = DIRECTION ( 'NONE',  ( 0.000000000000000000, 0.000000000000000000, 1.000000000000000000 ) ) ;
#524 = ORIENTED_EDGE ( 'NONE', *, *, #3429, .F. ) ;
#525 = DIRECTION ( 'NONE',  ( -1.000000000000000000, 0.000000000000000000, 0.000000000000000000 ) ) ;
#526 = VECTOR ( 'NONE', #992, 1000.000000000000114 ) ;
#527 = DIRECTION ( 'NONE',  ( -1.000000000000000000, 0.000000000000000000, 0.000000000000000000 ) ) ;
#528 = CIRCLE ( 'NONE', #350, 5.150000000000015454 ) ;
#529 = ORIENTED_EDGE ( 'NONE', *, *, #73, .F. ) ;
#530 = CARTESIAN_POINT ( 'NONE',  ( 66.60000000025779343, 40.40000000000126334, 0.000000000000000000 ) ) ;
#531 = ORIENTED_EDGE ( 'NONE', *, *, #1780, .F. ) ;
#532 = EDGE_CURVE ( 'NONE', #2188, #2503, #1659, .T. ) ;
#533 = DIRECTION ( 'NONE',  ( -1.000000000000000000, 3.485468137178898561E-16, 0.000000000000000000 ) ) ;
#534 = LINE ( 'NONE', #2317, #224 ) ;
#535 = ORIENTED_EDGE ( 'NONE', *, *, #3563, .F. ) ;
#536 = EDGE_CURVE ( 'NONE', #1894, #925, #3504, .T. ) ;
#537 = FACE_BOUND ( 'NONE', #952, .T. ) ;
#538 = DIRECTION ( 'NONE',  ( 0.7071067811865574537, 0.000000000000000000, 0.7071067811865376918 ) ) ;
#539 = ORIENTED_EDGE ( 'NONE', *, *, #262, .F. ) ;
#540 = LINE ( 'NONE', #1299, #185 ) ;
#541 = CARTESIAN_POINT ( 'NONE',  ( -62.49999999997520916, 27.99999999999365485, 8.000000000003115730 ) ) ;
#542 = CARTESIAN_POINT ( 'NONE',  ( -62.10000000025780054, 40.40000000000126334, 2.500000000000000000 ) ) ;
#543 = VERTEX_POINT ( 'NONE', #3389 ) ;
#544 = CARTESIAN_POINT ( 'NONE',  ( -53.50000000000466116, 27.99999999999372946, 7.000000000003114842 ) ) ;
#545 = DIRECTION ( 'NONE',  ( 1.000000000000000000, 0.000000000000000000, 0.000000000000000000 ) ) ;
#546 = CYLINDRICAL_SURFACE ( 'NONE', #558, 1.650000000051360383 ) ;
#547 = DIRECTION ( 'NONE',  ( 1.000000000000000000, 0.000000000000000000, 0.000000000000000000 ) ) ;
#548 = VERTEX_POINT ( 'NONE', #1759 ) ;
#549 = ORIENTED_EDGE ( 'NONE', *, *, #1730, .T. ) ;
#550 = DIRECTION ( 'NONE',  ( -0.7071067811865441310, 0.000000000000000000, -0.7071067811865507924 ) ) ;
#551 = VERTEX_POINT ( 'NONE', #744 ) ;
#552 = AXIS2_PLACEMENT_3D ( 'NONE', #3599, #3238, #3908 ) ;
#553 = ORIENTED_EDGE ( 'NONE', *, *, #3421, .T. ) ;
#554 = DIRECTION ( 'NONE',  ( -1.000000000000000000, -2.365532012696977420E-16, 0.000000000000000000 ) ) ;
#555 = CONICAL_SURFACE ( 'NONE', #2933, 2.000000000029443559, 0.7853981633974648213 ) ;
#556 = EDGE_CURVE ( 'NONE', #2601, #548, #2207, .T. ) ;
#557 = ADVANCED_FACE ( 'NONE', ( #3296 ), #1082, .T. ) ;
#558 = AXIS2_PLACEMENT_3D ( 'NONE', #1640, #2210, #927 ) ;
#559 = DIRECTION ( 'NONE',  ( 0.000000000000000000, 0.000000000000000000, -1.000000000000000000 ) ) ;
#560 = LINE ( 'NONE', #225, #2250 ) ;
#561 = DIRECTION ( 'NONE',  ( -1.000000000000000000, 0.000000000000000000, 0.000000000000000000 ) ) ;
#562 = CARTESIAN_POINT ( 'NONE',  ( 67.80403433744587005, -34.99999999990578914, 2.500000000000000444 ) ) ;
#563 = DIRECTION ( 'NONE',  ( -0.000000000000000000, -0.000000000000000000, 1.000000000000000000 ) ) ;
#564 = EDGE_CURVE ( 'NONE', #51, #142, #1955, .T. ) ;
#565 = ORIENTED_EDGE ( 'NONE', *, *, #2712, .F. ) ;
#566 = AXIS2_PLACEMENT_3D ( 'NONE', #2886, #2899, #1290 ) ;
#567 = LINE ( 'NONE', #2435, #1028 ) ;
#568 = ORIENTED_EDGE ( 'NONE', *, *, #48, .F. ) ;
#569 = ADVANCED_FACE ( 'NONE', ( #1091 ), #2104, .F. ) ;
#570 = DIRECTION ( 'NONE',  ( -1.000000000000000000, 0.000000000000000000, 0.000000000000000000 ) ) ;
#571 = CIRCLE ( 'NONE', #357, 2.000000000029436453 ) ;
#572 = CARTESIAN_POINT ( 'NONE',  ( -41.40000000017147386, 57.20000000008933227, 21.20000000008604957 ) ) ;
#573 = FACE_OUTER_BOUND ( 'NONE', #2067, .T. ) ;
#574 = CARTESIAN_POINT ( 'NONE',  ( -53.50000000000466116, -28.00000000000627409, 3.500000000000034195 ) ) ;
#575 = DIRECTION ( 'NONE',  ( -0.000000000000000000, -0.000000000000000000, -1.000000000000000000 ) ) ;
#576 = CARTESIAN_POINT ( 'NONE',  ( -43.99999999997523048, 27.99999999999372946, 2.500000000000000000 ) ) ;
#577 = AXIS2_PLACEMENT_3D ( 'NONE', #3932, #1661, #3951 ) ;
#578 = ORIENTED_EDGE ( 'NONE', *, *, #124, .F. ) ;
#579 = DIRECTION ( 'NONE',  ( -0.000000000000000000, -0.000000000000000000, 1.000000000000000000 ) ) ;
#580 = DIRECTION ( 'NONE',  ( 0.000000000000000000, -0.000000000000000000, -1.000000000000000000 ) ) ;
#581 = AXIS2_PLACEMENT_3D ( 'NONE', #438, #4067, #3131 ) ;
#582 = FACE_OUTER_BOUND ( 'NONE', #3438, .T. ) ;
#583 = ORIENTED_EDGE ( 'NONE', *, *, #3569, .F. ) ;
#584 = DIRECTION ( 'NONE',  ( -0.000000000000000000, -0.000000000000000000, -1.000000000000000000 ) ) ;
#585 = CARTESIAN_POINT ( 'NONE',  ( 64.95000000020644393, 40.40000000000126334, 2.500000000000000000 ) ) ;
#586 = DIRECTION ( 'NONE',  ( 0.000000000000000000, 0.000000000000000000, 1.000000000000000000 ) ) ;
#587 = EDGE_CURVE ( 'NONE', #2974, #3663, #2422, .T. ) ;
#588 = AXIS2_PLACEMENT_3D ( 'NONE', #2497, #2840, #3118 ) ;
#589 = ADVANCED_FACE ( 'NONE', ( #3248 ), #3302, .F. ) ;
#590 = DIRECTION ( 'NONE',  ( -0.000000000000000000, -0.000000000000000000, -1.000000000000000000 ) ) ;
#591 = ORIENTED_EDGE ( 'NONE', *, *, #2652, .F. ) ;
#592 = CARTESIAN_POINT ( 'NONE',  ( -58.00000000003408474, -28.00000000000627409, 3.500000000000034195 ) ) ;
#593 = CIRCLE ( 'NONE', #3040, 4.500000000029425351 ) ;
#594 = ORIENTED_EDGE ( 'NONE', *, *, #2607, .F. ) ;
#595 = EDGE_CURVE ( 'NONE', #1310, #4211, #3910, .T. ) ;
#596 = LINE ( 'NONE', #363, #3014 ) ;
#597 = DIRECTION ( 'NONE',  ( -0.7071067811865533459, 0.000000000000000000, -0.7071067811865416886 ) ) ;
#598 = ORIENTED_EDGE ( 'NONE', *, *, #3709, .T. ) ;
#599 = ADVANCED_FACE ( 'NONE', ( #773 ), #1199, .T. ) ;
#600 = DIRECTION ( 'NONE',  ( 0.000000000000000000, -0.000000000000000000, -1.000000000000000000 ) ) ;
#601 = CONICAL_SURFACE ( 'NONE', #4218, 1.500000000029436009, 0.7853981633974442822 ) ;
#602 = CARTESIAN_POINT ( 'NONE',  ( -66.00000000003397815, 27.99999999999365485, 1.500000000000001332 ) ) ;
#603 = ORIENTED_EDGE ( 'NONE', *, *, #3949, .T. ) ;
#604 = DIRECTION ( 'NONE',  ( 0.000000000000000000, -0.000000000000000000, -1.000000000000000000 ) ) ;
#605 = EDGE_LOOP ( 'NONE', ( #371, #2330, #1358, #2702 ) ) ;
#606 = AXIS2_PLACEMENT_3D ( 'NONE', #1041, #4011, #2355 ) ;
#607 = DIRECTION ( 'NONE',  ( 1.000000000000000000, 0.000000000000000000, 0.000000000000000000 ) ) ;
#608 = CARTESIAN_POINT ( 'NONE',  ( -64.95000000020644393, 40.40000000000126334, 1.999999999999995781 ) ) ;
#609 = FACE_OUTER_BOUND ( 'NONE', #3770, .T. ) ;
#610 = ORIENTED_EDGE ( 'NONE', *, *, #4003, .F. ) ;
#611 = CARTESIAN_POINT ( 'NONE',  ( 51.99999999997522337, 27.99999999999372946, 7.500000000003108624 ) ) ;
#612 = AXIS2_PLACEMENT_3D ( 'NONE', #3177, #3871, #3815 ) ;
#613 = VECTOR ( 'NONE', #2155, 1000.000000000000000 ) ;
#614 = ADVANCED_FACE ( 'NONE', ( #470 ), #4046, .F. ) ;
#615 = CIRCLE ( 'NONE', #1505, 1.500000000029366731 ) ;
#616 = EDGE_CURVE ( 'NONE', #1676, #167, #2154, .T. ) ;
#617 = CARTESIAN_POINT ( 'NONE',  ( -64.50000000000466116, -28.00000000000634870, 7.000000000003114842 ) ) ;
#618 = VECTOR ( 'NONE', #3527, 1000.000000000000000 ) ;
#619 = AXIS2_PLACEMENT_3D ( 'NONE', #3664, #3937, #1689 ) ;
#620 = CARTESIAN_POINT ( 'NONE',  ( 68.25000000030915714, 40.40000000000126334, 0.4999999999999765743 ) ) ;
#621 = DIRECTION ( 'NONE',  ( 0.000000000000000000, 1.000000000000000000, -0.000000000000000000 ) ) ;
#622 = ORIENTED_EDGE ( 'NONE', *, *, #3270, .F. ) ;
#623 = CARTESIAN_POINT ( 'NONE',  ( 59.99999999997523759, -28.00000000000634870, 7.000000000003114842 ) ) ;
#624 = FACE_OUTER_BOUND ( 'NONE', #393, .T. ) ;
#625 = EDGE_CURVE ( 'NONE', #1551, #3454, #365, .T. ) ;
#626 = ADVANCED_FACE ( 'NONE', ( #4113 ), #2944, .F. ) ;
#627 = DIRECTION ( 'NONE',  ( 1.000000000000000000, 0.000000000000000000, 0.000000000000000000 ) ) ;
#628 = VERTEX_POINT ( 'NONE', #3418 ) ;
#629 = VECTOR ( 'NONE', #3759, 1000.000000000000000 ) ;
#630 = DIRECTION ( 'NONE',  ( 0.000000000000000000, 0.000000000000000000, 1.000000000000000000 ) ) ;
#631 = AXIS2_PLACEMENT_3D ( 'NONE', #1731, #49, #3666 ) ;
#632 = FACE_OUTER_BOUND ( 'NONE', #429, .T. ) ;
#633 = ORIENTED_EDGE ( 'NONE', *, *, #3297, .T. ) ;
#634 = CARTESIAN_POINT ( 'NONE',  ( -53.50000000000466116, 27.99999999999372946, 20.72792206144420391 ) ) ;
#635 = DIRECTION ( 'NONE',  ( -1.000000000000000000, 0.000000000000000000, 0.000000000000000000 ) ) ;
#636 = VERTEX_POINT ( 'NONE', #2460 ) ;
#637 = PLANE ( 'NONE',  #3528 ) ;
#638 = CARTESIAN_POINT ( 'NONE',  ( -63.45403433744591126, -18.49999999996431299, 0.6000000000000033085 ) ) ;
#639 = ORIENTED_EDGE ( 'NONE', *, *, #3773, .F. ) ;
#640 = ORIENTED_EDGE ( 'NONE', *, *, #1062, .F. ) ;
#641 = VECTOR ( 'NONE', #2736, 1000.000000000000000 ) ;
#642 = DIRECTION ( 'NONE',  ( -1.000000000000000000, 0.000000000000000000, 0.000000000000000000 ) ) ;
#643 = CARTESIAN_POINT ( 'NONE',  ( -48.99999999997523759, -28.00000000000627409, 3.500000000000034195 ) ) ;
#644 = ORIENTED_EDGE ( 'NONE', *, *, #151, .T. ) ;
#645 = CARTESIAN_POINT ( 'NONE',  ( -49.99999999997525180, 27.99999999999372946, 8.000000000003115730 ) ) ;
#646 = EDGE_CURVE ( 'NONE', #2242, #846, #985, .T. ) ;
#647 = CIRCLE ( 'NONE', #1933, 3.500000000029410252 ) ;
#648 = DIRECTION ( 'NONE',  ( -1.000000000000000000, 0.000000000000000000, 0.000000000000000000 ) ) ;
#649 = DIRECTION ( 'NONE',  ( 1.000000000000000000, 0.000000000000000000, 0.000000000000000000 ) ) ;
#650 = ORIENTED_EDGE ( 'NONE', *, *, #2441, .T. ) ;
#651 = EDGE_LOOP ( 'NONE', ( #4016, #1562, #2864, #1900 ) ) ;
#652 = EDGE_CURVE ( 'NONE', #3780, #2106, #3345, .T. ) ;
#653 = VERTEX_POINT ( 'NONE', #509 ) ;
#654 = CARTESIAN_POINT ( 'NONE',  ( 64.50000000000460432, 27.99999999999365485, 7.500000000003087308 ) ) ;
#655 = VERTEX_POINT ( 'NONE', #789 ) ;
#656 = ORIENTED_EDGE ( 'NONE', *, *, #515, .T. ) ;
#657 = CARTESIAN_POINT ( 'NONE',  ( 62.99999999997524469, -28.00000000000634870, 1.500000000000001332 ) ) ;
#658 = VECTOR ( 'NONE', #921, 1000.000000000000000 ) ;
#659 = DIRECTION ( 'NONE',  ( -1.000000000000000000, 0.000000000000000000, 0.000000000000000000 ) ) ;
#660 = AXIS2_PLACEMENT_3D ( 'NONE', #2119, #1174, #2172 ) ;
#661 = DIRECTION ( 'NONE',  ( -0.000000000000000000, -0.000000000000000000, -1.000000000000000000 ) ) ;
#662 = CONICAL_SURFACE ( 'NONE', #2896, 4.500000000029425351, 0.7853981633974566057 ) ;
#663 = ORIENTED_EDGE ( 'NONE', *, *, #2071, .T. ) ;
#664 = DIRECTION ( 'NONE',  ( -1.000000000000000000, 0.000000000000000000, 0.000000000000000000 ) ) ;
#665 = AXIS2_PLACEMENT_3D ( 'NONE', #3779, #3459, #3398 ) ;
#666 = ORIENTED_EDGE ( 'NONE', *, *, #2636, .F. ) ;
#667 = CARTESIAN_POINT ( 'NONE',  ( 66.60000000025779343, 40.40000000000126334, 0.4999999999999765743 ) ) ;
#668 = VECTOR ( 'NONE', #453, 1000.000000000000000 ) ;
#669 = EDGE_CURVE ( 'NONE', #4167, #2815, #2054, .T. ) ;
#670 = DIRECTION ( 'NONE',  ( 1.000000000000000000, 0.000000000000000000, 0.000000000000000000 ) ) ;
#671 = EDGE_LOOP ( 'NONE', ( #3649, #2181, #2439, #1137 ) ) ;
#672 = CIRCLE ( 'NONE', #2642, 3.500000000029410252 ) ;
#673 = VERTEX_POINT ( 'NONE', #187 ) ;
#674 = CARTESIAN_POINT ( 'NONE',  ( 57.00000000003407052, 27.99999999999372946, 8.000000000003115730 ) ) ;
#675 = CIRCLE ( 'NONE', #1500, 1.500000000029422242 ) ;
#676 = EDGE_CURVE ( 'NONE', #502, #3811, #2631, .T. ) ;
#677 = EDGE_LOOP ( 'NONE', ( #2760, #2381, #2443, #1732 ) ) ;
#678 = EDGE_LOOP ( 'NONE', ( #4246, #1244, #3776, #1645 ) ) ;
#679 = DIRECTION ( 'NONE',  ( 1.000000000000000000, 0.000000000000000000, 0.000000000000000000 ) ) ;
#680 = ADVANCED_FACE ( 'NONE', ( #316 ), #880, .T. ) ;
#681 = CARTESIAN_POINT ( 'NONE',  ( 73.45403433744590416, 44.90000000000125624, 7.500000000000000000 ) ) ;
#682 = CARTESIAN_POINT ( 'NONE',  ( 71.95403433744587574, 43.40000000000125624, 7.500000000000000000 ) ) ;
#683 = VERTEX_POINT ( 'NONE', #1492 ) ;
#684 = CARTESIAN_POINT ( 'NONE',  ( 58.00000000003408474, 27.99999999999372946, 7.000000000003114842 ) ) ;
#685 = CONICAL_SURFACE ( 'NONE', #3100, 4.500000000029425351, 0.7853981633974566057 ) ;
#686 = CARTESIAN_POINT ( 'NONE',  ( 7.342096110424348436E-16, 36.50000000000331113, 2.500000000000000000 ) ) ;
#687 = VERTEX_POINT ( 'NONE', #1170 ) ;
#688 = FACE_OUTER_BOUND ( 'NONE', #1402, .T. ) ;
#689 = SURFACE_STYLE_USAGE ( .BOTH. , #1469 ) ;
#690 = EDGE_LOOP ( 'NONE', ( #2364, #3613, #1921, #1518 ) ) ;
#691 = DIRECTION ( 'NONE',  ( 1.000000000000000000, 0.000000000000000000, 0.000000000000000000 ) ) ;
#692 = DIRECTION ( 'NONE',  ( -0.000000000000000000, -0.000000000000000000, 1.000000000000000000 ) ) ;
#693 = FACE_OUTER_BOUND ( 'NONE', #2151, .T. ) ;
#694 = ORIENTED_EDGE ( 'NONE', *, *, #518, .T. ) ;
#695 = EDGE_CURVE ( 'NONE', #252, #1935, #3707, .T. ) ;
#696 = VECTOR ( 'NONE', #842, 1000.000000000000000 ) ;
#697 = DIRECTION ( 'NONE',  ( -0.000000000000000000, -0.000000000000000000, 1.000000000000000000 ) ) ;
#698 = VERTEX_POINT ( 'NONE', #3463 ) ;
#699 = EDGE_LOOP ( 'NONE', ( #4141, #1280 ) ) ;
#700 = ADVANCED_FACE ( 'NONE', ( #1758, #1311 ), #2117, .F. ) ;
#701 = DIRECTION ( 'NONE',  ( -1.000000000000000000, 0.000000000000000000, 0.000000000000000000 ) ) ;
#702 = CIRCLE ( 'NONE', #1905, 3.500000000029410252 ) ;
#703 = EDGE_CURVE ( 'NONE', #3128, #655, #2315, .T. ) ;
#704 = DIRECTION ( 'NONE',  ( -0.000000000000000000, -0.000000000000000000, -1.000000000000000000 ) ) ;
#705 = EDGE_LOOP ( 'NONE', ( #1537, #2709, #1477, #1459, #91, #2549 ) ) ;
#706 = PLANE ( 'NONE',  #276 ) ;
#707 = LINE ( 'NONE', #1932, #4102 ) ;
#708 = ORIENTED_EDGE ( 'NONE', *, *, #775, .F. ) ;
#709 = DIRECTION ( 'NONE',  ( 0.000000000000000000, -1.000000000000000000, 0.000000000000000000 ) ) ;
#710 = DIRECTION ( 'NONE',  ( 1.000000000000000000, 0.000000000000000000, 0.000000000000000000 ) ) ;
#711 = AXIS2_PLACEMENT_3D ( 'NONE', #2047, #85, #3079 ) ;
#712 = CIRCLE ( 'NONE', #2481, 1.650000000051360383 ) ;
#713 = FACE_OUTER_BOUND ( 'NONE', #2616, .T. ) ;
#714 = DIRECTION ( 'NONE',  ( -0.7071067811865441310, 0.000000000000000000, -0.7071067811865507924 ) ) ;
#715 = CARTESIAN_POINT ( 'NONE',  ( -64.95000000020644393, 40.40000000000126334, 0.4999999999999765743 ) ) ;
#716 = ORIENTED_EDGE ( 'NONE', *, *, #3546, .T. ) ;
#717 = VECTOR ( 'NONE', #3274, 1000.000000000000114 ) ;
#718 = AXIS2_PLACEMENT_3D ( 'NONE', #780, #501, #812 ) ;
#719 = CARTESIAN_POINT ( 'NONE',  ( 59.99999999997523759, 27.99999999999365130, 3.500000000000034195 ) ) ;
#720 = DIRECTION ( 'NONE',  ( 0.7071067811865441310, 0.000000000000000000, -0.7071067811865507924 ) ) ;
#721 = VECTOR ( 'NONE', #3372, 1000.000000000000000 ) ;
#722 = EDGE_CURVE ( 'NONE', #742, #3115, #3094, .T. ) ;
#723 = ADVANCED_FACE ( 'NONE', ( #3041 ), #109, .T. ) ;
#724 = CARTESIAN_POINT ( 'NONE',  ( -72.95403433744588995, -30.84999999990578701, 0.000000000000000000 ) ) ;
#725 = ORIENTED_EDGE ( 'NONE', *, *, #947, .F. ) ;
#726 = DIRECTION ( 'NONE',  ( 0.7071067811865441310, 8.659560562354890950E-17, -0.7071067811865507924 ) ) ;
#727 = ORIENTED_EDGE ( 'NONE', *, *, #2466, .T. ) ;
#728 = DIRECTION ( 'NONE',  ( -0.000000000000000000, 0.000000000000000000, 1.000000000000000000 ) ) ;
#729 = EDGE_CURVE ( 'NONE', #3663, #2256, #213, .T. ) ;
#730 = ORIENTED_EDGE ( 'NONE', *, *, #2992, .T. ) ;
#731 = DIRECTION ( 'NONE',  ( 0.000000000000000000, -0.000000000000000000, 1.000000000000000000 ) ) ;
#732 = CARTESIAN_POINT ( 'NONE',  ( -67.80403433744587005, -30.84999999990578701, 2.500000000000000000 ) ) ;
#733 = ORIENTED_EDGE ( 'NONE', *, *, #4003, .T. ) ;
#734 = DIRECTION ( 'NONE',  ( -1.000000000000000000, 3.485468137178896589E-16, 0.000000000000000000 ) ) ;
#735 = VECTOR ( 'NONE', #1668, 1000.000000000000000 ) ;
#736 = AXIS2_PLACEMENT_3D ( 'NONE', #1320, #1623, #2888 ) ;
#737 = DIRECTION ( 'NONE',  ( 1.000000000000000000, 0.000000000000000000, 0.000000000000000000 ) ) ;
#738 = ORIENTED_EDGE ( 'NONE', *, *, #2842, .T. ) ;
#739 = DIRECTION ( 'NONE',  ( -0.7071067811865441310, -8.659560562354890950E-17, -0.7071067811865507924 ) ) ;
#740 = FACE_OUTER_BOUND ( 'NONE', #959, .T. ) ;
#741 = DIRECTION ( 'NONE',  ( 1.000000000000000000, 0.000000000000000000, 0.000000000000000000 ) ) ;
#742 = VERTEX_POINT ( 'NONE', #3816 ) ;
#743 = AXIS2_PLACEMENT_3D ( 'NONE', #2143, #1822, #1476 ) ;
#744 = CARTESIAN_POINT ( 'NONE',  ( -68.00000000003407763, -28.00000000000634870, 8.000000000003115730 ) ) ;
#745 = ADVANCED_FACE ( 'NONE', ( #8 ), #3399, .T. ) ;
#746 = CARTESIAN_POINT ( 'NONE',  ( 55.50000000003409895, 27.99999999999372946, 8.000000000003115730 ) ) ;
#747 = LINE ( 'NONE', #620, #4134 ) ;
#748 = DIRECTION ( 'NONE',  ( 0.000000000000000000, -0.000000000000000000, -1.000000000000000000 ) ) ;
#749 = EDGE_LOOP ( 'NONE', ( #3194, #753, #2505, #155 ) ) ;
#750 = CARTESIAN_POINT ( 'NONE',  ( 62.10000000025780054, 40.40000000000126334, 2.500000000000000000 ) ) ;
#751 = EDGE_CURVE ( 'NONE', #1381, #2289, #2725, .T. ) ;
#752 = CARTESIAN_POINT ( 'NONE',  ( 53.50000000000466116, -28.00000000000627409, 20.72792206144420391 ) ) ;
#753 = ORIENTED_EDGE ( 'NONE', *, *, #1653, .T. ) ;
#754 = ORIENTED_EDGE ( 'NONE', *, *, #151, .F. ) ;
#755 = CARTESIAN_POINT ( 'NONE',  ( 53.50000000000466116, 27.99999999999372946, 7.000000000003114842 ) ) ;
#756 = VECTOR ( 'NONE', #2573, 1000.000000000000000 ) ;
#757 = CARTESIAN_POINT ( 'NONE',  ( -53.50000000000466116, 27.99999999999372946, 20.72792206144420391 ) ) ;
#758 = EDGE_LOOP ( 'NONE', ( #406, #481, #2625, #1036 ) ) ;
#759 = EDGE_CURVE ( 'NONE', #3840, #3934, #1619, .T. ) ;
#760 = ORIENTED_EDGE ( 'NONE', *, *, #3348, .F. ) ;
#761 = DIRECTION ( 'NONE',  ( 0.000000000000000000, 0.000000000000000000, 1.000000000000000000 ) ) ;
#762 = EDGE_LOOP ( 'NONE', ( #4217, #1133, #2358, #1190 ) ) ;
#763 = DIRECTION ( 'NONE',  ( -1.000000000000000000, 0.000000000000000000, -0.000000000000000000 ) ) ;
#764 = LINE ( 'NONE', #1839, #1750 ) ;
#765 = ORIENTED_EDGE ( 'NONE', *, *, #4083, .T. ) ;
#766 = ADVANCED_FACE ( 'NONE', ( #1457 ), #2265, .T. ) ;
#767 = CARTESIAN_POINT ( 'NONE',  ( 67.80403433744587005, -30.84999999990578701, 7.500000000000000000 ) ) ;
#768 = ORIENTED_EDGE ( 'NONE', *, *, #214, .T. ) ;
#769 = FACE_OUTER_BOUND ( 'NONE', #4088, .T. ) ;
#770 = PLANE ( 'NONE',  #1347 ) ;
#771 = ORIENTED_EDGE ( 'NONE', *, *, #165, .T. ) ;
#772 = DIRECTION ( 'NONE',  ( 0.000000000000000000, 0.000000000000000000, -1.000000000000000000 ) ) ;
#773 = FACE_OUTER_BOUND ( 'NONE', #1248, .T. ) ;
#774 = DIRECTION ( 'NONE',  ( 1.000000000000000000, 0.000000000000000000, 0.000000000000000000 ) ) ;
#775 = EDGE_CURVE ( 'NONE', #551, #1972, #672, .T. ) ;
#776 = AXIS2_PLACEMENT_3D ( 'NONE', #74, #3992, #1067 ) ;
#777 = DIRECTION ( 'NONE',  ( -0.000000000000000000, -0.000000000000000000, -1.000000000000000000 ) ) ;
#778 = CIRCLE ( 'NONE', #1104, 4.500000000029425351 ) ;
#779 = CARTESIAN_POINT ( 'NONE',  ( 64.50000000000466116, 27.99999999999365130, 8.000000000003115730 ) ) ;
#780 = CARTESIAN_POINT ( 'NONE',  ( 66.60000000025779343, 40.40000000000126334, 2.500000000000000000 ) ) ;
#781 = VECTOR ( 'NONE', #1422, 1000.000000000000000 ) ;
#782 = EDGE_CURVE ( 'NONE', #1828, #1339, #1858, .T. ) ;
#783 = DIRECTION ( 'NONE',  ( 1.000000000000000000, 0.000000000000000000, 0.000000000000000000 ) ) ;
#784 = ORIENTED_EDGE ( 'NONE', *, *, #1967, .T. ) ;
#785 =( GEOMETRIC_REPRESENTATION_CONTEXT ( 3 ) GLOBAL_UNCERTAINTY_ASSIGNED_CONTEXT ( ( #2214 ) ) GLOBAL_UNIT_ASSIGNED_CONTEXT ( ( #1775, #1997, #3400 ) ) REPRESENTATION_CONTEXT ( 'NONE', 'WORKASPACE' ) );
#786 = CARTESIAN_POINT ( 'NONE',  ( 66.60000000025779343, 40.40000000000126334, 0.4999999999999765743 ) ) ;
#787 = ORIENTED_EDGE ( 'NONE', *, *, #2474, .T. ) ;
#788 = DIRECTION ( 'NONE',  ( 0.000000000000000000, -0.000000000000000000, -1.000000000000000000 ) ) ;
#789 = CARTESIAN_POINT ( 'NONE',  ( 57.00000000003407052, -28.00000000000627409, 8.000000000003115730 ) ) ;
#790 = AXIS2_PLACEMENT_3D ( 'NONE', #1771, #3113, #497 ) ;
#791 = ORIENTED_EDGE ( 'NONE', *, *, #3235, .T. ) ;
#792 = DIRECTION ( 'NONE',  ( -0.000000000000000000, -0.000000000000000000, -1.000000000000000000 ) ) ;
#793 = DIRECTION ( 'NONE',  ( -1.000000000000000000, 0.000000000000000000, 0.000000000000000000 ) ) ;
#794 = ORIENTED_EDGE ( 'NONE', *, *, #4193, .F. ) ;
#795 = CARTESIAN_POINT ( 'NONE',  ( -64.50000000000466116, -28.00000000000634870, 3.500000000000034195 ) ) ;
#796 = DIRECTION ( 'NONE',  ( -1.000000000000000000, 0.000000000000000000, 0.000000000000000000 ) ) ;
#797 = AXIS2_PLACEMENT_3D ( 'NONE', #3063, #2727, #3630 ) ;
#798 = CARTESIAN_POINT ( 'NONE',  ( 73.45403433744590416, 44.90000000000125624, 0.5000000000000004441 ) ) ;
#799 = FACE_OUTER_BOUND ( 'NONE', #2476, .T. ) ;
#800 = DIRECTION ( 'NONE',  ( 1.000000000000000000, 0.000000000000000000, 0.000000000000000000 ) ) ;
#801 = ORIENTED_EDGE ( 'NONE', *, *, #3830, .T. ) ;
#802 = LINE ( 'NONE', #2714, #33 ) ;
#803 = AXIS2_PLACEMENT_3D ( 'NONE', #3170, #883, #3797 ) ;
#804 = CARTESIAN_POINT ( 'NONE',  ( 66.00000000003397815, 27.99999999999365485, 7.500000000003087308 ) ) ;
#805 = ORIENTED_EDGE ( 'NONE', *, *, #843, .F. ) ;
#806 = CONICAL_SURFACE ( 'NONE', #3721, 2.000000000029436453, 0.7853981633974581600 ) ;
#807 = DIRECTION ( 'NONE',  ( 1.000000000000000000, 0.000000000000000000, 0.000000000000000000 ) ) ;
#808 = ORIENTED_EDGE ( 'NONE', *, *, #3318, .F. ) ;
#809 = ORIENTED_EDGE ( 'NONE', *, *, #2290, .F. ) ;
#810 = EDGE_CURVE ( 'NONE', #2809, #673, #3963, .T. ) ;
#811 = AXIS2_PLACEMENT_3D ( 'NONE', #3002, #1670, #2978 ) ;
#812 = DIRECTION ( 'NONE',  ( 1.000000000000000000, 0.000000000000000000, 0.000000000000000000 ) ) ;
#813 = CIRCLE ( 'NONE', #3305, 5.500000000029453773 ) ;
#814 = DIRECTION ( 'NONE',  ( -1.000000000000000000, 6.308085367154608259E-16, 0.000000000000000000 ) ) ;
#815 = ORIENTED_EDGE ( 'NONE', *, *, #3813, .F. ) ;
#816 = VECTOR ( 'NONE', #3758, 1000.000000000000114 ) ;
#817 = EDGE_CURVE ( 'NONE', #4167, #384, #4059, .T. ) ;
#818 = VERTEX_POINT ( 'NONE', #227 ) ;
#819 = CARTESIAN_POINT ( 'NONE',  ( 64.50000000000460432, 27.99999999999365485, 1.500000000000001332 ) ) ;
#820 = DIRECTION ( 'NONE',  ( 0.000000000000000000, 0.000000000000000000, 1.000000000000000000 ) ) ;
#821 = VECTOR ( 'NONE', #1380, 1000.000000000000000 ) ;
#822 = ORIENTED_EDGE ( 'NONE', *, *, #3133, .T. ) ;
#823 = VECTOR ( 'NONE', #3484, 1000.000000000000000 ) ;
#824 = AXIS2_PLACEMENT_3D ( 'NONE', #2919, #1595, #2903 ) ;
#825 = ORIENTED_EDGE ( 'NONE', *, *, #175, .F. ) ;
#826 = CARTESIAN_POINT ( 'NONE',  ( 64.50000000000466116, 27.99999999999365130, 8.000000000003115730 ) ) ;
#827 = VECTOR ( 'NONE', #3351, 1000.000000000000000 ) ;
#828 = ORIENTED_EDGE ( 'NONE', *, *, #3257, .T. ) ;
#829 = DIRECTION ( 'NONE',  ( -1.000000000000000000, 0.000000000000000000, 0.000000000000000000 ) ) ;
#830 = LINE ( 'NONE', #3393, #216 ) ;
#831 = AXIS2_PLACEMENT_3D ( 'NONE', #4041, #3104, #2746 ) ;
#832 = DIRECTION ( 'NONE',  ( 0.000000000000000000, 0.000000000000000000, 1.000000000000000000 ) ) ;
#833 = ORIENTED_EDGE ( 'NONE', *, *, #3563, .T. ) ;
#834 = DIRECTION ( 'NONE',  ( -1.000000000000000000, 0.000000000000000000, -0.000000000000000000 ) ) ;
#835 = ORIENTED_EDGE ( 'NONE', *, *, #231, .F. ) ;
#836 = ORIENTED_EDGE ( 'NONE', *, *, #1458, .T. ) ;
#837 = DIRECTION ( 'NONE',  ( -0.000000000000000000, -0.000000000000000000, -1.000000000000000000 ) ) ;
#838 = AXIS2_PLACEMENT_3D ( 'NONE', #2018, #1409, #3064 ) ;
#839 = DIRECTION ( 'NONE',  ( 1.000000000000000000, -6.938893903870069085E-15, 0.000000000000000000 ) ) ;
#840 = DIRECTION ( 'NONE',  ( -1.000000000000000000, 0.000000000000000000, 0.000000000000000000 ) ) ;
#841 = ORIENTED_EDGE ( 'NONE', *, *, #2436, .T. ) ;
#842 = DIRECTION ( 'NONE',  ( -0.7071067811865441310, 0.000000000000000000, -0.7071067811865507924 ) ) ;
#843 = EDGE_CURVE ( 'NONE', #3906, #2455, #4014, .T. ) ;
#844 = ORIENTED_EDGE ( 'NONE', *, *, #3019, .T. ) ;
#845 = CARTESIAN_POINT ( 'NONE',  ( 43.99999999997523048, 27.99999999999372946, -84.63104911140096931 ) ) ;
#846 = VERTEX_POINT ( 'NONE', #4168 ) ;
#847 = DIRECTION ( 'NONE',  ( -1.000000000000000000, 0.000000000000000000, 0.000000000000000000 ) ) ;
#848 = EDGE_CURVE ( 'NONE', #3488, #3215, #571, .T. ) ;
#849 = VECTOR ( 'NONE', #442, 1000.000000000000000 ) ;
#850 = DIRECTION ( 'NONE',  ( -0.000000000000000000, -0.000000000000000000, 1.000000000000000000 ) ) ;
#851 = EDGE_LOOP ( 'NONE', ( #86, #4170, #88, #2521 ) ) ;
#852 = DIRECTION ( 'NONE',  ( 0.000000000000000000, -0.000000000000000000, -1.000000000000000000 ) ) ;
#853 = LINE ( 'NONE', #2904, #954 ) ;
#854 = CARTESIAN_POINT ( 'NONE',  ( 62.99999999997524469, -28.00000000000634870, 20.72792206144420391 ) ) ;
#855 = ORIENTED_EDGE ( 'NONE', *, *, #874, .T. ) ;
#856 = AXIS2_PLACEMENT_3D ( 'NONE', #3668, #2039, #376 ) ;
#857 = CARTESIAN_POINT ( 'NONE',  ( 53.50000000000466116, -28.00000000000627409, 7.500000000003108624 ) ) ;
#858 = ORIENTED_EDGE ( 'NONE', *, *, #2754, .F. ) ;
#859 = ORIENTED_EDGE ( 'NONE', *, *, #2204, .T. ) ;
#860 = DIRECTION ( 'NONE',  ( -0.000000000000000000, 0.000000000000000000, 1.000000000000000000 ) ) ;
#861 = CONICAL_SURFACE ( 'NONE', #1263, 1.500000000029422242, 0.7853981633974509435 ) ;
#862 = VERTEX_POINT ( 'NONE', #256 ) ;
#863 = CARTESIAN_POINT ( 'NONE',  ( 67.80403433744587005, -30.84999999990578701, 0.5000000000000004441 ) ) ;
#864 = VERTEX_POINT ( 'NONE', #1867 ) ;
#865 = DIRECTION ( 'NONE',  ( -0.000000000000000000, -0.000000000000000000, 1.000000000000000000 ) ) ;
#866 = CARTESIAN_POINT ( 'NONE',  ( -62.10000000025780054, 36.50000000000331113, 2.500000000000000000 ) ) ;
#867 = VECTOR ( 'NONE', #3042, 1000.000000000000000 ) ;
#868 = EDGE_CURVE ( 'NONE', #2927, #628, #1256, .T. ) ;
#869 = PRODUCT_DEFINITION ( 'UNKNOWN', '', #2493, #1577 ) ;
#870 = CARTESIAN_POINT ( 'NONE',  ( -64.50000000000466116, -28.00000000000634870, 7.500000000003115730 ) ) ;
#871 = LINE ( 'NONE', #2691, #4148 ) ;
#872 = VERTEX_POINT ( 'NONE', #542 ) ;
#873 = DIRECTION ( 'NONE',  ( 1.000000000000000000, 0.000000000000000000, 0.000000000000000000 ) ) ;
#874 = EDGE_CURVE ( 'NONE', #3347, #1381, #2777, .T. ) ;
#875 = ORIENTED_EDGE ( 'NONE', *, *, #1760, .T. ) ;
#876 = LINE ( 'NONE', #3129, #2676 ) ;
#877 = DIRECTION ( 'NONE',  ( -0.7071067811865441310, -8.659560562354890950E-17, -0.7071067811865507924 ) ) ;
#878 = DIRECTION ( 'NONE',  ( -0.000000000000000000, -0.000000000000000000, 1.000000000000000000 ) ) ;
#879 = DIRECTION ( 'NONE',  ( -0.000000000000000000, -0.000000000000000000, -1.000000000000000000 ) ) ;
#880 = CYLINDRICAL_SURFACE ( 'NONE', #219, 4.500000000029425351 ) ;
#881 = CARTESIAN_POINT ( 'NONE',  ( 49.99999999997525180, 27.99999999999372946, 8.000000000003115730 ) ) ;
#882 = AXIS2_PLACEMENT_3D ( 'NONE', #2252, #1615, #948 ) ;
#883 = DIRECTION ( 'NONE',  ( -0.000000000000000000, -0.000000000000000000, -1.000000000000000000 ) ) ;
#884 = VECTOR ( 'NONE', #3155, 1000.000000000000000 ) ;
#885 = DIRECTION ( 'NONE',  ( 0.000000000000000000, 1.000000000000000000, 0.000000000000000000 ) ) ;
#886 = AXIS2_PLACEMENT_3D ( 'NONE', #1242, #1180, #2837 ) ;
#887 = ORIENTED_EDGE ( 'NONE', *, *, #703, .T. ) ;
#888 = DIRECTION ( 'NONE',  ( 0.000000000000000000, 0.000000000000000000, 1.000000000000000000 ) ) ;
#889 = EDGE_CURVE ( 'NONE', #2106, #1687, #980, .T. ) ;
#890 = ORIENTED_EDGE ( 'NONE', *, *, #3781, .T. ) ;
#891 = AXIS2_PLACEMENT_3D ( 'NONE', #1152, #2483, #212 ) ;
#892 = ADVANCED_FACE ( 'NONE', ( #260 ), #4, .T. ) ;
#893 = CARTESIAN_POINT ( 'NONE',  ( -55.00000000003409895, 27.99999999999372946, 20.72792206144420391 ) ) ;
#894 = VECTOR ( 'NONE', #2304, 1000.000000000000000 ) ;
#895 = EDGE_LOOP ( 'NONE', ( #331, #294, #2470, #1288 ) ) ;
#896 = DIRECTION ( 'NONE',  ( 1.000000000000000000, 1.832051195753331637E-16, -0.000000000000000000 ) ) ;
#897 = EDGE_CURVE ( 'NONE', #3253, #4054, #3452, .T. ) ;
#898 = LINE ( 'NONE', #2277, #4237 ) ;
#899 = ORIENTED_EDGE ( 'NONE', *, *, #1773, .F. ) ;
#900 = LINE ( 'NONE', #4062, #1975 ) ;
#901 = ADVANCED_FACE ( 'NONE', ( #2001 ), #521, .T. ) ;
#902 = DIRECTION ( 'NONE',  ( -0.000000000000000000, -0.000000000000000000, -1.000000000000000000 ) ) ;
#903 = DIRECTION ( 'NONE',  ( -0.000000000000000000, 0.000000000000000000, 1.000000000000000000 ) ) ;
#904 = EDGE_LOOP ( 'NONE', ( #2990, #270, #531, #594 ) ) ;
#905 = DIRECTION ( 'NONE',  ( 0.000000000000000000, 0.000000000000000000, 1.000000000000000000 ) ) ;
#906 = CIRCLE ( 'NONE', #619, 2.000000000029436453 ) ;
#907 = CARTESIAN_POINT ( 'NONE',  ( -62.60000000025780764, 40.40000000000126334, 0.000000000000000000 ) ) ;
#908 = ORIENTED_EDGE ( 'NONE', *, *, #399, .F. ) ;
#909 = CIRCLE ( 'NONE', #2755, 3.500000000029410252 ) ;
#910 = EDGE_LOOP ( 'NONE', ( #1857, #535, #303, #2205 ) ) ;
#911 = AXIS2_PLACEMENT_3D ( 'NONE', #3574, #3591, #13 ) ;
#912 = ORIENTED_EDGE ( 'NONE', *, *, #1484, .F. ) ;
#913 = CARTESIAN_POINT ( 'NONE',  ( 63.45403433744591126, 18.49999999996429878, 0.6000000000000033085 ) ) ;
#914 = FACE_OUTER_BOUND ( 'NONE', #3006, .T. ) ;
#915 = CARTESIAN_POINT ( 'NONE',  ( -53.50000000000466116, 27.99999999999372946, 20.72792206144420391 ) ) ;
#916 = AXIS2_PLACEMENT_3D ( 'NONE', #3096, #3111, #3479 ) ;
#917 = DIRECTION ( 'NONE',  ( 0.000000000000000000, 0.000000000000000000, -1.000000000000000000 ) ) ;
#918 = FACE_OUTER_BOUND ( 'NONE', #1560, .T. ) ;
#919 = DIRECTION ( 'NONE',  ( -1.000000000000000000, 0.000000000000000000, 0.000000000000000000 ) ) ;
#920 = DIRECTION ( 'NONE',  ( -1.000000000000000000, 0.000000000000000000, 0.000000000000000000 ) ) ;
#921 = DIRECTION ( 'NONE',  ( 0.000000000000000000, -0.7071067811865426878, 0.7071067811865524577 ) ) ;
#922 = DIRECTION ( 'NONE',  ( 0.000000000000000000, 0.000000000000000000, -1.000000000000000000 ) ) ;
#923 = FACE_OUTER_BOUND ( 'NONE', #2397, .T. ) ;
#924 = EDGE_CURVE ( 'NONE', #2974, #3488, #3553, .T. ) ;
#925 = VERTEX_POINT ( 'NONE', #643 ) ;
#926 = ADVANCED_FACE ( 'NONE', ( #3035 ), #977, .T. ) ;
#927 = DIRECTION ( 'NONE',  ( -1.000000000000000000, 0.000000000000000000, 0.000000000000000000 ) ) ;
#928 = VECTOR ( 'NONE', #245, 1000.000000000000000 ) ;
#929 = CONICAL_SURFACE ( 'NONE', #856, 4.500000000029425351, 0.7853981633974566057 ) ;
#930 = EDGE_CURVE ( 'NONE', #1962, #1486, #3144, .T. ) ;
#931 = ORIENTED_EDGE ( 'NONE', *, *, #1940, .F. ) ;
#932 = VECTOR ( 'NONE', #777, 1000.000000000000000 ) ;
#933 = DIRECTION ( 'NONE',  ( 0.7071067811865533459, 8.659560562355004349E-17, -0.7071067811865416886 ) ) ;
#934 = DIRECTION ( 'NONE',  ( 1.000000000000000000, 0.000000000000000000, 0.000000000000000000 ) ) ;
#935 = ADVANCED_FACE ( 'NONE', ( #56 ), #2523, .F. ) ;
#936 = LINE ( 'NONE', #1127, #1359 ) ;
#937 = AXIS2_PLACEMENT_3D ( 'NONE', #3196, #852, #1257 ) ;
#938 = VERTEX_POINT ( 'NONE', #602 ) ;
#939 = DIRECTION ( 'NONE',  ( -0.000000000000000000, -0.000000000000000000, 1.000000000000000000 ) ) ;
#940 = ORIENTED_EDGE ( 'NONE', *, *, #1647, .F. ) ;
#941 = PLANE ( 'NONE',  #1208 ) ;
#942 = AXIS2_PLACEMENT_3D ( 'NONE', #1146, #1440, #3086 ) ;
#943 = ADVANCED_FACE ( 'NONE', ( #3292 ), #1034, .T. ) ;
#944 = ORIENTED_EDGE ( 'NONE', *, *, #4186, .F. ) ;
#945 = DIRECTION ( 'NONE',  ( -1.000000000000000000, 1.023374784658663291E-16, 0.000000000000000000 ) ) ;
#946 = CYLINDRICAL_SURFACE ( 'NONE', #3540, 5.650000000000002132 ) ;
#947 = EDGE_CURVE ( 'NONE', #1310, #673, #2578, .T. ) ;
#948 = DIRECTION ( 'NONE',  ( 1.000000000000000000, 0.000000000000000000, 0.000000000000000000 ) ) ;
#949 = ORIENTED_EDGE ( 'NONE', *, *, #1345, .T. ) ;
#950 = CARTESIAN_POINT ( 'NONE',  ( 53.50000000000465405, -18.49999999996430944, 0.6000000000000033085 ) ) ;
#951 = VECTOR ( 'NONE', #2308, 1000.000000000000000 ) ;
#952 = EDGE_LOOP ( 'NONE', ( #949, #979, #2260, #2457 ) ) ;
#953 = EDGE_CURVE ( 'NONE', #2861, #23, #4153, .T. ) ;
#954 = VECTOR ( 'NONE', #933, 1000.000000000000000 ) ;
#955 = DIRECTION ( 'NONE',  ( 0.000000000000000000, 0.000000000000000000, -1.000000000000000000 ) ) ;
#956 = ORIENTED_EDGE ( 'NONE', *, *, #73, .T. ) ;
#957 = CARTESIAN_POINT ( 'NONE',  ( -53.50000000000466116, 27.99999999999372946, 7.000000000003114842 ) ) ;
#958 = LINE ( 'NONE', #3924, #1386 ) ;
#959 = EDGE_LOOP ( 'NONE', ( #3015, #3634, #2962, #3705 ) ) ;
#960 = CARTESIAN_POINT ( 'NONE',  ( -59.99999999997523759, -28.00000000000634870, 3.500000000000034195 ) ) ;
#961 = VERTEX_POINT ( 'NONE', #2950 ) ;
#962 = AXIS2_PLACEMENT_3D ( 'NONE', #3237, #1283, #2295 ) ;
#963 = DIRECTION ( 'NONE',  ( 0.000000000000000000, 0.000000000000000000, 1.000000000000000000 ) ) ;
#964 = CIRCLE ( 'NONE', #61, 4.500000000029425351 ) ;
#965 = CARTESIAN_POINT ( 'NONE',  ( -43.99999999997522337, -27.99999999999374012, -84.63104911140096931 ) ) ;
#966 = ORIENTED_EDGE ( 'NONE', *, *, #2267, .F. ) ;
#967 = ORIENTED_EDGE ( 'NONE', *, *, #1148, .F. ) ;
#968 = ADVANCED_FACE ( 'NONE', ( #1508 ), #3392, .F. ) ;
#969 = AXIS2_PLACEMENT_3D ( 'NONE', #3147, #3476, #2458 ) ;
#970 = CONICAL_SURFACE ( 'NONE', #1589, 4.500000000029425351, 0.7853981633974566057 ) ;
#971 = ORIENTED_EDGE ( 'NONE', *, *, #843, .T. ) ;
#972 = VECTOR ( 'NONE', #3162, 1000.000000000000000 ) ;
#973 = ORIENTED_EDGE ( 'NONE', *, *, #1213, .F. ) ;
#974 = EDGE_CURVE ( 'NONE', #3663, #2974, #2627, .T. ) ;
#975 = PLANE ( 'NONE',  #2456 ) ;
#976 = AXIS2_PLACEMENT_3D ( 'NONE', #2454, #1519, #2782 ) ;
#977 = PLANE ( 'NONE',  #1896 ) ;
#978 = PLANE ( 'NONE',  #3285 ) ;
#979 = ORIENTED_EDGE ( 'NONE', *, *, #431, .T. ) ;
#980 = LINE ( 'NONE', #1854, #3702 ) ;
#981 = DIRECTION ( 'NONE',  ( -1.000000000000000000, 0.000000000000000000, 0.000000000000000000 ) ) ;
#982 = EDGE_CURVE ( 'NONE', #1285, #502, #1085, .T. ) ;
#983 = CARTESIAN_POINT ( 'NONE',  ( 67.80403433744587005, -34.99999999990579624, 7.500000000000000000 ) ) ;
#984 = EDGE_LOOP ( 'NONE', ( #4202, #176, #3538, #2525 ) ) ;
#985 = CIRCLE ( 'NONE', #1, 5.150000000000015454 ) ;
#986 = DIRECTION ( 'NONE',  ( 1.000000000000000000, 0.000000000000000000, 0.000000000000000000 ) ) ;
#987 = CIRCLE ( 'NONE', #790, 2.000000000029436453 ) ;
#988 = ADVANCED_FACE ( 'NONE', ( #1705, #769 ), #4235, .F. ) ;
#989 = DIRECTION ( 'NONE',  ( -1.000000000000000000, 0.000000000000000000, 0.000000000000000000 ) ) ;
#990 = CARTESIAN_POINT ( 'NONE',  ( -59.99999999997523759, -28.00000000000634870, 7.000000000003114842 ) ) ;
#991 = ORIENTED_EDGE ( 'NONE', *, *, #4252, .T. ) ;
#992 = DIRECTION ( 'NONE',  ( -0.7071067811865474617, 0.000000000000000000, 0.7071067811865474617 ) ) ;
#993 = DIRECTION ( 'NONE',  ( -0.000000000000000000, -0.000000000000000000, 1.000000000000000000 ) ) ;
#994 = VERTEX_POINT ( 'NONE', #301 ) ;
#995 = FACE_OUTER_BOUND ( 'NONE', #1806, .T. ) ;
#996 = DIRECTION ( 'NONE',  ( 0.000000000000000000, -0.000000000000000000, -1.000000000000000000 ) ) ;
#997 = VERTEX_POINT ( 'NONE', #4219 ) ;
#998 = AXIS2_PLACEMENT_3D ( 'NONE', #89, #2354, #2741 ) ;
#999 = CIRCLE ( 'NONE', #3076, 1.500000000029436009 ) ;
#1000 = EDGE_LOOP ( 'NONE', ( #2183, #3008, #322, #377 ) ) ;
#1001 = EDGE_CURVE ( 'NONE', #3725, #3880, #210, .T. ) ;
#1002 = STYLED_ITEM ( 'NONE', ( #1271 ), #1902 ) ;
#1003 = LINE ( 'NONE', #4184, #2446 ) ;
#1004 = CARTESIAN_POINT ( 'NONE',  ( -53.50000000000466116, -28.00000000000627409, 20.72792206144420391 ) ) ;
#1005 = DIRECTION ( 'NONE',  ( 0.7071067811865445751, 0.000000000000000000, 0.7071067811865504593 ) ) ;
#1006 = ORIENTED_EDGE ( 'NONE', *, *, #3671, .F. ) ;
#1007 = ADVANCED_FACE ( 'NONE', ( #312 ), #1139, .F. ) ;
#1008 = CARTESIAN_POINT ( 'NONE',  ( 62.60000000025782185, 40.40000000000126334, 0.000000000000000000 ) ) ;
#1009 = FACE_OUTER_BOUND ( 'NONE', #3658, .T. ) ;
#1010 = AXIS2_PLACEMENT_3D ( 'NONE', #2079, #1454, #3775 ) ;
#1011 = DIRECTION ( 'NONE',  ( -0.000000000000000000, -0.000000000000000000, -1.000000000000000000 ) ) ;
#1012 = VERTEX_POINT ( 'NONE', #750 ) ;
#1013 = CARTESIAN_POINT ( 'NONE',  ( 53.50000000000466116, 27.99999999999372946, 2.500000000000000000 ) ) ;
#1014 = CONICAL_SURFACE ( 'NONE', #803, 4.500000000029425351, 0.7853981633974566057 ) ;
#1015 = ORIENTED_EDGE ( 'NONE', *, *, #2326, .F. ) ;
#1016 = ORIENTED_EDGE ( 'NONE', *, *, #2231, .F. ) ;
#1017 = CARTESIAN_POINT ( 'NONE',  ( 72.95403433744587574, -30.84999999990578701, 0.000000000000000000 ) ) ;
#1018 = CONICAL_SURFACE ( 'NONE', #1793, 1.650000000051360383, 0.7853981633974426169 ) ;
#1019 = CARTESIAN_POINT ( 'NONE',  ( -66.50000000003412026, -28.00000000000634870, 8.000000000003115730 ) ) ;
#1020 = AXIS2_PLACEMENT_3D ( 'NONE', #1650, #2739, #4116 ) ;
#1021 = DIRECTION ( 'NONE',  ( 0.000000000000000000, 0.000000000000000000, 1.000000000000000000 ) ) ;
#1022 = LINE ( 'NONE', #1331, #1343 ) ;
#1023 = ORIENTED_EDGE ( 'NONE', *, *, #4083, .F. ) ;
#1024 = CARTESIAN_POINT ( 'NONE',  ( 63.45403433744591126, 18.49999999996429878, 2.500000000000000000 ) ) ;
#1025 = CIRCLE ( 'NONE', #3255, 5.500000000029453773 ) ;
#1026 = ORIENTED_EDGE ( 'NONE', *, *, #1647, .T. ) ;
#1027 = DIRECTION ( 'NONE',  ( -7.885106708989925144E-17, 1.000000000000000000, 0.000000000000000000 ) ) ;
#1028 = VECTOR ( 'NONE', #3764, 1000.000000000000000 ) ;
#1029 = DIRECTION ( 'NONE',  ( 0.000000000000000000, -1.000000000000000000, 0.000000000000000000 ) ) ;
#1030 = EDGE_CURVE ( 'NONE', #4211, #3784, #1658, .T. ) ;
#1031 = ADVANCED_FACE ( 'NONE', ( #4112 ), #4009, .T. ) ;
#1032 = VERTEX_POINT ( 'NONE', #435 ) ;
#1033 = AXIS2_PLACEMENT_3D ( 'NONE', #4101, #3812, #199 ) ;
#1034 = CONICAL_SURFACE ( 'NONE', #736, 4.500000000029425351, 0.7853981633974435050 ) ;
#1035 = CARTESIAN_POINT ( 'NONE',  ( -67.80403433744587005, -34.99999999990578914, 2.500000000000000444 ) ) ;
#1036 = ORIENTED_EDGE ( 'NONE', *, *, #1424, .F. ) ;
#1037 = FACE_OUTER_BOUND ( 'NONE', #4140, .T. ) ;
#1038 = EDGE_CURVE ( 'NONE', #2822, #3526, #1616, .T. ) ;
#1039 = CARTESIAN_POINT ( 'NONE',  ( -49.99999999997525180, -28.00000000000627409, 8.000000000003115730 ) ) ;
#1040 = ORIENTED_EDGE ( 'NONE', *, *, #953, .T. ) ;
#1041 = CARTESIAN_POINT ( 'NONE',  ( -64.50000000000460432, 27.99999999999365485, 8.000000000003115730 ) ) ;
#1042 = CIRCLE ( 'NONE', #3572, 1.500000000029366731 ) ;
#1043 = DIRECTION ( 'NONE',  ( 0.000000000000000000, 0.000000000000000000, 1.000000000000000000 ) ) ;
#1044 = ORIENTED_EDGE ( 'NONE', *, *, #1207, .F. ) ;
#1045 = CARTESIAN_POINT ( 'NONE',  ( -67.80403433744587005, -30.84999999990578701, 7.500000000000000000 ) ) ;
#1046 = CARTESIAN_POINT ( 'NONE',  ( -51.99999999997522337, 27.99999999999372946, 20.72792206144420391 ) ) ;
#1047 = VERTEX_POINT ( 'NONE', #1733 ) ;
#1048 = CARTESIAN_POINT ( 'NONE',  ( -64.50000000000466116, 27.99999999999365130, 3.500000000000034195 ) ) ;
#1049 = AXIS2_PLACEMENT_3D ( 'NONE', #1045, #54, #2347 ) ;
#1050 = ADVANCED_FACE ( 'NONE', ( #1755 ), #3994, .T. ) ;
#1051 = DIRECTION ( 'NONE',  ( 0.000000000000000000, 0.000000000000000000, 1.000000000000000000 ) ) ;
#1052 = ORIENTED_EDGE ( 'NONE', *, *, #2071, .F. ) ;
#1053 = DIRECTION ( 'NONE',  ( 0.000000000000000000, 0.000000000000000000, 1.000000000000000000 ) ) ;
#1054 = FACE_BOUND ( 'NONE', #3991, .T. ) ;
#1055 = EDGE_CURVE ( 'NONE', #3334, #1366, #159, .T. ) ;
#1056 = AXIS2_PLACEMENT_3D ( 'NONE', #2647, #4257, #701 ) ;
#1057 = ORIENTED_EDGE ( 'NONE', *, *, #1607, .F. ) ;
#1058 = CARTESIAN_POINT ( 'NONE',  ( -73.45403433744590416, 44.90000000000125624, 2.500000000000000000 ) ) ;
#1059 = CARTESIAN_POINT ( 'NONE',  ( -69.00000000003409184, -28.00000000000634870, 20.72792206144420391 ) ) ;
#1060 = CONICAL_SURFACE ( 'NONE', #2401, 4.500000000029425351, 0.7853981633974435050 ) ;
#1061 = VERTEX_POINT ( 'NONE', #1088 ) ;
#1062 = EDGE_CURVE ( 'NONE', #1766, #1602, #2887, .T. ) ;
#1063 = UNCERTAINTY_MEASURE_WITH_UNIT (LENGTH_MEASURE( 1.000000000000000082E-05 ), #2093, 'distance_accuracy_value', 'NONE');
#1064 = DIRECTION ( 'NONE',  ( -1.000000000000000000, 0.000000000000000000, 0.000000000000000000 ) ) ;
#1065 = ORIENTED_EDGE ( 'NONE', *, *, #3890, .T. ) ;
#1066 = ORIENTED_EDGE ( 'NONE', *, *, #4193, .T. ) ;
#1067 = DIRECTION ( 'NONE',  ( -1.000000000000000000, 0.000000000000000000, 0.000000000000000000 ) ) ;
#1068 = LINE ( 'NONE', #3000, #2509 ) ;
#1069 = EDGE_CURVE ( 'NONE', #2901, #4077, #1904, .T. ) ;
#1070 = DIRECTION ( 'NONE',  ( 1.000000000000000000, 0.000000000000000000, 0.000000000000000000 ) ) ;
#1071 = ORIENTED_EDGE ( 'NONE', *, *, #695, .F. ) ;
#1072 = DIRECTION ( 'NONE',  ( -0.000000000000000000, -0.000000000000000000, 1.000000000000000000 ) ) ;
#1073 = ORIENTED_EDGE ( 'NONE', *, *, #1522, .T. ) ;
#1074 = DIRECTION ( 'NONE',  ( -1.000000000000000000, -1.832051195753331637E-16, 0.000000000000000000 ) ) ;
#1075 = FACE_OUTER_BOUND ( 'NONE', #1272, .T. ) ;
#1076 = VERTEX_POINT ( 'NONE', #2699 ) ;
#1077 = ADVANCED_FACE ( 'NONE', ( #2050 ), #929, .T. ) ;
#1078 = DIRECTION ( 'NONE',  ( -1.000000000000000000, 0.000000000000000000, 0.000000000000000000 ) ) ;
#1079 = AXIS2_PLACEMENT_3D ( 'NONE', #421, #3723, #1762 ) ;
#1080 = LINE ( 'NONE', #3568, #1247 ) ;
#1081 = EDGE_LOOP ( 'NONE', ( #3112, #3585, #2064, #2826 ) ) ;
#1082 = PLANE ( 'NONE',  #577 ) ;
#1083 = DIRECTION ( 'NONE',  ( -1.000000000000000000, 0.000000000000000000, 0.000000000000000000 ) ) ;
#1084 = VERTEX_POINT ( 'NONE', #4023 ) ;
#1085 = CIRCLE ( 'NONE', #3935, 1.500000000029436009 ) ;
#1086 = AXIS2_PLACEMENT_3D ( 'NONE', #826, #2792, #1468 ) ;
#1087 = FILL_AREA_STYLE_COLOUR ( '', #2480 ) ;
#1088 = CARTESIAN_POINT ( 'NONE',  ( 71.95403433744587574, 44.90000000000125624, 3.000000000000000000 ) ) ;
#1089 = ORIENTED_EDGE ( 'NONE', *, *, #889, .F. ) ;
#1090 = CARTESIAN_POINT ( 'NONE',  ( 64.50000000000466116, 27.99999999999365130, 3.500000000000034195 ) ) ;
#1091 = FACE_OUTER_BOUND ( 'NONE', #4179, .T. ) ;
#1092 = EDGE_CURVE ( 'NONE', #1381, #1510, #1804, .T. ) ;
#1093 = CARTESIAN_POINT ( 'NONE',  ( 53.50000000000466116, 27.99999999999372946, 7.000000000003114842 ) ) ;
#1094 = VECTOR ( 'NONE', #3832, 1000.000000000000000 ) ;
#1095 = PLANE ( 'NONE',  #1392 ) ;
#1096 = EDGE_CURVE ( 'NONE', #3605, #961, #2472, .T. ) ;
#1097 = ADVANCED_FACE ( 'NONE', ( #624 ), #706, .T. ) ;
#1098 = VERTEX_POINT ( 'NONE', #1707 ) ;
#1099 = CARTESIAN_POINT ( 'NONE',  ( -68.00000000003407763, 27.99999999999365130, 8.000000000003115730 ) ) ;
#1100 = CARTESIAN_POINT ( 'NONE',  ( -55.50000000003409895, -28.00000000000627409, 8.000000000003115730 ) ) ;
#1101 = ORIENTED_EDGE ( 'NONE', *, *, #1246, .T. ) ;
#1102 = DIRECTION ( 'NONE',  ( 0.7071067811865481278, 1.295455823998104854E-16, 0.7071067811865469066 ) ) ;
#1103 = CONICAL_SURFACE ( 'NONE', #3950, 4.500000000029425351, 0.7853981633974566057 ) ;
#1104 = AXIS2_PLACEMENT_3D ( 'NONE', #3580, #590, #3891 ) ;
#1105 = ORIENTED_EDGE ( 'NONE', *, *, #2175, .F. ) ;
#1106 = DIRECTION ( 'NONE',  ( -0.000000000000000000, -0.000000000000000000, -1.000000000000000000 ) ) ;
#1107 = CIRCLE ( 'NONE', #588, 4.500000000029425351 ) ;
#1108 = ORIENTED_EDGE ( 'NONE', *, *, #345, .T. ) ;
#1109 = CARTESIAN_POINT ( 'NONE',  ( -4.662936703425657470E-12, -6.272760089132134453E-12, 8.000000000003115730 ) ) ;
#1110 = LINE ( 'NONE', #1205, #3931 ) ;
#1111 = ORIENTED_EDGE ( 'NONE', *, *, #2436, .F. ) ;
#1112 = CARTESIAN_POINT ( 'NONE',  ( -57.00000000003407052, -28.00000000000627409, 8.000000000003115730 ) ) ;
#1113 = EDGE_CURVE ( 'NONE', #2724, #1084, #3606, .T. ) ;
#1114 = AXIS2_PLACEMENT_3D ( 'NONE', #1531, #2796, #829 ) ;
#1115 = VECTOR ( 'NONE', #1994, 1000.000000000000000 ) ;
#1116 = CARTESIAN_POINT ( 'NONE',  ( -58.00000000003408474, -28.00000000000627409, 7.000000000003114842 ) ) ;
#1117 = ORIENTED_EDGE ( 'NONE', *, *, #238, .T. ) ;
#1118 = ADVANCED_FACE ( 'NONE', ( #2365 ), #1403, .T. ) ;
#1119 = VECTOR ( 'NONE', #2177, 1000.000000000000000 ) ;
#1120 = DIRECTION ( 'NONE',  ( -1.000000000000000000, 0.000000000000000000, -0.000000000000000000 ) ) ;
#1121 = VERTEX_POINT ( 'NONE', #1112 ) ;
#1122 = EDGE_CURVE ( 'NONE', #1435, #2374, #4213, .T. ) ;
#1123 = ORIENTED_EDGE ( 'NONE', *, *, #2797, .T. ) ;
#1124 = DIRECTION ( 'NONE',  ( 0.000000000000000000, 0.000000000000000000, -1.000000000000000000 ) ) ;
#1125 = LINE ( 'NONE', #1776, #2664 ) ;
#1126 = CARTESIAN_POINT ( 'NONE',  ( 55.00000000003409895, 27.99999999999372946, 20.72792206144420391 ) ) ;
#1127 = CARTESIAN_POINT ( 'NONE',  ( -48.99999999997523759, 27.99999999999372946, 7.000000000003114842 ) ) ;
#1128 = LINE ( 'NONE', #300, #3845 ) ;
#1129 = ORIENTED_EDGE ( 'NONE', *, *, #2762, .T. ) ;
#1130 = DIRECTION ( 'NONE',  ( 0.000000000000000000, 1.000000000000000000, 0.000000000000000000 ) ) ;
#1131 = PRODUCT_CONTEXT ( 'NONE', #3102, 'mechanical' ) ;
#1132 = CIRCLE ( 'NONE', #3358, 1.500000000029366731 ) ;
#1133 = ORIENTED_EDGE ( 'NONE', *, *, #1805, .F. ) ;
#1134 = VECTOR ( 'NONE', #319, 1000.000000000000114 ) ;
#1135 = CARTESIAN_POINT ( 'NONE',  ( -66.60000000025779343, 40.40000000000126334, 0.000000000000000000 ) ) ;
#1136 = AXIS2_PLACEMENT_3D ( 'NONE', #2681, #1375, #2043 ) ;
#1137 = ORIENTED_EDGE ( 'NONE', *, *, #3156, .F. ) ;
#1138 = DIRECTION ( 'NONE',  ( -1.000000000000000000, 0.000000000000000000, 0.000000000000000000 ) ) ;
#1139 = CONICAL_SURFACE ( 'NONE', #2750, 1.500000000029436009, 0.7853981633974442822 ) ;
#1140 = DIRECTION ( 'NONE',  ( 1.000000000000000000, 3.485468137178898561E-16, 0.000000000000000000 ) ) ;
#1141 = CARTESIAN_POINT ( 'NONE',  ( 66.60000000025779343, 40.40000000000126334, 0.000000000000000000 ) ) ;
#1142 = AXIS2_PLACEMENT_3D ( 'NONE', #3153, #1814, #3762 ) ;
#1143 = CIRCLE ( 'NONE', #1559, 1.500000000029436009 ) ;
#1144 = CARTESIAN_POINT ( 'NONE',  ( -53.50000000000466116, -28.00000000000627409, 1.500000000000001332 ) ) ;
#1145 = UNCERTAINTY_MEASURE_WITH_UNIT (LENGTH_MEASURE( 1.000000000000000082E-05 ), #458, 'distance_accuracy_value', 'NONE');
#1146 = CARTESIAN_POINT ( 'NONE',  ( -64.50000000000466116, -28.00000000000634870, 20.72792206144420391 ) ) ;
#1147 = ORIENTED_EDGE ( 'NONE', *, *, #1747, .F. ) ;
#1148 = EDGE_CURVE ( 'NONE', #1925, #1265, #876, .T. ) ;
#1149 = DIRECTION ( 'NONE',  ( 1.000000000000000000, 0.000000000000000000, 0.000000000000000000 ) ) ;
#1150 = EDGE_LOOP ( 'NONE', ( #422, #394 ) ) ;
#1151 = AXIS2_PLACEMENT_3D ( 'NONE', #22, #955, #1306 ) ;
#1152 = CARTESIAN_POINT ( 'NONE',  ( -66.60000000025779343, 40.40000000000126334, 0.000000000000000000 ) ) ;
#1153 = ORIENTED_EDGE ( 'NONE', *, *, #2703, .T. ) ;
#1154 = CARTESIAN_POINT ( 'NONE',  ( 62.49999999997523048, -28.00000000000634870, 8.000000000003115730 ) ) ;
#1155 = CARTESIAN_POINT ( 'NONE',  ( 64.50000000000466116, -28.00000000000634870, 7.500000000003101519 ) ) ;
#1156 = EDGE_CURVE ( 'NONE', #3674, #3381, #2262, .T. ) ;
#1157 = DIRECTION ( 'NONE',  ( 0.5773502691896359451, 0.5773502691896207351, 0.5773502691896207351 ) ) ;
#1158 = ORIENTED_EDGE ( 'NONE', *, *, #3010, .T. ) ;
#1159 = CARTESIAN_POINT ( 'NONE',  ( -64.50000000000466116, -28.00000000000634870, 20.72792206144420391 ) ) ;
#1160 = CARTESIAN_POINT ( 'NONE',  ( 63.45403433744591126, -18.49999999996431299, 0.6000000000000033085 ) ) ;
#1161 = LINE ( 'NONE', #1606, #2442 ) ;
#1162 = ORIENTED_EDGE ( 'NONE', *, *, #2875, .F. ) ;
#1163 = AXIS2_PLACEMENT_3D ( 'NONE', #2134, #2788, #149 ) ;
#1164 = CONICAL_SURFACE ( 'NONE', #2791, 4.500000000029425351, 0.7853981633974435050 ) ;
#1165 = CARTESIAN_POINT ( 'NONE',  ( 62.10000000025780054, 36.50000000000331113, 2.500000000000000000 ) ) ;
#1166 = ORIENTED_EDGE ( 'NONE', *, *, #1569, .T. ) ;
#1167 = LINE ( 'NONE', #416, #4036 ) ;
#1168 = DIRECTION ( 'NONE',  ( 1.000000000000000000, 0.000000000000000000, 0.000000000000000000 ) ) ;
#1169 = AXIS2_PLACEMENT_3D ( 'NONE', #795, #2096, #3101 ) ;
#1170 = CARTESIAN_POINT ( 'NONE',  ( 73.45403433744590416, 44.90000000000125624, 0.5000000000000004441 ) ) ;
#1171 = VERTEX_POINT ( 'NONE', #1498 ) ;
#1172 = CARTESIAN_POINT ( 'NONE',  ( -64.50000000000466116, -28.00000000000634870, 7.500000000003115730 ) ) ;
#1173 = VECTOR ( 'NONE', #2162, 1000.000000000000000 ) ;
#1174 = DIRECTION ( 'NONE',  ( -0.000000000000000000, -0.000000000000000000, -1.000000000000000000 ) ) ;
#1175 = ORIENTED_EDGE ( 'NONE', *, *, #2737, .T. ) ;
#1176 = CARTESIAN_POINT ( 'NONE',  ( 66.60000000025779343, 40.40000000000126334, 2.500000000000000000 ) ) ;
#1177 = ORIENTED_EDGE ( 'NONE', *, *, #2789, .F. ) ;
#1178 = EDGE_CURVE ( 'NONE', #1515, #2901, #1307, .T. ) ;
#1179 = PRESENTATION_LAYER_ASSIGNMENT (  '', '', ( #1002 ) ) ;
#1180 = DIRECTION ( 'NONE',  ( 0.000000000000000000, 0.000000000000000000, -1.000000000000000000 ) ) ;
#1181 = LINE ( 'NONE', #1116, #1938 ) ;
#1182 = ORIENTED_EDGE ( 'NONE', *, *, #2380, .F. ) ;
#1183 = ORIENTED_EDGE ( 'NONE', *, *, #3620, .F. ) ;
#1184 = DIRECTION ( 'NONE',  ( 0.000000000000000000, 0.000000000000000000, 1.000000000000000000 ) ) ;
#1185 = FACE_OUTER_BOUND ( 'NONE', #1324, .T. ) ;
#1186 = EDGE_CURVE ( 'NONE', #997, #3746, #2152, .T. ) ;
#1187 = CARTESIAN_POINT ( 'NONE',  ( 53.50000000000466116, 27.99999999999372946, 3.500000000000034195 ) ) ;
#1188 = CYLINDRICAL_SURFACE ( 'NONE', #552, 1.500000000029366731 ) ;
#1189 = CARTESIAN_POINT ( 'NONE',  ( -53.50000000000466116, -28.00000000000627409, 3.500000000000034195 ) ) ;
#1190 = ORIENTED_EDGE ( 'NONE', *, *, #489, .F. ) ;
#1191 = DIRECTION ( 'NONE',  ( 1.000000000000000000, 0.000000000000000000, 0.000000000000000000 ) ) ;
#1192 = AXIS2_PLACEMENT_3D ( 'NONE', #101, #3708, #2643 ) ;
#1193 = ORIENTED_EDGE ( 'NONE', *, *, #2992, .F. ) ;
#1194 = ADVANCED_FACE ( 'NONE', ( #2722 ), #3500, .F. ) ;
#1195 = CARTESIAN_POINT ( 'NONE',  ( -67.80403433744587005, -34.99999999990579624, 7.500000000000000000 ) ) ;
#1196 = CIRCLE ( 'NONE', #4018, 2.150000000051361049 ) ;
#1197 = ORIENTED_EDGE ( 'NONE', *, *, #67, .T. ) ;
#1198 = CARTESIAN_POINT ( 'NONE',  ( 53.50000000000466116, -28.00000000000627409, 7.000000000003114842 ) ) ;
#1199 = CONICAL_SURFACE ( 'NONE', #797, 4.500000000029425351, 0.7853981633974566057 ) ;
#1200 = AXIS2_PLACEMENT_3D ( 'NONE', #254, #2232, #2554 ) ;
#1201 = DIRECTION ( 'NONE',  ( 0.000000000000000000, -0.000000000000000000, -1.000000000000000000 ) ) ;
#1202 = CARTESIAN_POINT ( 'NONE',  ( 59.99999999997523759, 27.99999999999365130, 7.000000000003114842 ) ) ;
#1203 = CIRCLE ( 'NONE', #962, 5.500000000029453773 ) ;
#1204 = ORIENTED_EDGE ( 'NONE', *, *, #3604, .T. ) ;
#1205 = CARTESIAN_POINT ( 'NONE',  ( -63.45403433744591126, -18.49999999996431299, -84.63104911140096931 ) ) ;
#1206 = DIRECTION ( 'NONE',  ( 0.000000000000000000, 0.000000000000000000, 1.000000000000000000 ) ) ;
#1207 = EDGE_CURVE ( 'NONE', #1602, #1766, #1196, .T. ) ;
#1208 = AXIS2_PLACEMENT_3D ( 'NONE', #3200, #1245, #3867 ) ;
#1209 = CARTESIAN_POINT ( 'NONE',  ( -53.50000000000466116, 27.99999999999372946, 1.500000000000001332 ) ) ;
#1210 = DIRECTION ( 'NONE',  ( 0.7071067811865533459, 0.000000000000000000, -0.7071067811865416886 ) ) ;
#1211 = ORIENTED_EDGE ( 'NONE', *, *, #337, .T. ) ;
#1212 = DIRECTION ( 'NONE',  ( -0.000000000000000000, -0.000000000000000000, 1.000000000000000000 ) ) ;
#1213 = EDGE_CURVE ( 'NONE', #628, #2775, #104, .T. ) ;
#1214 = EDGE_LOOP ( 'NONE', ( #1228, #1851, #1438, #134 ) ) ;
#1215 = DIRECTION ( 'NONE',  ( -0.000000000000000000, -0.000000000000000000, -1.000000000000000000 ) ) ;
#1216 = DIRECTION ( 'NONE',  ( -0.000000000000000000, -0.000000000000000000, -1.000000000000000000 ) ) ;
#1217 = VERTEX_POINT ( 'NONE', #514 ) ;
#1218 = DIRECTION ( 'NONE',  ( -0.000000000000000000, -0.000000000000000000, 1.000000000000000000 ) ) ;
#1219 = LINE ( 'NONE', #3342, #2072 ) ;
#1220 = DIRECTION ( 'NONE',  ( -0.000000000000000000, -0.000000000000000000, -1.000000000000000000 ) ) ;
#1221 = ORIENTED_EDGE ( 'NONE', *, *, #1096, .F. ) ;
#1222 = CARTESIAN_POINT ( 'NONE',  ( -55.00000000003409895, 27.99999999999372946, 7.500000000003121947 ) ) ;
#1223 = CIRCLE ( 'NONE', #2902, 2.000000000029395153 ) ;
#1224 = ORIENTED_EDGE ( 'NONE', *, *, #1550, .F. ) ;
#1225 = AXIS2_PLACEMENT_3D ( 'NONE', #3037, #1397, #4012 ) ;
#1226 = LINE ( 'NONE', #161, #3732 ) ;
#1227 = DIRECTION ( 'NONE',  ( -0.000000000000000000, -0.000000000000000000, -1.000000000000000000 ) ) ;
#1228 = ORIENTED_EDGE ( 'NONE', *, *, #3373, .F. ) ;
#1229 = EDGE_CURVE ( 'NONE', #3001, #862, #567, .T. ) ;
#1230 = AXIS2_PLACEMENT_3D ( 'NONE', #375, #3304, #20 ) ;
#1231 = LINE ( 'NONE', #2147, #2083 ) ;
#1232 = DIRECTION ( 'NONE',  ( -0.000000000000000000, -0.000000000000000000, -1.000000000000000000 ) ) ;
#1233 = VERTEX_POINT ( 'NONE', #2109 ) ;
#1234 = DIRECTION ( 'NONE',  ( -0.000000000000000000, -0.000000000000000000, -1.000000000000000000 ) ) ;
#1235 = EDGE_LOOP ( 'NONE', ( #3765, #3179, #96, #2885 ) ) ;
#1236 = DIRECTION ( 'NONE',  ( 1.000000000000000000, 0.000000000000000000, 0.000000000000000000 ) ) ;
#1237 = DIRECTION ( 'NONE',  ( 0.000000000000000000, 1.000000000000000000, -0.000000000000000000 ) ) ;
#1238 = LINE ( 'NONE', #80, #867 ) ;
#1239 = ORIENTED_EDGE ( 'NONE', *, *, #4162, .T. ) ;
#1240 = EDGE_CURVE ( 'NONE', #3417, #335, #360, .T. ) ;
#1241 =( GEOMETRIC_REPRESENTATION_CONTEXT ( 3 ) GLOBAL_UNCERTAINTY_ASSIGNED_CONTEXT ( ( #1145 ) ) GLOBAL_UNIT_ASSIGNED_CONTEXT ( ( #458, #3740, #2438 ) ) REPRESENTATION_CONTEXT ( 'NONE', 'WORKASPACE' ) );
#1242 = CARTESIAN_POINT ( 'NONE',  ( 64.50000000000466116, -28.00000000000634870, 3.500000000000034195 ) ) ;
#1243 = CYLINDRICAL_SURFACE ( 'NONE', #2370, 4.500000000000000000 ) ;
#1244 = ORIENTED_EDGE ( 'NONE', *, *, #3808, .T. ) ;
#1245 = DIRECTION ( 'NONE',  ( -1.000000000000000000, 1.832051195753331637E-16, 0.000000000000000000 ) ) ;
#1246 = EDGE_CURVE ( 'NONE', #1935, #252, #1250, .T. ) ;
#1247 = VECTOR ( 'NONE', #3264, 1000.000000000000000 ) ;
#1248 = EDGE_LOOP ( 'NONE', ( #291, #887, #2309, #277 ) ) ;
#1249 = CARTESIAN_POINT ( 'NONE',  ( 51.99999999997522337, -28.00000000000627409, 7.500000000003108624 ) ) ;
#1250 = CIRCLE ( 'NONE', #2622, 2.000000000029408920 ) ;
#1251 = DIRECTION ( 'NONE',  ( 1.000000000000000000, 0.000000000000000000, 0.000000000000000000 ) ) ;
#1252 = DIRECTION ( 'NONE',  ( -1.000000000000000000, 0.000000000000000000, 0.000000000000000000 ) ) ;
#1253 = CARTESIAN_POINT ( 'NONE',  ( -53.50000000000466116, 27.99999999999372946, 3.500000000000034195 ) ) ;
#1254 = ORIENTED_EDGE ( 'NONE', *, *, #924, .T. ) ;
#1255 = DIRECTION ( 'NONE',  ( -1.000000000000000000, 0.000000000000000000, 0.000000000000000000 ) ) ;
#1256 = LINE ( 'NONE', #2856, #3341 ) ;
#1257 = DIRECTION ( 'NONE',  ( 1.000000000000000000, 0.000000000000000000, 0.000000000000000000 ) ) ;
#1258 = AXIS2_PLACEMENT_3D ( 'NONE', #1109, #479, #834 ) ;
#1259 = DIRECTION ( 'NONE',  ( 0.000000000000000000, 0.000000000000000000, -1.000000000000000000 ) ) ;
#1260 = ORIENTED_EDGE ( 'NONE', *, *, #4109, .T. ) ;
#1261 = FACE_OUTER_BOUND ( 'NONE', #226, .T. ) ;
#1262 = CARTESIAN_POINT ( 'NONE',  ( -66.60000000025779343, 40.40000000000126334, 0.000000000000000000 ) ) ;
#1263 = AXIS2_PLACEMENT_3D ( 'NONE', #3889, #1583, #4222 ) ;
#1264 = CIRCLE ( 'NONE', #1945, 9.500000000029436009 ) ;
#1265 = VERTEX_POINT ( 'NONE', #1802 ) ;
#1266 = ADVANCED_FACE ( 'NONE', ( #2672 ), #3854, .T. ) ;
#1267 = CARTESIAN_POINT ( 'NONE',  ( 51.99999999997522337, 27.99999999999372946, 7.500000000003108624 ) ) ;
#1268 = CARTESIAN_POINT ( 'NONE',  ( -64.50000000000466116, 27.99999999999365130, 8.000000000003115730 ) ) ;
#1269 = EDGE_CURVE ( 'NONE', #3176, #3347, #1399, .T. ) ;
#1270 = DIRECTION ( 'NONE',  ( 0.000000000000000000, 0.000000000000000000, -1.000000000000000000 ) ) ;
#1271 = PRESENTATION_STYLE_ASSIGNMENT (( #689 ) ) ;
#1272 = EDGE_LOOP ( 'NONE', ( #2345, #123 ) ) ;
#1273 = EDGE_CURVE ( 'NONE', #864, #1873, #4005, .T. ) ;
#1274 = CIRCLE ( 'NONE', #976, 1.500000000029436009 ) ;
#1275 = DIRECTION ( 'NONE',  ( -1.000000000000000000, 0.000000000000000000, 0.000000000000000000 ) ) ;
#1276 = EDGE_LOOP ( 'NONE', ( #3313, #3653, #443, #3152 ) ) ;
#1277 = CIRCLE ( 'NONE', #456, 1.500000000029366731 ) ;
#1278 = CARTESIAN_POINT ( 'NONE',  ( 66.60000000025779343, 40.40000000000126334, 1.500000000000000000 ) ) ;
#1279 = CARTESIAN_POINT ( 'NONE',  ( -53.50000000000466116, 27.99999999999372946, 8.000000000003115730 ) ) ;
#1280 = ORIENTED_EDGE ( 'NONE', *, *, #2518, .T. ) ;
#1281 = DIRECTION ( 'NONE',  ( 0.000000000000000000, 0.000000000000000000, -1.000000000000000000 ) ) ;
#1282 = VECTOR ( 'NONE', #763, 1000.000000000000000 ) ;
#1283 = DIRECTION ( 'NONE',  ( 0.000000000000000000, 0.000000000000000000, 1.000000000000000000 ) ) ;
#1284 = CARTESIAN_POINT ( 'NONE',  ( -66.60000000025779343, 40.40000000000126334, 0.4999999999999765743 ) ) ;
#1285 = VERTEX_POINT ( 'NONE', #1222 ) ;
#1286 = ADVANCED_FACE ( 'NONE', ( #3242 ), #1800, .T. ) ;
#1287 = CONICAL_SURFACE ( 'NONE', #2600, 4.500000000029425351, 0.7853981633974435050 ) ;
#1288 = ORIENTED_EDGE ( 'NONE', *, *, #3133, .F. ) ;
#1289 = EDGE_LOOP ( 'NONE', ( #3792, #1954, #2298, #1224 ) ) ;
#1290 = DIRECTION ( 'NONE',  ( 1.000000000000000000, 0.000000000000000000, 0.000000000000000000 ) ) ;
#1291 = FACE_OUTER_BOUND ( 'NONE', #3157, .T. ) ;
#1292 = ORIENTED_EDGE ( 'NONE', *, *, #2661, .F. ) ;
#1293 = ORIENTED_EDGE ( 'NONE', *, *, #3890, .F. ) ;
#1294 = EDGE_CURVE ( 'NONE', #1943, #2966, #2419, .T. ) ;
#1295 = DIRECTION ( 'NONE',  ( -1.000000000000000000, 0.000000000000000000, 0.000000000000000000 ) ) ;
#1296 = AXIS2_PLACEMENT_3D ( 'NONE', #2336, #2675, #2313 ) ;
#1297 = CARTESIAN_POINT ( 'NONE',  ( 53.50000000000466116, -28.00000000000627409, 7.500000000003108624 ) ) ;
#1298 = CIRCLE ( 'NONE', #1395, 1.650000000051360383 ) ;
#1299 = CARTESIAN_POINT ( 'NONE',  ( 71.95403433744587574, 44.90000000000125624, 7.500000000000000000 ) ) ;
#1300 = DIRECTION ( 'NONE',  ( 0.000000000000000000, -0.000000000000000000, -1.000000000000000000 ) ) ;
#1301 = VECTOR ( 'NONE', #2003, 1000.000000000000000 ) ;
#1302 = EDGE_CURVE ( 'NONE', #3940, #1012, #2468, .T. ) ;
#1303 = ORIENTED_EDGE ( 'NONE', *, *, #1534, .F. ) ;
#1304 = DIRECTION ( 'NONE',  ( 1.000000000000000000, 0.000000000000000000, -0.000000000000000000 ) ) ;
#1305 = ORIENTED_EDGE ( 'NONE', *, *, #3107, .F. ) ;
#1306 = DIRECTION ( 'NONE',  ( -1.000000000000000000, 0.000000000000000000, 0.000000000000000000 ) ) ;
#1307 = LINE ( 'NONE', #1160, #3802 ) ;
#1308 = EDGE_CURVE ( 'NONE', #1398, #2584, #4209, .T. ) ;
#1309 = DIRECTION ( 'NONE',  ( 1.117374219626154903E-16, -1.000000000000000000, 0.000000000000000000 ) ) ;
#1310 = VERTEX_POINT ( 'NONE', #4145 ) ;
#1311 = FACE_OUTER_BOUND ( 'NONE', #1726, .T. ) ;
#1312 = DIRECTION ( 'NONE',  ( -1.000000000000000000, 0.000000000000000000, 0.000000000000000000 ) ) ;
#1313 = VECTOR ( 'NONE', #1011, 1000.000000000000000 ) ;
#1314 = AXIS2_PLACEMENT_3D ( 'NONE', #3711, #1385, #64 ) ;
#1315 = ORIENTED_EDGE ( 'NONE', *, *, #2737, .F. ) ;
#1316 = CARTESIAN_POINT ( 'NONE',  ( -55.00000000003409895, -28.00000000000627409, 20.72792206144420391 ) ) ;
#1317 = VERTEX_POINT ( 'NONE', #2150 ) ;
#1318 = DIRECTION ( 'NONE',  ( -0.7071067811865533459, 0.000000000000000000, -0.7071067811865416886 ) ) ;
#1319 = AXIS2_PLACEMENT_3D ( 'NONE', #1058, #1029, #2023 ) ;
#1320 = CARTESIAN_POINT ( 'NONE',  ( 53.50000000000466116, -28.00000000000627409, 3.500000000000034195 ) ) ;
#1321 = CARTESIAN_POINT ( 'NONE',  ( -66.60000000025779343, 40.40000000000126334, 2.500000000000000000 ) ) ;
#1322 = EDGE_CURVE ( 'NONE', #4054, #2022, #466, .T. ) ;
#1323 = DIRECTION ( 'NONE',  ( -1.000000000000000000, 0.000000000000000000, 0.000000000000000000 ) ) ;
#1324 = EDGE_LOOP ( 'NONE', ( #3043, #2239, #1344, #2660 ) ) ;
#1325 = CARTESIAN_POINT ( 'NONE',  ( 58.00000000003408474, 27.99999999999372946, 7.000000000003114842 ) ) ;
#1326 = FACE_OUTER_BOUND ( 'NONE', #2745, .T. ) ;
#1327 = CARTESIAN_POINT ( 'NONE',  ( -66.60000000025779343, 40.40000000000126334, 1.999999999999995781 ) ) ;
#1328 = ORIENTED_EDGE ( 'NONE', *, *, #2767, .F. ) ;
#1329 = EDGE_CURVE ( 'NONE', #3295, #4194, #2359, .T. ) ;
#1330 = ORIENTED_EDGE ( 'NONE', *, *, #2466, .F. ) ;
#1331 = CARTESIAN_POINT ( 'NONE',  ( 59.99999999997523759, -28.00000000000634870, 7.000000000003114842 ) ) ;
#1332 = LINE ( 'NONE', #3330, #1781 ) ;
#1333 = ORIENTED_EDGE ( 'NONE', *, *, #1322, .F. ) ;
#1334 = CARTESIAN_POINT ( 'NONE',  ( -53.50000000000466116, 27.99999999999372946, 3.500000000000034195 ) ) ;
#1335 = ORIENTED_EDGE ( 'NONE', *, *, #652, .F. ) ;
#1336 = CARTESIAN_POINT ( 'NONE',  ( -48.99999999997523759, -28.00000000000627409, 20.72792206144420391 ) ) ;
#1337 = DIRECTION ( 'NONE',  ( 1.000000000000000000, 0.000000000000000000, 0.000000000000000000 ) ) ;
#1338 = VERTEX_POINT ( 'NONE', #1558 ) ;
#1339 = VERTEX_POINT ( 'NONE', #4161 ) ;
#1340 = CARTESIAN_POINT ( 'NONE',  ( -53.50000000000466116, -28.00000000000627409, 8.000000000003115730 ) ) ;
#1341 = LINE ( 'NONE', #3961, #2977 ) ;
#1342 = CARTESIAN_POINT ( 'NONE',  ( -48.99999999997523759, 27.99999999999372946, 3.500000000000034195 ) ) ;
#1343 = VECTOR ( 'NONE', #1959, 1000.000000000000000 ) ;
#1344 = ORIENTED_EDGE ( 'NONE', *, *, #1863, .T. ) ;
#1345 = EDGE_CURVE ( 'NONE', #284, #3384, #3336, .T. ) ;
#1346 = ADVANCED_FACE ( 'NONE', ( #713 ), #1585, .F. ) ;
#1347 = AXIS2_PLACEMENT_3D ( 'NONE', #461, #3092, #1120 ) ;
#1348 = DIRECTION ( 'NONE',  ( 0.000000000000000000, 0.000000000000000000, 1.000000000000000000 ) ) ;
#1349 = FACE_OUTER_BOUND ( 'NONE', #2929, .T. ) ;
#1350 = EDGE_LOOP ( 'NONE', ( #243, #505, #2651, #2229 ) ) ;
#1351 = CARTESIAN_POINT ( 'NONE',  ( -71.95403433744587574, -30.84999999990578701, 7.500000000000000000 ) ) ;
#1352 = VECTOR ( 'NONE', #1210, 1000.000000000000000 ) ;
#1353 = CARTESIAN_POINT ( 'NONE',  ( -64.45000000020644393, 40.40000000000126334, 2.500000000000000000 ) ) ;
#1354 = EDGE_CURVE ( 'NONE', #220, #3623, #4108, .T. ) ;
#1355 = ORIENTED_EDGE ( 'NONE', *, *, #3395, .T. ) ;
#1356 = VECTOR ( 'NONE', #661, 1000.000000000000000 ) ;
#1357 = CARTESIAN_POINT ( 'NONE',  ( 66.60000000025779343, 40.40000000000126334, 1.500000000000000000 ) ) ;
#1358 = ORIENTED_EDGE ( 'NONE', *, *, #2128, .F. ) ;
#1359 = VECTOR ( 'NONE', #3423, 1000.000000000000000 ) ;
#1360 = DIRECTION ( 'NONE',  ( 0.000000000000000000, 0.000000000000000000, 1.000000000000000000 ) ) ;
#1361 = PLANE ( 'NONE',  #4052 ) ;
#1362 = CIRCLE ( 'NONE', #379, 4.499999999999990230 ) ;
#1363 = ORIENTED_EDGE ( 'NONE', *, *, #2524, .F. ) ;
#1364 = AXIS2_PLACEMENT_3D ( 'NONE', #2501, #1521, #3122 ) ;
#1365 = ADVANCED_FACE ( 'NONE', ( #1504 ), #2259, .T. ) ;
#1366 = VERTEX_POINT ( 'NONE', #3818 ) ;
#1367 = CARTESIAN_POINT ( 'NONE',  ( 68.00000000003407763, 27.99999999999365130, 8.000000000003115730 ) ) ;
#1368 = FILL_AREA_STYLE ('',( #1087 ) ) ;
#1369 = FACE_OUTER_BOUND ( 'NONE', #2032, .T. ) ;
#1370 = EDGE_CURVE ( 'NONE', #502, #1285, #3959, .T. ) ;
#1371 = PLANE ( 'NONE',  #3597 ) ;
#1372 = ORIENTED_EDGE ( 'NONE', *, *, #3235, .F. ) ;
#1373 = AXIS2_PLACEMENT_3D ( 'NONE', #2169, #4156, #3521 ) ;
#1374 = CARTESIAN_POINT ( 'NONE',  ( 48.99999999997523759, 27.99999999999372946, 7.000000000003114842 ) ) ;
#1375 = DIRECTION ( 'NONE',  ( 0.000000000000000000, -0.000000000000000000, -1.000000000000000000 ) ) ;
#1376 = ORIENTED_EDGE ( 'NONE', *, *, #1308, .T. ) ;
#1377 = DIRECTION ( 'NONE',  ( 1.000000000000000000, -1.023374784658663291E-16, 0.000000000000000000 ) ) ;
#1378 = EDGE_CURVE ( 'NONE', #3201, #1628, #3191, .T. ) ;
#1379 = FACE_OUTER_BOUND ( 'NONE', #3691, .T. ) ;
#1380 = DIRECTION ( 'NONE',  ( -0.000000000000000000, -0.000000000000000000, 1.000000000000000000 ) ) ;
#1381 = VERTEX_POINT ( 'NONE', #4172 ) ;
#1382 = DIRECTION ( 'NONE',  ( 1.000000000000000000, 7.885106708989925144E-17, -0.000000000000000000 ) ) ;
#1383 = LINE ( 'NONE', #686, #3938 ) ;
#1384 = EDGE_LOOP ( 'NONE', ( #2684, #4251, #2408, #3957 ) ) ;
#1385 = DIRECTION ( 'NONE',  ( 0.000000000000000000, -0.000000000000000000, -1.000000000000000000 ) ) ;
#1386 = VECTOR ( 'NONE', #2895, 1000.000000000000000 ) ;
#1387 = DIRECTION ( 'NONE',  ( 0.000000000000000000, 0.000000000000000000, 1.000000000000000000 ) ) ;
#1388 = ORIENTED_EDGE ( 'NONE', *, *, #2524, .T. ) ;
#1389 = ORIENTED_EDGE ( 'NONE', *, *, #2762, .F. ) ;
#1390 = ADVANCED_FACE ( 'NONE', ( #4055 ), #1998, .T. ) ;
#1391 = LINE ( 'NONE', #2603, #756 ) ;
#1392 = AXIS2_PLACEMENT_3D ( 'NONE', #2396, #1757, #3733 ) ;
#1393 = DIRECTION ( 'NONE',  ( 1.000000000000000000, 0.000000000000000000, 0.000000000000000000 ) ) ;
#1394 = LINE ( 'NONE', #3769, #613 ) ;
#1395 = AXIS2_PLACEMENT_3D ( 'NONE', #3793, #1220, #1236 ) ;
#1396 = LINE ( 'NONE', #4239, #1946 ) ;
#1397 = DIRECTION ( 'NONE',  ( -0.000000000000000000, -0.000000000000000000, -1.000000000000000000 ) ) ;
#1398 = VERTEX_POINT ( 'NONE', #881 ) ;
#1399 = CIRCLE ( 'NONE', #114, 3.500000000029410252 ) ;
#1400 = DIRECTION ( 'NONE',  ( 1.000000000000000000, -1.023374784658663291E-16, 0.000000000000000000 ) ) ;
#1401 = EDGE_CURVE ( 'NONE', #1527, #4045, #3141, .T. ) ;
#1402 = EDGE_LOOP ( 'NONE', ( #348, #1421, #1540, #1795 ) ) ;
#1403 = CYLINDRICAL_SURFACE ( 'NONE', #1314, 4.500000000029425351 ) ;
#1404 = ORIENTED_EDGE ( 'NONE', *, *, #1240, .T. ) ;
#1405 = DIRECTION ( 'NONE',  ( -0.000000000000000000, -0.000000000000000000, -1.000000000000000000 ) ) ;
#1406 = VECTOR ( 'NONE', #3804, 1000.000000000000114 ) ;
#1407 = EDGE_CURVE ( 'NONE', #655, #3417, #3091, .T. ) ;
#1408 = ADVANCED_FACE ( 'NONE', ( #2988 ), #2311, .F. ) ;
#1409 = DIRECTION ( 'NONE',  ( 0.000000000000000000, 0.000000000000000000, -1.000000000000000000 ) ) ;
#1410 = PLANE ( 'NONE',  #2687 ) ;
#1411 = FACE_OUTER_BOUND ( 'NONE', #465, .T. ) ;
#1412 = ORIENTED_EDGE ( 'NONE', *, *, #1463, .F. ) ;
#1413 = PLANE ( 'NONE',  #3587 ) ;
#1414 = CARTESIAN_POINT ( 'NONE',  ( -66.50000000003400658, 27.99999999999365485, 8.000000000003115730 ) ) ;
#1415 = ORIENTED_EDGE ( 'NONE', *, *, #483, .F. ) ;
#1416 = CARTESIAN_POINT ( 'NONE',  ( -73.45403433744590416, 44.90000000000125624, 0.5000000000000004441 ) ) ;
#1417 = ORIENTED_EDGE ( 'NONE', *, *, #810, .T. ) ;
#1418 = CARTESIAN_POINT ( 'NONE',  ( 51.99999999997522337, 27.99999999999372946, 1.500000000000001332 ) ) ;
#1419 = AXIS2_PLACEMENT_3D ( 'NONE', #2617, #3946, #2279 ) ;
#1420 = VECTOR ( 'NONE', #2958, 1000.000000000000000 ) ;
#1421 = ORIENTED_EDGE ( 'NONE', *, *, #4214, .T. ) ;
#1422 = DIRECTION ( 'NONE',  ( 0.000000000000000000, -0.000000000000000000, -1.000000000000000000 ) ) ;
#1423 = LINE ( 'NONE', #3616, #3472 ) ;
#1424 = EDGE_CURVE ( 'NONE', #4044, #1784, #1452, .T. ) ;
#1425 = ORIENTED_EDGE ( 'NONE', *, *, #2400, .F. ) ;
#1426 = DIRECTION ( 'NONE',  ( 1.000000000000000000, 0.000000000000000000, 0.000000000000000000 ) ) ;
#1427 = ADVANCED_FACE ( 'NONE', ( #2571 ), #2102, .T. ) ;
#1428 = DIRECTION ( 'NONE',  ( -1.000000000000000000, 0.000000000000000000, 0.000000000000000000 ) ) ;
#1429 = CYLINDRICAL_SURFACE ( 'NONE', #121, 4.500000000029425351 ) ;
#1430 = EDGE_LOOP ( 'NONE', ( #1532, #1499 ) ) ;
#1431 = EDGE_CURVE ( 'NONE', #426, #3746, #3747, .T. ) ;
#1432 = LINE ( 'NONE', #1480, #500 ) ;
#1433 = VERTEX_POINT ( 'NONE', #2223 ) ;
#1434 = DIRECTION ( 'NONE',  ( 7.901028878206811854E-17, -0.7071067811865479058, 0.7071067811865472397 ) ) ;
#1435 = VERTEX_POINT ( 'NONE', #275 ) ;
#1436 = LINE ( 'NONE', #1803, #195 ) ;
#1437 = DIRECTION ( 'NONE',  ( 1.832051195753331637E-16, 1.000000000000000000, 0.000000000000000000 ) ) ;
#1438 = ORIENTED_EDGE ( 'NONE', *, *, #2066, .F. ) ;
#1439 = ORIENTED_EDGE ( 'NONE', *, *, #4027, .F. ) ;
#1440 = DIRECTION ( 'NONE',  ( -0.000000000000000000, -0.000000000000000000, -1.000000000000000000 ) ) ;
#1441 = LINE ( 'NONE', #3181, #1649 ) ;
#1442 = EDGE_LOOP ( 'NONE', ( #2452, #3767, #3068, #3750 ) ) ;
#1443 = CARTESIAN_POINT ( 'NONE',  ( 59.99999999997523759, 27.99999999999365130, 3.500000000000034195 ) ) ;
#1444 = AXIS2_PLACEMENT_3D ( 'NONE', #3706, #445, #2062 ) ;
#1445 = VECTOR ( 'NONE', #1852, 1000.000000000000000 ) ;
#1446 = ORIENTED_EDGE ( 'NONE', *, *, #3489, .T. ) ;
#1447 = CARTESIAN_POINT ( 'NONE',  ( -53.50000000000465405, -18.49999999996430944, 2.500000000000000000 ) ) ;
#1448 = CARTESIAN_POINT ( 'NONE',  ( 63.45403433744591126, 18.49999999996429878, 2.500000000000000000 ) ) ;
#1449 = CARTESIAN_POINT ( 'NONE',  ( -53.50000000000466116, -28.00000000000627409, 8.000000000003115730 ) ) ;
#1450 = VERTEX_POINT ( 'NONE', #638 ) ;
#1451 = EDGE_CURVE ( 'NONE', #311, #3201, #2883, .T. ) ;
#1452 = LINE ( 'NONE', #3878, #2202 ) ;
#1453 = AXIS2_PLACEMENT_3D ( 'NONE', #863, #3221, #2890 ) ;
#1454 = DIRECTION ( 'NONE',  ( 0.000000000000000000, 0.000000000000000000, -1.000000000000000000 ) ) ;
#1455 = DIRECTION ( 'NONE',  ( 0.7071067811865441310, 0.000000000000000000, -0.7071067811865507924 ) ) ;
#1456 = ORIENTED_EDGE ( 'NONE', *, *, #1550, .T. ) ;
#1457 = FACE_OUTER_BOUND ( 'NONE', #3145, .T. ) ;
#1458 = EDGE_CURVE ( 'NONE', #2022, #4045, #2772, .T. ) ;
#1459 = ORIENTED_EDGE ( 'NONE', *, *, #1354, .F. ) ;
#1460 = CARTESIAN_POINT ( 'NONE',  ( 48.99999999997523759, -28.00000000000627409, 3.500000000000034195 ) ) ;
#1461 = FACE_OUTER_BOUND ( 'NONE', #2133, .T. ) ;
#1462 = DIRECTION ( 'NONE',  ( -0.000000000000000000, -0.000000000000000000, -1.000000000000000000 ) ) ;
#1463 = EDGE_CURVE ( 'NONE', #1654, #1614, #3549, .T. ) ;
#1464 = FACE_OUTER_BOUND ( 'NONE', #1907, .T. ) ;
#1465 = VERTEX_POINT ( 'NONE', #3279 ) ;
#1466 = DIRECTION ( 'NONE',  ( 1.000000000000000000, 0.000000000000000000, 0.000000000000000000 ) ) ;
#1467 = VERTEX_POINT ( 'NONE', #1913 ) ;
#1468 = DIRECTION ( 'NONE',  ( 1.000000000000000000, 0.000000000000000000, 0.000000000000000000 ) ) ;
#1469 = SURFACE_SIDE_STYLE ('',( #3517 ) ) ;
#1470 = LINE ( 'NONE', #3941, #329 ) ;
#1471 = AXIS2_PLACEMENT_3D ( 'NONE', #1536, #1567, #2514 ) ;
#1472 = ADVANCED_FACE ( 'NONE', ( #3647 ), #1188, .F. ) ;
#1473 = CARTESIAN_POINT ( 'NONE',  ( 71.95403433744587574, 43.40000000000125624, 2.500000000000000000 ) ) ;
#1474 = ORIENTED_EDGE ( 'NONE', *, *, #3569, .T. ) ;
#1475 = VECTOR ( 'NONE', #885, 1000.000000000000000 ) ;
#1476 = DIRECTION ( 'NONE',  ( -1.000000000000000000, 0.000000000000000000, 0.000000000000000000 ) ) ;
#1477 = ORIENTED_EDGE ( 'NONE', *, *, #3620, .T. ) ;
#1478 = AXIS2_PLACEMENT_3D ( 'NONE', #1253, #3859, #2923 ) ;
#1479 = DIRECTION ( 'NONE',  ( -0.000000000000000000, -0.000000000000000000, -1.000000000000000000 ) ) ;
#1480 = CARTESIAN_POINT ( 'NONE',  ( 26.43602289154303620, -2.118011445900389145, -46.51801144590164938 ) ) ;
#1481 = CYLINDRICAL_SURFACE ( 'NONE', #3918, 4.500000000029425351 ) ;
#1482 = DIRECTION ( 'NONE',  ( 0.7071067811865533459, 8.659560562355004349E-17, -0.7071067811865416886 ) ) ;
#1483 = ORIENTED_EDGE ( 'NONE', *, *, #729, .F. ) ;
#1484 = EDGE_CURVE ( 'NONE', #1515, #1265, #1080, .T. ) ;
#1485 = LINE ( 'NONE', #3376, #289 ) ;
#1486 = VERTEX_POINT ( 'NONE', #2941 ) ;
#1487 = VECTOR ( 'NONE', #246, 1000.000000000000000 ) ;
#1488 = ORIENTED_EDGE ( 'NONE', *, *, #1148, .T. ) ;
#1489 = EDGE_CURVE ( 'NONE', #1542, #3271, #308, .T. ) ;
#1490 = EDGE_LOOP ( 'NONE', ( #3231, #2828, #4256, #3227 ) ) ;
#1491 = CIRCLE ( 'NONE', #3531, 5.500000000029453773 ) ;
#1492 = CARTESIAN_POINT ( 'NONE',  ( -68.75000000030914293, 40.40000000000126334, 0.000000000000000000 ) ) ;
#1493 = ORIENTED_EDGE ( 'NONE', *, *, #1747, .T. ) ;
#1494 = ADVANCED_FACE ( 'NONE', ( #3493 ), #2670, .T. ) ;
#1495 = DIRECTION ( 'NONE',  ( -0.000000000000000000, -0.000000000000000000, 1.000000000000000000 ) ) ;
#1496 =( NAMED_UNIT ( * ) SI_UNIT ( $, .STERADIAN. ) SOLID_ANGLE_UNIT ( ) );
#1497 = FACE_BOUND ( 'NONE', #452, .T. ) ;
#1498 = CARTESIAN_POINT ( 'NONE',  ( 73.45403433744590416, 44.90000000000125624, 3.000000000000000000 ) ) ;
#1499 = ORIENTED_EDGE ( 'NONE', *, *, #3596, .T. ) ;
#1500 = AXIS2_PLACEMENT_3D ( 'NONE', #218, #3806, #525 ) ;
#1501 = DIRECTION ( 'NONE',  ( -0.7071067811865533459, 0.000000000000000000, -0.7071067811865416886 ) ) ;
#1502 = CYLINDRICAL_SURFACE ( 'NONE', #310, 1.500000000029436009 ) ;
#1503 = VERTEX_POINT ( 'NONE', #2579 ) ;
#1504 = FACE_OUTER_BOUND ( 'NONE', #749, .T. ) ;
#1505 = AXIS2_PLACEMENT_3D ( 'NONE', #819, #3451, #1138 ) ;
#1506 = EDGE_LOOP ( 'NONE', ( #1636, #708, #2667, #3838 ) ) ;
#1507 = DIRECTION ( 'NONE',  ( -1.000000000000000000, -6.938893903870069085E-15, 0.000000000000000000 ) ) ;
#1508 = FACE_OUTER_BOUND ( 'NONE', #4192, .T. ) ;
#1509 = DIRECTION ( 'NONE',  ( 1.000000000000000000, 0.000000000000000000, 0.000000000000000000 ) ) ;
#1510 = VERTEX_POINT ( 'NONE', #2926 ) ;
#1511 = AXIS2_PLACEMENT_3D ( 'NONE', #3051, #2475, #2787 ) ;
#1512 = CARTESIAN_POINT ( 'NONE',  ( -73.45403433744590416, 44.90000000000125624, 2.500000000000000000 ) ) ;
#1513 = VECTOR ( 'NONE', #1251, 1000.000000000000000 ) ;
#1514 = CARTESIAN_POINT ( 'NONE',  ( 63.45403433744591126, -18.49999999996431299, 0.6000000000000033085 ) ) ;
#1515 = VERTEX_POINT ( 'NONE', #950 ) ;
#1516 = VECTOR ( 'NONE', #3455, 1000.000000000000000 ) ;
#1517 = EDGE_CURVE ( 'NONE', #3454, #3934, #50, .T. ) ;
#1518 = ORIENTED_EDGE ( 'NONE', *, *, #1671, .T. ) ;
#1519 = DIRECTION ( 'NONE',  ( 0.000000000000000000, 0.000000000000000000, 1.000000000000000000 ) ) ;
#1520 = ORIENTED_EDGE ( 'NONE', *, *, #1092, .F. ) ;
#1521 = DIRECTION ( 'NONE',  ( -0.000000000000000000, -0.000000000000000000, -1.000000000000000000 ) ) ;
#1522 = EDGE_CURVE ( 'NONE', #3784, #2488, #1396, .T. ) ;
#1523 = DIRECTION ( 'NONE',  ( -1.000000000000000000, 0.000000000000000000, 0.000000000000000000 ) ) ;
#1524 = ORIENTED_EDGE ( 'NONE', *, *, #483, .T. ) ;
#1525 = CARTESIAN_POINT ( 'NONE',  ( -71.95403433744587574, 43.40000000000125624, 7.500000000000000000 ) ) ;
#1526 = LINE ( 'NONE', #222, #3670 ) ;
#1527 = VERTEX_POINT ( 'NONE', #1627 ) ;
#1528 = CARTESIAN_POINT ( 'NONE',  ( -51.49999999997522337, -28.00000000000627409, 8.000000000003115730 ) ) ;
#1529 = AXIS2_PLACEMENT_3D ( 'NONE', #1541, #1601, #1651 ) ;
#1530 = CIRCLE ( 'NONE', #369, 2.000000000029436453 ) ;
#1531 = CARTESIAN_POINT ( 'NONE',  ( -64.50000000000466116, -28.00000000000634870, 7.000000000003114842 ) ) ;
#1532 = ORIENTED_EDGE ( 'NONE', *, *, #1517, .T. ) ;
#1533 = FACE_OUTER_BOUND ( 'NONE', #3443, .T. ) ;
#1534 = EDGE_CURVE ( 'NONE', #1467, #2601, #1995, .T. ) ;
#1535 = DIRECTION ( 'NONE',  ( -1.000000000000000000, 0.000000000000000000, 0.000000000000000000 ) ) ;
#1536 = CARTESIAN_POINT ( 'NONE',  ( -64.50000000000466116, -28.00000000000634870, 7.000000000003114842 ) ) ;
#1537 = ORIENTED_EDGE ( 'NONE', *, *, #287, .F. ) ;
#1538 = VECTOR ( 'NONE', #2770, 999.9999999999998863 ) ;
#1539 = DIRECTION ( 'NONE',  ( -0.000000000000000000, -0.000000000000000000, -1.000000000000000000 ) ) ;
#1540 = ORIENTED_EDGE ( 'NONE', *, *, #2582, .F. ) ;
#1541 = CARTESIAN_POINT ( 'NONE',  ( -64.50000000000466116, 27.99999999999365130, 2.500000000000000000 ) ) ;
#1542 = VERTEX_POINT ( 'NONE', #1701 ) ;
#1543 = EDGE_CURVE ( 'NONE', #3595, #1676, #712, .T. ) ;
#1544 = DIRECTION ( 'NONE',  ( -1.000000000000000000, 0.000000000000000000, 0.000000000000000000 ) ) ;
#1545 = VECTOR ( 'NONE', #1400, 1000.000000000000000 ) ;
#1546 = VERTEX_POINT ( 'NONE', #592 ) ;
#1547 = ORIENTED_EDGE ( 'NONE', *, *, #2316, .T. ) ;
#1548 = CARTESIAN_POINT ( 'NONE',  ( -69.00000000003409184, 27.99999999999365130, 7.000000000003114842 ) ) ;
#1549 = CYLINDRICAL_SURFACE ( 'NONE', #1136, 1.500000000029422242 ) ;
#1550 = EDGE_CURVE ( 'NONE', #2771, #2273, #358, .T. ) ;
#1551 = VERTEX_POINT ( 'NONE', #2297 ) ;
#1552 = DIRECTION ( 'NONE',  ( 0.000000000000000000, 0.000000000000000000, 1.000000000000000000 ) ) ;
#1553 = CARTESIAN_POINT ( 'NONE',  ( -67.80403433744587005, -34.99999999990579624, 7.500000000000000000 ) ) ;
#1554 = FACE_OUTER_BOUND ( 'NONE', #3340, .T. ) ;
#1555 = DIRECTION ( 'NONE',  ( 1.000000000000000000, 0.000000000000000000, 0.000000000000000000 ) ) ;
#1556 = ORIENTED_EDGE ( 'NONE', *, *, #2182, .T. ) ;
#1557 = CARTESIAN_POINT ( 'NONE',  ( -62.10000000025780054, 36.50000000000331113, 2.500000000000000000 ) ) ;
#1558 = CARTESIAN_POINT ( 'NONE',  ( 62.99999999997524469, -28.00000000000634870, 7.500000000003101519 ) ) ;
#1559 = AXIS2_PLACEMENT_3D ( 'NONE', #1209, #879, #3195 ) ;
#1560 = EDGE_LOOP ( 'NONE', ( #3833, #3023, #2999, #4175 ) ) ;
#1561 = VECTOR ( 'NONE', #164, 1000.000000000000000 ) ;
#1562 = ORIENTED_EDGE ( 'NONE', *, *, #2797, .F. ) ;
#1563 = VECTOR ( 'NONE', #2485, 1000.000000000000000 ) ;
#1564 = AXIS2_PLACEMENT_3D ( 'NONE', #2360, #1735, #392 ) ;
#1565 = ADVANCED_FACE ( 'NONE', ( #2255 ), #4206, .F. ) ;
#1566 = DIRECTION ( 'NONE',  ( -1.000000000000000000, 0.000000000000000000, 0.000000000000000000 ) ) ;
#1567 = DIRECTION ( 'NONE',  ( -0.000000000000000000, -0.000000000000000000, -1.000000000000000000 ) ) ;
#1568 = VECTOR ( 'NONE', #2463, 1000.000000000000000 ) ;
#1569 = EDGE_CURVE ( 'NONE', #2861, #1527, #2984, .T. ) ;
#1570 = AXIS2_PLACEMENT_3D ( 'NONE', #1262, #1215, #2866 ) ;
#1571 = CARTESIAN_POINT ( 'NONE',  ( -53.50000000000466116, -28.00000000000627409, 2.500000000000000000 ) ) ;
#1572 = VERTEX_POINT ( 'NONE', #2633 ) ;
#1573 = ORIENTED_EDGE ( 'NONE', *, *, #124, .T. ) ;
#1574 = CARTESIAN_POINT ( 'NONE',  ( -68.25000000030915714, 40.40000000000126334, 2.500000000000000000 ) ) ;
#1575 = EDGE_CURVE ( 'NONE', #653, #3999, #2623, .T. ) ;
#1576 = ORIENTED_EDGE ( 'NONE', *, *, #1240, .F. ) ;
#1577 = PRODUCT_DEFINITION_CONTEXT ( 'detailed design', #1791, 'design' ) ;
#1578 = DIRECTION ( 'NONE',  ( 1.000000000000000000, 0.000000000000000000, 0.000000000000000000 ) ) ;
#1579 = ORIENTED_EDGE ( 'NONE', *, *, #1753, .T. ) ;
#1580 = DIRECTION ( 'NONE',  ( -0.000000000000000000, -0.000000000000000000, 1.000000000000000000 ) ) ;
#1581 = CARTESIAN_POINT ( 'NONE',  ( 66.50000000003400658, 27.99999999999365485, 8.000000000003115730 ) ) ;
#1582 = FACE_OUTER_BOUND ( 'NONE', #3478, .T. ) ;
#1583 = DIRECTION ( 'NONE',  ( 0.000000000000000000, 0.000000000000000000, 1.000000000000000000 ) ) ;
#1584 = EDGE_LOOP ( 'NONE', ( #3108, #2060, #3062, #639 ) ) ;
#1585 = PLANE ( 'NONE',  #3281 ) ;
#1586 = LINE ( 'NONE', #2921, #3729 ) ;
#1587 = CARTESIAN_POINT ( 'NONE',  ( -63.45403433744591126, 18.49999999996429878, 0.6000000000000033085 ) ) ;
#1588 = ORIENTED_EDGE ( 'NONE', *, *, #2574, .T. ) ;
#1589 = AXIS2_PLACEMENT_3D ( 'NONE', #755, #2425, #473 ) ;
#1590 = VECTOR ( 'NONE', #2371, 1000.000000000000000 ) ;
#1591 = ORIENTED_EDGE ( 'NONE', *, *, #2518, .F. ) ;
#1592 = DIRECTION ( 'NONE',  ( -1.000000000000000000, 0.000000000000000000, 0.000000000000000000 ) ) ;
#1593 = AXIS2_PLACEMENT_3D ( 'NONE', #3846, #3494, #2873 ) ;
#1594 = CYLINDRICAL_SURFACE ( 'NONE', #1767, 4.500000000029425351 ) ;
#1595 = DIRECTION ( 'NONE',  ( -0.000000000000000000, -0.000000000000000000, 1.000000000000000000 ) ) ;
#1596 = VERTEX_POINT ( 'NONE', #3619 ) ;
#1597 = EDGE_LOOP ( 'NONE', ( #2611, #2038 ) ) ;
#1598 = ADVANCED_FACE ( 'NONE', ( #2465 ), #3966, .F. ) ;
#1599 = DIRECTION ( 'NONE',  ( 1.000000000000000000, 0.000000000000000000, 0.000000000000000000 ) ) ;
#1600 = LINE ( 'NONE', #3055, #3178 ) ;
#1601 = DIRECTION ( 'NONE',  ( -0.000000000000000000, -0.000000000000000000, -1.000000000000000000 ) ) ;
#1602 = VERTEX_POINT ( 'NONE', #1353 ) ;
#1603 = EDGE_CURVE ( 'NONE', #1972, #3551, #2824, .T. ) ;
#1604 = LINE ( 'NONE', #2936, #3545 ) ;
#1605 = EDGE_LOOP ( 'NONE', ( #815, #1679, #738, #1204 ) ) ;
#1606 = CARTESIAN_POINT ( 'NONE',  ( 62.10000000025780054, 36.50000000000331113, 2.500000000000000000 ) ) ;
#1607 = EDGE_CURVE ( 'NONE', #872, #220, #464, .T. ) ;
#1608 = CONICAL_SURFACE ( 'NONE', #711, 4.500000000029425351, 0.7853981633974566057 ) ;
#1609 = ORIENTED_EDGE ( 'NONE', *, *, #1378, .F. ) ;
#1610 = ADVANCED_FACE ( 'NONE', ( #3745 ), #2356, .F. ) ;
#1611 = VECTOR ( 'NONE', #3807, 1000.000000000000000 ) ;
#1612 = DIRECTION ( 'NONE',  ( -0.000000000000000000, -0.000000000000000000, 1.000000000000000000 ) ) ;
#1613 = DIRECTION ( 'NONE',  ( -1.000000000000000000, 0.000000000000000000, 0.000000000000000000 ) ) ;
#1614 = VERTEX_POINT ( 'NONE', #684 ) ;
#1615 = DIRECTION ( 'NONE',  ( -0.000000000000000000, -0.000000000000000000, -1.000000000000000000 ) ) ;
#1616 = CIRCLE ( 'NONE', #412, 1.500000000029366731 ) ;
#1617 = DIRECTION ( 'NONE',  ( 1.000000000000000000, 0.000000000000000000, 0.000000000000000000 ) ) ;
#1618 = AXIS2_PLACEMENT_3D ( 'NONE', #361, #1662, #3327 ) ;
#1619 = LINE ( 'NONE', #2156, #2369 ) ;
#1620 = VERTEX_POINT ( 'NONE', #2994 ) ;
#1621 = ORIENTED_EDGE ( 'NONE', *, *, #3052, .T. ) ;
#1622 = ORIENTED_EDGE ( 'NONE', *, *, #2153, .T. ) ;
#1623 = DIRECTION ( 'NONE',  ( 0.000000000000000000, 0.000000000000000000, -1.000000000000000000 ) ) ;
#1624 = CARTESIAN_POINT ( 'NONE',  ( 64.50000000000460432, 27.99999999999365485, 8.000000000003115730 ) ) ;
#1625 = EDGE_CURVE ( 'NONE', #1676, #3595, #3445, .T. ) ;
#1626 = ORIENTED_EDGE ( 'NONE', *, *, #268, .F. ) ;
#1627 = CARTESIAN_POINT ( 'NONE',  ( -59.00000000003411316, 27.99999999999369038, 2.500000000000000000 ) ) ;
#1628 = VERTEX_POINT ( 'NONE', #3648 ) ;
#1629 = DIRECTION ( 'NONE',  ( 1.000000000000000000, 0.000000000000000000, 0.000000000000000000 ) ) ;
#1630 = EDGE_CURVE ( 'NONE', #3605, #284, #203, .T. ) ;
#1631 = LINE ( 'NONE', #3958, #735 ) ;
#1632 = CARTESIAN_POINT ( 'NONE',  ( 64.50000000000466116, -28.00000000000634870, 7.000000000003114842 ) ) ;
#1633 = ORIENTED_EDGE ( 'NONE', *, *, #2853, .F. ) ;
#1634 = LINE ( 'NONE', #682, #229 ) ;
#1635 = DIRECTION ( 'NONE',  ( 1.000000000000000000, 1.117374219626154903E-16, 0.000000000000000000 ) ) ;
#1636 = ORIENTED_EDGE ( 'NONE', *, *, #1603, .F. ) ;
#1637 = AXIS2_PLACEMENT_3D ( 'NONE', #2906, #3860, #2591 ) ;
#1638 = VECTOR ( 'NONE', #2219, 1000.000000000000000 ) ;
#1639 = ORIENTED_EDGE ( 'NONE', *, *, #1407, .F. ) ;
#1640 = CARTESIAN_POINT ( 'NONE',  ( -66.60000000025779343, 40.40000000000126334, 2.500000000000000000 ) ) ;
#1641 = VECTOR ( 'NONE', #4147, 1000.000000000000000 ) ;
#1642 = ORIENTED_EDGE ( 'NONE', *, *, #564, .T. ) ;
#1643 = EDGE_LOOP ( 'NONE', ( #3180, #2955 ) ) ;
#1644 = FACE_OUTER_BOUND ( 'NONE', #4224, .T. ) ;
#1645 = ORIENTED_EDGE ( 'NONE', *, *, #2213, .F. ) ;
#1646 = ORIENTED_EDGE ( 'NONE', *, *, #1092, .T. ) ;
#1647 = EDGE_CURVE ( 'NONE', #2022, #818, #1698, .T. ) ;
#1648 = PLANE ( 'NONE',  #3175 ) ;
#1649 = VECTOR ( 'NONE', #190, 1000.000000000000000 ) ;
#1650 = CARTESIAN_POINT ( 'NONE',  ( 62.10000000025780054, 36.50000000000331113, 2.500000000000000000 ) ) ;
#1651 = DIRECTION ( 'NONE',  ( 1.000000000000000000, 0.000000000000000000, 0.000000000000000000 ) ) ;
#1652 = LINE ( 'NONE', #3826, #1445 ) ;
#1653 = EDGE_CURVE ( 'NONE', #384, #864, #1798, .T. ) ;
#1654 = VERTEX_POINT ( 'NONE', #674 ) ;
#1655 = CARTESIAN_POINT ( 'NONE',  ( 53.50000000000466116, -28.00000000000627409, 3.500000000000034195 ) ) ;
#1656 = ORIENTED_EDGE ( 'NONE', *, *, #1308, .F. ) ;
#1657 = CARTESIAN_POINT ( 'NONE',  ( 69.00000000003409184, -28.00000000000634870, 7.000000000003114842 ) ) ;
#1658 = CIRCLE ( 'NONE', #57, 4.150000000000001243 ) ;
#1659 = LINE ( 'NONE', #3717, #526 ) ;
#1660 = DIRECTION ( 'NONE',  ( -0.000000000000000000, -0.000000000000000000, -1.000000000000000000 ) ) ;
#1661 = DIRECTION ( 'NONE',  ( 3.485468137178898561E-16, -1.000000000000000000, 0.000000000000000000 ) ) ;
#1662 = DIRECTION ( 'NONE',  ( 0.000000000000000000, -0.000000000000000000, -1.000000000000000000 ) ) ;
#1663 = LINE ( 'NONE', #3598, #2889 ) ;
#1664 = ADVANCED_FACE ( 'NONE', ( #2569, #1349 ), #46, .F. ) ;
#1665 = DIRECTION ( 'NONE',  ( 1.000000000000000000, 0.000000000000000000, 0.000000000000000000 ) ) ;
#1666 = ORIENTED_EDGE ( 'NONE', *, *, #1030, .F. ) ;
#1667 = EDGE_LOOP ( 'NONE', ( #966, #3119 ) ) ;
#1668 = DIRECTION ( 'NONE',  ( -1.832051195753331637E-16, -1.000000000000000000, 0.000000000000000000 ) ) ;
#1669 = AXIS2_PLACEMENT_3D ( 'NONE', #2558, #1234, #561 ) ;
#1670 = DIRECTION ( 'NONE',  ( -0.000000000000000000, -0.000000000000000000, -1.000000000000000000 ) ) ;
#1671 = EDGE_CURVE ( 'NONE', #4150, #1873, #4106, .T. ) ;
#1672 = CARTESIAN_POINT ( 'NONE',  ( -51.99999999997522337, 27.99999999999372946, 7.500000000003121947 ) ) ;
#1673 = EDGE_LOOP ( 'NONE', ( #890, #264 ) ) ;
#1674 = DIRECTION ( 'NONE',  ( 1.000000000000000000, 0.000000000000000000, 0.000000000000000000 ) ) ;
#1675 = CONICAL_SURFACE ( 'NONE', #3974, 2.000000000029443559, 0.7853981633974648213 ) ;
#1676 = VERTEX_POINT ( 'NONE', #16 ) ;
#1677 = EDGE_CURVE ( 'NONE', #3562, #413, #2934, .T. ) ;
#1678 = CYLINDRICAL_SURFACE ( 'NONE', #1669, 4.500000000029425351 ) ;
#1679 = ORIENTED_EDGE ( 'NONE', *, *, #3074, .T. ) ;
#1680 = ADVANCED_FACE ( 'NONE', ( #3850 ), #1095, .F. ) ;
#1681 = DIRECTION ( 'NONE',  ( 0.000000000000000000, -0.000000000000000000, -1.000000000000000000 ) ) ;
#1682 = LINE ( 'NONE', #119, #1282 ) ;
#1683 = CARTESIAN_POINT ( 'NONE',  ( 62.60000000025782185, 40.40000000000126334, 0.000000000000000000 ) ) ;
#1684 = VERTEX_POINT ( 'NONE', #3031 ) ;
#1685 = AXIS2_PLACEMENT_3D ( 'NONE', #2218, #2844, #3507 ) ;
#1686 = FACE_OUTER_BOUND ( 'NONE', #2935, .T. ) ;
#1687 = VERTEX_POINT ( 'NONE', #3360 ) ;
#1688 = EDGE_LOOP ( 'NONE', ( #1211, #3352, #3684, #433 ) ) ;
#1689 = DIRECTION ( 'NONE',  ( -1.000000000000000000, 0.000000000000000000, 0.000000000000000000 ) ) ;
#1690 = CIRCLE ( 'NONE', #2005, 4.500000000029425351 ) ;
#1691 = DIRECTION ( 'NONE',  ( 0.000000000000000000, 0.000000000000000000, 1.000000000000000000 ) ) ;
#1692 = ORIENTED_EDGE ( 'NONE', *, *, #1055, .F. ) ;
#1693 = FILL_AREA_STYLE ('',( #2423 ) ) ;
#1694 = CARTESIAN_POINT ( 'NONE',  ( -43.99999999997522337, -27.99999999999374012, 2.500000000000000000 ) ) ;
#1695 = CIRCLE ( 'NONE', #31, 1.500000000029422242 ) ;
#1696 = EDGE_CURVE ( 'NONE', #2086, #1546, #251, .T. ) ;
#1697 = DIRECTION ( 'NONE',  ( -0.000000000000000000, 0.000000000000000000, -1.000000000000000000 ) ) ;
#1698 = CIRCLE ( 'NONE', #2928, 4.500000000029425351 ) ;
#1699 = ORIENTED_EDGE ( 'NONE', *, *, #3615, .T. ) ;
#1700 = VECTOR ( 'NONE', #235, 1000.000000000000000 ) ;
#1701 = CARTESIAN_POINT ( 'NONE',  ( -73.45403433744587574, -30.84999999990578701, 7.500000000000000000 ) ) ;
#1702 = EDGE_CURVE ( 'NONE', #3526, #2822, #1132, .T. ) ;
#1703 = ADVANCED_FACE ( 'NONE', ( #2768 ), #1608, .T. ) ;
#1704 = DIRECTION ( 'NONE',  ( -0.000000000000000000, -0.000000000000000000, 1.000000000000000000 ) ) ;
#1705 = FACE_BOUND ( 'NONE', #1430, .T. ) ;
#1706 = CARTESIAN_POINT ( 'NONE',  ( 66.60000000025779343, 40.40000000000126334, 0.5000000000000004441 ) ) ;
#1707 = CARTESIAN_POINT ( 'NONE',  ( -43.99999999997523048, 27.99999999999372946, 0.6000000000000033085 ) ) ;
#1708 = ORIENTED_EDGE ( 'NONE', *, *, #2712, .T. ) ;
#1709 = DIRECTION ( 'NONE',  ( 1.000000000000000000, 0.000000000000000000, 0.000000000000000000 ) ) ;
#1710 = LINE ( 'NONE', #512, #932 ) ;
#1711 = CARTESIAN_POINT ( 'NONE',  ( -43.99999999997522337, -27.99999999999374012, -84.63104911140096931 ) ) ;
#1712 = ORIENTED_EDGE ( 'NONE', *, *, #3368, .T. ) ;
#1713 = DIRECTION ( 'NONE',  ( -1.000000000000000000, 0.000000000000000000, 0.000000000000000000 ) ) ;
#1714 = ORIENTED_EDGE ( 'NONE', *, *, #17, .F. ) ;
#1715 = ORIENTED_EDGE ( 'NONE', *, *, #1069, .T. ) ;
#1716 = DIRECTION ( 'NONE',  ( 1.000000000000000000, 0.000000000000000000, 0.000000000000000000 ) ) ;
#1717 = AXIS2_PLACEMENT_3D ( 'NONE', #111, #2453, #460 ) ;
#1718 = VERTEX_POINT ( 'NONE', #1418 ) ;
#1719 = CARTESIAN_POINT ( 'NONE',  ( -66.60000000025779343, 40.40000000000126334, 0.5000000000000004441 ) ) ;
#1720 = CARTESIAN_POINT ( 'NONE',  ( 53.50000000000466116, 27.99999999999372946, 0.6000000000000033085 ) ) ;
#1721 = EDGE_CURVE ( 'NONE', #2815, #864, #405, .T. ) ;
#1722 = EDGE_LOOP ( 'NONE', ( #1023, #1712, #39, #1576 ) ) ;
#1723 = AXIS2_PLACEMENT_3D ( 'NONE', #2486, #523, #3453 ) ;
#1724 = FACE_OUTER_BOUND ( 'NONE', #118, .T. ) ;
#1725 = ADVANCED_FACE ( 'NONE', ( #2199 ), #414, .T. ) ;
#1726 = EDGE_LOOP ( 'NONE', ( #833, #198 ) ) ;
#1727 = EDGE_CURVE ( 'NONE', #335, #2506, #3332, .T. ) ;
#1728 = EDGE_LOOP ( 'NONE', ( #1656, #2306, #351, #3344 ) ) ;
#1729 = VECTOR ( 'NONE', #328, 1000.000000000000000 ) ;
#1730 = EDGE_CURVE ( 'NONE', #3295, #742, #4002, .T. ) ;
#1731 = CARTESIAN_POINT ( 'NONE',  ( -53.50000000000466116, -28.00000000000627409, 3.500000000000034195 ) ) ;
#1732 = ORIENTED_EDGE ( 'NONE', *, *, #3404, .F. ) ;
#1733 = CARTESIAN_POINT ( 'NONE',  ( -55.00000000003409895, 27.99999999999372946, 1.500000000000001332 ) ) ;
#1734 = FACE_OUTER_BOUND ( 'NONE', #690, .T. ) ;
#1735 = DIRECTION ( 'NONE',  ( -0.000000000000000000, -0.000000000000000000, -1.000000000000000000 ) ) ;
#1736 = VERTEX_POINT ( 'NONE', #1447 ) ;
#1737 = ORIENTED_EDGE ( 'NONE', *, *, #4151, .T. ) ;
#1738 = DIRECTION ( 'NONE',  ( 0.000000000000000000, 0.000000000000000000, 1.000000000000000000 ) ) ;
#1739 = FACE_BOUND ( 'NONE', #3077, .T. ) ;
#1740 = DIRECTION ( 'NONE',  ( -0.000000000000000000, -0.000000000000000000, -1.000000000000000000 ) ) ;
#1741 = ORIENTED_EDGE ( 'NONE', *, *, #2499, .F. ) ;
#1742 = AXIS2_PLACEMENT_3D ( 'NONE', #261, #1270, #1617 ) ;
#1743 = ORIENTED_EDGE ( 'NONE', *, *, #3421, .F. ) ;
#1744 = DIRECTION ( 'NONE',  ( -0.000000000000000000, -0.000000000000000000, 1.000000000000000000 ) ) ;
#1745 = FACE_OUTER_BOUND ( 'NONE', #4228, .T. ) ;
#1746 = ADVANCED_FACE ( 'NONE', ( #3139 ), #1897, .T. ) ;
#1747 = EDGE_CURVE ( 'NONE', #2584, #1614, #2045, .T. ) ;
#1748 = AXIS2_PLACEMENT_3D ( 'NONE', #3566, #3874, #2236 ) ;
#1749 = CARTESIAN_POINT ( 'NONE',  ( -48.99999999997523759, 27.99999999999372946, 3.500000000000034195 ) ) ;
#1750 = VECTOR ( 'NONE', #2765, 999.9999999999998863 ) ;
#1751 = CARTESIAN_POINT ( 'NONE',  ( -66.60000000025779343, 40.40000000000126334, 0.5999999999999999778 ) ) ;
#1752 = DIRECTION ( 'NONE',  ( 0.000000000000000000, -0.000000000000000000, -1.000000000000000000 ) ) ;
#1753 = EDGE_CURVE ( 'NONE', #3529, #2861, #516, .T. ) ;
#1754 = ORIENTED_EDGE ( 'NONE', *, *, #1671, .F. ) ;
#1755 = FACE_OUTER_BOUND ( 'NONE', #699, .T. ) ;
#1756 = CARTESIAN_POINT ( 'NONE',  ( -51.49999999997522337, 27.99999999999372946, 8.000000000003115730 ) ) ;
#1757 = DIRECTION ( 'NONE',  ( 0.000000000000000000, -0.7071067811865475727, 0.7071067811865475727 ) ) ;
#1758 = FACE_BOUND ( 'NONE', #3370, .T. ) ;
#1759 = CARTESIAN_POINT ( 'NONE',  ( 43.99999999997522337, -27.99999999999374012, 2.500000000000000000 ) ) ;
#1760 = EDGE_CURVE ( 'NONE', #818, #1527, #2880, .T. ) ;
#1761 = VECTOR ( 'NONE', #3525, 1000.000000000000000 ) ;
#1762 = DIRECTION ( 'NONE',  ( 1.000000000000000000, 0.000000000000000000, 0.000000000000000000 ) ) ;
#1763 = AXIS2_PLACEMENT_3D ( 'NONE', #3827, #903, #3203 ) ;
#1764 = ADVANCED_FACE ( 'NONE', ( #923 ), #1502, .F. ) ;
#1765 = EDGE_LOOP ( 'NONE', ( #1073, #3843, #1885, #1293, #1931, #3097, #822, #598, #3434, #3263, #492, #3447 ) ) ;
#1766 = VERTEX_POINT ( 'NONE', #3786 ) ;
#1767 = AXIS2_PLACEMENT_3D ( 'NONE', #2124, #4053, #3071 ) ;
#1768 = CONICAL_SURFACE ( 'NONE', #2268, 4.500000000029425351, 0.7853981633974566057 ) ;
#1769 = CARTESIAN_POINT ( 'NONE',  ( 58.00000000003408474, -28.00000000000627409, 7.000000000003114842 ) ) ;
#1770 = VERTEX_POINT ( 'NONE', #1809 ) ;
#1771 = CARTESIAN_POINT ( 'NONE',  ( -53.50000000000466116, 27.99999999999372946, 8.000000000003115730 ) ) ;
#1772 = VECTOR ( 'NONE', #2288, 1000.000000000000000 ) ;
#1773 = EDGE_CURVE ( 'NONE', #2771, #2300, #1848, .T. ) ;
#1774 = EDGE_LOOP ( 'NONE', ( #4183, #4013 ) ) ;
#1775 =( LENGTH_UNIT ( ) NAMED_UNIT ( * ) SI_UNIT ( .MILLI., .METRE. ) );
#1776 = CARTESIAN_POINT ( 'NONE',  ( -73.45403433744588995, -30.84999999990578701, 2.500000000000000000 ) ) ;
#1777 = VECTOR ( 'NONE', #4107, 1000.000000000000000 ) ;
#1778 = CARTESIAN_POINT ( 'NONE',  ( 73.45403433744590416, 44.90000000000125624, 2.500000000000000000 ) ) ;
#1779 = ORIENTED_EDGE ( 'NONE', *, *, #3897, .F. ) ;
#1780 = EDGE_CURVE ( 'NONE', #1596, #1684, #615, .T. ) ;
#1781 = VECTOR ( 'NONE', #3294, 1000.000000000000000 ) ;
#1782 = CARTESIAN_POINT ( 'NONE',  ( 55.00000000003409895, -28.00000000000627409, 20.72792206144420391 ) ) ;
#1783 = DIRECTION ( 'NONE',  ( -0.000000000000000000, -0.000000000000000000, -1.000000000000000000 ) ) ;
#1784 = VERTEX_POINT ( 'NONE', #171 ) ;
#1785 = CARTESIAN_POINT ( 'NONE',  ( 60.99999999997525180, 27.99999999999365130, 8.000000000003115730 ) ) ;
#1786 = CIRCLE ( 'NONE', #2198, 1.500000000029422242 ) ;
#1787 = DIRECTION ( 'NONE',  ( 1.000000000000000000, 0.000000000000000000, 0.000000000000000000 ) ) ;
#1788 = ORIENTED_EDGE ( 'NONE', *, *, #1882, .F. ) ;
#1789 = EDGE_LOOP ( 'NONE', ( #3171, #2251, #2657, #1483 ) ) ;
#1790 = FACE_OUTER_BOUND ( 'NONE', #1928, .T. ) ;
#1791 = APPLICATION_CONTEXT ( 'automotive_design' ) ;
#1792 = DIRECTION ( 'NONE',  ( -0.000000000000000000, -0.000000000000000000, -1.000000000000000000 ) ) ;
#1793 = AXIS2_PLACEMENT_3D ( 'NONE', #2069, #1738, #1149 ) ;
#1794 = VECTOR ( 'NONE', #1971, 1000.000000000000000 ) ;
#1795 = ORIENTED_EDGE ( 'NONE', *, *, #1569, .F. ) ;
#1796 = CARTESIAN_POINT ( 'NONE',  ( -53.50000000000466116, -28.00000000000627409, 20.72792206144420391 ) ) ;
#1797 = CARTESIAN_POINT ( 'NONE',  ( 64.50000000000460432, 27.99999999999365485, 7.500000000003087308 ) ) ;
#1798 = LINE ( 'NONE', #1964, #1301 ) ;
#1799 = EDGE_CURVE ( 'NONE', #1865, #2488, #3029, .T. ) ;
#1800 = CYLINDRICAL_SURFACE ( 'NONE', #937, 4.499999999999990230 ) ;
#1801 = AXIS2_PLACEMENT_3D ( 'NONE', #273, #3249, #1613 ) ;
#1802 = CARTESIAN_POINT ( 'NONE',  ( 53.50000000000465405, -18.49999999996430944, 2.500000000000000000 ) ) ;
#1803 = CARTESIAN_POINT ( 'NONE',  ( -62.10000000025780054, 36.50000000000331113, 0.5000000000000004441 ) ) ;
#1804 = CIRCLE ( 'NONE', #2163, 4.500000000029425351 ) ;
#1805 = EDGE_CURVE ( 'NONE', #1084, #3228, #1025, .T. ) ;
#1806 = EDGE_LOOP ( 'NONE', ( #14, #2089, #1621, #3159 ) ) ;
#1807 = LINE ( 'NONE', #330, #2839 ) ;
#1808 = ADVANCED_FACE ( 'NONE', ( #3239 ), #1990, .F. ) ;
#1809 = CARTESIAN_POINT ( 'NONE',  ( -51.99999999997522337, 27.99999999999372946, 1.500000000000001332 ) ) ;
#1810 = ORIENTED_EDGE ( 'NONE', *, *, #564, .F. ) ;
#1811 = AXIS2_PLACEMENT_3D ( 'NONE', #2372, #2339, #1070 ) ;
#1812 = ORIENTED_EDGE ( 'NONE', *, *, #3297, .F. ) ;
#1813 = ORIENTED_EDGE ( 'NONE', *, *, #2582, .T. ) ;
#1814 = DIRECTION ( 'NONE',  ( 0.000000000000000000, 0.000000000000000000, -1.000000000000000000 ) ) ;
#1815 = DIRECTION ( 'NONE',  ( 1.000000000000000000, 0.000000000000000000, 0.000000000000000000 ) ) ;
#1816 = DIRECTION ( 'NONE',  ( 0.000000000000000000, 0.000000000000000000, -1.000000000000000000 ) ) ;
#1817 = ORIENTED_EDGE ( 'NONE', *, *, #848, .F. ) ;
#1818 = CARTESIAN_POINT ( 'NONE',  ( 69.00000000003409184, 27.99999999999365130, 3.500000000000034195 ) ) ;
#1819 = AXIS2_PLACEMENT_3D ( 'NONE', #2693, #72, #3061 ) ;
#1820 = ORIENTED_EDGE ( 'NONE', *, *, #982, .F. ) ;
#1821 = VECTOR ( 'NONE', #597, 1000.000000000000000 ) ;
#1822 = DIRECTION ( 'NONE',  ( -0.000000000000000000, -0.000000000000000000, -1.000000000000000000 ) ) ;
#1823 = EDGE_LOOP ( 'NONE', ( #3973, #1254, #1841, #1052 ) ) ;
#1824 = AXIS2_PLACEMENT_3D ( 'NONE', #1797, #2281, #840 ) ;
#1825 = DIRECTION ( 'NONE',  ( -1.000000000000000000, 0.000000000000000000, 0.000000000000000000 ) ) ;
#1826 = CARTESIAN_POINT ( 'NONE',  ( 48.99999999997523759, -28.00000000000627409, 20.72792206144420391 ) ) ;
#1827 = CARTESIAN_POINT ( 'NONE',  ( -68.75000000030914293, 40.40000000000126334, 0.000000000000000000 ) ) ;
#1828 = VERTEX_POINT ( 'NONE', #507 ) ;
#1829 = CARTESIAN_POINT ( 'NONE',  ( -53.50000000000466116, 18.49999999996429523, -84.63104911140096931 ) ) ;
#1830 = EDGE_CURVE ( 'NONE', #4054, #2790, #3547, .T. ) ;
#1831 = AXIS2_PLACEMENT_3D ( 'NONE', #654, #630, #2987 ) ;
#1832 = LINE ( 'NONE', #1960, #1729 ) ;
#1833 = ORIENTED_EDGE ( 'NONE', *, *, #646, .T. ) ;
#1834 = LINE ( 'NONE', #1195, #1173 ) ;
#1835 = DIRECTION ( 'NONE',  ( -0.000000000000000000, 0.000000000000000000, 1.000000000000000000 ) ) ;
#1836 = VERTEX_POINT ( 'NONE', #186 ) ;
#1837 = EDGE_CURVE ( 'NONE', #4143, #3295, #3896, .T. ) ;
#1838 = ORIENTED_EDGE ( 'NONE', *, *, #3335, .T. ) ;
#1839 = CARTESIAN_POINT ( 'NONE',  ( -62.10000000025780054, 40.40000000000126334, 0.5000000000000004441 ) ) ;
#1840 = FACE_OUTER_BOUND ( 'NONE', #705, .T. ) ;
#1841 = ORIENTED_EDGE ( 'NONE', *, *, #3781, .F. ) ;
#1842 = DIRECTION ( 'NONE',  ( -0.000000000000000000, -0.000000000000000000, -1.000000000000000000 ) ) ;
#1843 = ORIENTED_EDGE ( 'NONE', *, *, #982, .T. ) ;
#1844 = LINE ( 'NONE', #2113, #349 ) ;
#1845 = ORIENTED_EDGE ( 'NONE', *, *, #17, .T. ) ;
#1846 = AXIS2_PLACEMENT_3D ( 'NONE', #634, #584, #2249 ) ;
#1847 = CARTESIAN_POINT ( 'NONE',  ( 72.95403433744588995, 40.40000000000123492, 0.000000000000000000 ) ) ;
#1848 = LINE ( 'NONE', #1782, #972 ) ;
#1849 = ORIENTED_EDGE ( 'NONE', *, *, #4091, .F. ) ;
#1850 = AXIS2_PLACEMENT_3D ( 'NONE', #68, #2653, #2329 ) ;
#1851 = ORIENTED_EDGE ( 'NONE', *, *, #1001, .F. ) ;
#1852 = DIRECTION ( 'NONE',  ( 0.000000000000000000, -0.000000000000000000, -1.000000000000000000 ) ) ;
#1853 = VECTOR ( 'NONE', #3410, 1000.000000000000000 ) ;
#1854 = CARTESIAN_POINT ( 'NONE',  ( 48.99999999997523759, 27.99999999999372946, 3.500000000000034195 ) ) ;
#1855 = CARTESIAN_POINT ( 'NONE',  ( 53.50000000000466116, -28.00000000000627409, 20.72792206144420391 ) ) ;
#1856 = EDGE_CURVE ( 'NONE', #1217, #454, #764, .T. ) ;
#1857 = ORIENTED_EDGE ( 'NONE', *, *, #165, .F. ) ;
#1858 = LINE ( 'NONE', #1553, #1513 ) ;
#1859 = DIRECTION ( 'NONE',  ( -1.000000000000000000, 0.000000000000000000, 0.000000000000000000 ) ) ;
#1860 = CARTESIAN_POINT ( 'NONE',  ( -69.00000000003409184, -28.00000000000634870, 7.000000000003114842 ) ) ;
#1861 = ORIENTED_EDGE ( 'NONE', *, *, #3437, .F. ) ;
#1862 = CONICAL_SURFACE ( 'NONE', #1974, 2.000000000029436453, 0.7853981633974581600 ) ;
#1863 = EDGE_CURVE ( 'NONE', #2545, #997, #2566, .T. ) ;
#1864 = DIRECTION ( 'NONE',  ( -0.000000000000000000, 0.000000000000000000, 1.000000000000000000 ) ) ;
#1865 = VERTEX_POINT ( 'NONE', #520 ) ;
#1866 = CARTESIAN_POINT ( 'NONE',  ( 64.45000000020645814, 40.40000000000126334, 0.000000000000000000 ) ) ;
#1867 = CARTESIAN_POINT ( 'NONE',  ( 59.99999999997523759, -28.00000000000634870, 3.500000000000034195 ) ) ;
#1868 = CARTESIAN_POINT ( 'NONE',  ( -67.80403433744587005, -35.99999999990578203, 0.000000000000000000 ) ) ;
#1869 = CARTESIAN_POINT ( 'NONE',  ( 58.00000000003408474, -28.00000000000627409, 3.500000000000034195 ) ) ;
#1870 = EDGE_LOOP ( 'NONE', ( #3571, #3738, #1941, #3676 ) ) ;
#1871 = AXIS2_PLACEMENT_3D ( 'NONE', #2095, #2479, #3442 ) ;
#1872 = CARTESIAN_POINT ( 'NONE',  ( 53.50000000000466116, 27.99999999999372946, 1.500000000000001332 ) ) ;
#1873 = VERTEX_POINT ( 'NONE', #2784 ) ;
#1874 = FACE_OUTER_BOUND ( 'NONE', #3166, .T. ) ;
#1875 = DIRECTION ( 'NONE',  ( 0.000000000000000000, -0.000000000000000000, -1.000000000000000000 ) ) ;
#1876 = AXIS2_PLACEMENT_3D ( 'NONE', #174, #837, #2090 ) ;
#1877 = ORIENTED_EDGE ( 'NONE', *, *, #1856, .F. ) ;
#1878 = CIRCLE ( 'NONE', #3641, 2.150000000051346838 ) ;
#1879 = ADVANCED_FACE ( 'NONE', ( #918 ), #3441, .F. ) ;
#1880 = CARTESIAN_POINT ( 'NONE',  ( 48.99999999997523759, -28.00000000000627409, 7.000000000003114842 ) ) ;
#1881 = VERTEX_POINT ( 'NONE', #1154 ) ;
#1882 = EDGE_CURVE ( 'NONE', #490, #1602, #1394, .T. ) ;
#1883 = CARTESIAN_POINT ( 'NONE',  ( -63.45403433744591126, 18.49999999996429878, 2.500000000000000000 ) ) ;
#1884 = FACE_OUTER_BOUND ( 'NONE', #1597, .T. ) ;
#1885 = ORIENTED_EDGE ( 'NONE', *, *, #2299, .F. ) ;
#1886 = ORIENTED_EDGE ( 'NONE', *, *, #1799, .T. ) ;
#1887 = DIRECTION ( 'NONE',  ( 3.485468137178896589E-16, -1.000000000000000000, 0.000000000000000000 ) ) ;
#1888 = CIRCLE ( 'NONE', #477, 5.650000000000002132 ) ;
#1889 = EDGE_CURVE ( 'NONE', #1572, #2943, #1695, .T. ) ;
#1890 = ORIENTED_EDGE ( 'NONE', *, *, #4051, .F. ) ;
#1891 = ADVANCED_FACE ( 'NONE', ( #3135 ), #1243, .T. ) ;
#1892 = CARTESIAN_POINT ( 'NONE',  ( 53.50000000000466116, 27.99999999999372946, 8.000000000003115730 ) ) ;
#1893 = CONICAL_SURFACE ( 'NONE', #2595, 4.500000000029425351, 0.7853981633974566057 ) ;
#1894 = VERTEX_POINT ( 'NONE', #3506 ) ;
#1895 = PLANE ( 'NONE',  #2424 ) ;
#1896 = AXIS2_PLACEMENT_3D ( 'NONE', #3259, #3608, #4199 ) ;
#1897 = CYLINDRICAL_SURFACE ( 'NONE', #3768, 4.500000000029425351 ) ;
#1898 = EDGE_LOOP ( 'NONE', ( #2557, #2196, #3356, #3969, #1117 ) ) ;
#1899 = VECTOR ( 'NONE', #3184, 1000.000000000000000 ) ;
#1900 = ORIENTED_EDGE ( 'NONE', *, *, #2552, .F. ) ;
#1901 = ADVANCED_FACE ( 'NONE', ( #2515 ), #3387, .T. ) ;
#1902 = ADVANCED_BREP_SHAPE_REPRESENTATION ( 'can-distribution-board-mount', ( #115, #3864 ), #785 ) ;
#1903 = CARTESIAN_POINT ( 'NONE',  ( -67.80403433744587005, -30.84999999990578701, 0.5000000000000004441 ) ) ;
#1904 = LINE ( 'NONE', #77, #827 ) ;
#1905 = AXIS2_PLACEMENT_3D ( 'NONE', #3261, #1281, #1910 ) ;
#1906 = DIRECTION ( 'NONE',  ( 0.7071067811865533459, 0.000000000000000000, 0.7071067811865416886 ) ) ;
#1907 = EDGE_LOOP ( 'NONE', ( #3190, #855, #1646, #4124 ) ) ;
#1908 = VECTOR ( 'NONE', #2149, 1000.000000000000000 ) ;
#1909 = DIRECTION ( 'NONE',  ( 1.023374784658663291E-16, 1.000000000000000000, -0.000000000000000000 ) ) ;
#1910 = DIRECTION ( 'NONE',  ( 1.000000000000000000, 0.000000000000000000, 0.000000000000000000 ) ) ;
#1911 = EDGE_CURVE ( 'NONE', #1614, #3780, #1652, .T. ) ;
#1912 = VERTEX_POINT ( 'NONE', #1866 ) ;
#1913 = CARTESIAN_POINT ( 'NONE',  ( -43.99999999997522337, -27.99999999999374012, 0.6000000000000033085 ) ) ;
#1914 = CIRCLE ( 'NONE', #3138, 9.500000000029428904 ) ;
#1915 = ORIENTED_EDGE ( 'NONE', *, *, #2098, .F. ) ;
#1916 = ADVANCED_FACE ( 'NONE', ( #3642 ), #2982, .T. ) ;
#1917 = CARTESIAN_POINT ( 'NONE',  ( -53.50000000000466116, -28.00000000000627409, 7.500000000003121947 ) ) ;
#1918 = EDGE_CURVE ( 'NONE', #938, #994, #2142, .T. ) ;
#1919 = ORIENTED_EDGE ( 'NONE', *, *, #1730, .F. ) ;
#1920 = DIRECTION ( 'NONE',  ( -0.000000000000000000, -0.000000000000000000, 1.000000000000000000 ) ) ;
#1921 = ORIENTED_EDGE ( 'NONE', *, *, #2626, .T. ) ;
#1922 = AXIS2_PLACEMENT_3D ( 'NONE', #306, #3552, #3207 ) ;
#1923 = ADVANCED_FACE ( 'NONE', ( #353 ), #2870, .T. ) ;
#1924 = CARTESIAN_POINT ( 'NONE',  ( 53.50000000000466116, 27.99999999999372946, 20.72792206144420391 ) ) ;
#1925 = VERTEX_POINT ( 'NONE', #2540 ) ;
#1926 = DIRECTION ( 'NONE',  ( 0.000000000000000000, 0.000000000000000000, 1.000000000000000000 ) ) ;
#1927 = CARTESIAN_POINT ( 'NONE',  ( 64.50000000000466116, 27.99999999999365130, 3.500000000000034195 ) ) ;
#1928 = EDGE_LOOP ( 'NONE', ( #3308, #3589, #3078, #1977 ) ) ;
#1929 = AXIS2_PLACEMENT_3D ( 'NONE', #617, #2307, #642 ) ;
#1930 = CYLINDRICAL_SURFACE ( 'NONE', #2628, 1.650000000051360383 ) ;
#1931 = ORIENTED_EDGE ( 'NONE', *, *, #188, .F. ) ;
#1932 = CARTESIAN_POINT ( 'NONE',  ( 55.00000000003409895, 27.99999999999372946, 7.500000000003108624 ) ) ;
#1933 = AXIS2_PLACEMENT_3D ( 'NONE', #1268, #3550, #919 ) ;
#1934 = DIRECTION ( 'NONE',  ( 0.000000000000000000, 0.000000000000000000, 1.000000000000000000 ) ) ;
#1935 = VERTEX_POINT ( 'NONE', #541 ) ;
#1936 = EDGE_LOOP ( 'NONE', ( #1642, #3716, #359, #1547 ) ) ;
#1937 = DIRECTION ( 'NONE',  ( 0.000000000000000000, 0.000000000000000000, 1.000000000000000000 ) ) ;
#1938 = VECTOR ( 'NONE', #1501, 1000.000000000000000 ) ;
#1939 = ORIENTED_EDGE ( 'NONE', *, *, #4114, .T. ) ;
#1940 = EDGE_CURVE ( 'NONE', #1467, #3661, #2666, .T. ) ;
#1941 = ORIENTED_EDGE ( 'NONE', *, *, #2830, .T. ) ;
#1942 = DIRECTION ( 'NONE',  ( -0.000000000000000000, -0.000000000000000000, -1.000000000000000000 ) ) ;
#1943 = VERTEX_POINT ( 'NONE', #3202 ) ;
#1944 = CARTESIAN_POINT ( 'NONE',  ( -43.99999999997523048, 27.99999999999372946, -84.63104911140096931 ) ) ;
#1945 = AXIS2_PLACEMENT_3D ( 'NONE', #1720, #2697, #2007 ) ;
#1946 = VECTOR ( 'NONE', #3922, 1000.000000000000000 ) ;
#1947 = DIRECTION ( 'NONE',  ( 0.7071067811865445751, 0.000000000000000000, 0.7071067811865504593 ) ) ;
#1948 = CARTESIAN_POINT ( 'NONE',  ( -64.50000000000466116, -28.00000000000634870, 20.72792206144420391 ) ) ;
#1949 = EDGE_LOOP ( 'NONE', ( #2139, #956, #784, #71 ) ) ;
#1950 = VECTOR ( 'NONE', #3520, 1000.000000000000000 ) ;
#1951 = DIRECTION ( 'NONE',  ( 1.000000000000000000, 0.000000000000000000, 0.000000000000000000 ) ) ;
#1952 = ADVANCED_FACE ( 'NONE', ( #3998 ), #2412, .F. ) ;
#1953 = DIRECTION ( 'NONE',  ( -1.000000000000000000, 0.000000000000000000, 0.000000000000000000 ) ) ;
#1954 = ORIENTED_EDGE ( 'NONE', *, *, #930, .T. ) ;
#1955 = LINE ( 'NONE', #15, #2835 ) ;
#1956 = DIRECTION ( 'NONE',  ( 0.000000000000000000, -0.000000000000000000, -1.000000000000000000 ) ) ;
#1957 = AXIS2_PLACEMENT_3D ( 'NONE', #1655, #2635, #664 ) ;
#1958 = VECTOR ( 'NONE', #2447, 999.9999999999998863 ) ;
#1959 = DIRECTION ( 'NONE',  ( -0.7071067811865533459, -8.659560562355004349E-17, -0.7071067811865416886 ) ) ;
#1960 = CARTESIAN_POINT ( 'NONE',  ( 63.45403433744591126, 18.49999999996429878, 0.6000000000000033085 ) ) ;
#1961 = EDGE_CURVE ( 'NONE', #1676, #3334, #560, .T. ) ;
#1962 = VERTEX_POINT ( 'NONE', #1249 ) ;
#1963 = CARTESIAN_POINT ( 'NONE',  ( 64.50000000000466116, 27.99999999999365130, 3.500000000000034195 ) ) ;
#1964 = CARTESIAN_POINT ( 'NONE',  ( 59.99999999997523759, -28.00000000000634870, 20.72792206144420391 ) ) ;
#1965 = EDGE_LOOP ( 'NONE', ( #529, #656, #3163, #2559 ) ) ;
#1966 = PLANE ( 'NONE',  #4078 ) ;
#1967 = EDGE_CURVE ( 'NONE', #3228, #1084, #47, .T. ) ;
#1968 = CARTESIAN_POINT ( 'NONE',  ( -51.49999999997522337, -28.00000000000627409, 8.000000000003115730 ) ) ;
#1969 = EDGE_LOOP ( 'NONE', ( #2393, #3485, #296, #3413 ) ) ;
#1970 = FACE_BOUND ( 'NONE', #3926, .T. ) ;
#1971 = DIRECTION ( 'NONE',  ( -0.000000000000000000, -0.000000000000000000, 1.000000000000000000 ) ) ;
#1972 = VERTEX_POINT ( 'NONE', #3218 ) ;
#1973 = DIRECTION ( 'NONE',  ( 0.000000000000000000, 0.000000000000000000, -1.000000000000000000 ) ) ;
#1974 = AXIS2_PLACEMENT_3D ( 'NONE', #2531, #2206, #547 ) ;
#1975 = VECTOR ( 'NONE', #4093, 1000.000000000000000 ) ;
#1976 = CARTESIAN_POINT ( 'NONE',  ( 55.00000000003409895, -28.00000000000627409, 7.500000000003108624 ) ) ;
#1977 = ORIENTED_EDGE ( 'NONE', *, *, #35, .T. ) ;
#1978 = VECTOR ( 'NONE', #4021, 1000.000000000000114 ) ;
#1979 = AXIS2_PLACEMENT_3D ( 'NONE', #3471, #2849, #2522 ) ;
#1980 = ORIENTED_EDGE ( 'NONE', *, *, #4091, .T. ) ;
#1981 = ORIENTED_EDGE ( 'NONE', *, *, #2213, .T. ) ;
#1982 = ORIENTED_EDGE ( 'NONE', *, *, #974, .F. ) ;
#1983 = EDGE_CURVE ( 'NONE', #2606, #1766, #3328, .T. ) ;
#1984 = CARTESIAN_POINT ( 'NONE',  ( -66.60000000025779343, 40.40000000000126334, 1.500000000000000000 ) ) ;
#1985 = AXIS2_PLACEMENT_3D ( 'NONE', #2469, #3173, #2115 ) ;
#1986 = VECTOR ( 'NONE', #3339, 1000.000000000000000 ) ;
#1987 = CARTESIAN_POINT ( 'NONE',  ( 64.50000000000460432, 27.99999999999365485, 1.500000000000001332 ) ) ;
#1988 = EDGE_LOOP ( 'NONE', ( #2351, #1754, #4070, #1415 ) ) ;
#1989 = DIRECTION ( 'NONE',  ( -1.000000000000000000, 0.000000000000000000, 0.000000000000000000 ) ) ;
#1990 = CYLINDRICAL_SURFACE ( 'NONE', #2674, 1.650000000051360383 ) ;
#1991 = EDGE_CURVE ( 'NONE', #1510, #2724, #4200, .T. ) ;
#1992 = ORIENTED_EDGE ( 'NONE', *, *, #3182, .T. ) ;
#1993 = ADVANCED_FACE ( 'NONE', ( #1554 ), #662, .T. ) ;
#1994 = DIRECTION ( 'NONE',  ( 0.000000000000000000, -0.000000000000000000, -1.000000000000000000 ) ) ;
#1995 = LINE ( 'NONE', #965, #821 ) ;
#1996 = ORIENTED_EDGE ( 'NONE', *, *, #1721, .T. ) ;
#1997 =( NAMED_UNIT ( * ) PLANE_ANGLE_UNIT ( ) SI_UNIT ( $, .RADIAN. ) );
#1998 = CONICAL_SURFACE ( 'NONE', #197, 4.500000000029425351, 0.7853981633974435050 ) ;
#1999 = DIRECTION ( 'NONE',  ( -1.000000000000000000, 0.000000000000000000, 0.000000000000000000 ) ) ;
#2000 = ORIENTED_EDGE ( 'NONE', *, *, #373, .T. ) ;
#2001 = FACE_OUTER_BOUND ( 'NONE', #1000, .T. ) ;
#2002 = VERTEX_POINT ( 'NONE', #657 ) ;
#2003 = DIRECTION ( 'NONE',  ( 0.000000000000000000, -0.000000000000000000, -1.000000000000000000 ) ) ;
#2004 = CIRCLE ( 'NONE', #2719, 3.500000000029410252 ) ;
#2005 = AXIS2_PLACEMENT_3D ( 'NONE', #1093, #125, #783 ) ;
#2006 = DIRECTION ( 'NONE',  ( 0.000000000000000000, -0.000000000000000000, -1.000000000000000000 ) ) ;
#2007 = DIRECTION ( 'NONE',  ( 1.000000000000000000, 0.000000000000000000, 0.000000000000000000 ) ) ;
#2008 = ORIENTED_EDGE ( 'NONE', *, *, #1882, .T. ) ;
#2009 = DIRECTION ( 'NONE',  ( 1.000000000000000000, 0.000000000000000000, 0.000000000000000000 ) ) ;
#2010 = AXIS2_PLACEMENT_3D ( 'NONE', #544, #1842, #4129 ) ;
#2011 = ADVANCED_FACE ( 'NONE', ( #1497, #2464 ), #975, .F. ) ;
#2012 = PLANE ( 'NONE',  #1049 ) ;
#2013 = CARTESIAN_POINT ( 'NONE',  ( 55.00000000003409895, 27.99999999999372946, 7.500000000003108624 ) ) ;
#2014 = EDGE_CURVE ( 'NONE', #3551, #2225, #462, .T. ) ;
#2015 = ORIENTED_EDGE ( 'NONE', *, *, #2703, .F. ) ;
#2016 = DIRECTION ( 'NONE',  ( -0.000000000000000000, -0.000000000000000000, 1.000000000000000000 ) ) ;
#2017 = LINE ( 'NONE', #2526, #1475 ) ;
#2018 = CARTESIAN_POINT ( 'NONE',  ( -64.50000000000466116, 27.99999999999365130, 3.500000000000034195 ) ) ;
#2019 = EDGE_LOOP ( 'NONE', ( #1221, #2644, #539, #2897 ) ) ;
#2020 = MECHANICAL_DESIGN_GEOMETRIC_PRESENTATION_REPRESENTATION (  '', ( #2157 ), #4010 ) ;
#2021 = FACE_OUTER_BOUND ( 'NONE', #2467, .T. ) ;
#2022 = VERTEX_POINT ( 'NONE', #3929 ) ;
#2023 = DIRECTION ( 'NONE',  ( 0.000000000000000000, -0.000000000000000000, -1.000000000000000000 ) ) ;
#2024 = PLANE ( 'NONE',  #3911 ) ;
#2025 = VECTOR ( 'NONE', #2146, 1000.000000000000000 ) ;
#2026 = DIRECTION ( 'NONE',  ( 0.000000000000000000, 0.000000000000000000, -1.000000000000000000 ) ) ;
#2027 = EDGE_LOOP ( 'NONE', ( #327, #3979, #2235, #3576 ) ) ;
#2028 = AXIS2_PLACEMENT_3D ( 'NONE', #332, #3316, #2980 ) ;
#2029 = FACE_OUTER_BOUND ( 'NONE', #3532, .T. ) ;
#2030 = CARTESIAN_POINT ( 'NONE',  ( -58.00000000003408474, 27.99999999999372946, 20.72792206144420391 ) ) ;
#2031 = ORIENTED_EDGE ( 'NONE', *, *, #455, .T. ) ;
#2032 = EDGE_LOOP ( 'NONE', ( #3408, #1376, #1493, #1412 ) ) ;
#2033 = ADVANCED_FACE ( 'NONE', ( #2094 ), #2872, .T. ) ;
#2034 = DIRECTION ( 'NONE',  ( 1.000000000000000000, 0.000000000000000000, 0.000000000000000000 ) ) ;
#2035 = AXIS2_PLACEMENT_3D ( 'NONE', #2171, #3495, #2845 ) ;
#2036 = CIRCLE ( 'NONE', #581, 1.500000000029436009 ) ;
#2037 = PLANE ( 'NONE',  #2247 ) ;
#2038 = ORIENTED_EDGE ( 'NONE', *, *, #368, .F. ) ;
#2039 = DIRECTION ( 'NONE',  ( -0.000000000000000000, -0.000000000000000000, -1.000000000000000000 ) ) ;
#2040 = ORIENTED_EDGE ( 'NONE', *, *, #120, .F. ) ;
#2041 = FACE_OUTER_BOUND ( 'NONE', #1728, .T. ) ;
#2042 = EDGE_CURVE ( 'NONE', #1171, #687, #1604, .T. ) ;
#2043 = DIRECTION ( 'NONE',  ( 1.000000000000000000, 0.000000000000000000, 0.000000000000000000 ) ) ;
#2044 = PLANE ( 'NONE',  #3013 ) ;
#2045 = CIRCLE ( 'NONE', #87, 4.500000000029425351 ) ;
#2046 = ORIENTED_EDGE ( 'NONE', *, *, #4114, .F. ) ;
#2047 = CARTESIAN_POINT ( 'NONE',  ( -53.50000000000466116, -28.00000000000627409, 7.000000000003114842 ) ) ;
#2048 = EDGE_CURVE ( 'NONE', #3661, #1736, #3742, .T. ) ;
#2049 = ORIENTED_EDGE ( 'NONE', *, *, #3704, .F. ) ;
#2050 = FACE_OUTER_BOUND ( 'NONE', #1969, .T. ) ;
#2051 = DIRECTION ( 'NONE',  ( -0.000000000000000000, -0.000000000000000000, -1.000000000000000000 ) ) ;
#2052 = ORIENTED_EDGE ( 'NONE', *, *, #1062, .T. ) ;
#2053 = DIRECTION ( 'NONE',  ( 1.000000000000000000, 0.000000000000000000, 0.000000000000000000 ) ) ;
#2054 = LINE ( 'NONE', #3744, #415 ) ;
#2055 = AXIS2_PLACEMENT_3D ( 'NONE', #1279, #3575, #4248 ) ;
#2056 = ADVANCED_FACE ( 'NONE', ( #513 ), #4233, .T. ) ;
#2057 = CARTESIAN_POINT ( 'NONE',  ( -55.00000000003409895, -28.00000000000627409, 1.500000000000001332 ) ) ;
#2058 = DIRECTION ( 'NONE',  ( -1.000000000000000000, 0.000000000000000000, 0.000000000000000000 ) ) ;
#2059 = VECTOR ( 'NONE', #1237, 1000.000000000000000 ) ;
#2060 = ORIENTED_EDGE ( 'NONE', *, *, #2375, .T. ) ;
#2061 = PRODUCT ( 'can-distribution-board-mount', 'can-distribution-board-mount', '', ( #1131 ) ) ;
#2062 = DIRECTION ( 'NONE',  ( -1.000000000000000000, -6.938893903870069085E-15, 0.000000000000000000 ) ) ;
#2063 = AXIS2_PLACEMENT_3D ( 'NONE', #24, #692, #737 ) ;
#2064 = ORIENTED_EDGE ( 'NONE', *, *, #2754, .T. ) ;
#2065 = CARTESIAN_POINT ( 'NONE',  ( -67.80403433744587005, -36.49999999990579624, 0.5000000000000004441 ) ) ;
#2066 = EDGE_CURVE ( 'NONE', #3001, #3725, #1128, .T. ) ;
#2067 = EDGE_LOOP ( 'NONE', ( #127, #3570, #2389, #3939 ) ) ;
#2068 = CARTESIAN_POINT ( 'NONE',  ( 69.00000000003409184, -28.00000000000634870, 3.500000000000034195 ) ) ;
#2069 = CARTESIAN_POINT ( 'NONE',  ( -66.60000000025779343, 40.40000000000126334, 1.999999999999995781 ) ) ;
#2070 = ORIENTED_EDGE ( 'NONE', *, *, #4259, .T. ) ;
#2071 = EDGE_CURVE ( 'NONE', #3663, #3215, #707, .T. ) ;
#2072 = VECTOR ( 'NONE', #2991, 1000.000000000000000 ) ;
#2073 = DIRECTION ( 'NONE',  ( -0.000000000000000000, -0.000000000000000000, -1.000000000000000000 ) ) ;
#2074 = ORIENTED_EDGE ( 'NONE', *, *, #2916, .F. ) ;
#2075 = DIRECTION ( 'NONE',  ( -1.000000000000000000, 0.000000000000000000, 0.000000000000000000 ) ) ;
#2076 = ADVANCED_FACE ( 'NONE', ( #3953 ), #1893, .T. ) ;
#2077 = DIRECTION ( 'NONE',  ( 1.000000000000000000, 0.000000000000000000, 0.000000000000000000 ) ) ;
#2078 = LINE ( 'NONE', #585, #1638 ) ;
#2079 = CARTESIAN_POINT ( 'NONE',  ( -4.662936703425657470E-12, -6.272760089132134453E-12, 8.000000000003115730 ) ) ;
#2080 = ORIENTED_EDGE ( 'NONE', *, *, #268, .T. ) ;
#2081 = CIRCLE ( 'NONE', #2168, 2.150000000051346838 ) ;
#2082 = ORIENTED_EDGE ( 'NONE', *, *, #2091, .F. ) ;
#2083 = VECTOR ( 'NONE', #230, 1000.000000000000000 ) ;
#2084 = EDGE_LOOP ( 'NONE', ( #801, #3483, #805, #2118 ) ) ;
#2085 = AXIS2_PLACEMENT_3D ( 'NONE', #3022, #1053, #2341 ) ;
#2086 = VERTEX_POINT ( 'NONE', #4216 ) ;
#2087 = DIRECTION ( 'NONE',  ( -1.000000000000000000, 0.000000000000000000, 0.000000000000000000 ) ) ;
#2088 = LINE ( 'NONE', #681, #1986 ) ;
#2089 = ORIENTED_EDGE ( 'NONE', *, *, #2105, .T. ) ;
#2090 = DIRECTION ( 'NONE',  ( 1.000000000000000000, 0.000000000000000000, 0.000000000000000000 ) ) ;
#2091 = EDGE_CURVE ( 'NONE', #2580, #1339, #2305, .T. ) ;
#2092 = AXIS2_PLACEMENT_3D ( 'NONE', #1172, #3464, #132 ) ;
#2093 =( LENGTH_UNIT ( ) NAMED_UNIT ( * ) SI_UNIT ( .MILLI., .METRE. ) );
#2094 = FACE_OUTER_BOUND ( 'NONE', #2286, .T. ) ;
#2095 = CARTESIAN_POINT ( 'NONE',  ( -53.50000000000466116, 27.99999999999372946, -84.63104911140096931 ) ) ;
#2096 = DIRECTION ( 'NONE',  ( -0.000000000000000000, -0.000000000000000000, 1.000000000000000000 ) ) ;
#2097 = VECTOR ( 'NONE', #714, 1000.000000000000000 ) ;
#2098 = EDGE_CURVE ( 'NONE', #628, #1098, #2763, .T. ) ;
#2099 = ADVANCED_FACE ( 'NONE', ( #3084 ), #1648, .F. ) ;
#2100 = DIRECTION ( 'NONE',  ( -0.000000000000000000, -0.000000000000000000, -1.000000000000000000 ) ) ;
#2101 = ORIENTED_EDGE ( 'NONE', *, *, #2441, .F. ) ;
#2102 = CONICAL_SURFACE ( 'NONE', #1742, 4.500000000029425351, 0.7853981633974435050 ) ;
#2103 = DIRECTION ( 'NONE',  ( 0.000000000000000000, 0.000000000000000000, 1.000000000000000000 ) ) ;
#2104 = CYLINDRICAL_SURFACE ( 'NONE', #2193, 1.500000000029436009 ) ;
#2105 = EDGE_CURVE ( 'NONE', #2516, #384, #1022, .T. ) ;
#2106 = VERTEX_POINT ( 'NONE', #2291 ) ;
#2107 = DIRECTION ( 'NONE',  ( -1.000000000000000000, 0.000000000000000000, 0.000000000000000000 ) ) ;
#2108 = LINE ( 'NONE', #1557, #884 ) ;
#2109 = CARTESIAN_POINT ( 'NONE',  ( -73.45403433744590416, 40.40000000000126334, 7.500000000000000000 ) ) ;
#2110 = DIRECTION ( 'NONE',  ( 1.832051195753331637E-16, -1.000000000000000000, 0.000000000000000000 ) ) ;
#2111 = EDGE_LOOP ( 'NONE', ( #2080, #1153, #2327, #2894 ) ) ;
#2112 = AXIS2_PLACEMENT_3D ( 'NONE', #59, #2016, #3952 ) ;
#2113 = CARTESIAN_POINT ( 'NONE',  ( -66.60000000025779343, 36.00000000000330402, 0.000000000000000000 ) ) ;
#2114 = EDGE_LOOP ( 'NONE', ( #2973, #1845, #2795, #2074 ) ) ;
#2115 = DIRECTION ( 'NONE',  ( 1.000000000000000000, 0.000000000000000000, 0.000000000000000000 ) ) ;
#2116 = ORIENTED_EDGE ( 'NONE', *, *, #3727, .T. ) ;
#2117 = PLANE ( 'NONE',  #1258 ) ;
#2118 = ORIENTED_EDGE ( 'NONE', *, *, #3310, .F. ) ;
#2119 = CARTESIAN_POINT ( 'NONE',  ( -64.50000000000466116, -28.00000000000634870, 20.72792206144420391 ) ) ;
#2120 = CARTESIAN_POINT ( 'NONE',  ( 58.00000000003408474, -28.00000000000627409, 20.72792206144420391 ) ) ;
#2121 = FACE_OUTER_BOUND ( 'NONE', #1898, .T. ) ;
#2122 = EDGE_CURVE ( 'NONE', #3780, #3228, #248, .T. ) ;
#2123 = ORIENTED_EDGE ( 'NONE', *, *, #2574, .F. ) ;
#2124 = CARTESIAN_POINT ( 'NONE',  ( 53.50000000000466116, 27.99999999999372946, 20.72792206144420391 ) ) ;
#2125 = LINE ( 'NONE', #1778, #4029 ) ;
#2126 = DIRECTION ( 'NONE',  ( 1.000000000000000000, -6.938893903870069085E-15, 0.000000000000000000 ) ) ;
#2127 = EDGE_LOOP ( 'NONE', ( #3701, #211, #2008, #640 ) ) ;
#2128 = EDGE_CURVE ( 'NONE', #1912, #3685, #148, .T. ) ;
#2129 = CIRCLE ( 'NONE', #1230, 4.500000000029425351 ) ;
#2130 = ORIENTED_EDGE ( 'NONE', *, *, #1677, .F. ) ;
#2131 = FACE_OUTER_BOUND ( 'NONE', #1965, .T. ) ;
#2132 = CARTESIAN_POINT ( 'NONE',  ( 67.80403433744587005, -36.49999999990579624, 0.5000000000000004441 ) ) ;
#2133 = EDGE_LOOP ( 'NONE', ( #2378, #2340 ) ) ;
#2134 = CARTESIAN_POINT ( 'NONE',  ( -64.50000000000466116, -28.00000000000634870, 8.000000000003115730 ) ) ;
#2135 = ORIENTED_EDGE ( 'NONE', *, *, #181, .F. ) ;
#2136 = AXIS2_PLACEMENT_3D ( 'NONE', #1187, #522, #3192 ) ;
#2137 = FACE_OUTER_BOUND ( 'NONE', #3277, .T. ) ;
#2138 = EDGE_LOOP ( 'NONE', ( #1066, #3669, #258, #347 ) ) ;
#2139 = ORIENTED_EDGE ( 'NONE', *, *, #2652, .T. ) ;
#2140 = DIRECTION ( 'NONE',  ( -0.000000000000000000, -0.000000000000000000, -1.000000000000000000 ) ) ;
#2141 = AXIS2_PLACEMENT_3D ( 'NONE', #3534, #2855, #1566 ) ;
#2142 = CIRCLE ( 'NONE', #3692, 1.500000000029366731 ) ;
#2143 = CARTESIAN_POINT ( 'NONE',  ( -64.50000000000466116, 27.99999999999365130, 7.000000000003114842 ) ) ;
#2144 = DIRECTION ( 'NONE',  ( 0.000000000000000000, -0.000000000000000000, -1.000000000000000000 ) ) ;
#2145 = VECTOR ( 'NONE', #3017, 1000.000000000000000 ) ;
#2146 = DIRECTION ( 'NONE',  ( 0.000000000000000000, -0.000000000000000000, -1.000000000000000000 ) ) ;
#2147 = CARTESIAN_POINT ( 'NONE',  ( -55.50000000003409895, -28.00000000000627409, 8.000000000003115730 ) ) ;
#2148 = EDGE_CURVE ( 'NONE', #2913, #208, #4261, .T. ) ;
#2149 = DIRECTION ( 'NONE',  ( 0.7071067811865493491, 0.000000000000000000, 0.7071067811865456854 ) ) ;
#2150 = CARTESIAN_POINT ( 'NONE',  ( -73.45403433744590416, 44.90000000000125624, 0.5000000000000004441 ) ) ;
#2151 = EDGE_LOOP ( 'NONE', ( #3586, #3268, #1524, #2662 ) ) ;
#2152 = CIRCLE ( 'NONE', #1163, 2.000000000029450220 ) ;
#2153 = EDGE_CURVE ( 'NONE', #454, #2455, #871, .T. ) ;
#2154 = LINE ( 'NONE', #160, #1563 ) ;
#2155 = DIRECTION ( 'NONE',  ( 0.7071067811865435759, 0.000000000000000000, 0.7071067811865515695 ) ) ;
#2156 = CARTESIAN_POINT ( 'NONE',  ( 62.99999999997524469, 27.99999999999365485, 7.500000000003087308 ) ) ;
#2157 = STYLED_ITEM ( 'NONE', ( #3914 ), #115 ) ;
#2158 = LINE ( 'NONE', #3364, #781 ) ;
#2159 = ORIENTED_EDGE ( 'NONE', *, *, #455, .F. ) ;
#2160 = CARTESIAN_POINT ( 'NONE',  ( 53.50000000000466116, 18.49999999996429523, -84.63104911140096931 ) ) ;
#2161 = ORIENTED_EDGE ( 'NONE', *, *, #1156, .F. ) ;
#2162 = DIRECTION ( 'NONE',  ( -0.000000000000000000, -0.000000000000000000, -1.000000000000000000 ) ) ;
#2163 = AXIS2_PLACEMENT_3D ( 'NONE', #106, #2405, #2731 ) ;
#2164 = EDGE_LOOP ( 'NONE', ( #40, #1708, #1158, #603 ) ) ;
#2165 = CARTESIAN_POINT ( 'NONE',  ( 62.49999999997521627, 27.99999999999365485, 8.000000000003115730 ) ) ;
#2166 = DIRECTION ( 'NONE',  ( 0.000000000000000000, 0.000000000000000000, 1.000000000000000000 ) ) ;
#2167 = ORIENTED_EDGE ( 'NONE', *, *, #1156, .T. ) ;
#2168 = AXIS2_PLACEMENT_3D ( 'NONE', #1141, #4119, #3791 ) ;
#2169 = CARTESIAN_POINT ( 'NONE',  ( 53.50000000000465405, -27.99999999999374012, 2.500000000000000000 ) ) ;
#2170 = CIRCLE ( 'NONE', #2576, 4.500000000000000000 ) ;
#2171 = CARTESIAN_POINT ( 'NONE',  ( -53.50000000000466116, 27.99999999999372946, 3.500000000000034195 ) ) ;
#2172 = DIRECTION ( 'NONE',  ( -1.000000000000000000, 0.000000000000000000, 0.000000000000000000 ) ) ;
#2173 = ORIENTED_EDGE ( 'NONE', *, *, #4131, .F. ) ;
#2174 = CARTESIAN_POINT ( 'NONE',  ( 48.99999999997523759, 27.99999999999372946, 7.000000000003114842 ) ) ;
#2175 = EDGE_CURVE ( 'NONE', #1486, #2273, #2195, .T. ) ;
#2176 = CONICAL_SURFACE ( 'NONE', #2318, 5.150000000000015454, 0.7853981633974415066 ) ;
#2177 = DIRECTION ( 'NONE',  ( 0.000000000000000000, -0.000000000000000000, -1.000000000000000000 ) ) ;
#2178 = ORIENTED_EDGE ( 'NONE', *, *, #3645, .T. ) ;
#2179 = CIRCLE ( 'NONE', #776, 2.000000000029436453 ) ;
#2180 = DIRECTION ( 'NONE',  ( 1.000000000000000000, 3.485468137178896589E-16, 0.000000000000000000 ) ) ;
#2181 = ORIENTED_EDGE ( 'NONE', *, *, #4252, .F. ) ;
#2182 = EDGE_CURVE ( 'NONE', #2822, #994, #3637, .T. ) ;
#2183 = ORIENTED_EDGE ( 'NONE', *, *, #751, .F. ) ;
#2184 = ADVANCED_FACE ( 'NONE', ( #3842 ), #2024, .F. ) ;
#2185 = VECTOR ( 'NONE', #3654, 1000.000000000000000 ) ;
#2186 = DIRECTION ( 'NONE',  ( -1.000000000000000000, 0.000000000000000000, 0.000000000000000000 ) ) ;
#2187 = ORIENTED_EDGE ( 'NONE', *, *, #1534, .T. ) ;
#2188 = VERTEX_POINT ( 'NONE', #724 ) ;
#2189 = CARTESIAN_POINT ( 'NONE',  ( -62.60000000025780764, 36.00000000000330402, 0.000000000000000000 ) ) ;
#2190 = DIRECTION ( 'NONE',  ( 1.000000000000000000, 0.000000000000000000, -0.000000000000000000 ) ) ;
#2191 = VECTOR ( 'NONE', #3847, 1000.000000000000000 ) ;
#2192 = CARTESIAN_POINT ( 'NONE',  ( 64.50000000000466116, -28.00000000000634870, 20.72792206144420391 ) ) ;
#2193 = AXIS2_PLACEMENT_3D ( 'NONE', #1004, #2658, #2310 ) ;
#2194 = CARTESIAN_POINT ( 'NONE',  ( -73.45403433744590416, 44.90000000000125624, 2.500000000000000000 ) ) ;
#2195 = CIRCLE ( 'NONE', #1850, 2.000000000029436453 ) ;
#2196 = ORIENTED_EDGE ( 'NONE', *, *, #3856, .T. ) ;
#2197 = ADVANCED_FACE ( 'NONE', ( #3283 ), #2561, .F. ) ;
#2198 = AXIS2_PLACEMENT_3D ( 'NONE', #870, #3486, #1544 ) ;
#2199 = FACE_OUTER_BOUND ( 'NONE', #318, .T. ) ;
#2200 = ORIENTED_EDGE ( 'NONE', *, *, #2204, .F. ) ;
#2201 = DIRECTION ( 'NONE',  ( -0.000000000000000000, -0.000000000000000000, -1.000000000000000000 ) ) ;
#2202 = VECTOR ( 'NONE', #1312, 1000.000000000000000 ) ;
#2203 = DIRECTION ( 'NONE',  ( -0.7071067811865483499, 8.659560562354942719E-17, 0.7071067811865467956 ) ) ;
#2204 = EDGE_CURVE ( 'NONE', #2580, #1865, #1341, .T. ) ;
#2205 = ORIENTED_EDGE ( 'NONE', *, *, #3512, .F. ) ;
#2206 = DIRECTION ( 'NONE',  ( -0.000000000000000000, -0.000000000000000000, 1.000000000000000000 ) ) ;
#2207 = LINE ( 'NONE', #2415, #3753 ) ;
#2208 = CARTESIAN_POINT ( 'NONE',  ( 53.50000000000466116, 27.99999999999372946, 3.500000000000034195 ) ) ;
#2209 = ADVANCED_FACE ( 'NONE', ( #1075 ), #3325, .T. ) ;
#2210 = DIRECTION ( 'NONE',  ( -0.000000000000000000, -0.000000000000000000, -1.000000000000000000 ) ) ;
#2211 = ORIENTED_EDGE ( 'NONE', *, *, #556, .F. ) ;
#2212 = LINE ( 'NONE', #1880, #1761 ) ;
#2213 = EDGE_CURVE ( 'NONE', #2225, #961, #4144, .T. ) ;
#2214 = UNCERTAINTY_MEASURE_WITH_UNIT (LENGTH_MEASURE( 1.000000000000000082E-05 ), #1775, 'distance_accuracy_value', 'NONE');
#2215 = DIRECTION ( 'NONE',  ( -1.000000000000000000, 0.000000000000000000, 0.000000000000000000 ) ) ;
#2216 = ORIENTED_EDGE ( 'NONE', *, *, #2939, .F. ) ;
#2217 = DIRECTION ( 'NONE',  ( 0.000000000000000000, 0.000000000000000000, 1.000000000000000000 ) ) ;
#2218 = CARTESIAN_POINT ( 'NONE',  ( 64.50000000000466116, 27.99999999999365130, 20.72792206144420391 ) ) ;
#2219 = DIRECTION ( 'NONE',  ( 0.000000000000000000, -0.000000000000000000, -1.000000000000000000 ) ) ;
#2220 = ORIENTED_EDGE ( 'NONE', *, *, #868, .T. ) ;
#2221 = ADVANCED_FACE ( 'NONE', ( #200 ), #1549, .F. ) ;
#2222 = DIRECTION ( 'NONE',  ( 1.000000000000000000, 0.000000000000000000, 0.000000000000000000 ) ) ;
#2223 = CARTESIAN_POINT ( 'NONE',  ( 66.50000000003410605, -28.00000000000634870, 8.000000000003115730 ) ) ;
#2224 = CIRCLE ( 'NONE', #3430, 5.500000000029453773 ) ;
#2225 = VERTEX_POINT ( 'NONE', #355 ) ;
#2226 = DIRECTION ( 'NONE',  ( -0.000000000000000000, -0.000000000000000000, -1.000000000000000000 ) ) ;
#2227 = FACE_OUTER_BOUND ( 'NONE', #2138, .T. ) ;
#2228 = CARTESIAN_POINT ( 'NONE',  ( 73.45403433744590416, 40.40000000000127045, 7.500000000000000000 ) ) ;
#2229 = ORIENTED_EDGE ( 'NONE', *, *, #1918, .T. ) ;
#2230 = LINE ( 'NONE', #1460, #2910 ) ;
#2231 = EDGE_CURVE ( 'NONE', #3115, #1925, #1238, .T. ) ;
#2232 = DIRECTION ( 'NONE',  ( -0.000000000000000000, -0.000000000000000000, 1.000000000000000000 ) ) ;
#2233 = AXIS2_PLACEMENT_3D ( 'NONE', #1189, #1495, #2461 ) ;
#2234 = DIRECTION ( 'NONE',  ( 0.000000000000000000, 1.000000000000000000, 0.000000000000000000 ) ) ;
#2235 = ORIENTED_EDGE ( 'NONE', *, *, #3916, .F. ) ;
#2236 = DIRECTION ( 'NONE',  ( 1.000000000000000000, 0.000000000000000000, 0.000000000000000000 ) ) ;
#2237 = CARTESIAN_POINT ( 'NONE',  ( -62.99999999997524469, -28.00000000000634870, 7.500000000003115730 ) ) ;
#2238 = LINE ( 'NONE', #1826, #2025 ) ;
#2239 = ORIENTED_EDGE ( 'NONE', *, *, #2884, .F. ) ;
#2240 = EDGE_CURVE ( 'NONE', #4044, #280, #2088, .T. ) ;
#2241 = DIRECTION ( 'NONE',  ( 0.000000000000000000, 0.000000000000000000, 1.000000000000000000 ) ) ;
#2242 = VERTEX_POINT ( 'NONE', #1017 ) ;
#2243 = VERTEX_POINT ( 'NONE', #2363 ) ;
#2244 = ADVANCED_FACE ( 'NONE', ( #3183 ), #4258, .T. ) ;
#2245 = DIRECTION ( 'NONE',  ( 1.000000000000000000, 0.000000000000000000, 0.000000000000000000 ) ) ;
#2246 = CONICAL_SURFACE ( 'NONE', #1478, 4.500000000029425351, 0.7853981633974435050 ) ;
#2247 = AXIS2_PLACEMENT_3D ( 'NONE', #419, #2715, #3349 ) ;
#2248 = DIRECTION ( 'NONE',  ( -0.000000000000000000, -0.000000000000000000, -1.000000000000000000 ) ) ;
#2249 = DIRECTION ( 'NONE',  ( -1.000000000000000000, 0.000000000000000000, 0.000000000000000000 ) ) ;
#2250 = VECTOR ( 'NONE', #1906, 1000.000000000000000 ) ;
#2251 = ORIENTED_EDGE ( 'NONE', *, *, #4203, .T. ) ;
#2252 = CARTESIAN_POINT ( 'NONE',  ( -53.50000000000466116, -28.00000000000627409, 2.500000000000000000 ) ) ;
#2253 = CARTESIAN_POINT ( 'NONE',  ( -69.00000000003409184, 27.99999999999365130, 3.500000000000034195 ) ) ;
#2254 = AXIS2_PLACEMENT_3D ( 'NONE', #1144, #2421, #1466 ) ;
#2255 = FACE_OUTER_BOUND ( 'NONE', #2314, .T. ) ;
#2256 = VERTEX_POINT ( 'NONE', #3626 ) ;
#2257 = ADVANCED_FACE ( 'NONE', ( #2711 ), #2012, .T. ) ;
#2258 = DIRECTION ( 'NONE',  ( -0.000000000000000000, -0.000000000000000000, -1.000000000000000000 ) ) ;
#2259 = CYLINDRICAL_SURFACE ( 'NONE', #2394, 4.500000000029425351 ) ;
#2260 = ORIENTED_EDGE ( 'NONE', *, *, #2552, .T. ) ;
#2261 = DIRECTION ( 'NONE',  ( -1.000000000000000000, -3.485468137178896589E-16, 0.000000000000000000 ) ) ;
#2262 = LINE ( 'NONE', #4079, #1853 ) ;
#2263 = AXIS2_PLACEMENT_3D ( 'NONE', #1855, #3829, #545 ) ;
#2264 = DIRECTION ( 'NONE',  ( 0.7071067811865441310, 0.000000000000000000, -0.7071067811865507924 ) ) ;
#2265 = CONICAL_SURFACE ( 'NONE', #3168, 4.500000000029425351, 0.7853981633974566057 ) ;
#2266 = DIRECTION ( 'NONE',  ( -0.000000000000000000, -0.000000000000000000, -1.000000000000000000 ) ) ;
#2267 = EDGE_CURVE ( 'NONE', #1654, #1398, #402, .T. ) ;
#2268 = AXIS2_PLACEMENT_3D ( 'NONE', #10, #3925, #986 ) ;
#2269 = DIRECTION ( 'NONE',  ( 1.000000000000000000, 0.000000000000000000, -0.000000000000000000 ) ) ;
#2270 = ORIENTED_EDGE ( 'NONE', *, *, #676, .F. ) ;
#2271 = CARTESIAN_POINT ( 'NONE',  ( -66.50000000003412026, -28.00000000000634870, 8.000000000003115730 ) ) ;
#2272 = VECTOR ( 'NONE', #748, 1000.000000000000000 ) ;
#2273 = VERTEX_POINT ( 'NONE', #3984 ) ;
#2274 = DIRECTION ( 'NONE',  ( 1.000000000000000000, 0.000000000000000000, 0.000000000000000000 ) ) ;
#2275 = EDGE_CURVE ( 'NONE', #2455, #2800, #1844, .T. ) ;
#2276 = EDGE_LOOP ( 'NONE', ( #1813, #2786, #3901, #3130 ) ) ;
#2277 = CARTESIAN_POINT ( 'NONE',  ( -72.95403433744590416, 40.40000000000126334, 0.000000000000000000 ) ) ;
#2278 = ADVANCED_FACE ( 'NONE', ( #2041 ), #970, .T. ) ;
#2279 = DIRECTION ( 'NONE',  ( 1.000000000000000000, 0.000000000000000000, 0.000000000000000000 ) ) ;
#2280 = ORIENTED_EDGE ( 'NONE', *, *, #3505, .T. ) ;
#2281 = DIRECTION ( 'NONE',  ( 0.000000000000000000, 0.000000000000000000, 1.000000000000000000 ) ) ;
#2282 = CARTESIAN_POINT ( 'NONE',  ( 63.45403433744591126, 18.49999999996429878, -84.63104911140096931 ) ) ;
#2283 = AXIS2_PLACEMENT_3D ( 'NONE', #178, #4064, #1787 ) ;
#2284 = ORIENTED_EDGE ( 'NONE', *, *, #3156, .T. ) ;
#2285 = LINE ( 'NONE', #3689, #3724 ) ;
#2286 = EDGE_LOOP ( 'NONE', ( #3898, #3206, #3174, #1303 ) ) ;
#2287 = FACE_OUTER_BOUND ( 'NONE', #409, .T. ) ;
#2288 = DIRECTION ( 'NONE',  ( 0.7071067811865544561, 0.000000000000000000, 0.7071067811865405783 ) ) ;
#2289 = VERTEX_POINT ( 'NONE', #1443 ) ;
#2290 = EDGE_CURVE ( 'NONE', #180, #2516, #95, .T. ) ;
#2291 = CARTESIAN_POINT ( 'NONE',  ( 48.99999999997523759, 27.99999999999372946, 3.500000000000034195 ) ) ;
#2292 = CONICAL_SURFACE ( 'NONE', #1056, 4.500000000029425351, 0.7853981633974435050 ) ;
#2293 = ORIENTED_EDGE ( 'NONE', *, *, #3956, .T. ) ;
#2294 = ORIENTED_EDGE ( 'NONE', *, *, #3373, .T. ) ;
#2295 = DIRECTION ( 'NONE',  ( -1.000000000000000000, 0.000000000000000000, 0.000000000000000000 ) ) ;
#2296 = VECTOR ( 'NONE', #2451, 1000.000000000000000 ) ;
#2297 = CARTESIAN_POINT ( 'NONE',  ( 66.00000000003397815, 27.99999999999365485, 7.500000000003087308 ) ) ;
#2298 = ORIENTED_EDGE ( 'NONE', *, *, #3082, .F. ) ;
#2299 = EDGE_CURVE ( 'NONE', #2590, #1865, #3542, .T. ) ;
#2300 = VERTEX_POINT ( 'NONE', #3754 ) ;
#2301 = ADVANCED_FACE ( 'NONE', ( #457, #3593 ), #4069, .F. ) ;
#2302 = CIRCLE ( 'NONE', #2338, 4.150000000000001243 ) ;
#2303 = ORIENTED_EDGE ( 'NONE', *, *, #722, .F. ) ;
#2304 = DIRECTION ( 'NONE',  ( -0.000000000000000000, -1.000000000000000000, -0.000000000000000000 ) ) ;
#2305 = CIRCLE ( 'NONE', #2812, 4.150000000000001243 ) ;
#2306 = ORIENTED_EDGE ( 'NONE', *, *, #2945, .T. ) ;
#2307 = DIRECTION ( 'NONE',  ( -0.000000000000000000, -0.000000000000000000, -1.000000000000000000 ) ) ;
#2308 = DIRECTION ( 'NONE',  ( 0.000000000000000000, -0.000000000000000000, -1.000000000000000000 ) ) ;
#2309 = ORIENTED_EDGE ( 'NONE', *, *, #1407, .T. ) ;
#2310 = DIRECTION ( 'NONE',  ( -1.000000000000000000, 0.000000000000000000, 0.000000000000000000 ) ) ;
#2311 = CYLINDRICAL_SURFACE ( 'NONE', #333, 1.500000000029422242 ) ;
#2312 = CARTESIAN_POINT ( 'NONE',  ( -59.99999999997523759, -28.00000000000634870, 3.500000000000034195 ) ) ;
#2313 = DIRECTION ( 'NONE',  ( -1.000000000000000000, 0.000000000000000000, 0.000000000000000000 ) ) ;
#2314 = EDGE_LOOP ( 'NONE', ( #4115, #1982, #663, #1817 ) ) ;
#2315 = CIRCLE ( 'NONE', #304, 3.500000000029410252 ) ;
#2316 = EDGE_CURVE ( 'NONE', #280, #51, #1888, .T. ) ;
#2317 = CARTESIAN_POINT ( 'NONE',  ( -55.50000000003409895, 27.99999999999372946, 8.000000000003115730 ) ) ;
#2318 = AXIS2_PLACEMENT_3D ( 'NONE', #3204, #905, #1555 ) ;
#2319 = FACE_OUTER_BOUND ( 'NONE', #3731, .T. ) ;
#2320 = ADVANCED_FACE ( 'NONE', ( #3491 ), #2619, .T. ) ;
#2321 = DIRECTION ( 'NONE',  ( 0.000000000000000000, 0.000000000000000000, 1.000000000000000000 ) ) ;
#2322 = EDGE_CURVE ( 'NONE', #687, #2966, #3383, .T. ) ;
#2323 = ORIENTED_EDGE ( 'NONE', *, *, #1522, .F. ) ;
#2324 = DIRECTION ( 'NONE',  ( 0.000000000000000000, 0.000000000000000000, 1.000000000000000000 ) ) ;
#2325 = ORIENTED_EDGE ( 'NONE', *, *, #2175, .T. ) ;
#2326 = EDGE_CURVE ( 'NONE', #1542, #2503, #1125, .T. ) ;
#2327 = ORIENTED_EDGE ( 'NONE', *, *, #4186, .T. ) ;
#2328 = CARTESIAN_POINT ( 'NONE',  ( -73.45403433744590416, 44.90000000000125624, 0.5000000000000004441 ) ) ;
#2329 = DIRECTION ( 'NONE',  ( -1.000000000000000000, 0.000000000000000000, 0.000000000000000000 ) ) ;
#2330 = ORIENTED_EDGE ( 'NONE', *, *, #3651, .T. ) ;
#2331 = CARTESIAN_POINT ( 'NONE',  ( 58.00000000003408474, 27.99999999999372946, 3.500000000000034195 ) ) ;
#2332 = AXIS2_PLACEMENT_3D ( 'NONE', #3069, #2051, #4050 ) ;
#2333 = CONICAL_SURFACE ( 'NONE', #232, 2.150000000051346838, 0.7853981633974566057 ) ;
#2334 = ORIENTED_EDGE ( 'NONE', *, *, #1760, .F. ) ;
#2335 = ADVANCED_FACE ( 'NONE', ( #1745 ), #1018, .F. ) ;
#2336 = CARTESIAN_POINT ( 'NONE',  ( 64.50000000000466116, -28.00000000000634870, 8.000000000003115730 ) ) ;
#2337 = CIRCLE ( 'NONE', #998, 4.500000000029425351 ) ;
#2338 = AXIS2_PLACEMENT_3D ( 'NONE', #2858, #1206, #2832 ) ;
#2339 = DIRECTION ( 'NONE',  ( 0.000000000000000000, -0.000000000000000000, -1.000000000000000000 ) ) ;
#2340 = ORIENTED_EDGE ( 'NONE', *, *, #3727, .F. ) ;
#2341 = DIRECTION ( 'NONE',  ( -1.000000000000000000, 0.000000000000000000, 0.000000000000000000 ) ) ;
#2342 = FACE_OUTER_BOUND ( 'NONE', #3820, .T. ) ;
#2343 = PLANE ( 'NONE',  #1319 ) ;
#2344 = ORIENTED_EDGE ( 'NONE', *, *, #1273, .T. ) ;
#2345 = ORIENTED_EDGE ( 'NONE', *, *, #1889, .F. ) ;
#2346 = EDGE_CURVE ( 'NONE', #1614, #2584, #1690, .T. ) ;
#2347 = DIRECTION ( 'NONE',  ( 1.000000000000000000, 0.000000000000000000, -0.000000000000000000 ) ) ;
#2348 = AXIS2_PLACEMENT_3D ( 'NONE', #43, #1660, #3357 ) ;
#2349 = FACE_OUTER_BOUND ( 'NONE', #3863, .T. ) ;
#2350 = CARTESIAN_POINT ( 'NONE',  ( -67.80403433744587005, 40.40000000000127045, 3.000000000000000000 ) ) ;
#2351 = ORIENTED_EDGE ( 'NONE', *, *, #3604, .F. ) ;
#2352 = EDGE_CURVE ( 'NONE', #3526, #252, #2761, .T. ) ;
#2353 = ORIENTED_EDGE ( 'NONE', *, *, #2599, .F. ) ;
#2354 = DIRECTION ( 'NONE',  ( -0.000000000000000000, -0.000000000000000000, -1.000000000000000000 ) ) ;
#2355 = DIRECTION ( 'NONE',  ( 1.000000000000000000, 0.000000000000000000, 0.000000000000000000 ) ) ;
#2356 = CYLINDRICAL_SURFACE ( 'NONE', #1618, 1.500000000029366731 ) ;
#2357 = DIRECTION ( 'NONE',  ( -1.000000000000000000, 0.000000000000000000, 0.000000000000000000 ) ) ;
#2358 = ORIENTED_EDGE ( 'NONE', *, *, #1967, .F. ) ;
#2359 = LINE ( 'NONE', #576, #823 ) ;
#2360 = CARTESIAN_POINT ( 'NONE',  ( -53.50000000000466116, 27.99999999999372946, 2.500000000000000000 ) ) ;
#2361 = AXIS2_PLACEMENT_3D ( 'NONE', #4060, #1479, #3137 ) ;
#2362 = ADVANCED_FACE ( 'NONE', ( #1790 ), #2512, .T. ) ;
#2363 = CARTESIAN_POINT ( 'NONE',  ( -47.99999999997521627, 27.99999999999372946, 2.500000000000000000 ) ) ;
#2364 = ORIENTED_EDGE ( 'NONE', *, *, #1273, .F. ) ;
#2365 = FACE_OUTER_BOUND ( 'NONE', #1722, .T. ) ;
#2366 = DIRECTION ( 'NONE',  ( -0.000000000000000000, -0.000000000000000000, 1.000000000000000000 ) ) ;
#2367 = ORIENTED_EDGE ( 'NONE', *, *, #158, .T. ) ;
#2368 = DIRECTION ( 'NONE',  ( -1.000000000000000000, 0.000000000000000000, 0.000000000000000000 ) ) ;
#2369 = VECTOR ( 'NONE', #2203, 999.9999999999998863 ) ;
#2370 = AXIS2_PLACEMENT_3D ( 'NONE', #491, #1535, #2217 ) ;
#2371 = DIRECTION ( 'NONE',  ( -0.000000000000000000, -0.000000000000000000, -1.000000000000000000 ) ) ;
#2372 = CARTESIAN_POINT ( 'NONE',  ( 64.50000000000466116, 27.99999999999365130, 7.000000000003114842 ) ) ;
#2373 = ORIENTED_EDGE ( 'NONE', *, *, #2636, .T. ) ;
#2374 = VERTEX_POINT ( 'NONE', #2057 ) ;
#2375 = EDGE_CURVE ( 'NONE', #3840, #1551, #42, .T. ) ;
#2376 = DIRECTION ( 'NONE',  ( -0.000000000000000000, -0.000000000000000000, -1.000000000000000000 ) ) ;
#2377 = DIRECTION ( 'NONE',  ( 2.365532012696977420E-16, -1.000000000000000000, 0.000000000000000000 ) ) ;
#2378 = ORIENTED_EDGE ( 'NONE', *, *, #1918, .F. ) ;
#2379 = DIRECTION ( 'NONE',  ( 1.000000000000000000, 0.000000000000000000, -0.000000000000000000 ) ) ;
#2380 = EDGE_CURVE ( 'NONE', #846, #142, #3436, .T. ) ;
#2381 = ORIENTED_EDGE ( 'NONE', *, *, #1837, .T. ) ;
#2382 = LINE ( 'NONE', #250, #3114 ) ;
#2383 = ADVANCED_FACE ( 'NONE', ( #914 ), #3795, .F. ) ;
#2384 = CARTESIAN_POINT ( 'NONE',  ( -67.80403433744587005, -36.49999999990578914, 7.500000000000000000 ) ) ;
#2385 = ORIENTED_EDGE ( 'NONE', *, *, #532, .F. ) ;
#2386 = PRESENTATION_LAYER_ASSIGNMENT (  '', '', ( #2157 ) ) ;
#2387 = CARTESIAN_POINT ( 'NONE',  ( -67.80403433744587005, -34.99999999990579624, 7.500000000000000000 ) ) ;
#2388 = CIRCLE ( 'NONE', #3397, 1.650000000051360383 ) ;
#2389 = ORIENTED_EDGE ( 'NONE', *, *, #4131, .T. ) ;
#2390 = CARTESIAN_POINT ( 'NONE',  ( -53.50000000000466116, -28.00000000000627409, 20.72792206144420391 ) ) ;
#2391 = LINE ( 'NONE', #3628, #441 ) ;
#2392 = DIRECTION ( 'NONE',  ( -1.000000000000000000, 0.000000000000000000, 0.000000000000000000 ) ) ;
#2393 = ORIENTED_EDGE ( 'NONE', *, *, #3645, .F. ) ;
#2394 = AXIS2_PLACEMENT_3D ( 'NONE', #2192, #3208, #3543 ) ;
#2395 = CIRCLE ( 'NONE', #3774, 1.500000000029422242 ) ;
#2396 = CARTESIAN_POINT ( 'NONE',  ( -66.60000000025779343, 44.40000000000125624, 0.000000000000000000 ) ) ;
#2397 = EDGE_LOOP ( 'NONE', ( #1175, #3462, #2742, #1193 ) ) ;
#2398 = ORIENTED_EDGE ( 'NONE', *, *, #2322, .T. ) ;
#2399 = CARTESIAN_POINT ( 'NONE',  ( -64.50000000000466116, -28.00000000000634870, 1.500000000000001332 ) ) ;
#2400 = EDGE_CURVE ( 'NONE', #1310, #1828, #2302, .T. ) ;
#2401 = AXIS2_PLACEMENT_3D ( 'NONE', #1334, #2963, #635 ) ;
#2402 = FACE_OUTER_BOUND ( 'NONE', #364, .T. ) ;
#2403 = CARTESIAN_POINT ( 'NONE',  ( -66.60000000025779343, 40.40000000000126334, 0.000000000000000000 ) ) ;
#2404 = ORIENTED_EDGE ( 'NONE', *, *, #2322, .F. ) ;
#2405 = DIRECTION ( 'NONE',  ( -0.000000000000000000, 0.000000000000000000, 1.000000000000000000 ) ) ;
#2406 = ORIENTED_EDGE ( 'NONE', *, *, #751, .T. ) ;
#2407 = VECTOR ( 'NONE', #4015, 1000.000000000000000 ) ;
#2408 = ORIENTED_EDGE ( 'NONE', *, *, #489, .T. ) ;
#2409 = EDGE_CURVE ( 'NONE', #3201, #311, #1298, .T. ) ;
#2410 = ADVANCED_FACE ( 'NONE', ( #1185 ), #555, .F. ) ;
#2411 = CARTESIAN_POINT ( 'NONE',  ( 53.50000000000466116, 27.99999999999372946, 8.000000000003115730 ) ) ;
#2412 = CYLINDRICAL_SURFACE ( 'NONE', #2957, 1.500000000029436009 ) ;
#2413 = ORIENTED_EDGE ( 'NONE', *, *, #1269, .F. ) ;
#2414 = CARTESIAN_POINT ( 'NONE',  ( -59.99999999997523759, 27.99999999999365130, 3.500000000000034195 ) ) ;
#2415 = CARTESIAN_POINT ( 'NONE',  ( -43.99999999997522337, -27.99999999999374012, 2.500000000000000000 ) ) ;
#2416 = EDGE_CURVE ( 'NONE', #23, #2861, #302, .T. ) ;
#2417 = DIRECTION ( 'NONE',  ( -0.000000000000000000, -0.000000000000000000, -1.000000000000000000 ) ) ;
#2418 = ORIENTED_EDGE ( 'NONE', *, *, #947, .T. ) ;
#2419 = LINE ( 'NONE', #2879, #928 ) ;
#2420 = SURFACE_STYLE_USAGE ( .BOTH. , #3652 ) ;
#2421 = DIRECTION ( 'NONE',  ( -0.000000000000000000, -0.000000000000000000, -1.000000000000000000 ) ) ;
#2422 = CIRCLE ( 'NONE', #139, 1.500000000029436009 ) ;
#2423 = FILL_AREA_STYLE_COLOUR ( '', #2740 ) ;
#2424 = AXIS2_PLACEMENT_3D ( 'NONE', #2924, #3541, #2878 ) ;
#2425 = DIRECTION ( 'NONE',  ( 0.000000000000000000, -0.000000000000000000, -1.000000000000000000 ) ) ;
#2426 = DIRECTION ( 'NONE',  ( -0.000000000000000000, -0.000000000000000000, -1.000000000000000000 ) ) ;
#2427 = CIRCLE ( 'NONE', #1637, 2.150000000051346838 ) ;
#2428 = AXIS2_PLACEMENT_3D ( 'NONE', #752, #1752, #691 ) ;
#2429 = CARTESIAN_POINT ( 'NONE',  ( 53.50000000000466116, -28.00000000000627409, 8.000000000003115730 ) ) ;
#2430 = ORIENTED_EDGE ( 'NONE', *, *, #181, .T. ) ;
#2431 = ADVANCED_FACE ( 'NONE', ( #2931 ), #3693, .T. ) ;
#2432 = ORIENTED_EDGE ( 'NONE', *, *, #4027, .T. ) ;
#2433 = DIRECTION ( 'NONE',  ( 0.000000000000000000, 0.000000000000000000, -1.000000000000000000 ) ) ;
#2434 = CARTESIAN_POINT ( 'NONE',  ( -67.80403433744587005, -30.84999999990578701, 0.000000000000000000 ) ) ;
#2435 = CARTESIAN_POINT ( 'NONE',  ( 62.10000000025780054, 36.50000000000331113, 0.5000000000000004441 ) ) ;
#2436 = EDGE_CURVE ( 'NONE', #426, #1572, #1441, .T. ) ;
#2437 = AXIS2_PLACEMENT_3D ( 'NONE', #397, #26, #1377 ) ;
#2438 =( NAMED_UNIT ( * ) SI_UNIT ( $, .STERADIAN. ) SOLID_ANGLE_UNIT ( ) );
#2439 = ORIENTED_EDGE ( 'NONE', *, *, #321, .T. ) ;
#2440 = DIRECTION ( 'NONE',  ( 0.000000000000000000, 0.000000000000000000, 1.000000000000000000 ) ) ;
#2441 = EDGE_CURVE ( 'NONE', #1076, #44, #2820, .T. ) ;
#2442 = VECTOR ( 'NONE', #3882, 1000.000000000000000 ) ;
#2443 = ORIENTED_EDGE ( 'NONE', *, *, #1329, .T. ) ;
#2444 = CARTESIAN_POINT ( 'NONE',  ( -64.50000000000460432, 27.99999999999365485, 8.000000000003115730 ) ) ;
#2445 = CARTESIAN_POINT ( 'NONE',  ( -47.99999999997521627, -28.00000000000627409, 2.500000000000000000 ) ) ;
#2446 = VECTOR ( 'NONE', #2831, 1000.000000000000000 ) ;
#2447 = DIRECTION ( 'NONE',  ( 0.000000000000000000, -0.7071067811865525687, -0.7071067811865425767 ) ) ;
#2448 = EDGE_LOOP ( 'NONE', ( #3660, #3374, #2541, #1026 ) ) ;
#2449 = CARTESIAN_POINT ( 'NONE',  ( 69.00000000003409184, 27.99999999999365130, 3.500000000000034195 ) ) ;
#2450 = CONICAL_SURFACE ( 'NONE', #1511, 4.500000000029425351, 0.7853981633974435050 ) ;
#2451 = DIRECTION ( 'NONE',  ( -0.000000000000000000, -0.000000000000000000, 1.000000000000000000 ) ) ;
#2452 = ORIENTED_EDGE ( 'NONE', *, *, #1702, .F. ) ;
#2453 = DIRECTION ( 'NONE',  ( 0.000000000000000000, 0.000000000000000000, -1.000000000000000000 ) ) ;
#2454 = CARTESIAN_POINT ( 'NONE',  ( 53.50000000000466116, 27.99999999999372946, 1.500000000000001332 ) ) ;
#2455 = VERTEX_POINT ( 'NONE', #2189 ) ;
#2456 = AXIS2_PLACEMENT_3D ( 'NONE', #2629, #282, #670 ) ;
#2457 = ORIENTED_EDGE ( 'NONE', *, *, #262, .T. ) ;
#2458 = DIRECTION ( 'NONE',  ( -1.000000000000000000, 0.000000000000000000, 0.000000000000000000 ) ) ;
#2459 = CIRCLE ( 'NONE', #3363, 4.499999999999997335 ) ;
#2460 = CARTESIAN_POINT ( 'NONE',  ( -73.45403433744590416, 44.90000000000125624, 3.000000000000000000 ) ) ;
#2461 = DIRECTION ( 'NONE',  ( 1.000000000000000000, 0.000000000000000000, 0.000000000000000000 ) ) ;
#2462 = AXIS2_PLACEMENT_3D ( 'NONE', #2194, #896, #3197 ) ;
#2463 = DIRECTION ( 'NONE',  ( -1.000000000000000000, 0.000000000000000000, 0.000000000000000000 ) ) ;
#2464 = FACE_OUTER_BOUND ( 'NONE', #1150, .T. ) ;
#2465 = FACE_OUTER_BOUND ( 'NONE', #1688, .T. ) ;
#2466 = EDGE_CURVE ( 'NONE', #2901, #1925, #3080, .T. ) ;
#2467 = EDGE_LOOP ( 'NONE', ( #808, #2865, #3857, #3280 ) ) ;
#2468 = LINE ( 'NONE', #2821, #1611 ) ;
#2469 = CARTESIAN_POINT ( 'NONE',  ( 53.50000000000466116, 27.99999999999372946, 20.72792206144420391 ) ) ;
#2470 = ORIENTED_EDGE ( 'NONE', *, *, #337, .F. ) ;
#2471 = DIRECTION ( 'NONE',  ( -0.000000000000000000, -0.000000000000000000, 1.000000000000000000 ) ) ;
#2472 = CIRCLE ( 'NONE', #1079, 4.500000000029425351 ) ;
#2473 = DIRECTION ( 'NONE',  ( 0.7071067811865483499, 0.000000000000000000, 0.7071067811865467956 ) ) ;
#2474 = EDGE_CURVE ( 'NONE', #2948, #208, #1231, .T. ) ;
#2475 = DIRECTION ( 'NONE',  ( 0.000000000000000000, 0.000000000000000000, -1.000000000000000000 ) ) ;
#2476 = EDGE_LOOP ( 'NONE', ( #2735, #299, #1810, #666 ) ) ;
#2477 = CARTESIAN_POINT ( 'NONE',  ( 68.25000000030915714, 40.40000000000126334, 0.4999999999999765743 ) ) ;
#2478 = VECTOR ( 'NONE', #1140, 1000.000000000000000 ) ;
#2479 = DIRECTION ( 'NONE',  ( -0.000000000000000000, -0.000000000000000000, 1.000000000000000000 ) ) ;
#2480 = COLOUR_RGB ( '',0.2509803921568627416, 0.2509803921568627416, 0.2509803921568627416 ) ;
#2481 = AXIS2_PLACEMENT_3D ( 'NONE', #3662, #697, #1674 ) ;
#2482 = ORIENTED_EDGE ( 'NONE', *, *, #2546, .F. ) ;
#2483 = DIRECTION ( 'NONE',  ( 0.000000000000000000, 0.000000000000000000, 1.000000000000000000 ) ) ;
#2484 = ORIENTED_EDGE ( 'NONE', *, *, #3160, .F. ) ;
#2485 = DIRECTION ( 'NONE',  ( 0.000000000000000000, -0.000000000000000000, -1.000000000000000000 ) ) ;
#2486 = CARTESIAN_POINT ( 'NONE',  ( -66.60000000025779343, 40.40000000000126334, 1.999999999999995781 ) ) ;
#2487 = CARTESIAN_POINT ( 'NONE',  ( 48.99999999997523759, -28.00000000000627409, 3.500000000000034195 ) ) ;
#2488 = VERTEX_POINT ( 'NONE', #562 ) ;
#2489 = DIRECTION ( 'NONE',  ( -1.000000000000000000, 0.000000000000000000, 0.000000000000000000 ) ) ;
#2490 = CARTESIAN_POINT ( 'NONE',  ( -53.50000000000466116, 27.99999999999372946, 7.500000000003121947 ) ) ;
#2491 = LINE ( 'NONE', #2612, #894 ) ;
#2492 = EDGE_CURVE ( 'NONE', #1873, #4150, #813, .T. ) ;
#2493 = PRODUCT_DEFINITION_FORMATION_WITH_SPECIFIED_SOURCE ( 'ANY', '', #2061, .NOT_KNOWN. ) ;
#2494 = EDGE_LOOP ( 'NONE', ( #1089, #828, #34, #2070 ) ) ;
#2495 = DIRECTION ( 'NONE',  ( 0.7071067811865441310, 0.000000000000000000, -0.7071067811865507924 ) ) ;
#2496 = VECTOR ( 'NONE', #3659, 1000.000000000000000 ) ;
#2497 = CARTESIAN_POINT ( 'NONE',  ( 64.50000000000466116, 27.99999999999365130, 7.000000000003114842 ) ) ;
#2498 = ORIENTED_EDGE ( 'NONE', *, *, #1038, .F. ) ;
#2499 = EDGE_CURVE ( 'NONE', #2243, #1527, #1491, .T. ) ;
#2500 = CYLINDRICAL_SURFACE ( 'NONE', #3996, 4.500000000000000000 ) ;
#2501 = CARTESIAN_POINT ( 'NONE',  ( 67.80403433744587005, -30.84999999990578701, 2.500000000000000000 ) ) ;
#2502 = CARTESIAN_POINT ( 'NONE',  ( 59.99999999997523759, 27.99999999999365130, 20.72792206144420391 ) ) ;
#2503 = VERTEX_POINT ( 'NONE', #3523 ) ;
#2504 = CONICAL_SURFACE ( 'NONE', #886, 4.500000000029425351, 0.7853981633974435050 ) ;
#2505 = ORIENTED_EDGE ( 'NONE', *, *, #1721, .F. ) ;
#2506 = VERTEX_POINT ( 'NONE', #2487 ) ;
#2507 = AXIS2_PLACEMENT_3D ( 'NONE', #1525, #2190, #191 ) ;
#2508 = CARTESIAN_POINT ( 'NONE',  ( -53.50000000000466116, -28.00000000000627409, 8.000000000003115730 ) ) ;
#2509 = VECTOR ( 'NONE', #2679, 1000.000000000000000 ) ;
#2510 = ORIENTED_EDGE ( 'NONE', *, *, #2853, .T. ) ;
#2511 = EDGE_LOOP ( 'NONE', ( #240, #3866, #1355, #2690 ) ) ;
#2512 = CYLINDRICAL_SURFACE ( 'NONE', #3743, 4.500000000029425351 ) ;
#2513 = DIRECTION ( 'NONE',  ( 1.000000000000000000, 0.000000000000000000, 0.000000000000000000 ) ) ;
#2514 = DIRECTION ( 'NONE',  ( -1.000000000000000000, 0.000000000000000000, 0.000000000000000000 ) ) ;
#2515 = FACE_OUTER_BOUND ( 'NONE', #3851, .T. ) ;
#2516 = VERTEX_POINT ( 'NONE', #4120 ) ;
#2517 = CARTESIAN_POINT ( 'NONE',  ( -64.50000000000466116, -28.00000000000634870, 8.000000000003115730 ) ) ;
#2518 = EDGE_CURVE ( 'NONE', #2985, #2300, #3837, .T. ) ;
#2519 = DIRECTION ( 'NONE',  ( 1.000000000000000000, 0.000000000000000000, 0.000000000000000000 ) ) ;
#2520 = CARTESIAN_POINT ( 'NONE',  ( -63.45403433744591126, 18.49999999996429878, -84.63104911140096931 ) ) ;
#2521 = ORIENTED_EDGE ( 'NONE', *, *, #3789, .F. ) ;
#2522 = DIRECTION ( 'NONE',  ( 1.000000000000000000, 0.000000000000000000, 0.000000000000000000 ) ) ;
#2523 = CYLINDRICAL_SURFACE ( 'NONE', #1846, 1.500000000029436009 ) ;
#2524 = EDGE_CURVE ( 'NONE', #2516, #180, #702, .T. ) ;
#2525 = ORIENTED_EDGE ( 'NONE', *, *, #2961, .F. ) ;
#2526 = CARTESIAN_POINT ( 'NONE',  ( 62.60000000025782185, 40.40000000000126334, 0.000000000000000000 ) ) ;
#2527 = VECTOR ( 'NONE', #4155, 1000.000000000000000 ) ;
#2528 = CIRCLE ( 'NONE', #4174, 3.500000000029410252 ) ;
#2529 = DIRECTION ( 'NONE',  ( 0.000000000000000000, 0.000000000000000000, -1.000000000000000000 ) ) ;
#2530 = ADVANCED_FACE ( 'NONE', ( #3892 ), #2246, .T. ) ;
#2531 = CARTESIAN_POINT ( 'NONE',  ( -53.50000000000466116, -28.00000000000627409, 8.000000000003115730 ) ) ;
#2532 = CARTESIAN_POINT ( 'NONE',  ( -69.00000000003409184, 27.99999999999365130, 20.72792206144420391 ) ) ;
#2533 = ORIENTED_EDGE ( 'NONE', *, *, #1625, .T. ) ;
#2534 = EDGE_LOOP ( 'NONE', ( #3519, #3736, #3681, #3734 ) ) ;
#2535 = CARTESIAN_POINT ( 'NONE',  ( -58.00000000003408474, 27.99999999999372946, 3.500000000000034195 ) ) ;
#2536 = AXIS2_PLACEMENT_3D ( 'NONE', #2892, #922, #3581 ) ;
#2537 = FACE_OUTER_BOUND ( 'NONE', #189, .T. ) ;
#2538 = EDGE_CURVE ( 'NONE', #2002, #3381, #3132, .T. ) ;
#2539 = ADVANCED_FACE ( 'NONE', ( #2814 ), #3326, .F. ) ;
#2540 = CARTESIAN_POINT ( 'NONE',  ( 63.45403433744591126, -18.49999999996431299, 2.500000000000000000 ) ) ;
#2541 = ORIENTED_EDGE ( 'NONE', *, *, #1322, .T. ) ;
#2542 = AXIS2_PLACEMENT_3D ( 'NONE', #1327, #3622, #1665 ) ;
#2543 = CARTESIAN_POINT ( 'NONE',  ( -71.95403433744587574, 40.40000000000126334, 3.000000000000000000 ) ) ;
#2544 = PLANE ( 'NONE',  #3883 ) ;
#2545 = VERTEX_POINT ( 'NONE', #2237 ) ;
#2546 = EDGE_CURVE ( 'NONE', #3526, #938, #1391, .T. ) ;
#2547 = VECTOR ( 'NONE', #2620, 1000.000000000000000 ) ;
#2548 = DIRECTION ( 'NONE',  ( 1.000000000000000000, 0.000000000000000000, 0.000000000000000000 ) ) ;
#2549 = ORIENTED_EDGE ( 'NONE', *, *, #231, .T. ) ;
#2550 = FACE_OUTER_BOUND ( 'NONE', #651, .T. ) ;
#2551 = DIRECTION ( 'NONE',  ( 0.000000000000000000, 0.000000000000000000, 1.000000000000000000 ) ) ;
#2552 = EDGE_CURVE ( 'NONE', #284, #1836, #3278, .T. ) ;
#2553 = ORIENTED_EDGE ( 'NONE', *, *, #595, .F. ) ;
#2554 = DIRECTION ( 'NONE',  ( 1.000000000000000000, 0.000000000000000000, 0.000000000000000000 ) ) ;
#2555 = VECTOR ( 'NONE', #2226, 1000.000000000000000 ) ;
#2556 = DIRECTION ( 'NONE',  ( -0.7071067811865445751, 8.659560562354899578E-17, 0.7071067811865504593 ) ) ;
#2557 = ORIENTED_EDGE ( 'NONE', *, *, #2042, .F. ) ;
#2558 = CARTESIAN_POINT ( 'NONE',  ( -64.50000000000466116, 27.99999999999365130, 20.72792206144420391 ) ) ;
#2559 = ORIENTED_EDGE ( 'NONE', *, *, #1805, .T. ) ;
#2560 = DIRECTION ( 'NONE',  ( -1.000000000000000000, 0.000000000000000000, 0.000000000000000000 ) ) ;
#2561 = CONICAL_SURFACE ( 'NONE', #2063, 2.000000000029401814, 0.7853981633974632670 ) ;
#2562 = ORIENTED_EDGE ( 'NONE', *, *, #868, .F. ) ;
#2563 = AXIS2_PLACEMENT_3D ( 'NONE', #372, #1124, #3416 ) ;
#2564 = ADVANCED_FACE ( 'NONE', ( #508 ), #861, .F. ) ;
#2565 = DIRECTION ( 'NONE',  ( -0.000000000000000000, -0.000000000000000000, 1.000000000000000000 ) ) ;
#2566 = LINE ( 'NONE', #3435, #816 ) ;
#2567 = CARTESIAN_POINT ( 'NONE',  ( 53.50000000000466116, -28.00000000000627409, 7.000000000003114842 ) ) ;
#2568 = AXIS2_PLACEMENT_3D ( 'NONE', #3920, #1300, #934 ) ;
#2569 = FACE_BOUND ( 'NONE', #2698, .T. ) ;
#2570 = CARTESIAN_POINT ( 'NONE',  ( -68.25000000030915714, 40.40000000000126334, 1.999999999999995781 ) ) ;
#2571 = FACE_OUTER_BOUND ( 'NONE', #2817, .T. ) ;
#2572 = CARTESIAN_POINT ( 'NONE',  ( -53.50000000000466116, 27.99999999999372946, 7.500000000003121947 ) ) ;
#2573 = DIRECTION ( 'NONE',  ( -0.000000000000000000, -0.000000000000000000, -1.000000000000000000 ) ) ;
#2574 = EDGE_CURVE ( 'NONE', #2374, #1435, #2707, .T. ) ;
#2575 = ORIENTED_EDGE ( 'NONE', *, *, #2909, .T. ) ;
#2576 = AXIS2_PLACEMENT_3D ( 'NONE', #2748, #428, #3402 ) ;
#2577 = ADVANCED_FACE ( 'NONE', ( #2402 ), #2544, .F. ) ;
#2578 = LINE ( 'NONE', #2587, #3650 ) ;
#2579 = CARTESIAN_POINT ( 'NONE',  ( -60.99999999997525180, 27.99999999999365130, 8.000000000003115730 ) ) ;
#2580 = VERTEX_POINT ( 'NONE', #305 ) ;
#2581 = LINE ( 'NONE', #893, #3198 ) ;
#2582 = EDGE_CURVE ( 'NONE', #1527, #2243, #4196, .T. ) ;
#2583 = EDGE_LOOP ( 'NONE', ( #1183, #1417, #725, #3148, #3220 ) ) ;
#2584 = VERTEX_POINT ( 'NONE', #1374 ) ;
#2585 = ADVANCED_FACE ( 'NONE', ( #1291 ), #66, .T. ) ;
#2586 = CARTESIAN_POINT ( 'NONE',  ( 58.00000000003408474, 27.99999999999372946, 3.500000000000034195 ) ) ;
#2587 = CARTESIAN_POINT ( 'NONE',  ( -71.95403433744587574, 43.40000000000125624, 7.500000000000000000 ) ) ;
#2588 = AXIS2_PLACEMENT_3D ( 'NONE', #1963, #3964, #2075 ) ;
#2589 = CARTESIAN_POINT ( 'NONE',  ( -64.50000000000466116, -28.00000000000634870, 2.500000000000000000 ) ) ;
#2590 = VERTEX_POINT ( 'NONE', #3983 ) ;
#2591 = DIRECTION ( 'NONE',  ( 1.000000000000000000, 0.000000000000000000, 0.000000000000000000 ) ) ;
#2592 = CARTESIAN_POINT ( 'NONE',  ( -66.60000000025779343, 40.40000000000126334, 2.500000000000000000 ) ) ;
#2593 = EDGE_LOOP ( 'NONE', ( #2833, #196, #3633, #2671 ) ) ;
#2594 = PLANE ( 'NONE',  #3126 ) ;
#2595 = AXIS2_PLACEMENT_3D ( 'NONE', #957, #2949, #3885 ) ;
#2596 = CARTESIAN_POINT ( 'NONE',  ( -43.99999999997523048, 27.99999999999372946, 2.500000000000000000 ) ) ;
#2597 = ORIENTED_EDGE ( 'NONE', *, *, #3368, .F. ) ;
#2598 = LINE ( 'NONE', #382, #951 ) ;
#2599 = EDGE_CURVE ( 'NONE', #1317, #653, #2972, .T. ) ;
#2600 = AXIS2_PLACEMENT_3D ( 'NONE', #1927, #3603, #4229 ) ;
#2601 = VERTEX_POINT ( 'NONE', #1694 ) ;
#2602 = CARTESIAN_POINT ( 'NONE',  ( 64.50000000000466116, -28.00000000000634870, 7.500000000003101519 ) ) ;
#2603 = CARTESIAN_POINT ( 'NONE',  ( -66.00000000003397815, 27.99999999999365485, 20.72792206144420391 ) ) ;
#2604 = FACE_OUTER_BOUND ( 'NONE', #758, .T. ) ;
#2605 = CARTESIAN_POINT ( 'NONE',  ( -64.50000000000466116, -28.00000000000634870, 8.000000000003115730 ) ) ;
#2606 = VERTEX_POINT ( 'NONE', #366 ) ;
#2607 = EDGE_CURVE ( 'NONE', #1551, #1596, #1068, .T. ) ;
#2608 = ADVANCED_FACE ( 'NONE', ( #609 ), #3021, .F. ) ;
#2609 = FACE_OUTER_BOUND ( 'NONE', #2114, .T. ) ;
#2610 = ORIENTED_EDGE ( 'NONE', *, *, #4232, .F. ) ;
#2611 = ORIENTED_EDGE ( 'NONE', *, *, #4031, .F. ) ;
#2612 = CARTESIAN_POINT ( 'NONE',  ( -63.45403433744591126, -18.49999999996431299, 2.500000000000000000 ) ) ;
#2613 = LINE ( 'NONE', #2068, #3487 ) ;
#2614 = AXIS2_PLACEMENT_3D ( 'NONE', #2403, #2743, #2107 ) ;
#2615 = ORIENTED_EDGE ( 'NONE', *, *, #494, .F. ) ;
#2616 = EDGE_LOOP ( 'NONE', ( #2220, #3601, #3989, #2015 ) ) ;
#2617 = CARTESIAN_POINT ( 'NONE',  ( -53.50000000000465405, -27.99999999999374012, -84.63104911140096931 ) ) ;
#2618 = CARTESIAN_POINT ( 'NONE',  ( -69.00000000003409184, 27.99999999999365130, 7.000000000003114842 ) ) ;
#2619 = CONICAL_SURFACE ( 'NONE', #1717, 4.500000000029425351, 0.7853981633974435050 ) ;
#2620 = DIRECTION ( 'NONE',  ( -0.000000000000000000, -0.000000000000000000, 1.000000000000000000 ) ) ;
#2621 = CARTESIAN_POINT ( 'NONE',  ( -57.00000000003407052, 27.99999999999372946, 8.000000000003115730 ) ) ;
#2622 = AXIS2_PLACEMENT_3D ( 'NONE', #467, #1816, #793 ) ;
#2623 = LINE ( 'NONE', #5, #3644 ) ;
#2624 = ORIENTED_EDGE ( 'NONE', *, *, #1451, .F. ) ;
#2625 = ORIENTED_EDGE ( 'NONE', *, *, #3839, .F. ) ;
#2626 = EDGE_CURVE ( 'NONE', #2815, #4150, #2613, .T. ) ;
#2627 = CIRCLE ( 'NONE', #3501, 1.500000000029436009 ) ;
#2628 = AXIS2_PLACEMENT_3D ( 'NONE', #1321, #4221, #659 ) ;
#2629 = CARTESIAN_POINT ( 'NONE',  ( 4.662936703425657470E-12, -6.272760089132134453E-12, 8.000000000003115730 ) ) ;
#2630 = VERTEX_POINT ( 'NONE', #423 ) ;
#2631 = LINE ( 'NONE', #3771, #3146 ) ;
#2632 = EDGE_CURVE ( 'NONE', #1233, #636, #2459, .T. ) ;
#2633 = CARTESIAN_POINT ( 'NONE',  ( -66.00000000003409184, -28.00000000000634870, 1.500000000000001332 ) ) ;
#2634 = CYLINDRICAL_SURFACE ( 'NONE', #660, 1.500000000029422242 ) ;
#2635 = DIRECTION ( 'NONE',  ( -0.000000000000000000, -0.000000000000000000, -1.000000000000000000 ) ) ;
#2636 = EDGE_CURVE ( 'NONE', #3271, #51, #1600, .T. ) ;
#2637 = ORIENTED_EDGE ( 'NONE', *, *, #99, .F. ) ;
#2638 = CARTESIAN_POINT ( 'NONE',  ( 43.99999999997523048, 27.99999999999372946, 0.6000000000000033085 ) ) ;
#2639 = DIRECTION ( 'NONE',  ( 0.000000000000000000, 0.000000000000000000, 1.000000000000000000 ) ) ;
#2640 = ORIENTED_EDGE ( 'NONE', *, *, #1830, .F. ) ;
#2641 = LINE ( 'NONE', #352, #1420 ) ;
#2642 = AXIS2_PLACEMENT_3D ( 'NONE', #3150, #1580, #2186 ) ;
#2643 = DIRECTION ( 'NONE',  ( 1.000000000000000000, 0.000000000000000000, 0.000000000000000000 ) ) ;
#2644 = ORIENTED_EDGE ( 'NONE', *, *, #1630, .T. ) ;
#2645 = CIRCLE ( 'NONE', #2876, 4.500000000029425351 ) ;
#2646 = ADVANCED_FACE ( 'NONE', ( #1840 ), #2343, .F. ) ;
#2647 = CARTESIAN_POINT ( 'NONE',  ( -64.50000000000466116, -28.00000000000634870, 3.500000000000034195 ) ) ;
#2648 = ORIENTED_EDGE ( 'NONE', *, *, #1543, .F. ) ;
#2649 = AXIS2_PLACEMENT_3D ( 'NONE', #1176, #3933, #3801 ) ;
#2650 = DIRECTION ( 'NONE',  ( -1.832051195753331637E-16, 1.000000000000000000, 0.000000000000000000 ) ) ;
#2651 = ORIENTED_EDGE ( 'NONE', *, *, #2546, .T. ) ;
#2652 = EDGE_CURVE ( 'NONE', #2724, #2289, #964, .T. ) ;
#2653 = DIRECTION ( 'NONE',  ( 0.000000000000000000, 0.000000000000000000, -1.000000000000000000 ) ) ;
#2654 = AXIS2_PLACEMENT_3D ( 'NONE', #857, #1184, #3473 ) ;
#2655 = FACE_OUTER_BOUND ( 'NONE', #2019, .T. ) ;
#2656 = CARTESIAN_POINT ( 'NONE',  ( 68.75000000030914293, 40.40000000000126334, 0.000000000000000000 ) ) ;
#2657 = ORIENTED_EDGE ( 'NONE', *, *, #4109, .F. ) ;
#2658 = DIRECTION ( 'NONE',  ( -0.000000000000000000, -0.000000000000000000, -1.000000000000000000 ) ) ;
#2659 = FACE_OUTER_BOUND ( 'NONE', #2027, .T. ) ;
#2660 = ORIENTED_EDGE ( 'NONE', *, *, #3677, .F. ) ;
#2661 = EDGE_CURVE ( 'NONE', #44, #142, #396, .T. ) ;
#2662 = ORIENTED_EDGE ( 'NONE', *, *, #2842, .F. ) ;
#2663 = DIRECTION ( 'NONE',  ( 1.000000000000000000, 0.000000000000000000, -0.000000000000000000 ) ) ;
#2664 = VECTOR ( 'NONE', #3057, 1000.000000000000000 ) ;
#2665 = DIRECTION ( 'NONE',  ( 0.000000000000000000, 0.000000000000000000, 1.000000000000000000 ) ) ;
#2666 = CIRCLE ( 'NONE', #3855, 9.500000000029428904 ) ;
#2667 = ORIENTED_EDGE ( 'NONE', *, *, #2900, .T. ) ;
#2668 = ADVANCED_FACE ( 'NONE', ( #1739, #1644 ), #1413, .F. ) ;
#2669 = PLANE ( 'NONE',  #2437 ) ;
#2670 = CYLINDRICAL_SURFACE ( 'NONE', #3003, 4.499999999999990230 ) ;
#2671 = ORIENTED_EDGE ( 'NONE', *, *, #2830, .F. ) ;
#2672 = FACE_OUTER_BOUND ( 'NONE', #2692, .T. ) ;
#2673 = CARTESIAN_POINT ( 'NONE',  ( -62.10000000025780054, 36.50000000000331113, 2.500000000000000000 ) ) ;
#2674 = AXIS2_PLACEMENT_3D ( 'NONE', #4072, #1201, #1168 ) ;
#2675 = DIRECTION ( 'NONE',  ( 0.000000000000000000, 0.000000000000000000, -1.000000000000000000 ) ) ;
#2676 = VECTOR ( 'NONE', #3748, 1000.000000000000000 ) ;
#2677 = ORIENTED_EDGE ( 'NONE', *, *, #2098, .T. ) ;
#2678 = AXIS2_PLACEMENT_3D ( 'NONE', #574, #2529, #228 ) ;
#2679 = DIRECTION ( 'NONE',  ( 0.000000000000000000, -0.000000000000000000, -1.000000000000000000 ) ) ;
#2680 = CIRCLE ( 'NONE', #882, 5.500000000029453773 ) ;
#2681 = CARTESIAN_POINT ( 'NONE',  ( 64.50000000000466116, -28.00000000000634870, 20.72792206144420391 ) ) ;
#2682 = LINE ( 'NONE', #719, #420 ) ;
#2683 = EDGE_CURVE ( 'NONE', #490, #2606, #3230, .T. ) ;
#2684 = ORIENTED_EDGE ( 'NONE', *, *, #652, .T. ) ;
#2685 = ADVANCED_FACE ( 'NONE', ( #2137 ), #3787, .F. ) ;
#2686 = CARTESIAN_POINT ( 'NONE',  ( 43.99999999997523048, 27.99999999999372946, 2.500000000000000000 ) ) ;
#2687 = AXIS2_PLACEMENT_3D ( 'NONE', #2387, #76, #731 ) ;
#2688 = PLANE ( 'NONE',  #3927 ) ;
#2689 = DIRECTION ( 'NONE',  ( 1.000000000000000000, 0.000000000000000000, 0.000000000000000000 ) ) ;
#2690 = ORIENTED_EDGE ( 'NONE', *, *, #1696, .F. ) ;
#2691 = CARTESIAN_POINT ( 'NONE',  ( -62.60000000025780764, 40.40000000000126334, 0.000000000000000000 ) ) ;
#2692 = EDGE_LOOP ( 'NONE', ( #2677, #3324, #221, #973 ) ) ;
#2693 = CARTESIAN_POINT ( 'NONE',  ( 64.50000000000466116, -28.00000000000634870, 3.500000000000034195 ) ) ;
#2694 = ORIENTED_EDGE ( 'NONE', *, *, #1489, .T. ) ;
#2695 = CIRCLE ( 'NONE', #3337, 5.500000000029453773 ) ;
#2696 = AXIS2_PLACEMENT_3D ( 'NONE', #286, #963, #2560 ) ;
#2697 = DIRECTION ( 'NONE',  ( -0.000000000000000000, -0.000000000000000000, -1.000000000000000000 ) ) ;
#2698 = EDGE_LOOP ( 'NONE', ( #1101, #3030 ) ) ;
#2699 = CARTESIAN_POINT ( 'NONE',  ( -67.80403433744587005, -35.99999999990578203, 0.000000000000000000 ) ) ;
#2700 = VECTOR ( 'NONE', #550, 1000.000000000000000 ) ;
#2701 = EDGE_LOOP ( 'NONE', ( #3962, #4035, #2049, #3275, #3371, #1425, #2418, #791, #3982, #2694, #2373, #2 ) ) ;
#2702 = ORIENTED_EDGE ( 'NONE', *, *, #4165, .F. ) ;
#2703 = EDGE_CURVE ( 'NONE', #2927, #543, #3688, .T. ) ;
#2704 = ADVANCED_FACE ( 'NONE', ( #4254 ), #4098, .F. ) ;
#2705 = DIRECTION ( 'NONE',  ( 1.000000000000000000, 0.000000000000000000, 0.000000000000000000 ) ) ;
#2706 = PRODUCT_RELATED_PRODUCT_CATEGORY ( 'part', '', ( #2061 ) ) ;
#2707 = CIRCLE ( 'NONE', #3665, 1.500000000029436009 ) ;
#2708 = ORIENTED_EDGE ( 'NONE', *, *, #45, .T. ) ;
#2709 = ORIENTED_EDGE ( 'NONE', *, *, #3046, .T. ) ;
#2710 = CARTESIAN_POINT ( 'NONE',  ( 53.50000000000466116, -28.00000000000627409, 3.500000000000034195 ) ) ;
#2711 = FACE_OUTER_BOUND ( 'NONE', #2701, .T. ) ;
#2712 = EDGE_CURVE ( 'NONE', #3347, #3176, #3377, .T. ) ;
#2713 = EDGE_LOOP ( 'NONE', ( #727, #1016, #583, #4028 ) ) ;
#2714 = CARTESIAN_POINT ( 'NONE',  ( 7.342096110424348436E-16, 36.50000000000331113, 0.5000000000000004441 ) ) ;
#2715 = DIRECTION ( 'NONE',  ( 0.000000000000000000, -0.7071067811865475727, 0.7071067811865475727 ) ) ;
#2716 = VECTOR ( 'NONE', #2799, 1000.000000000000000 ) ;
#2717 = VERTEX_POINT ( 'NONE', #2776 ) ;
#2718 = DIRECTION ( 'NONE',  ( 3.485468137178896589E-16, 1.000000000000000000, 0.000000000000000000 ) ) ;
#2719 = AXIS2_PLACEMENT_3D ( 'NONE', #2605, #290, #3262 ) ;
#2720 = DIRECTION ( 'NONE',  ( 0.000000000000000000, 0.000000000000000000, -1.000000000000000000 ) ) ;
#2721 = ORIENTED_EDGE ( 'NONE', *, *, #1055, .T. ) ;
#2722 = FACE_OUTER_BOUND ( 'NONE', #3258, .T. ) ;
#2723 = CARTESIAN_POINT ( 'NONE',  ( -64.50000000000466116, 27.99999999999365130, 3.500000000000034195 ) ) ;
#2724 = VERTEX_POINT ( 'NONE', #1818 ) ;
#2725 = LINE ( 'NONE', #2502, #2527 ) ;
#2726 = AXIS2_PLACEMENT_3D ( 'NONE', #1278, #1552, #1592 ) ;
#2727 = DIRECTION ( 'NONE',  ( 0.000000000000000000, -0.000000000000000000, -1.000000000000000000 ) ) ;
#2728 = ADVANCED_FACE ( 'NONE', ( #2349 ), #297, .F. ) ;
#2729 = DIRECTION ( 'NONE',  ( 1.000000000000000000, 0.000000000000000000, 0.000000000000000000 ) ) ;
#2730 = LINE ( 'NONE', #233, #2059 ) ;
#2731 = DIRECTION ( 'NONE',  ( 1.000000000000000000, 0.000000000000000000, 0.000000000000000000 ) ) ;
#2732 = AXIS2_PLACEMENT_3D ( 'NONE', #356, #1348, #710 ) ;
#2733 = CARTESIAN_POINT ( 'NONE',  ( 62.60000000025782185, 36.00000000000331823, 0.000000000000000000 ) ) ;
#2734 = DIRECTION ( 'NONE',  ( 1.000000000000000000, 0.000000000000000000, 0.000000000000000000 ) ) ;
#2735 = ORIENTED_EDGE ( 'NONE', *, *, #3270, .T. ) ;
#2736 = DIRECTION ( 'NONE',  ( -0.000000000000000000, -0.000000000000000000, -1.000000000000000000 ) ) ;
#2737 = EDGE_CURVE ( 'NONE', #2948, #1032, #2925, .T. ) ;
#2738 = CARTESIAN_POINT ( 'NONE',  ( -53.50000000000466116, 27.99999999999372946, 8.000000000003115730 ) ) ;
#2739 = DIRECTION ( 'NONE',  ( 1.000000000000000000, 0.000000000000000000, -0.000000000000000000 ) ) ;
#2740 = COLOUR_RGB ( '',0.2509803921568627416, 0.2509803921568627416, 0.2509803921568627416 ) ;
#2741 = DIRECTION ( 'NONE',  ( -1.000000000000000000, 0.000000000000000000, 0.000000000000000000 ) ) ;
#2742 = ORIENTED_EDGE ( 'NONE', *, *, #1122, .T. ) ;
#2743 = DIRECTION ( 'NONE',  ( -0.000000000000000000, -0.000000000000000000, -1.000000000000000000 ) ) ;
#2744 = LINE ( 'NONE', #1968, #1772 ) ;
#2745 = EDGE_LOOP ( 'NONE', ( #3913, #875, #298, #3034 ) ) ;
#2746 = DIRECTION ( 'NONE',  ( 1.000000000000000000, 0.000000000000000000, 0.000000000000000000 ) ) ;
#2747 = CIRCLE ( 'NONE', #1373, 9.500000000029428904 ) ;
#2748 = CARTESIAN_POINT ( 'NONE',  ( 71.95403433744588995, 40.40000000000127045, 3.000000000000000000 ) ) ;
#2749 = EDGE_LOOP ( 'NONE', ( #2721, #633 ) ) ;
#2750 = AXIS2_PLACEMENT_3D ( 'NONE', #1297, #2937, #3592 ) ;
#2751 = FACE_OUTER_BOUND ( 'NONE', #3317, .T. ) ;
#2752 = CARTESIAN_POINT ( 'NONE',  ( -58.00000000003408474, -28.00000000000627409, 20.72792206144420391 ) ) ;
#2753 = ORIENTED_EDGE ( 'NONE', *, *, #2884, .T. ) ;
#2754 = EDGE_CURVE ( 'NONE', #1121, #2086, #1181, .T. ) ;
#2755 = AXIS2_PLACEMENT_3D ( 'NONE', #2882, #1259, #627 ) ;
#2756 = FACE_OUTER_BOUND ( 'NONE', #1823, .T. ) ;
#2757 = CARTESIAN_POINT ( 'NONE',  ( -48.99999999997523759, -28.00000000000627409, 7.000000000003114842 ) ) ;
#2758 = VERTEX_POINT ( 'NONE', #4111 ) ;
#2759 = CARTESIAN_POINT ( 'NONE',  ( -66.60000000025779343, 40.40000000000126334, 2.500000000000000000 ) ) ;
#2760 = ORIENTED_EDGE ( 'NONE', *, *, #3107, .T. ) ;
#2761 = LINE ( 'NONE', #1414, #2868 ) ;
#2762 = EDGE_CURVE ( 'NONE', #1503, #3253, #3588, .T. ) ;
#2763 = CIRCLE ( 'NONE', #911, 9.500000000029428904 ) ;
#2764 = ORIENTED_EDGE ( 'NONE', *, *, #616, .F. ) ;
#2765 = DIRECTION ( 'NONE',  ( -0.7071067811865525687, 0.000000000000000000, -0.7071067811865425767 ) ) ;
#2766 = CARTESIAN_POINT ( 'NONE',  ( -53.50000000000466116, 27.99999999999372946, 20.72792206144420391 ) ) ;
#2767 = EDGE_CURVE ( 'NONE', #3906, #1217, #1436, .T. ) ;
#2768 = FACE_OUTER_BOUND ( 'NONE', #1081, .T. ) ;
#2769 = ADVANCED_FACE ( 'NONE', ( #4042 ), #450, .T. ) ;
#2770 = DIRECTION ( 'NONE',  ( 0.000000000000000000, 0.7071067811865525687, 0.7071067811865425767 ) ) ;
#2771 = VERTEX_POINT ( 'NONE', #3752 ) ;
#2772 = LINE ( 'NONE', #2253, #156 ) ;
#2773 = DIRECTION ( 'NONE',  ( -0.000000000000000000, -0.000000000000000000, -1.000000000000000000 ) ) ;
#2774 = DIRECTION ( 'NONE',  ( -1.000000000000000000, 0.000000000000000000, 0.000000000000000000 ) ) ;
#2775 = VERTEX_POINT ( 'NONE', #469 ) ;
#2776 = CARTESIAN_POINT ( 'NONE',  ( 73.45403433744588995, -30.84999999990578701, 0.5000000000000004441 ) ) ;
#2777 = LINE ( 'NONE', #1202, #1950 ) ;
#2778 = CARTESIAN_POINT ( 'NONE',  ( 64.50000000000466116, -28.00000000000634870, 7.500000000003101519 ) ) ;
#2779 = AXIS2_PLACEMENT_3D ( 'NONE', #1284, #3224, #649 ) ;
#2780 = DIRECTION ( 'NONE',  ( -0.000000000000000000, -0.000000000000000000, -1.000000000000000000 ) ) ;
#2781 = ORIENTED_EDGE ( 'NONE', *, *, #1370, .F. ) ;
#2782 = DIRECTION ( 'NONE',  ( -1.000000000000000000, 0.000000000000000000, 0.000000000000000000 ) ) ;
#2783 = LINE ( 'NONE', #162, #1568 ) ;
#2784 = CARTESIAN_POINT ( 'NONE',  ( 59.00000000003411316, -28.00000000000631317, 2.500000000000000000 ) ) ;
#2785 = VECTOR ( 'NONE', #1482, 1000.000000000000000 ) ;
#2786 = ORIENTED_EDGE ( 'NONE', *, *, #2499, .T. ) ;
#2787 = DIRECTION ( 'NONE',  ( 1.000000000000000000, 0.000000000000000000, 0.000000000000000000 ) ) ;
#2788 = DIRECTION ( 'NONE',  ( 0.000000000000000000, 0.000000000000000000, -1.000000000000000000 ) ) ;
#2789 = EDGE_CURVE ( 'NONE', #2771, #1962, #2036, .T. ) ;
#2790 = VERTEX_POINT ( 'NONE', #166 ) ;
#2791 = AXIS2_PLACEMENT_3D ( 'NONE', #2723, #128, #2392 ) ;
#2792 = DIRECTION ( 'NONE',  ( 0.000000000000000000, 0.000000000000000000, -1.000000000000000000 ) ) ;
#2793 = CONICAL_SURFACE ( 'NONE', #126, 4.500000000029425351, 0.7853981633974566057 ) ;
#2794 = ADVANCED_FACE ( 'NONE', ( #4099 ), #1594, .T. ) ;
#2795 = ORIENTED_EDGE ( 'NONE', *, *, #2409, .T. ) ;
#2796 = DIRECTION ( 'NONE',  ( -0.000000000000000000, -0.000000000000000000, -1.000000000000000000 ) ) ;
#2797 = EDGE_CURVE ( 'NONE', #961, #3605, #3943, .T. ) ;
#2798 = CYLINDRICAL_SURFACE ( 'NONE', #1985, 4.500000000029425351 ) ;
#2799 = DIRECTION ( 'NONE',  ( 0.7071067811865441310, 8.659560562354890950E-17, -0.7071067811865507924 ) ) ;
#2800 = VERTEX_POINT ( 'NONE', #2733 ) ;
#2801 = DIRECTION ( 'NONE',  ( -1.000000000000000000, 0.000000000000000000, 0.000000000000000000 ) ) ;
#2802 = CYLINDRICAL_SURFACE ( 'NONE', #811, 1.500000000029366731 ) ;
#2803 = DIRECTION ( 'NONE',  ( -0.000000000000000000, -0.000000000000000000, -1.000000000000000000 ) ) ;
#2804 = CARTESIAN_POINT ( 'NONE',  ( 68.00000000003407763, -28.00000000000634870, 8.000000000003115730 ) ) ;
#2805 = ORIENTED_EDGE ( 'NONE', *, *, #2128, .T. ) ;
#2806 = DIRECTION ( 'NONE',  ( 0.000000000000000000, 0.000000000000000000, -1.000000000000000000 ) ) ;
#2807 = FACE_OUTER_BOUND ( 'NONE', #3359, .T. ) ;
#2808 = CARTESIAN_POINT ( 'NONE',  ( -62.99999999997524469, 27.99999999999365485, 7.500000000003101519 ) ) ;
#2809 = VERTEX_POINT ( 'NONE', #4082 ) ;
#2810 = CIRCLE ( 'NONE', #338, 1.500000000029436009 ) ;
#2811 = ORIENTED_EDGE ( 'NONE', *, *, #1991, .F. ) ;
#2812 = AXIS2_PLACEMENT_3D ( 'NONE', #3272, #2248, #1295 ) ;
#2813 = ORIENTED_EDGE ( 'NONE', *, *, #3257, .F. ) ;
#2814 = FACE_OUTER_BOUND ( 'NONE', #3362, .T. ) ;
#2815 = VERTEX_POINT ( 'NONE', #3426 ) ;
#2816 = CARTESIAN_POINT ( 'NONE',  ( 66.60000000025779343, 44.40000000000124913, 0.000000000000000000 ) ) ;
#2817 = EDGE_LOOP ( 'NONE', ( #1996, #2344, #169, #100 ) ) ;
#2818 = EDGE_CURVE ( 'NONE', #961, #1836, #3584, .T. ) ;
#2819 = AXIS2_PLACEMENT_3D ( 'NONE', #1340, #1704, #1953 ) ;
#2820 = LINE ( 'NONE', #1868, #3947 ) ;
#2821 = CARTESIAN_POINT ( 'NONE',  ( 62.10000000025780054, 36.50000000000331113, 2.500000000000000000 ) ) ;
#2822 = VERTEX_POINT ( 'NONE', #2808 ) ;
#2823 = ADVANCED_FACE ( 'NONE', ( #2029 ), #1014, .T. ) ;
#2824 = LINE ( 'NONE', #3988, #3900 ) ;
#2825 = EDGE_CURVE ( 'NONE', #3072, #1121, #4247, .T. ) ;
#2826 = ORIENTED_EDGE ( 'NONE', *, *, #3480, .F. ) ;
#2827 = DIRECTION ( 'NONE',  ( -0.000000000000000000, -0.000000000000000000, 1.000000000000000000 ) ) ;
#2828 = ORIENTED_EDGE ( 'NONE', *, *, #3343, .T. ) ;
#2829 = VECTOR ( 'NONE', #283, 1000.000000000000000 ) ;
#2830 = EDGE_CURVE ( 'NONE', #1546, #284, #140, .T. ) ;
#2831 = DIRECTION ( 'NONE',  ( -0.000000000000000000, -0.000000000000000000, -1.000000000000000000 ) ) ;
#2832 = DIRECTION ( 'NONE',  ( 1.000000000000000000, 0.000000000000000000, 0.000000000000000000 ) ) ;
#2833 = ORIENTED_EDGE ( 'NONE', *, *, #3395, .F. ) ;
#2834 = CARTESIAN_POINT ( 'NONE',  ( 66.00000000003409184, -28.00000000000634870, 7.500000000003101519 ) ) ;
#2835 = VECTOR ( 'NONE', #28, 1000.000000000000000 ) ;
#2836 = DIRECTION ( 'NONE',  ( 1.000000000000000000, 6.308085367154608259E-16, 0.000000000000000000 ) ) ;
#2837 = DIRECTION ( 'NONE',  ( 1.000000000000000000, 0.000000000000000000, 0.000000000000000000 ) ) ;
#2838 = ORIENTED_EDGE ( 'NONE', *, *, #646, .F. ) ;
#2839 = VECTOR ( 'NONE', #430, 1000.000000000000000 ) ;
#2840 = DIRECTION ( 'NONE',  ( -0.000000000000000000, 0.000000000000000000, 1.000000000000000000 ) ) ;
#2841 = ORIENTED_EDGE ( 'NONE', *, *, #120, .T. ) ;
#2842 = EDGE_CURVE ( 'NONE', #335, #1873, #3535, .T. ) ;
#2843 = AXIS2_PLACEMENT_3D ( 'NONE', #2602, #3260, #3234 ) ;
#2844 = DIRECTION ( 'NONE',  ( 0.000000000000000000, -0.000000000000000000, -1.000000000000000000 ) ) ;
#2845 = DIRECTION ( 'NONE',  ( 1.000000000000000000, 0.000000000000000000, 0.000000000000000000 ) ) ;
#2846 = CARTESIAN_POINT ( 'NONE',  ( -73.45403433744590416, 44.90000000000125624, 2.500000000000000000 ) ) ;
#2847 = EDGE_CURVE ( 'NONE', #4194, #2775, #3631, .T. ) ;
#2848 = ORIENTED_EDGE ( 'NONE', *, *, #1401, .F. ) ;
#2849 = DIRECTION ( 'NONE',  ( -0.000000000000000000, -0.000000000000000000, -1.000000000000000000 ) ) ;
#2850 = VECTOR ( 'NONE', #538, 999.9999999999998863 ) ;
#2851 = DIRECTION ( 'NONE',  ( -0.000000000000000000, -0.000000000000000000, -1.000000000000000000 ) ) ;
#2852 = ORIENTED_EDGE ( 'NONE', *, *, #2299, .T. ) ;
#2853 = EDGE_CURVE ( 'NONE', #1828, #3784, #1834, .T. ) ;
#2854 = CIRCLE ( 'NONE', #1453, 5.650000000000002132 ) ;
#2855 = DIRECTION ( 'NONE',  ( 0.000000000000000000, 0.000000000000000000, 1.000000000000000000 ) ) ;
#2856 = CARTESIAN_POINT ( 'NONE',  ( -63.45403433744591126, 18.49999999996429878, 0.6000000000000033085 ) ) ;
#2857 = ORIENTED_EDGE ( 'NONE', *, *, #2326, .T. ) ;
#2858 = CARTESIAN_POINT ( 'NONE',  ( -67.80403433744587005, -30.84999999990578701, 7.500000000000000000 ) ) ;
#2859 = CIRCLE ( 'NONE', #3942, 2.000000000029436453 ) ;
#2860 = CARTESIAN_POINT ( 'NONE',  ( -64.45000000020645814, 40.40000000000126334, 0.000000000000000000 ) ) ;
#2861 = VERTEX_POINT ( 'NONE', #2535 ) ;
#2862 = AXIS2_PLACEMENT_3D ( 'NONE', #485, #792, #3440 ) ;
#2863 = LINE ( 'NONE', #854, #1119 ) ;
#2864 = ORIENTED_EDGE ( 'NONE', *, *, #2818, .T. ) ;
#2865 = ORIENTED_EDGE ( 'NONE', *, *, #1431, .T. ) ;
#2866 = DIRECTION ( 'NONE',  ( 1.000000000000000000, 0.000000000000000000, 0.000000000000000000 ) ) ;
#2867 = AXIS2_PLACEMENT_3D ( 'NONE', #2905, #586, #920 ) ;
#2868 = VECTOR ( 'NONE', #3075, 1000.000000000000114 ) ;
#2869 = ORIENTED_EDGE ( 'NONE', *, *, #1378, .T. ) ;
#2870 = PLANE ( 'NONE',  #2726 ) ;
#2871 = DIRECTION ( 'NONE',  ( -1.000000000000000000, 0.000000000000000000, 0.000000000000000000 ) ) ;
#2872 = CYLINDRICAL_SURFACE ( 'NONE', #1419, 9.500000000029428904 ) ;
#2873 = DIRECTION ( 'NONE',  ( -1.000000000000000000, 0.000000000000000000, 0.000000000000000000 ) ) ;
#2874 = CARTESIAN_POINT ( 'NONE',  ( -62.10000000025780054, 36.50000000000331113, 0.5000000000000004441 ) ) ;
#2875 = EDGE_CURVE ( 'NONE', #2775, #543, #4094, .T. ) ;
#2876 = AXIS2_PLACEMENT_3D ( 'NONE', #2567, #1864, #2245 ) ;
#2877 = ADVANCED_FACE ( 'NONE', ( #1734 ), #2504, .T. ) ;
#2878 = DIRECTION ( 'NONE',  ( 1.000000000000000000, 0.000000000000000000, -0.000000000000000000 ) ) ;
#2879 = CARTESIAN_POINT ( 'NONE',  ( 66.60000000025779343, 44.90000000000125624, 2.500000000000000000 ) ) ;
#2880 = LINE ( 'NONE', #2414, #2716 ) ;
#2881 = ORIENTED_EDGE ( 'NONE', *, *, #759, .F. ) ;
#2882 = CARTESIAN_POINT ( 'NONE',  ( 53.50000000000466116, 27.99999999999372946, 8.000000000003115730 ) ) ;
#2883 = CIRCLE ( 'NONE', #2779, 1.650000000051360383 ) ;
#2884 = EDGE_CURVE ( 'NONE', #2545, #426, #1786, .T. ) ;
#2885 = ORIENTED_EDGE ( 'NONE', *, *, #3868, .T. ) ;
#2886 = CARTESIAN_POINT ( 'NONE',  ( 64.50000000000460432, 27.99999999999365485, 20.72792206144420391 ) ) ;
#2887 = CIRCLE ( 'NONE', #3798, 2.150000000051361049 ) ;
#2888 = DIRECTION ( 'NONE',  ( 1.000000000000000000, 0.000000000000000000, 0.000000000000000000 ) ) ;
#2889 = VECTOR ( 'NONE', #4223, 1000.000000000000000 ) ;
#2890 = DIRECTION ( 'NONE',  ( 1.000000000000000000, 0.000000000000000000, 0.000000000000000000 ) ) ;
#2891 = CARTESIAN_POINT ( 'NONE',  ( 53.50000000000466116, -28.00000000000627409, 8.000000000003115730 ) ) ;
#2892 = CARTESIAN_POINT ( 'NONE',  ( 64.50000000000460432, 27.99999999999365485, 8.000000000003115730 ) ) ;
#2893 = VECTOR ( 'NONE', #1815, 1000.000000000000000 ) ;
#2894 = ORIENTED_EDGE ( 'NONE', *, *, #3461, .F. ) ;
#2895 = DIRECTION ( 'NONE',  ( 0.7071067811865533459, 0.000000000000000000, -0.7071067811865416886 ) ) ;
#2896 = AXIS2_PLACEMENT_3D ( 'NONE', #3518, #1875, #1578 ) ;
#2897 = ORIENTED_EDGE ( 'NONE', *, *, #2818, .F. ) ;
#2898 = ADVANCED_FACE ( 'NONE', ( #2659 ), #3499, .F. ) ;
#2899 = DIRECTION ( 'NONE',  ( 0.000000000000000000, -0.000000000000000000, -1.000000000000000000 ) ) ;
#2900 = EDGE_CURVE ( 'NONE', #551, #2225, #4191, .T. ) ;
#2901 = VERTEX_POINT ( 'NONE', #1514 ) ;
#2902 = AXIS2_PLACEMENT_3D ( 'NONE', #1624, #4201, #2938 ) ;
#2903 = DIRECTION ( 'NONE',  ( 1.000000000000000000, 0.000000000000000000, 0.000000000000000000 ) ) ;
#2904 = CARTESIAN_POINT ( 'NONE',  ( -59.99999999997523759, 27.99999999999365130, 7.000000000003114842 ) ) ;
#2905 = CARTESIAN_POINT ( 'NONE',  ( 53.50000000000466116, -28.00000000000627409, 1.500000000000001332 ) ) ;
#2906 = CARTESIAN_POINT ( 'NONE',  ( -66.60000000025779343, 40.40000000000126334, 0.000000000000000000 ) ) ;
#2907 = VERTEX_POINT ( 'NONE', #3836 ) ;
#2908 = DIRECTION ( 'NONE',  ( -0.000000000000000000, -0.000000000000000000, -1.000000000000000000 ) ) ;
#2909 = EDGE_CURVE ( 'NONE', #1338, #2002, #2863, .T. ) ;
#2910 = VECTOR ( 'NONE', #739, 1000.000000000000000 ) ;
#2911 = ADVANCED_FACE ( 'NONE', ( #2342 ), #4123, .F. ) ;
#2912 = DIRECTION ( 'NONE',  ( 0.000000000000000000, 0.000000000000000000, 1.000000000000000000 ) ) ;
#2913 = VERTEX_POINT ( 'NONE', #1528 ) ;
#2914 = CIRCLE ( 'NONE', #2819, 3.500000000029410252 ) ;
#2915 = CARTESIAN_POINT ( 'NONE',  ( -53.50000000000466116, 27.99999999999372946, 1.500000000000001332 ) ) ;
#2916 = EDGE_CURVE ( 'NONE', #2606, #311, #2918, .T. ) ;
#2917 = ORIENTED_EDGE ( 'NONE', *, *, #810, .F. ) ;
#2918 = LINE ( 'NONE', #1574, #84 ) ;
#2919 = CARTESIAN_POINT ( 'NONE',  ( -53.50000000000466116, 27.99999999999372946, 3.500000000000034195 ) ) ;
#2920 = EDGE_LOOP ( 'NONE', ( #2294, #2404, #760, #578 ) ) ;
#2921 = CARTESIAN_POINT ( 'NONE',  ( -71.95403433744587574, 44.90000000000125624, 7.500000000000000000 ) ) ;
#2922 = ORIENTED_EDGE ( 'NONE', *, *, #3749, .F. ) ;
#2923 = DIRECTION ( 'NONE',  ( -1.000000000000000000, 0.000000000000000000, 0.000000000000000000 ) ) ;
#2924 = CARTESIAN_POINT ( 'NONE',  ( -66.60000000025779343, 40.40000000000126334, 1.500000000000000000 ) ) ;
#2925 = CIRCLE ( 'NONE', #665, 1.500000000029436009 ) ;
#2926 = CARTESIAN_POINT ( 'NONE',  ( 69.00000000003409184, 27.99999999999365130, 7.000000000003114842 ) ) ;
#2927 = VERTEX_POINT ( 'NONE', #1587 ) ;
#2928 = AXIS2_PLACEMENT_3D ( 'NONE', #1048, #993, #1716 ) ;
#2929 = EDGE_LOOP ( 'NONE', ( #4110, #1129 ) ) ;
#2930 = CARTESIAN_POINT ( 'NONE',  ( -55.00000000003409895, -28.00000000000627409, 7.500000000003121947 ) ) ;
#2931 = FACE_OUTER_BOUND ( 'NONE', #3460, .T. ) ;
#2932 = CARTESIAN_POINT ( 'NONE',  ( 53.50000000000466116, 18.49999999996429523, 0.6000000000000033085 ) ) ;
#2933 = AXIS2_PLACEMENT_3D ( 'NONE', #2517, #865, #3465 ) ;
#2934 = CIRCLE ( 'NONE', #3444, 3.500000000029410252 ) ;
#2935 = EDGE_LOOP ( 'NONE', ( #1315, #787, #3720, #2173 ) ) ;
#2936 = CARTESIAN_POINT ( 'NONE',  ( 73.45403433744590416, 44.90000000000125624, 2.500000000000000000 ) ) ;
#2937 = DIRECTION ( 'NONE',  ( 0.000000000000000000, 0.000000000000000000, 1.000000000000000000 ) ) ;
#2938 = DIRECTION ( 'NONE',  ( -1.000000000000000000, 0.000000000000000000, 0.000000000000000000 ) ) ;
#2939 = EDGE_CURVE ( 'NONE', #1217, #4262, #293, .T. ) ;
#2940 = EDGE_LOOP ( 'NONE', ( #3450, #3367, #75, #1057 ) ) ;
#2941 = CARTESIAN_POINT ( 'NONE',  ( 51.49999999997522337, -28.00000000000627409, 8.000000000003115730 ) ) ;
#2942 = CARTESIAN_POINT ( 'NONE',  ( 51.99999999997522337, -28.00000000000627409, 1.500000000000001332 ) ) ;
#2943 = VERTEX_POINT ( 'NONE', #3809 ) ;
#2944 = CONICAL_SURFACE ( 'NONE', #4121, 1.500000000029422242, 0.7853981633974509435 ) ;
#2945 = EDGE_CURVE ( 'NONE', #1398, #1654, #909, .T. ) ;
#2946 = DIRECTION ( 'NONE',  ( -0.7071067811865544561, 8.659560562355017907E-17, 0.7071067811865405783 ) ) ;
#2947 = FACE_OUTER_BOUND ( 'NONE', #480, .T. ) ;
#2948 = VERTEX_POINT ( 'NONE', #2930 ) ;
#2949 = DIRECTION ( 'NONE',  ( -0.000000000000000000, -0.000000000000000000, -1.000000000000000000 ) ) ;
#2950 = CARTESIAN_POINT ( 'NONE',  ( -69.00000000003409184, -28.00000000000634870, 3.500000000000034195 ) ) ;
#2951 = AXIS2_PLACEMENT_3D ( 'NONE', #3, #761, #648 ) ;
#2952 = EDGE_LOOP ( 'NONE', ( #3888, #354 ) ) ;
#2953 = CARTESIAN_POINT ( 'NONE',  ( 53.50000000000466116, 27.99999999999372946, 7.500000000003108624 ) ) ;
#2954 = ADVANCED_FACE ( 'NONE', ( #2756 ), #601, .F. ) ;
#2955 = ORIENTED_EDGE ( 'NONE', *, *, #2825, .T. ) ;
#2956 = CARTESIAN_POINT ( 'NONE',  ( 49.99999999997525180, -28.00000000000627409, 8.000000000003115730 ) ) ;
#2957 = AXIS2_PLACEMENT_3D ( 'NONE', #915, #902, #3564 ) ;
#2958 = DIRECTION ( 'NONE',  ( 0.000000000000000000, -0.000000000000000000, -1.000000000000000000 ) ) ;
#2959 = ORIENTED_EDGE ( 'NONE', *, *, #295, .T. ) ;
#2960 = FACE_BOUND ( 'NONE', #1988, .T. ) ;
#2961 = EDGE_CURVE ( 'NONE', #864, #2815, #3127, .T. ) ;
#2962 = ORIENTED_EDGE ( 'NONE', *, *, #2416, .T. ) ;
#2963 = DIRECTION ( 'NONE',  ( 0.000000000000000000, 0.000000000000000000, -1.000000000000000000 ) ) ;
#2964 = CONICAL_SURFACE ( 'NONE', #1723, 1.650000000051360383, 0.7853981633974426169 ) ;
#2965 = CARTESIAN_POINT ( 'NONE',  ( 7.342096110424348436E-16, 36.50000000000331113, 0.5000000000000004441 ) ) ;
#2966 = VERTEX_POINT ( 'NONE', #3254 ) ;
#2967 = EDGE_CURVE ( 'NONE', #1012, #3001, #38, .T. ) ;
#2968 = DIRECTION ( 'NONE',  ( 0.000000000000000000, 1.000000000000000000, 0.000000000000000000 ) ) ;
#2969 = CYLINDRICAL_SURFACE ( 'NONE', #255, 5.650000000000002132 ) ;
#2970 = ORIENTED_EDGE ( 'NONE', *, *, #2632, .F. ) ;
#2971 = DIRECTION ( 'NONE',  ( 1.000000000000000000, 0.000000000000000000, 0.000000000000000000 ) ) ;
#2972 = LINE ( 'NONE', #2328, #2185 ) ;
#2973 = ORIENTED_EDGE ( 'NONE', *, *, #3125, .T. ) ;
#2974 = VERTEX_POINT ( 'NONE', #611 ) ;
#2975 = ADVANCED_FACE ( 'NONE', ( #1884 ), #2594, .T. ) ;
#2976 = DIRECTION ( 'NONE',  ( 0.7071067811865525687, 0.000000000000000000, -0.7071067811865425767 ) ) ;
#2977 = VECTOR ( 'NONE', #1681, 1000.000000000000000 ) ;
#2978 = DIRECTION ( 'NONE',  ( -1.000000000000000000, 0.000000000000000000, 0.000000000000000000 ) ) ;
#2979 = EDGE_LOOP ( 'NONE', ( #3954, #141, #314, #1111 ) ) ;
#2980 = DIRECTION ( 'NONE',  ( 1.000000000000000000, 0.000000000000000000, 0.000000000000000000 ) ) ;
#2981 = AXIS2_PLACEMENT_3D ( 'NONE', #3468, #4066, #2774 ) ;
#2982 = CYLINDRICAL_SURFACE ( 'NONE', #612, 9.500000000029436009 ) ;
#2983 = CARTESIAN_POINT ( 'NONE',  ( -64.95000000020644393, 40.40000000000126334, 2.500000000000000000 ) ) ;
#2984 = LINE ( 'NONE', #3303, #2097 ) ;
#2985 = VERTEX_POINT ( 'NONE', #2942 ) ;
#2986 = EDGE_CURVE ( 'NONE', #3093, #1736, #3482, .T. ) ;
#2987 = DIRECTION ( 'NONE',  ( 1.000000000000000000, 0.000000000000000000, 0.000000000000000000 ) ) ;
#2988 = FACE_OUTER_BOUND ( 'NONE', #519, .T. ) ;
#2989 = DIRECTION ( 'NONE',  ( 1.000000000000000000, 0.000000000000000000, -0.000000000000000000 ) ) ;
#2990 = ORIENTED_EDGE ( 'NONE', *, *, #48, .T. ) ;
#2991 = DIRECTION ( 'NONE',  ( 0.000000000000000000, 1.000000000000000000, 0.000000000000000000 ) ) ;
#2992 = EDGE_CURVE ( 'NONE', #2948, #2374, #3987, .T. ) ;
#2993 = EDGE_LOOP ( 'NONE', ( #1520, #2406, #591, #2811 ) ) ;
#2994 = CARTESIAN_POINT ( 'NONE',  ( 72.95403433744588995, 44.40000000000125624, 0.000000000000000000 ) ) ;
#2995 = LINE ( 'NONE', #4095, #1958 ) ;
#2996 = ADVANCED_FACE ( 'NONE', ( #1686 ), #806, .F. ) ;
#2997 = EDGE_CURVE ( 'NONE', #1032, #2948, #2810, .T. ) ;
#2998 = LINE ( 'NONE', #2983, #1313 ) ;
#2999 = ORIENTED_EDGE ( 'NONE', *, *, #4165, .T. ) ;
#3000 = CARTESIAN_POINT ( 'NONE',  ( 66.00000000003397815, 27.99999999999365485, 20.72792206144420391 ) ) ;
#3001 = VERTEX_POINT ( 'NONE', #3556 ) ;
#3002 = CARTESIAN_POINT ( 'NONE',  ( -64.50000000000460432, 27.99999999999365485, 20.72792206144420391 ) ) ;
#3003 = AXIS2_PLACEMENT_3D ( 'NONE', #2592, #2908, #981 ) ;
#3004 = ORIENTED_EDGE ( 'NONE', *, *, #2275, .T. ) ;
#3005 = DIRECTION ( 'NONE',  ( 0.7071067811865328068, -0.000000000000000000, 0.7071067811865622277 ) ) ;
#3006 = EDGE_LOOP ( 'NONE', ( #2533, #2280, #1737, #2764 ) ) ;
#3007 = FACE_OUTER_BOUND ( 'NONE', #1643, .T. ) ;
#3008 = ORIENTED_EDGE ( 'NONE', *, *, #3949, .F. ) ;
#3009 = CARTESIAN_POINT ( 'NONE',  ( 63.45403433744591126, -18.49999999996431299, -84.63104911140096931 ) ) ;
#3010 = EDGE_CURVE ( 'NONE', #3176, #1510, #958, .T. ) ;
#3011 = ADVANCED_FACE ( 'NONE', ( #2131 ), #1287, .T. ) ;
#3012 = CARTESIAN_POINT ( 'NONE',  ( -53.50000000000466116, -28.00000000000627409, 8.000000000003115730 ) ) ;
#3013 = AXIS2_PLACEMENT_3D ( 'NONE', #4071, #2103, #2379 ) ;
#3014 = VECTOR ( 'NONE', #1382, 1000.000000000000000 ) ;
#3015 = ORIENTED_EDGE ( 'NONE', *, *, #389, .T. ) ;
#3016 = CIRCLE ( 'NONE', #390, 1.500000000029436009 ) ;
#3017 = DIRECTION ( 'NONE',  ( 0.7071067811865441310, 8.659560562354890950E-17, -0.7071067811865507924 ) ) ;
#3018 = ORIENTED_EDGE ( 'NONE', *, *, #4031, .T. ) ;
#3019 = EDGE_CURVE ( 'NONE', #2790, #818, #391, .T. ) ;
#3020 = ORIENTED_EDGE ( 'NONE', *, *, #1830, .T. ) ;
#3021 = CONICAL_SURFACE ( 'NONE', #3149, 1.500000000029436009, 0.7853981633974442822 ) ;
#3022 = CARTESIAN_POINT ( 'NONE',  ( 66.60000000025779343, 40.40000000000126334, 1.500000000000000000 ) ) ;
#3023 = ORIENTED_EDGE ( 'NONE', *, *, #4151, .F. ) ;
#3024 = DIRECTION ( 'NONE',  ( 1.000000000000000000, 0.000000000000000000, 0.000000000000000000 ) ) ;
#3025 = VECTOR ( 'NONE', #2471, 1000.000000000000000 ) ;
#3026 = ORIENTED_EDGE ( 'NONE', *, *, #3971, .F. ) ;
#3027 = AXIS2_PLACEMENT_3D ( 'NONE', #3496, #850, #1191 ) ;
#3028 = DIRECTION ( 'NONE',  ( 0.000000000000000000, 1.000000000000000000, 0.000000000000000000 ) ) ;
#3029 = CIRCLE ( 'NONE', #1364, 4.150000000000001243 ) ;
#3030 = ORIENTED_EDGE ( 'NONE', *, *, #695, .T. ) ;
#3031 = CARTESIAN_POINT ( 'NONE',  ( 62.99999999997524469, 27.99999999999365485, 1.500000000000001332 ) ) ;
#3032 = AXIS2_PLACEMENT_3D ( 'NONE', #3012, #408, #1999 ) ;
#3033 = ADVANCED_FACE ( 'NONE', ( #2609 ), #546, .F. ) ;
#3034 = ORIENTED_EDGE ( 'NONE', *, *, #1458, .F. ) ;
#3035 = FACE_OUTER_BOUND ( 'NONE', #2713, .T. ) ;
#3036 = DIRECTION ( 'NONE',  ( -1.000000000000000000, 0.000000000000000000, 0.000000000000000000 ) ) ;
#3037 = CARTESIAN_POINT ( 'NONE',  ( -53.50000000000466116, -28.00000000000627409, 20.72792206144420391 ) ) ;
#3038 = EDGE_CURVE ( 'NONE', #2300, #2985, #3016, .T. ) ;
#3039 = EDGE_LOOP ( 'NONE', ( #825, #3252, #1579, #1040 ) ) ;
#3040 = AXIS2_PLACEMENT_3D ( 'NONE', #3449, #2140, #504 ) ;
#3041 = FACE_OUTER_BOUND ( 'NONE', #3944, .T. ) ;
#3042 = DIRECTION ( 'NONE',  ( 0.000000000000000000, -1.000000000000000000, -0.000000000000000000 ) ) ;
#3043 = ORIENTED_EDGE ( 'NONE', *, *, #1431, .F. ) ;
#3044 = CARTESIAN_POINT ( 'NONE',  ( 62.99999999997524469, 27.99999999999365485, 7.500000000003087308 ) ) ;
#3045 = FACE_OUTER_BOUND ( 'NONE', #2111, .T. ) ;
#3046 = EDGE_CURVE ( 'NONE', #636, #2809, #3886, .T. ) ;
#3047 = ORIENTED_EDGE ( 'NONE', *, *, #4136, .T. ) ;
#3048 = DIRECTION ( 'NONE',  ( -1.000000000000000000, 0.000000000000000000, 0.000000000000000000 ) ) ;
#3049 = DIRECTION ( 'NONE',  ( -1.000000000000000000, -1.117374219626154903E-16, 0.000000000000000000 ) ) ;
#3050 = ORIENTED_EDGE ( 'NONE', *, *, #1294, .F. ) ;
#3051 = CARTESIAN_POINT ( 'NONE',  ( 53.50000000000466116, -28.00000000000627409, 3.500000000000034195 ) ) ;
#3052 = EDGE_CURVE ( 'NONE', #384, #4167, #2129, .T. ) ;
#3053 = DIRECTION ( 'NONE',  ( -1.000000000000000000, 0.000000000000000000, 0.000000000000000000 ) ) ;
#3054 = CARTESIAN_POINT ( 'NONE',  ( -66.60000000025779343, 40.40000000000126334, 2.500000000000000000 ) ) ;
#3055 = CARTESIAN_POINT ( 'NONE',  ( -67.80403433744587005, -36.49999999990579624, 7.500000000000000000 ) ) ;
#3056 = ADVANCED_FACE ( 'NONE', ( #2550 ), #2292, .T. ) ;
#3057 = DIRECTION ( 'NONE',  ( -0.000000000000000000, -0.000000000000000000, -1.000000000000000000 ) ) ;
#3058 = EDGE_LOOP ( 'NONE', ( #1980, #2187, #474, #1006 ) ) ;
#3059 = AXIS2_PLACEMENT_3D ( 'NONE', #1571, #3511, #2836 ) ;
#3060 = FACE_BOUND ( 'NONE', #2276, .T. ) ;
#3061 = DIRECTION ( 'NONE',  ( -1.000000000000000000, 0.000000000000000000, 0.000000000000000000 ) ) ;
#3062 = ORIENTED_EDGE ( 'NONE', *, *, #2607, .T. ) ;
#3063 = CARTESIAN_POINT ( 'NONE',  ( 53.50000000000466116, -28.00000000000627409, 7.000000000003114842 ) ) ;
#3064 = DIRECTION ( 'NONE',  ( -1.000000000000000000, 0.000000000000000000, 0.000000000000000000 ) ) ;
#3065 = CIRCLE ( 'NONE', #1801, 3.500000000029410252 ) ;
#3066 = EDGE_CURVE ( 'NONE', #3623, #4211, #1332, .T. ) ;
#3067 = AXIS2_PLACEMENT_3D ( 'NONE', #4208, #939, #2274 ) ;
#3068 = ORIENTED_EDGE ( 'NONE', *, *, #1246, .F. ) ;
#3069 = CARTESIAN_POINT ( 'NONE',  ( 66.60000000025779343, 40.40000000000126334, 2.500000000000000000 ) ) ;
#3070 = CIRCLE ( 'NONE', #1296, 2.000000000029450220 ) ;
#3071 = DIRECTION ( 'NONE',  ( 1.000000000000000000, 0.000000000000000000, 0.000000000000000000 ) ) ;
#3072 = VERTEX_POINT ( 'NONE', #1039 ) ;
#3073 = ORIENTED_EDGE ( 'NONE', *, *, #1370, .T. ) ;
#3074 = EDGE_CURVE ( 'NONE', #2506, #335, #3222, .T. ) ;
#3075 = DIRECTION ( 'NONE',  ( -0.7071067811865580088, 8.659560562355062281E-17, 0.7071067811865369146 ) ) ;
#3076 = AXIS2_PLACEMENT_3D ( 'NONE', #1872, #2551, #570 ) ;
#3077 = EDGE_LOOP ( 'NONE', ( #3814, #2284 ) ) ;
#3078 = ORIENTED_EDGE ( 'NONE', *, *, #1696, .T. ) ;
#3079 = DIRECTION ( 'NONE',  ( -1.000000000000000000, 0.000000000000000000, 0.000000000000000000 ) ) ;
#3080 = LINE ( 'NONE', #4157, #2191 ) ;
#3081 = DIRECTION ( 'NONE',  ( 0.7071067811865544561, 0.000000000000000000, 0.7071067811865405783 ) ) ;
#3082 = EDGE_CURVE ( 'NONE', #2273, #1486, #906, .T. ) ;
#3083 = ADVANCED_FACE ( 'NONE', ( #239 ), #1966, .F. ) ;
#3084 = FACE_OUTER_BOUND ( 'NONE', #895, .T. ) ;
#3085 = DIRECTION ( 'NONE',  ( 1.000000000000000000, -3.485468137178896589E-16, 0.000000000000000000 ) ) ;
#3086 = DIRECTION ( 'NONE',  ( -1.000000000000000000, 0.000000000000000000, 0.000000000000000000 ) ) ;
#3087 = CARTESIAN_POINT ( 'NONE',  ( 0.000000000000000000, 0.000000000000000000, 0.000000000000000000 ) ) ;
#3088 = AXIS2_PLACEMENT_3D ( 'NONE', #3406, #1783, #1825 ) ;
#3089 = DIRECTION ( 'NONE',  ( -1.000000000000000000, 0.000000000000000000, 0.000000000000000000 ) ) ;
#3090 = EDGE_LOOP ( 'NONE', ( #3396, #2052 ) ) ;
#3091 = LINE ( 'NONE', #4133, #1352 ) ;
#3092 = DIRECTION ( 'NONE',  ( 0.000000000000000000, 0.000000000000000000, -1.000000000000000000 ) ) ;
#3093 = VERTEX_POINT ( 'NONE', #3955 ) ;
#3094 = LINE ( 'NONE', #1448, #2478 ) ;
#3095 = DIRECTION ( 'NONE',  ( 0.000000000000000000, 0.000000000000000000, -1.000000000000000000 ) ) ;
#3096 = CARTESIAN_POINT ( 'NONE',  ( 67.80403433744587005, -30.84999999990578701, 7.500000000000000000 ) ) ;
#3097 = ORIENTED_EDGE ( 'NONE', *, *, #1302, .F. ) ;
#3098 = CIRCLE ( 'NONE', #2283, 4.500000000029425351 ) ;
#3099 = EDGE_CURVE ( 'NONE', #1121, #3072, #2914, .T. ) ;
#3100 = AXIS2_PLACEMENT_3D ( 'NONE', #4178, #3214, #2215 ) ;
#3101 = DIRECTION ( 'NONE',  ( 1.000000000000000000, 0.000000000000000000, 0.000000000000000000 ) ) ;
#3102 = APPLICATION_CONTEXT ( 'automotive_design' ) ;
#3103 = SURFACE_STYLE_FILL_AREA ( #1368 ) ;
#3104 = DIRECTION ( 'NONE',  ( 0.000000000000000000, 0.000000000000000000, -1.000000000000000000 ) ) ;
#3105 = EDGE_LOOP ( 'NONE', ( #2970, #1372, #2917, #459 ) ) ;
#3106 = DIRECTION ( 'NONE',  ( 1.000000000000000000, -0.000000000000000000, -0.000000000000000000 ) ) ;
#3107 = EDGE_CURVE ( 'NONE', #1098, #4143, #596, .T. ) ;
#3108 = ORIENTED_EDGE ( 'NONE', *, *, #94, .F. ) ;
#3109 = DIRECTION ( 'NONE',  ( -1.000000000000000000, 0.000000000000000000, 0.000000000000000000 ) ) ;
#3110 = VECTOR ( 'NONE', #3899, 1000.000000000000000 ) ;
#3111 = DIRECTION ( 'NONE',  ( 0.000000000000000000, -0.000000000000000000, -1.000000000000000000 ) ) ;
#3112 = ORIENTED_EDGE ( 'NONE', *, *, #158, .F. ) ;
#3113 = DIRECTION ( 'NONE',  ( 0.000000000000000000, 0.000000000000000000, -1.000000000000000000 ) ) ;
#3114 = VECTOR ( 'NONE', #580, 1000.000000000000000 ) ;
#3115 = VERTEX_POINT ( 'NONE', #1024 ) ;
#3116 = CARTESIAN_POINT ( 'NONE',  ( 53.50000000000466116, 27.99999999999372946, 8.000000000003115730 ) ) ;
#3117 = FACE_OUTER_BOUND ( 'NONE', #55, .T. ) ;
#3118 = DIRECTION ( 'NONE',  ( 1.000000000000000000, 0.000000000000000000, 0.000000000000000000 ) ) ;
#3119 = ORIENTED_EDGE ( 'NONE', *, *, #2945, .F. ) ;
#3120 = AXIS2_PLACEMENT_3D ( 'NONE', #341, #2639, #989 ) ;
#3121 = CONICAL_SURFACE ( 'NONE', #484, 4.500000000029425351, 0.7853981633974435050 ) ;
#3122 = DIRECTION ( 'NONE',  ( -1.000000000000000000, 0.000000000000000000, 0.000000000000000000 ) ) ;
#3123 = DIRECTION ( 'NONE',  ( -0.000000000000000000, -0.000000000000000000, -1.000000000000000000 ) ) ;
#3124 = ORIENTED_EDGE ( 'NONE', *, *, #463, .T. ) ;
#3125 = EDGE_CURVE ( 'NONE', #2606, #490, #136, .T. ) ;
#3126 = AXIS2_PLACEMENT_3D ( 'NONE', #3241, #2912, #1304 ) ;
#3127 = CIRCLE ( 'NONE', #3858, 4.500000000029425351 ) ;
#3128 = VERTEX_POINT ( 'NONE', #2956 ) ;
#3129 = CARTESIAN_POINT ( 'NONE',  ( 63.45403433744591126, -18.49999999996431299, 2.500000000000000000 ) ) ;
#3130 = ORIENTED_EDGE ( 'NONE', *, *, #3977, .T. ) ;
#3131 = DIRECTION ( 'NONE',  ( -1.000000000000000000, 0.000000000000000000, 0.000000000000000000 ) ) ;
#3132 = CIRCLE ( 'NONE', #2696, 1.500000000029422242 ) ;
#3133 = EDGE_CURVE ( 'NONE', #3940, #339, #1383, .T. ) ;
#3134 = CARTESIAN_POINT ( 'NONE',  ( -66.60000000025779343, 44.40000000000125624, 0.000000000000000000 ) ) ;
#3135 = FACE_OUTER_BOUND ( 'NONE', #3105, .T. ) ;
#3136 = CARTESIAN_POINT ( 'NONE',  ( 64.50000000000466116, 27.99999999999365130, 2.500000000000000000 ) ) ;
#3137 = DIRECTION ( 'NONE',  ( -1.000000000000000000, 0.000000000000000000, 0.000000000000000000 ) ) ;
#3138 = AXIS2_PLACEMENT_3D ( 'NONE', #4022, #704, #3331 ) ;
#3139 = FACE_OUTER_BOUND ( 'NONE', #984, .T. ) ;
#3140 = ORIENTED_EDGE ( 'NONE', *, *, #3923, .F. ) ;
#3141 = CIRCLE ( 'NONE', #1529, 5.500000000029453773 ) ;
#3142 = ORIENTED_EDGE ( 'NONE', *, *, #2997, .T. ) ;
#3143 = CARTESIAN_POINT ( 'NONE',  ( 58.00000000003408474, -28.00000000000627409, 3.500000000000034195 ) ) ;
#3144 = LINE ( 'NONE', #3232, #717 ) ;
#3145 = EDGE_LOOP ( 'NONE', ( #1389, #2178, #2640, #3320 ) ) ;
#3146 = VECTOR ( 'NONE', #3081, 1000.000000000000000 ) ;
#3147 = CARTESIAN_POINT ( 'NONE',  ( 66.60000000025779343, 40.40000000000126334, 0.4999999999999765743 ) ) ;
#3148 = ORIENTED_EDGE ( 'NONE', *, *, #595, .T. ) ;
#3149 = AXIS2_PLACEMENT_3D ( 'NONE', #3322, #4025, #3024 ) ;
#3150 = CARTESIAN_POINT ( 'NONE',  ( -64.50000000000466116, -28.00000000000634870, 8.000000000003115730 ) ) ;
#3151 = FACE_OUTER_BOUND ( 'NONE', #107, .T. ) ;
#3152 = ORIENTED_EDGE ( 'NONE', *, *, #625, .F. ) ;
#3153 = CARTESIAN_POINT ( 'NONE',  ( 66.60000000025779343, 40.40000000000126334, 0.4999999999999765743 ) ) ;
#3154 = DIRECTION ( 'NONE',  ( 1.000000000000000000, 0.000000000000000000, 0.000000000000000000 ) ) ;
#3155 = DIRECTION ( 'NONE',  ( -0.000000000000000000, -0.000000000000000000, -1.000000000000000000 ) ) ;
#3156 = EDGE_CURVE ( 'NONE', #1881, #1433, #3070, .T. ) ;
#3157 = EDGE_LOOP ( 'NONE', ( #3986, #967, #1330, #3835 ) ) ;
#3158 = DIRECTION ( 'NONE',  ( -0.000000000000000000, -0.000000000000000000, -1.000000000000000000 ) ) ;
#3159 = ORIENTED_EDGE ( 'NONE', *, *, #3489, .F. ) ;
#3160 = EDGE_CURVE ( 'NONE', #1339, #2488, #3881, .T. ) ;
#3161 = CIRCLE ( 'NONE', #3698, 1.500000000029436009 ) ;
#3162 = DIRECTION ( 'NONE',  ( 0.000000000000000000, -0.000000000000000000, -1.000000000000000000 ) ) ;
#3163 = ORIENTED_EDGE ( 'NONE', *, *, #1113, .T. ) ;
#3164 = FACE_OUTER_BOUND ( 'NONE', #3921, .T. ) ;
#3165 = CARTESIAN_POINT ( 'NONE',  ( -59.00000000003411316, -28.00000000000631317, 2.500000000000000000 ) ) ;
#3166 = EDGE_LOOP ( 'NONE', ( #3884, #1861, #1182, #2838 ) ) ;
#3167 = DIRECTION ( 'NONE',  ( 1.000000000000000000, 0.000000000000000000, 0.000000000000000000 ) ) ;
#3168 = AXIS2_PLACEMENT_3D ( 'NONE', #3477, #1232, #847 ) ;
#3169 = CIRCLE ( 'NONE', #3565, 2.000000000029450220 ) ;
#3170 = CARTESIAN_POINT ( 'NONE',  ( -53.50000000000466116, -28.00000000000627409, 7.000000000003114842 ) ) ;
#3171 = ORIENTED_EDGE ( 'NONE', *, *, #974, .T. ) ;
#3172 = CYLINDRICAL_SURFACE ( 'NONE', #916, 4.150000000000001243 ) ;
#3173 = DIRECTION ( 'NONE',  ( 0.000000000000000000, -0.000000000000000000, -1.000000000000000000 ) ) ;
#3174 = ORIENTED_EDGE ( 'NONE', *, *, #12, .T. ) ;
#3175 = AXIS2_PLACEMENT_3D ( 'NONE', #3288, #1309, #1635 ) ;
#3176 = VERTEX_POINT ( 'NONE', #1367 ) ;
#3177 = CARTESIAN_POINT ( 'NONE',  ( 53.50000000000466116, 27.99999999999372946, -84.63104911140096931 ) ) ;
#3178 = VECTOR ( 'NONE', #2053, 1000.000000000000000 ) ;
#3179 = ORIENTED_EDGE ( 'NONE', *, *, #1543, .T. ) ;
#3180 = ORIENTED_EDGE ( 'NONE', *, *, #3099, .T. ) ;
#3181 = CARTESIAN_POINT ( 'NONE',  ( -66.00000000003409184, -28.00000000000634870, 20.72792206144420391 ) ) ;
#3182 = EDGE_CURVE ( 'NONE', #208, #2913, #2859, .T. ) ;
#3183 = FACE_OUTER_BOUND ( 'NONE', #2164, .T. ) ;
#3184 = DIRECTION ( 'NONE',  ( -0.7071067811865533459, -8.659560562355004349E-17, -0.7071067811865416886 ) ) ;
#3185 = DIRECTION ( 'NONE',  ( -1.000000000000000000, 3.485468137178898561E-16, -0.000000000000000000 ) ) ;
#3186 = VECTOR ( 'NONE', #3844, 1000.000000000000000 ) ;
#3187 = EDGE_CURVE ( 'NONE', #2943, #1572, #2395, .T. ) ;
#3188 = EDGE_LOOP ( 'NONE', ( #2334, #940, #836, #2848 ) ) ;
#3189 = CARTESIAN_POINT ( 'NONE',  ( -63.45403433744591126, -18.49999999996431299, -84.63104911140096931 ) ) ;
#3190 = ORIENTED_EDGE ( 'NONE', *, *, #1269, .T. ) ;
#3191 = LINE ( 'NONE', #2860, #52 ) ;
#3192 = DIRECTION ( 'NONE',  ( 1.000000000000000000, 0.000000000000000000, 0.000000000000000000 ) ) ;
#3193 = CARTESIAN_POINT ( 'NONE',  ( -53.50000000000466116, 27.99999999999372946, 2.500000000000000000 ) ) ;
#3194 = ORIENTED_EDGE ( 'NONE', *, *, #3052, .F. ) ;
#3195 = DIRECTION ( 'NONE',  ( 1.000000000000000000, 0.000000000000000000, 0.000000000000000000 ) ) ;
#3196 = CARTESIAN_POINT ( 'NONE',  ( 66.60000000025779343, 40.40000000000126334, 2.500000000000000000 ) ) ;
#3197 = DIRECTION ( 'NONE',  ( -1.832051195753331637E-16, 1.000000000000000000, 0.000000000000000000 ) ) ;
#3198 = VECTOR ( 'NONE', #1539, 1000.000000000000000 ) ;
#3199 = ADVANCED_FACE ( 'NONE', ( #3831 ), #2969, .T. ) ;
#3200 = CARTESIAN_POINT ( 'NONE',  ( 73.45403433744590416, 44.90000000000125624, 2.500000000000000000 ) ) ;
#3201 = VERTEX_POINT ( 'NONE', #715 ) ;
#3202 = CARTESIAN_POINT ( 'NONE',  ( 66.60000000025779343, 44.90000000000125624, 2.500000000000000000 ) ) ;
#3203 = DIRECTION ( 'NONE',  ( 1.000000000000000000, 0.000000000000000000, 0.000000000000000000 ) ) ;
#3204 = CARTESIAN_POINT ( 'NONE',  ( 67.80403433744587005, -30.84999999990578701, 0.000000000000000000 ) ) ;
#3205 = DIRECTION ( 'NONE',  ( -0.000000000000000000, -0.000000000000000000, -1.000000000000000000 ) ) ;
#3206 = ORIENTED_EDGE ( 'NONE', *, *, #2048, .T. ) ;
#3207 = DIRECTION ( 'NONE',  ( 1.000000000000000000, 0.000000000000000000, 0.000000000000000000 ) ) ;
#3208 = DIRECTION ( 'NONE',  ( 0.000000000000000000, -0.000000000000000000, -1.000000000000000000 ) ) ;
#3209 = EDGE_CURVE ( 'NONE', #3466, #3811, #2179, .T. ) ;
#3210 = AXIS2_PLACEMENT_3D ( 'NONE', #2778, #2665, #796 ) ;
#3211 = ADVANCED_FACE ( 'NONE', ( #342 ), #4187, .T. ) ;
#3212 = ORIENTED_EDGE ( 'NONE', *, *, #1001, .T. ) ;
#3213 = FACE_OUTER_BOUND ( 'NONE', #3712, .T. ) ;
#3214 = DIRECTION ( 'NONE',  ( -0.000000000000000000, -0.000000000000000000, -1.000000000000000000 ) ) ;
#3215 = VERTEX_POINT ( 'NONE', #746 ) ;
#3216 = EDGE_CURVE ( 'NONE', #2822, #1935, #3530, .T. ) ;
#3217 = CIRCLE ( 'NONE', #3236, 4.500000000029425351 ) ;
#3218 = CARTESIAN_POINT ( 'NONE',  ( -60.99999999997525180, -28.00000000000634870, 8.000000000003115730 ) ) ;
#3219 = DIRECTION ( 'NONE',  ( -1.000000000000000000, 0.000000000000000000, 0.000000000000000000 ) ) ;
#3220 = ORIENTED_EDGE ( 'NONE', *, *, #3066, .F. ) ;
#3221 = DIRECTION ( 'NONE',  ( 0.000000000000000000, 0.000000000000000000, 1.000000000000000000 ) ) ;
#3222 = CIRCLE ( 'NONE', #1957, 4.500000000029425351 ) ;
#3223 = ADVANCED_FACE ( 'NONE', ( #3627 ), #444, .T. ) ;
#3224 = DIRECTION ( 'NONE',  ( -0.000000000000000000, -0.000000000000000000, -1.000000000000000000 ) ) ;
#3225 = ORIENTED_EDGE ( 'NONE', *, *, #4232, .T. ) ;
#3226 = AXIS2_PLACEMENT_3D ( 'NONE', #29, #2324, #1337 ) ;
#3227 = ORIENTED_EDGE ( 'NONE', *, *, #321, .F. ) ;
#3228 = VERTEX_POINT ( 'NONE', #3694 ) ;
#3229 = DIRECTION ( 'NONE',  ( 1.000000000000000000, 0.000000000000000000, 0.000000000000000000 ) ) ;
#3230 = CIRCLE ( 'NONE', #3803, 1.650000000051360383 ) ;
#3231 = ORIENTED_EDGE ( 'NONE', *, *, #3546, .F. ) ;
#3232 = CARTESIAN_POINT ( 'NONE',  ( 51.99999999997522337, -28.00000000000627409, 7.500000000003108624 ) ) ;
#3233 = VECTOR ( 'NONE', #2264, 1000.000000000000000 ) ;
#3234 = DIRECTION ( 'NONE',  ( -1.000000000000000000, 0.000000000000000000, 0.000000000000000000 ) ) ;
#3235 = EDGE_CURVE ( 'NONE', #673, #1233, #1682, .T. ) ;
#3236 = AXIS2_PLACEMENT_3D ( 'NONE', #1198, #1835, #183 ) ;
#3237 = CARTESIAN_POINT ( 'NONE',  ( 53.50000000000466116, -28.00000000000627409, 2.500000000000000000 ) ) ;
#3238 = DIRECTION ( 'NONE',  ( -0.000000000000000000, -0.000000000000000000, -1.000000000000000000 ) ) ;
#3239 = FACE_OUTER_BOUND ( 'NONE', #1235, .T. ) ;
#3240 = ORIENTED_EDGE ( 'NONE', *, *, #2967, .F. ) ;
#3241 = CARTESIAN_POINT ( 'NONE',  ( -66.60000000025779343, 40.40000000000126334, 1.500000000000000000 ) ) ;
#3242 = FACE_OUTER_BOUND ( 'NONE', #3915, .T. ) ;
#3243 = EDGE_CURVE ( 'NONE', #1628, #683, #1878, .T. ) ;
#3244 = ORIENTED_EDGE ( 'NONE', *, *, #368, .T. ) ;
#3245 = CARTESIAN_POINT ( 'NONE',  ( -63.45403433744591126, -18.49999999996431299, 0.6000000000000033085 ) ) ;
#3246 = ORIENTED_EDGE ( 'NONE', *, *, #3808, .F. ) ;
#3247 = CARTESIAN_POINT ( 'NONE',  ( 4.662936703425657470E-12, -6.272760089132134453E-12, 8.000000000003115730 ) ) ;
#3248 = FACE_OUTER_BOUND ( 'NONE', #2084, .T. ) ;
#3249 = DIRECTION ( 'NONE',  ( -0.000000000000000000, -0.000000000000000000, 1.000000000000000000 ) ) ;
#3250 = AXIS2_PLACEMENT_3D ( 'NONE', #4159, #206, #2519 ) ;
#3251 = CARTESIAN_POINT ( 'NONE',  ( -66.00000000003409184, -28.00000000000634870, 7.500000000003115730 ) ) ;
#3252 = ORIENTED_EDGE ( 'NONE', *, *, #3512, .T. ) ;
#3253 = VERTEX_POINT ( 'NONE', #1099 ) ;
#3254 = CARTESIAN_POINT ( 'NONE',  ( 66.60000000025779343, 44.90000000000125624, 0.5000000000000004441 ) ) ;
#3255 = AXIS2_PLACEMENT_3D ( 'NONE', #3136, #832, #1507 ) ;
#3256 = ORIENTED_EDGE ( 'NONE', *, *, #817, .T. ) ;
#3257 = EDGE_CURVE ( 'NONE', #2106, #3780, #2337, .T. ) ;
#3258 = EDGE_LOOP ( 'NONE', ( #1666, #2553, #103, #2510 ) ) ;
#3259 = CARTESIAN_POINT ( 'NONE',  ( 63.45403433744591126, -18.49999999996431299, -84.63104911140096931 ) ) ;
#3260 = DIRECTION ( 'NONE',  ( 0.000000000000000000, 0.000000000000000000, 1.000000000000000000 ) ) ;
#3261 = CARTESIAN_POINT ( 'NONE',  ( 64.50000000000466116, -28.00000000000634870, 8.000000000003115730 ) ) ;
#3262 = DIRECTION ( 'NONE',  ( -1.000000000000000000, 0.000000000000000000, 0.000000000000000000 ) ) ;
#3263 = ORIENTED_EDGE ( 'NONE', *, *, #1354, .T. ) ;
#3264 = DIRECTION ( 'NONE',  ( -0.000000000000000000, -0.000000000000000000, 1.000000000000000000 ) ) ;
#3265 = EDGE_CURVE ( 'NONE', #220, #4262, #1485, .T. ) ;
#3266 = LINE ( 'NONE', #82, #641 ) ;
#3267 = CARTESIAN_POINT ( 'NONE',  ( -63.45403433744591126, -18.49999999996431299, 2.500000000000000000 ) ) ;
#3268 = ORIENTED_EDGE ( 'NONE', *, *, #3813, .T. ) ;
#3269 = VECTOR ( 'NONE', #4169, 1000.000000000000000 ) ;
#3270 = EDGE_CURVE ( 'NONE', #3271, #44, #3319, .T. ) ;
#3271 = VERTEX_POINT ( 'NONE', #2384 ) ;
#3272 = CARTESIAN_POINT ( 'NONE',  ( 67.80403433744587005, -30.84999999990578701, 7.500000000000000000 ) ) ;
#3273 = CONICAL_SURFACE ( 'NONE', #37, 4.499999999999997335, 0.7853981633974552734 ) ;
#3274 = DIRECTION ( 'NONE',  ( -0.7071067811865445751, 8.659560562354899578E-17, 0.7071067811865504593 ) ) ;
#3275 = ORIENTED_EDGE ( 'NONE', *, *, #2091, .T. ) ;
#3276 = CARTESIAN_POINT ( 'NONE',  ( -67.80403433744587005, -36.49999999990578914, 2.500000000000000000 ) ) ;
#3277 = EDGE_LOOP ( 'NONE', ( #138, #4158, #3785, #1591 ) ) ;
#3278 = CIRCLE ( 'NONE', #143, 5.500000000029453773 ) ;
#3279 = CARTESIAN_POINT ( 'NONE',  ( 64.95000000020644393, 40.40000000000126334, 0.4999999999999765743 ) ) ;
#3280 = ORIENTED_EDGE ( 'NONE', *, *, #1863, .F. ) ;
#3281 = AXIS2_PLACEMENT_3D ( 'NONE', #2520, #3834, #533 ) ;
#3282 = ORIENTED_EDGE ( 'NONE', *, *, #3290, .T. ) ;
#3283 = FACE_OUTER_BOUND ( 'NONE', #1442, .T. ) ;
#3284 = ORIENTED_EDGE ( 'NONE', *, *, #518, .F. ) ;
#3285 = AXIS2_PLACEMENT_3D ( 'NONE', #3276, #1909, #945 ) ;
#3286 = VECTOR ( 'NONE', #600, 1000.000000000000000 ) ;
#3287 = ORIENTED_EDGE ( 'NONE', *, *, #1911, .F. ) ;
#3288 = CARTESIAN_POINT ( 'NONE',  ( 7.342096110424348436E-16, 36.50000000000331113, 2.500000000000000000 ) ) ;
#3289 = DIRECTION ( 'NONE',  ( -0.000000000000000000, -0.000000000000000000, -1.000000000000000000 ) ) ;
#3290 = EDGE_CURVE ( 'NONE', #1061, #1171, #1167, .T. ) ;
#3291 = ORIENTED_EDGE ( 'NONE', *, *, #313, .T. ) ;
#3292 = FACE_OUTER_BOUND ( 'NONE', #1605, .T. ) ;
#3293 = ADVANCED_FACE ( 'NONE', ( #1009 ), #3273, .T. ) ;
#3294 = DIRECTION ( 'NONE',  ( 0.000000000000000000, -1.000000000000000000, 0.000000000000000000 ) ) ;
#3295 = VERTEX_POINT ( 'NONE', #2686 ) ;
#3296 = FACE_OUTER_BOUND ( 'NONE', #3560, .T. ) ;
#3297 = EDGE_CURVE ( 'NONE', #1366, #3334, #386, .T. ) ;
#3298 = DIRECTION ( 'NONE',  ( 1.000000000000000000, 0.000000000000000000, 0.000000000000000000 ) ) ;
#3299 = CYLINDRICAL_SURFACE ( 'NONE', #3250, 1.500000000029436009 ) ;
#3300 = DIRECTION ( 'NONE',  ( 0.000000000000000000, -0.000000000000000000, -1.000000000000000000 ) ) ;
#3301 = ORIENTED_EDGE ( 'NONE', *, *, #1961, .T. ) ;
#3302 = PLANE ( 'NONE',  #3610 ) ;
#3303 = CARTESIAN_POINT ( 'NONE',  ( -58.00000000003408474, 27.99999999999372946, 3.500000000000034195 ) ) ;
#3304 = DIRECTION ( 'NONE',  ( -0.000000000000000000, 0.000000000000000000, 1.000000000000000000 ) ) ;
#3305 = AXIS2_PLACEMENT_3D ( 'NONE', #511, #888, #1523 ) ;
#3306 = CIRCLE ( 'NONE', #3210, 1.500000000029422242 ) ;
#3307 = CARTESIAN_POINT ( 'NONE',  ( -66.60000000025779343, 44.90000000000125624, 0.5000000000000004441 ) ) ;
#3308 = ORIENTED_EDGE ( 'NONE', *, *, #536, .F. ) ;
#3309 = LINE ( 'NONE', #267, #1821 ) ;
#3310 = EDGE_CURVE ( 'NONE', #862, #3906, #802, .T. ) ;
#3311 = ADVANCED_FACE ( 'NONE', ( #693 ), #2450, .T. ) ;
#3312 = AXIS2_PLACEMENT_3D ( 'NONE', #3189, #1887, #2180 ) ;
#3313 = ORIENTED_EDGE ( 'NONE', *, *, #2375, .F. ) ;
#3314 = DIRECTION ( 'NONE',  ( 1.000000000000000000, 0.000000000000000000, -0.000000000000000000 ) ) ;
#3315 = FACE_OUTER_BOUND ( 'NONE', #2593, .T. ) ;
#3316 = DIRECTION ( 'NONE',  ( 0.000000000000000000, 0.000000000000000000, 1.000000000000000000 ) ) ;
#3317 = EDGE_LOOP ( 'NONE', ( #1886, #2484, #2082, #859 ) ) ;
#3318 = EDGE_CURVE ( 'NONE', #426, #2545, #3778, .T. ) ;
#3319 = LINE ( 'NONE', #385, #1590 ) ;
#3320 = ORIENTED_EDGE ( 'NONE', *, *, #897, .F. ) ;
#3321 = DIRECTION ( 'NONE',  ( -1.000000000000000000, -7.885106708989925144E-17, 0.000000000000000000 ) ) ;
#3322 = CARTESIAN_POINT ( 'NONE',  ( 53.50000000000466116, -28.00000000000627409, 7.500000000003108624 ) ) ;
#3323 = ORIENTED_EDGE ( 'NONE', *, *, #1575, .T. ) ;
#3324 = ORIENTED_EDGE ( 'NONE', *, *, #3404, .T. ) ;
#3325 = PLANE ( 'NONE',  #247 ) ;
#3326 = CYLINDRICAL_SURFACE ( 'NONE', #2568, 1.500000000029436009 ) ;
#3327 = DIRECTION ( 'NONE',  ( 1.000000000000000000, 0.000000000000000000, 0.000000000000000000 ) ) ;
#3328 = LINE ( 'NONE', #2570, #3186 ) ;
#3329 = ADVANCED_FACE ( 'NONE', ( #2751 ), #3172, .F. ) ;
#3330 = CARTESIAN_POINT ( 'NONE',  ( -71.95403433744587574, 43.40000000000125624, 2.500000000000000000 ) ) ;
#3331 = DIRECTION ( 'NONE',  ( -1.000000000000000000, 0.000000000000000000, 0.000000000000000000 ) ) ;
#3332 = CIRCLE ( 'NONE', #4126, 4.500000000029425351 ) ;
#3333 = DIRECTION ( 'NONE',  ( 1.000000000000000000, 0.000000000000000000, -0.000000000000000000 ) ) ;
#3334 = VERTEX_POINT ( 'NONE', #495 ) ;
#3335 = EDGE_CURVE ( 'NONE', #3685, #1912, #2081, .T. ) ;
#3336 = CIRCLE ( 'NONE', #3059, 5.500000000029453773 ) ;
#3337 = AXIS2_PLACEMENT_3D ( 'NONE', #4236, #3919, #3594 ) ;
#3338 = CARTESIAN_POINT ( 'NONE',  ( -66.60000000025779343, 40.40000000000126334, 1.999999999999995781 ) ) ;
#3339 = DIRECTION ( 'NONE',  ( -3.664102391506663275E-16, -1.000000000000000000, 0.000000000000000000 ) ) ;
#3340 = EDGE_LOOP ( 'NONE', ( #400, #1388, #1446, #3256 ) ) ;
#3341 = VECTOR ( 'NONE', #4182, 1000.000000000000000 ) ;
#3342 = CARTESIAN_POINT ( 'NONE',  ( -62.10000000025780054, 36.50000000000331113, 2.500000000000000000 ) ) ;
#3343 = EDGE_CURVE ( 'NONE', #1338, #1881, #1226, .T. ) ;
#3344 = ORIENTED_EDGE ( 'NONE', *, *, #2346, .T. ) ;
#3345 = CIRCLE ( 'NONE', #3088, 4.500000000029425351 ) ;
#3346 = DIRECTION ( 'NONE',  ( 1.000000000000000000, -0.000000000000000000, -0.000000000000000000 ) ) ;
#3347 = VERTEX_POINT ( 'NONE', #1785 ) ;
#3348 = EDGE_CURVE ( 'NONE', #1620, #687, #1432, .T. ) ;
#3349 = DIRECTION ( 'NONE',  ( -1.000000000000000000, 0.000000000000000000, 0.000000000000000000 ) ) ;
#3350 = FACE_OUTER_BOUND ( 'NONE', #3861, .T. ) ;
#3351 = DIRECTION ( 'NONE',  ( 0.000000000000000000, 1.000000000000000000, 0.000000000000000000 ) ) ;
#3352 = ORIENTED_EDGE ( 'NONE', *, *, #2767, .T. ) ;
#3353 = CARTESIAN_POINT ( 'NONE',  ( -67.80403433744587005, -36.49999999990578914, 0.5000000000000004441 ) ) ;
#3354 = ADVANCED_FACE ( 'NONE', ( #2655 ), #3121, .T. ) ;
#3355 = CARTESIAN_POINT ( 'NONE',  ( -62.99999999997524469, 27.99999999999365485, 20.72792206144420391 ) ) ;
#3356 = ORIENTED_EDGE ( 'NONE', *, *, #2240, .T. ) ;
#3357 = DIRECTION ( 'NONE',  ( 1.000000000000000000, 0.000000000000000000, 0.000000000000000000 ) ) ;
#3358 = AXIS2_PLACEMENT_3D ( 'NONE', #4006, #401, #3048 ) ;
#3359 = EDGE_LOOP ( 'NONE', ( #3020, #844, #4038, #1333 ) ) ;
#3360 = CARTESIAN_POINT ( 'NONE',  ( 47.99999999997521627, 27.99999999999372946, 2.500000000000000000 ) ) ;
#3361 = CIRCLE ( 'NONE', #70, 1.650000000051360383 ) ;
#3362 = EDGE_LOOP ( 'NONE', ( #7, #2708, #4238, #899 ) ) ;
#3363 = AXIS2_PLACEMENT_3D ( 'NONE', #3997, #1074, #53 ) ;
#3364 = CARTESIAN_POINT ( 'NONE',  ( 62.99999999997524469, 27.99999999999365485, 20.72792206144420391 ) ) ;
#3365 = DIRECTION ( 'NONE',  ( -0.000000000000000000, -0.000000000000000000, -1.000000000000000000 ) ) ;
#3366 = CONICAL_SURFACE ( 'NONE', #2732, 1.500000000029366731, 0.7853981633974492782 ) ;
#3367 = ORIENTED_EDGE ( 'NONE', *, *, #2939, .T. ) ;
#3368 = EDGE_CURVE ( 'NONE', #2907, #2506, #2238, .T. ) ;
#3369 = CIRCLE ( 'NONE', #4154, 4.500000000029425351 ) ;
#3370 = EDGE_LOOP ( 'NONE', ( #2430, #4008 ) ) ;
#3371 = ORIENTED_EDGE ( 'NONE', *, *, #782, .F. ) ;
#3372 = DIRECTION ( 'NONE',  ( -0.000000000000000000, -0.000000000000000000, -1.000000000000000000 ) ) ;
#3373 = EDGE_CURVE ( 'NONE', #3880, #2966, #3425, .T. ) ;
#3374 = ORIENTED_EDGE ( 'NONE', *, *, #404, .T. ) ;
#3375 = ADVANCED_FACE ( 'NONE', ( #3985 ), #2964, .F. ) ;
#3376 = CARTESIAN_POINT ( 'NONE',  ( -66.60000000025779343, 44.90000000000125624, 2.500000000000000000 ) ) ;
#3377 = CIRCLE ( 'NONE', #1086, 3.500000000029410252 ) ;
#3378 = CARTESIAN_POINT ( 'NONE',  ( -63.45403433744591126, -18.49999999996431299, -84.63104911140096931 ) ) ;
#3379 = ORIENTED_EDGE ( 'NONE', *, *, #3160, .T. ) ;
#3380 = DIRECTION ( 'NONE',  ( 1.000000000000000000, 0.000000000000000000, 0.000000000000000000 ) ) ;
#3381 = VERTEX_POINT ( 'NONE', #3419 ) ;
#3382 = DIRECTION ( 'NONE',  ( 0.000000000000000000, 0.000000000000000000, -1.000000000000000000 ) ) ;
#3383 = LINE ( 'NONE', #798, #3739 ) ;
#3384 = VERTEX_POINT ( 'NONE', #2445 ) ;
#3385 = AXIS2_PLACEMENT_3D ( 'NONE', #1924, #3876, #1599 ) ;
#3386 = CARTESIAN_POINT ( 'NONE',  ( 73.45403433744588995, 40.40000000000127045, 3.000000000000000000 ) ) ;
#3387 = CONICAL_SURFACE ( 'NONE', #1200, 5.650000000000009237, 0.7853981633974415066 ) ;
#3388 = CARTESIAN_POINT ( 'NONE',  ( 71.95403433744587574, 43.40000000000125624, 7.500000000000000000 ) ) ;
#3389 = CARTESIAN_POINT ( 'NONE',  ( -63.45403433744591126, 18.49999999996429878, 2.500000000000000000 ) ) ;
#3390 = DIRECTION ( 'NONE',  ( 0.000000000000000000, -0.000000000000000000, -1.000000000000000000 ) ) ;
#3391 = EDGE_LOOP ( 'NONE', ( #4255, #1919, #30, #2637 ) ) ;
#3392 = CONICAL_SURFACE ( 'NONE', #2055, 2.000000000029436453, 0.7853981633974581600 ) ;
#3393 = CARTESIAN_POINT ( 'NONE',  ( 73.45403433744590416, 44.90000000000125624, 0.5000000000000004441 ) ) ;
#3394 = DIRECTION ( 'NONE',  ( 1.000000000000000000, 0.000000000000000000, 0.000000000000000000 ) ) ;
#3395 = EDGE_CURVE ( 'NONE', #925, #1546, #4086, .T. ) ;
#3396 = ORIENTED_EDGE ( 'NONE', *, *, #1207, .T. ) ;
#3397 = AXIS2_PLACEMENT_3D ( 'NONE', #786, #411, #800 ) ;
#3398 = DIRECTION ( 'NONE',  ( -1.000000000000000000, 0.000000000000000000, 0.000000000000000000 ) ) ;
#3399 = CONICAL_SURFACE ( 'NONE', #2136, 4.500000000029425351, 0.7853981633974435050 ) ;
#3400 =( NAMED_UNIT ( * ) SI_UNIT ( $, .STERADIAN. ) SOLID_ANGLE_UNIT ( ) );
#3401 = ADVANCED_FACE ( 'NONE', ( #4137 ), #3579, .F. ) ;
#3402 = DIRECTION ( 'NONE',  ( 0.000000000000000000, 0.000000000000000000, 1.000000000000000000 ) ) ;
#3403 = FACE_OUTER_BOUND ( 'NONE', #2979, .T. ) ;
#3404 = EDGE_CURVE ( 'NONE', #1098, #4194, #4245, .T. ) ;
#3405 = DIRECTION ( 'NONE',  ( -1.000000000000000000, 0.000000000000000000, 0.000000000000000000 ) ) ;
#3406 = CARTESIAN_POINT ( 'NONE',  ( 53.50000000000466116, 27.99999999999372946, 3.500000000000034195 ) ) ;
#3407 = CONICAL_SURFACE ( 'NONE', #606, 2.000000000029401814, 0.7853981633974632670 ) ;
#3408 = ORIENTED_EDGE ( 'NONE', *, *, #2267, .T. ) ;
#3409 = DIRECTION ( 'NONE',  ( -0.000000000000000000, -0.000000000000000000, 1.000000000000000000 ) ) ;
#3410 = DIRECTION ( 'NONE',  ( 0.000000000000000000, -0.000000000000000000, -1.000000000000000000 ) ) ;
#3411 = CARTESIAN_POINT ( 'NONE',  ( -73.45403433744590416, 44.90000000000125624, 0.5000000000000004441 ) ) ;
#3412 = CARTESIAN_POINT ( 'NONE',  ( 67.80403433744587005, -35.99999999990580335, 0.000000000000000000 ) ) ;
#3413 = ORIENTED_EDGE ( 'NONE', *, *, #404, .F. ) ;
#3414 = CARTESIAN_POINT ( 'NONE',  ( 66.60000000025779343, 44.40000000000124913, 0.000000000000000000 ) ) ;
#3415 = FACE_OUTER_BOUND ( 'NONE', #1214, .T. ) ;
#3416 = DIRECTION ( 'NONE',  ( -1.000000000000000000, 0.000000000000000000, -0.000000000000000000 ) ) ;
#3417 = VERTEX_POINT ( 'NONE', #1769 ) ;
#3418 = CARTESIAN_POINT ( 'NONE',  ( -53.50000000000466116, 18.49999999996429523, 0.6000000000000033085 ) ) ;
#3419 = CARTESIAN_POINT ( 'NONE',  ( 66.00000000003409184, -28.00000000000634870, 1.500000000000001332 ) ) ;
#3420 = LINE ( 'NONE', #2282, #2547 ) ;
#3421 = EDGE_CURVE ( 'NONE', #3595, #1366, #900, .T. ) ;
#3422 = AXIS2_PLACEMENT_3D ( 'NONE', #1847, #4163, #209 ) ;
#3423 = DIRECTION ( 'NONE',  ( 0.7071067811865533459, 8.659560562355004349E-17, -0.7071067811865416886 ) ) ;
#3424 = ORIENTED_EDGE ( 'NONE', *, *, #2014, .T. ) ;
#3425 = LINE ( 'NONE', #2816, #1538 ) ;
#3426 = CARTESIAN_POINT ( 'NONE',  ( 69.00000000003409184, -28.00000000000634870, 3.500000000000034195 ) ) ;
#3427 = DIRECTION ( 'NONE',  ( -1.000000000000000000, 0.000000000000000000, 0.000000000000000000 ) ) ;
#3428 = ORIENTED_EDGE ( 'NONE', *, *, #3539, .F. ) ;
#3429 = EDGE_CURVE ( 'NONE', #1265, #548, #2747, .T. ) ;
#3430 = AXIS2_PLACEMENT_3D ( 'NONE', #1013, #487, #814 ) ;
#3431 = VECTOR ( 'NONE', #1942, 1000.000000000000000 ) ;
#3432 = CARTESIAN_POINT ( 'NONE',  ( -64.50000000000466116, 27.99999999999365130, 2.500000000000000000 ) ) ;
#3433 = ORIENTED_EDGE ( 'NONE', *, *, #1575, .F. ) ;
#3434 = ORIENTED_EDGE ( 'NONE', *, *, #1607, .T. ) ;
#3435 = CARTESIAN_POINT ( 'NONE',  ( -62.49999999997522337, -28.00000000000634870, 8.000000000003115730 ) ) ;
#3436 = LINE ( 'NONE', #3412, #658 ) ;
#3437 = EDGE_CURVE ( 'NONE', #142, #2717, #2854, .T. ) ;
#3438 = EDGE_LOOP ( 'NONE', ( #3124, #3291, #765, #1639 ) ) ;
#3439 = CARTESIAN_POINT ( 'NONE',  ( -64.50000000000466116, -28.00000000000634870, 3.500000000000034195 ) ) ;
#3440 = DIRECTION ( 'NONE',  ( -1.000000000000000000, 0.000000000000000000, 0.000000000000000000 ) ) ;
#3441 = CONICAL_SURFACE ( 'NONE', #969, 1.650000000051360383, 0.7853981633974566057 ) ;
#3442 = DIRECTION ( 'NONE',  ( 1.000000000000000000, 0.000000000000000000, 0.000000000000000000 ) ) ;
#3443 = EDGE_LOOP ( 'NONE', ( #65, #1292, #2101, #2040 ) ) ;
#3444 = AXIS2_PLACEMENT_3D ( 'NONE', #2738, #1744, #2368 ) ;
#3445 = CIRCLE ( 'NONE', #2112, 1.650000000051360383 ) ;
#3446 = ADVANCED_FACE ( 'NONE', ( #3315 ), #3680, .T. ) ;
#3447 = ORIENTED_EDGE ( 'NONE', *, *, #1030, .T. ) ;
#3448 = VECTOR ( 'NONE', #307, 1000.000000000000000 ) ;
#3449 = CARTESIAN_POINT ( 'NONE',  ( -53.50000000000466116, -28.00000000000627409, 7.000000000003114842 ) ) ;
#3450 = ORIENTED_EDGE ( 'NONE', *, *, #3862, .T. ) ;
#3451 = DIRECTION ( 'NONE',  ( 0.000000000000000000, 0.000000000000000000, 1.000000000000000000 ) ) ;
#3452 = LINE ( 'NONE', #2618, #2829 ) ;
#3453 = DIRECTION ( 'NONE',  ( 1.000000000000000000, 0.000000000000000000, 0.000000000000000000 ) ) ;
#3454 = VERTEX_POINT ( 'NONE', #1581 ) ;
#3455 = DIRECTION ( 'NONE',  ( -1.000000000000000000, 1.023374784658663291E-16, 0.000000000000000000 ) ) ;
#3456 = CIRCLE ( 'NONE', #2862, 4.499999999999997335 ) ;
#3457 = EDGE_CURVE ( 'NONE', #3253, #1503, #647, .T. ) ;
#3458 = AXIS2_PLACEMENT_3D ( 'NONE', #3432, #1792, #2126 ) ;
#3459 = DIRECTION ( 'NONE',  ( -0.000000000000000000, -0.000000000000000000, 1.000000000000000000 ) ) ;
#3460 = EDGE_LOOP ( 'NONE', ( #2597, #3140, #1404, #150 ) ) ;
#3461 = EDGE_CURVE ( 'NONE', #1450, #3093, #1110, .T. ) ;
#3462 = ORIENTED_EDGE ( 'NONE', *, *, #3539, .T. ) ;
#3463 = CARTESIAN_POINT ( 'NONE',  ( 47.99999999997521627, -28.00000000000627409, 2.500000000000000000 ) ) ;
#3464 = DIRECTION ( 'NONE',  ( -0.000000000000000000, -0.000000000000000000, 1.000000000000000000 ) ) ;
#3465 = DIRECTION ( 'NONE',  ( 1.000000000000000000, 0.000000000000000000, 0.000000000000000000 ) ) ;
#3466 = VERTEX_POINT ( 'NONE', #3509 ) ;
#3467 = CARTESIAN_POINT ( 'NONE',  ( -64.50000000000466116, -28.00000000000634870, 2.500000000000000000 ) ) ;
#3468 = CARTESIAN_POINT ( 'NONE',  ( -67.80403433744587005, -30.84999999990578701, 7.500000000000000000 ) ) ;
#3469 = CYLINDRICAL_SURFACE ( 'NONE', #566, 1.500000000029366731 ) ;
#3470 = ORIENTED_EDGE ( 'NONE', *, *, #2916, .T. ) ;
#3471 = CARTESIAN_POINT ( 'NONE',  ( -53.50000000000466116, 27.99999999999372946, 2.500000000000000000 ) ) ;
#3472 = VECTOR ( 'NONE', #726, 1000.000000000000000 ) ;
#3473 = DIRECTION ( 'NONE',  ( -1.000000000000000000, 0.000000000000000000, 0.000000000000000000 ) ) ;
#3474 = ORIENTED_EDGE ( 'NONE', *, *, #2986, .F. ) ;
#3475 = LINE ( 'NONE', #2160, #336 ) ;
#3476 = DIRECTION ( 'NONE',  ( 0.000000000000000000, 0.000000000000000000, -1.000000000000000000 ) ) ;
#3477 = CARTESIAN_POINT ( 'NONE',  ( -64.50000000000466116, 27.99999999999365130, 7.000000000003114842 ) ) ;
#3478 = EDGE_LOOP ( 'NONE', ( #1147, #1939, #1335, #3287 ) ) ;
#3479 = DIRECTION ( 'NONE',  ( 1.000000000000000000, 0.000000000000000000, 0.000000000000000000 ) ) ;
#3480 = EDGE_CURVE ( 'NONE', #1894, #2086, #3369, .T. ) ;
#3481 = AXIS2_PLACEMENT_3D ( 'NONE', #1903, #1920, #4195 ) ;
#3482 = LINE ( 'NONE', #3267, #1487 ) ;
#3483 = ORIENTED_EDGE ( 'NONE', *, *, #2275, .F. ) ;
#3484 = DIRECTION ( 'NONE',  ( -1.000000000000000000, -7.885106708989925144E-17, -0.000000000000000000 ) ) ;
#3485 = ORIENTED_EDGE ( 'NONE', *, *, #3457, .F. ) ;
#3486 = DIRECTION ( 'NONE',  ( -0.000000000000000000, -0.000000000000000000, 1.000000000000000000 ) ) ;
#3487 = VECTOR ( 'NONE', #720, 1000.000000000000000 ) ;
#3488 = VERTEX_POINT ( 'NONE', #3817 ) ;
#3489 = EDGE_CURVE ( 'NONE', #180, #4167, #27, .T. ) ;
#3490 = EDGE_LOOP ( 'NONE', ( #2046, #486, #4024, #2813 ) ) ;
#3491 = FACE_OUTER_BOUND ( 'NONE', #1870, .T. ) ;
#3492 = ORIENTED_EDGE ( 'NONE', *, *, #373, .F. ) ;
#3493 = FACE_OUTER_BOUND ( 'NONE', #2940, .T. ) ;
#3494 = DIRECTION ( 'NONE',  ( -0.000000000000000000, -0.000000000000000000, -1.000000000000000000 ) ) ;
#3495 = DIRECTION ( 'NONE',  ( -0.000000000000000000, -0.000000000000000000, 1.000000000000000000 ) ) ;
#3496 = CARTESIAN_POINT ( 'NONE',  ( 66.60000000025779343, 40.40000000000126334, 2.500000000000000000 ) ) ;
#3497 = CARTESIAN_POINT ( 'NONE',  ( 64.50000000000466116, -28.00000000000634870, 20.72792206144420391 ) ) ;
#3498 = ORIENTED_EDGE ( 'NONE', *, *, #2683, .T. ) ;
#3499 = PLANE ( 'NONE',  #3422 ) ;
#3500 = CYLINDRICAL_SURFACE ( 'NONE', #2981, 4.150000000000001243 ) ;
#3501 = AXIS2_PLACEMENT_3D ( 'NONE', #3873, #1934, #272 ) ;
#3502 = ORIENTED_EDGE ( 'NONE', *, *, #1889, .T. ) ;
#3503 = PLANE ( 'NONE',  #3312 ) ;
#3504 = LINE ( 'NONE', #1336, #1356 ) ;
#3505 = EDGE_CURVE ( 'NONE', #3595, #1465, #2078, .T. ) ;
#3506 = CARTESIAN_POINT ( 'NONE',  ( -48.99999999997523759, -28.00000000000627409, 7.000000000003114842 ) ) ;
#3507 = DIRECTION ( 'NONE',  ( 1.000000000000000000, 0.000000000000000000, 0.000000000000000000 ) ) ;
#3508 = LINE ( 'NONE', #2834, #1908 ) ;
#3509 = CARTESIAN_POINT ( 'NONE',  ( -55.50000000003409895, 27.99999999999372946, 8.000000000003115730 ) ) ;
#3510 = DIRECTION ( 'NONE',  ( -0.000000000000000000, -0.000000000000000000, -1.000000000000000000 ) ) ;
#3511 = DIRECTION ( 'NONE',  ( -0.000000000000000000, -0.000000000000000000, -1.000000000000000000 ) ) ;
#3512 = EDGE_CURVE ( 'NONE', #2758, #3529, #3824, .T. ) ;
#3513 = ORIENTED_EDGE ( 'NONE', *, *, #3671, .T. ) ;
#3514 = ADVANCED_FACE ( 'NONE', ( #3624 ), #236, .T. ) ;
#3515 = ORIENTED_EDGE ( 'NONE', *, *, #2632, .T. ) ;
#3516 = EDGE_CURVE ( 'NONE', #4244, #742, #3475, .T. ) ;
#3517 = SURFACE_STYLE_FILL_AREA ( #1693 ) ;
#3518 = CARTESIAN_POINT ( 'NONE',  ( 64.50000000000466116, -28.00000000000634870, 7.000000000003114842 ) ) ;
#3519 = ORIENTED_EDGE ( 'NONE', *, *, #2967, .T. ) ;
#3520 = DIRECTION ( 'NONE',  ( -0.7071067811865533459, -8.659560562355004349E-17, -0.7071067811865416886 ) ) ;
#3521 = DIRECTION ( 'NONE',  ( 1.000000000000000000, 0.000000000000000000, 0.000000000000000000 ) ) ;
#3522 = FACE_OUTER_BOUND ( 'NONE', #398, .T. ) ;
#3523 = CARTESIAN_POINT ( 'NONE',  ( -73.45403433744588995, -30.84999999990578701, 0.5000000000000004441 ) ) ;
#3524 = ADVANCED_FACE ( 'NONE', ( #1874 ), #2176, .T. ) ;
#3525 = DIRECTION ( 'NONE',  ( -0.7071067811865533459, -8.659560562355004349E-17, -0.7071067811865416886 ) ) ;
#3526 = VERTEX_POINT ( 'NONE', #257 ) ;
#3527 = DIRECTION ( 'NONE',  ( -0.000000000000000000, -0.000000000000000000, -1.000000000000000000 ) ) ;
#3528 = AXIS2_PLACEMENT_3D ( 'NONE', #259, #1937, #2269 ) ;
#3529 = VERTEX_POINT ( 'NONE', #204 ) ;
#3530 = LINE ( 'NONE', #4048, #1978 ) ;
#3531 = AXIS2_PLACEMENT_3D ( 'NONE', #3193, #2803, #3154 ) ;
#3532 = EDGE_LOOP ( 'NONE', ( #448, #2367, #1779, #858 ) ) ;
#3533 = ADVANCED_FACE ( 'NONE', ( #2807 ), #1678, .T. ) ;
#3534 = CARTESIAN_POINT ( 'NONE',  ( 64.50000000000466116, 27.99999999999365130, 2.500000000000000000 ) ) ;
#3535 = LINE ( 'NONE', #3143, #3782 ) ;
#3536 = ORIENTED_EDGE ( 'NONE', *, *, #99, .T. ) ;
#3537 = CARTESIAN_POINT ( 'NONE',  ( 69.00000000003409184, -28.00000000000634870, 7.000000000003114842 ) ) ;
#3538 = ORIENTED_EDGE ( 'NONE', *, *, #669, .T. ) ;
#3539 = EDGE_CURVE ( 'NONE', #1032, #1435, #1003, .T. ) ;
#3540 = AXIS2_PLACEMENT_3D ( 'NONE', #4212, #1227, #1275 ) ;
#3541 = DIRECTION ( 'NONE',  ( 0.000000000000000000, 0.000000000000000000, 1.000000000000000000 ) ) ;
#3542 = LINE ( 'NONE', #1473, #144 ) ;
#3543 = DIRECTION ( 'NONE',  ( 1.000000000000000000, 0.000000000000000000, 0.000000000000000000 ) ) ;
#3544 = DIRECTION ( 'NONE',  ( -1.000000000000000000, 0.000000000000000000, 0.000000000000000000 ) ) ;
#3545 = VECTOR ( 'NONE', #3300, 1000.000000000000000 ) ;
#3546 = EDGE_CURVE ( 'NONE', #1338, #3674, #133, .T. ) ;
#3547 = CIRCLE ( 'NONE', #743, 4.500000000029425351 ) ;
#3548 = DIRECTION ( 'NONE',  ( 1.000000000000000000, 0.000000000000000000, 0.000000000000000000 ) ) ;
#3549 = LINE ( 'NONE', #1325, #3448 ) ;
#3550 = DIRECTION ( 'NONE',  ( -0.000000000000000000, -0.000000000000000000, 1.000000000000000000 ) ) ;
#3551 = VERTEX_POINT ( 'NONE', #990 ) ;
#3552 = DIRECTION ( 'NONE',  ( 0.000000000000000000, 0.000000000000000000, -1.000000000000000000 ) ) ;
#3553 = LINE ( 'NONE', #1267, #410 ) ;
#3554 = DIRECTION ( 'NONE',  ( -0.7071067811865441310, 0.000000000000000000, -0.7071067811865507924 ) ) ;
#3555 = ADVANCED_FACE ( 'NONE', ( #688 ), #1060, .T. ) ;
#3556 = CARTESIAN_POINT ( 'NONE',  ( 62.10000000025780054, 40.40000000000126334, 0.5000000000000004441 ) ) ;
#3557 = CIRCLE ( 'NONE', #2588, 4.500000000029425351 ) ;
#3558 = AXIS2_PLACEMENT_3D ( 'NONE', #3388, #3405, #772 ) ;
#3559 = CARTESIAN_POINT ( 'NONE',  ( -70.00000000003412026, 27.99999999999365130, 2.500000000000000000 ) ) ;
#3560 = EDGE_LOOP ( 'NONE', ( #1474, #2303, #4128, #3909 ) ) ;
#3561 = LINE ( 'NONE', #451, #2893 ) ;
#3562 = VERTEX_POINT ( 'NONE', #645 ) ;
#3563 = EDGE_CURVE ( 'NONE', #413, #3562, #3065, .T. ) ;
#3564 = DIRECTION ( 'NONE',  ( -1.000000000000000000, 0.000000000000000000, 0.000000000000000000 ) ) ;
#3565 = AXIS2_PLACEMENT_3D ( 'NONE', #4001, #2026, #1713 ) ;
#3566 = CARTESIAN_POINT ( 'NONE',  ( 53.50000000000465405, -27.99999999999374012, -84.63104911140096931 ) ) ;
#3567 = ADVANCED_FACE ( 'NONE', ( #4033 ), #1429, .T. ) ;
#3568 = CARTESIAN_POINT ( 'NONE',  ( 53.50000000000465405, -18.49999999996430944, -84.63104911140096931 ) ) ;
#3569 = EDGE_CURVE ( 'NONE', #4077, #3115, #3420, .T. ) ;
#3570 = ORIENTED_EDGE ( 'NONE', *, *, #2997, .F. ) ;
#3571 = ORIENTED_EDGE ( 'NONE', *, *, #3757, .F. ) ;
#3572 = AXIS2_PLACEMENT_3D ( 'NONE', #105, #3993, #3036 ) ;
#3573 = ADVANCED_FACE ( 'NONE', ( #799 ), #978, .F. ) ;
#3574 = CARTESIAN_POINT ( 'NONE',  ( -53.50000000000466116, 27.99999999999372946, 0.6000000000000033085 ) ) ;
#3575 = DIRECTION ( 'NONE',  ( -0.000000000000000000, -0.000000000000000000, 1.000000000000000000 ) ) ;
#3576 = ORIENTED_EDGE ( 'NONE', *, *, #4162, .F. ) ;
#3577 = DIRECTION ( 'NONE',  ( 0.7071067811865533459, 8.659560562355004349E-17, -0.7071067811865416886 ) ) ;
#3578 = DIRECTION ( 'NONE',  ( 1.000000000000000000, 0.000000000000000000, 0.000000000000000000 ) ) ;
#3579 = CONICAL_SURFACE ( 'NONE', #1142, 1.650000000051360383, 0.7853981633974566057 ) ;
#3580 = CARTESIAN_POINT ( 'NONE',  ( -53.50000000000466116, 27.99999999999372946, 7.000000000003114842 ) ) ;
#3581 = DIRECTION ( 'NONE',  ( -1.000000000000000000, 0.000000000000000000, 0.000000000000000000 ) ) ;
#3582 = ORIENTED_EDGE ( 'NONE', *, *, #3639, .T. ) ;
#3583 = AXIS2_PLACEMENT_3D ( 'NONE', #315, #3365, #3394 ) ;
#3584 = LINE ( 'NONE', #152, #2700 ) ;
#3585 = ORIENTED_EDGE ( 'NONE', *, *, #3099, .F. ) ;
#3586 = ORIENTED_EDGE ( 'NONE', *, *, #1727, .T. ) ;
#3587 = AXIS2_PLACEMENT_3D ( 'NONE', #3699, #3382, #1426 ) ;
#3588 = CIRCLE ( 'NONE', #201, 3.500000000029410252 ) ;
#3589 = ORIENTED_EDGE ( 'NONE', *, *, #3480, .T. ) ;
#3590 = ORIENTED_EDGE ( 'NONE', *, *, #722, .T. ) ;
#3591 = DIRECTION ( 'NONE',  ( 0.000000000000000000, 0.000000000000000000, 1.000000000000000000 ) ) ;
#3592 = DIRECTION ( 'NONE',  ( 1.000000000000000000, 0.000000000000000000, 0.000000000000000000 ) ) ;
#3593 = FACE_OUTER_BOUND ( 'NONE', #1667, .T. ) ;
#3594 = DIRECTION ( 'NONE',  ( -1.000000000000000000, 6.308085367154608259E-16, 0.000000000000000000 ) ) ;
#3595 = VERTEX_POINT ( 'NONE', #3903 ) ;
#3596 = EDGE_CURVE ( 'NONE', #3934, #3454, #1223, .T. ) ;
#3597 = AXIS2_PLACEMENT_3D ( 'NONE', #1357, #110, #3427 ) ;
#3598 = CARTESIAN_POINT ( 'NONE',  ( -62.99999999997524469, -28.00000000000634870, 20.72792206144420391 ) ) ;
#3599 = CARTESIAN_POINT ( 'NONE',  ( -64.50000000000460432, 27.99999999999365485, 20.72792206144420391 ) ) ;
#3600 = VECTOR ( 'NONE', #1405, 1000.000000000000000 ) ;
#3601 = ORIENTED_EDGE ( 'NONE', *, *, #1213, .T. ) ;
#3602 = ADVANCED_FACE ( 'NONE', ( #2287 ), #1930, .F. ) ;
#3603 = DIRECTION ( 'NONE',  ( 0.000000000000000000, 0.000000000000000000, -1.000000000000000000 ) ) ;
#3604 = EDGE_CURVE ( 'NONE', #1873, #698, #2695, .T. ) ;
#3605 = VERTEX_POINT ( 'NONE', #960 ) ;
#3606 = LINE ( 'NONE', #2449, #3907 ) ;
#3607 = ORIENTED_EDGE ( 'NONE', *, *, #3209, .F. ) ;
#3608 = DIRECTION ( 'NONE',  ( -1.000000000000000000, 0.000000000000000000, -0.000000000000000000 ) ) ;
#3609 = DIRECTION ( 'NONE',  ( -0.000000000000000000, -0.000000000000000000, -1.000000000000000000 ) ) ;
#3610 = AXIS2_PLACEMENT_3D ( 'NONE', #2965, #1434, #3049 ) ;
#3611 = FACE_BOUND ( 'NONE', #1774, .T. ) ;
#3612 = DIRECTION ( 'NONE',  ( 0.000000000000000000, 0.000000000000000000, 1.000000000000000000 ) ) ;
#3613 = ORIENTED_EDGE ( 'NONE', *, *, #2961, .T. ) ;
#3614 = CARTESIAN_POINT ( 'NONE',  ( 53.50000000000466116, 27.99999999999372946, 7.000000000003114842 ) ) ;
#3615 = EDGE_CURVE ( 'NONE', #1061, #2590, #540, .T. ) ;
#3616 = CARTESIAN_POINT ( 'NONE',  ( -48.99999999997523759, -28.00000000000627409, 3.500000000000034195 ) ) ;
#3617 = DIRECTION ( 'NONE',  ( 1.000000000000000000, 2.365532012696977420E-16, 0.000000000000000000 ) ) ;
#3618 = ORIENTED_EDGE ( 'NONE', *, *, #953, .F. ) ;
#3619 = CARTESIAN_POINT ( 'NONE',  ( 66.00000000003397815, 27.99999999999365485, 1.500000000000001332 ) ) ;
#3620 = EDGE_CURVE ( 'NONE', #2809, #3623, #1586, .T. ) ;
#3621 = LINE ( 'NONE', #1416, #849 ) ;
#3622 = DIRECTION ( 'NONE',  ( 0.000000000000000000, 0.000000000000000000, 1.000000000000000000 ) ) ;
#3623 = VERTEX_POINT ( 'NONE', #285 ) ;
#3624 = FACE_OUTER_BOUND ( 'NONE', #2448, .T. ) ;
#3625 = ORIENTED_EDGE ( 'NONE', *, *, #2847, .F. ) ;
#3626 = CARTESIAN_POINT ( 'NONE',  ( 55.00000000003409895, 27.99999999999372946, 1.500000000000001332 ) ) ;
#3627 = FACE_OUTER_BOUND ( 'NONE', #2993, .T. ) ;
#3628 = CARTESIAN_POINT ( 'NONE',  ( 43.99999999997522337, -27.99999999999374012, -84.63104911140096931 ) ) ;
#3629 = ORIENTED_EDGE ( 'NONE', *, *, #2231, .T. ) ;
#3630 = DIRECTION ( 'NONE',  ( 1.000000000000000000, 0.000000000000000000, 0.000000000000000000 ) ) ;
#3631 = CIRCLE ( 'NONE', #1979, 9.500000000029428904 ) ;
#3632 = DIRECTION ( 'NONE',  ( 0.7071067811865533459, 8.659560562355004349E-17, -0.7071067811865416886 ) ) ;
#3633 = ORIENTED_EDGE ( 'NONE', *, *, #1345, .F. ) ;
#3634 = ORIENTED_EDGE ( 'NONE', *, *, #175, .T. ) ;
#3635 = ADVANCED_FACE ( 'NONE', ( #4180 ), #81, .T. ) ;
#3636 = DIRECTION ( 'NONE',  ( -1.000000000000000000, -1.117374219626154903E-16, 0.000000000000000000 ) ) ;
#3637 = LINE ( 'NONE', #3355, #244 ) ;
#3638 = ORIENTED_EDGE ( 'NONE', *, *, #1329, .F. ) ;
#3639 = EDGE_CURVE ( 'NONE', #4077, #4244, #1832, .T. ) ;
#3640 = APPLICATION_PROTOCOL_DEFINITION ( 'draft international standard', 'automotive_design', 1998, #1791 ) ;
#3641 = AXIS2_PLACEMENT_3D ( 'NONE', #3679, #1051, #2077 ) ;
#3642 = FACE_OUTER_BOUND ( 'NONE', #3391, .T. ) ;
#3643 = DIRECTION ( 'NONE',  ( 1.000000000000000000, 2.365532012696977420E-16, 0.000000000000000000 ) ) ;
#3644 = VECTOR ( 'NONE', #1393, 1000.000000000000000 ) ;
#3645 = EDGE_CURVE ( 'NONE', #1503, #2790, #853, .T. ) ;
#3646 = ORIENTED_EDGE ( 'NONE', *, *, #3839, .T. ) ;
#3647 = FACE_OUTER_BOUND ( 'NONE', #1350, .T. ) ;
#3648 = CARTESIAN_POINT ( 'NONE',  ( -64.45000000020645814, 40.40000000000126334, 0.000000000000000000 ) ) ;
#3649 = ORIENTED_EDGE ( 'NONE', *, *, #3343, .F. ) ;
#3650 = VECTOR ( 'NONE', #2234, 1000.000000000000000 ) ;
#3651 = EDGE_CURVE ( 'NONE', #167, #3685, #747, .T. ) ;
#3652 = SURFACE_SIDE_STYLE ('',( #3103 ) ) ;
#3653 = ORIENTED_EDGE ( 'NONE', *, *, #759, .T. ) ;
#3654 = DIRECTION ( 'NONE',  ( 0.5773502691896251759, -0.5773502691896260641, -0.5773502691896260641 ) ) ;
#3655 = FACE_OUTER_BOUND ( 'NONE', #3800, .T. ) ;
#3656 = ADVANCED_FACE ( 'NONE', ( #2604 ), #2500, .T. ) ;
#3657 = DIRECTION ( 'NONE',  ( 1.000000000000000000, 0.000000000000000000, 0.000000000000000000 ) ) ;
#3658 = EDGE_LOOP ( 'NONE', ( #3877, #610, #4017, #2216 ) ) ;
#3659 = DIRECTION ( 'NONE',  ( -0.000000000000000000, -0.000000000000000000, -1.000000000000000000 ) ) ;
#3660 = ORIENTED_EDGE ( 'NONE', *, *, #3019, .F. ) ;
#3661 = VERTEX_POINT ( 'NONE', #3948 ) ;
#3662 = CARTESIAN_POINT ( 'NONE',  ( 66.60000000025779343, 40.40000000000126334, 2.000000000000023537 ) ) ;
#3663 = VERTEX_POINT ( 'NONE', #2013 ) ;
#3664 = CARTESIAN_POINT ( 'NONE',  ( 53.50000000000466116, -28.00000000000627409, 8.000000000003115730 ) ) ;
#3665 = AXIS2_PLACEMENT_3D ( 'NONE', #3905, #2266, #607 ) ;
#3666 = DIRECTION ( 'NONE',  ( 1.000000000000000000, 0.000000000000000000, 0.000000000000000000 ) ) ;
#3667 = VECTOR ( 'NONE', #2261, 1000.000000000000000 ) ;
#3668 = CARTESIAN_POINT ( 'NONE',  ( -64.50000000000466116, 27.99999999999365130, 7.000000000003114842 ) ) ;
#3669 = ORIENTED_EDGE ( 'NONE', *, *, #3461, .T. ) ;
#3670 = VECTOR ( 'NONE', #554, 1000.000000000000000 ) ;
#3671 = EDGE_CURVE ( 'NONE', #2630, #548, #2391, .T. ) ;
#3672 = DIRECTION ( 'NONE',  ( -0.000000000000000000, -0.000000000000000000, -1.000000000000000000 ) ) ;
#3673 = AXIS2_PLACEMENT_3D ( 'NONE', #530, #4087, #873 ) ;
#3674 = VERTEX_POINT ( 'NONE', #370 ) ;
#3675 = FACE_OUTER_BOUND ( 'NONE', #1765, .T. ) ;
#3676 = ORIENTED_EDGE ( 'NONE', *, *, #431, .F. ) ;
#3677 = EDGE_CURVE ( 'NONE', #3746, #997, #3169, .T. ) ;
#3678 = ADVANCED_FACE ( 'NONE', ( #3164 ), #1361, .F. ) ;
#3679 = CARTESIAN_POINT ( 'NONE',  ( -66.60000000025779343, 40.40000000000126334, 0.000000000000000000 ) ) ;
#3680 = CONICAL_SURFACE ( 'NONE', #2678, 4.500000000029425351, 0.7853981633974435050 ) ;
#3681 = ORIENTED_EDGE ( 'NONE', *, *, #4056, .F. ) ;
#3682 = CARTESIAN_POINT ( 'NONE',  ( -64.50000000000460432, 27.99999999999365485, 7.500000000003101519 ) ) ;
#3683 = VECTOR ( 'NONE', #292, 1000.000000000000000 ) ;
#3684 = ORIENTED_EDGE ( 'NONE', *, *, #3862, .F. ) ;
#3685 = VERTEX_POINT ( 'NONE', #2656 ) ;
#3686 = AXIS2_PLACEMENT_3D ( 'NONE', #1159, #4049, #2489 ) ;
#3687 = DIRECTION ( 'NONE',  ( 0.000000000000000000, -0.000000000000000000, -1.000000000000000000 ) ) ;
#3688 = LINE ( 'NONE', #3726, #2296 ) ;
#3689 = CARTESIAN_POINT ( 'NONE',  ( 61.13333333359182831, 37.46666666666925494, 1.466666666665938257 ) ) ;
#3690 = ORIENTED_EDGE ( 'NONE', *, *, #1489, .F. ) ;
#3691 = EDGE_LOOP ( 'NONE', ( #2881, #568, #4081, #4037 ) ) ;
#3692 = AXIS2_PLACEMENT_3D ( 'NONE', #4152, #2201, #2513 ) ;
#3693 = CYLINDRICAL_SURFACE ( 'NONE', #2263, 4.500000000029425351 ) ;
#3694 = CARTESIAN_POINT ( 'NONE',  ( 59.00000000003411316, 27.99999999999369038, 2.500000000000000000 ) ) ;
#3695 = DIRECTION ( 'NONE',  ( 1.000000000000000000, 0.000000000000000000, 0.000000000000000000 ) ) ;
#3696 = VECTOR ( 'NONE', #1005, 1000.000000000000114 ) ;
#3697 = EDGE_CURVE ( 'NONE', #280, #2717, #2598, .T. ) ;
#3698 = AXIS2_PLACEMENT_3D ( 'NONE', #2915, #2851, #3229 ) ;
#3699 = CARTESIAN_POINT ( 'NONE',  ( 4.662936703425657470E-12, -6.272760089132134453E-12, 8.000000000003115730 ) ) ;
#3700 = ADVANCED_FACE ( 'NONE', ( #1533 ), #2669, .F. ) ;
#3701 = ORIENTED_EDGE ( 'NONE', *, *, #1983, .F. ) ;
#3702 = VECTOR ( 'NONE', #877, 1000.000000000000000 ) ;
#3703 = CARTESIAN_POINT ( 'NONE',  ( -59.99999999997523759, -28.00000000000634870, 20.72792206144420391 ) ) ;
#3704 = EDGE_CURVE ( 'NONE', #2580, #1784, #1634, .T. ) ;
#3705 = ORIENTED_EDGE ( 'NONE', *, *, #1753, .F. ) ;
#3706 = CARTESIAN_POINT ( 'NONE',  ( 64.50000000000466116, -28.00000000000634870, 2.500000000000000000 ) ) ;
#3707 = CIRCLE ( 'NONE', #4039, 2.000000000029408920 ) ;
#3708 = DIRECTION ( 'NONE',  ( -0.000000000000000000, -0.000000000000000000, -1.000000000000000000 ) ) ;
#3709 = EDGE_CURVE ( 'NONE', #339, #872, #1219, .T. ) ;
#3710 = CIRCLE ( 'NONE', #1192, 9.500000000029428904 ) ;
#3711 = CARTESIAN_POINT ( 'NONE',  ( 53.50000000000466116, -28.00000000000627409, 20.72792206144420391 ) ) ;
#3712 = EDGE_LOOP ( 'NONE', ( #1820, #3225, #2135, #2270 ) ) ;
#3713 = ORIENTED_EDGE ( 'NONE', *, *, #4203, .F. ) ;
#3714 = DIRECTION ( 'NONE',  ( 0.000000000000000000, -1.000000000000000000, 0.000000000000000000 ) ) ;
#3715 = AXIS2_PLACEMENT_3D ( 'NONE', #3893, #1926, #4225 ) ;
#3716 = ORIENTED_EDGE ( 'NONE', *, *, #3437, .T. ) ;
#3717 = CARTESIAN_POINT ( 'NONE',  ( -72.95403433744588995, -30.84999999990578701, 0.000000000000000000 ) ) ;
#3718 = FACE_OUTER_BOUND ( 'NONE', #1276, .T. ) ;
#3719 = ADVANCED_FACE ( 'NONE', ( #1379 ), #3366, .F. ) ;
#3720 = ORIENTED_EDGE ( 'NONE', *, *, #2148, .F. ) ;
#3721 = AXIS2_PLACEMENT_3D ( 'NONE', #263, #2565, #1629 ) ;
#3722 = CARTESIAN_POINT ( 'NONE',  ( -66.50000000003400658, 27.99999999999365485, 8.000000000003115730 ) ) ;
#3723 = DIRECTION ( 'NONE',  ( -0.000000000000000000, -0.000000000000000000, 1.000000000000000000 ) ) ;
#3724 = VECTOR ( 'NONE', #98, 1000.000000000000114 ) ;
#3725 = VERTEX_POINT ( 'NONE', #1683 ) ;
#3726 = CARTESIAN_POINT ( 'NONE',  ( -63.45403433744591126, 18.49999999996429878, -84.63104911140096931 ) ) ;
#3727 = EDGE_CURVE ( 'NONE', #994, #938, #496, .T. ) ;
#3728 = DIRECTION ( 'NONE',  ( 1.000000000000000000, 1.117374219626154903E-16, 0.000000000000000000 ) ) ;
#3729 = VECTOR ( 'NONE', #3289, 1000.000000000000000 ) ;
#3730 = DIRECTION ( 'NONE',  ( -1.000000000000000000, 0.000000000000000000, 0.000000000000000000 ) ) ;
#3731 = EDGE_LOOP ( 'NONE', ( #3713, #93, #4207, #446 ) ) ;
#3732 = VECTOR ( 'NONE', #510, 1000.000000000000000 ) ;
#3733 = DIRECTION ( 'NONE',  ( 1.000000000000000000, 0.000000000000000000, -0.000000000000000000 ) ) ;
#3734 = ORIENTED_EDGE ( 'NONE', *, *, #1302, .T. ) ;
#3735 = DIRECTION ( 'NONE',  ( 1.000000000000000000, 0.000000000000000000, 0.000000000000000000 ) ) ;
#3736 = ORIENTED_EDGE ( 'NONE', *, *, #1229, .T. ) ;
#3737 = DIRECTION ( 'NONE',  ( 1.000000000000000000, 0.000000000000000000, 0.000000000000000000 ) ) ;
#3738 = ORIENTED_EDGE ( 'NONE', *, *, #35, .F. ) ;
#3739 = VECTOR ( 'NONE', #1428, 1000.000000000000000 ) ;
#3740 =( NAMED_UNIT ( * ) PLANE_ANGLE_UNIT ( ) SI_UNIT ( $, .RADIAN. ) );
#3741 = DIRECTION ( 'NONE',  ( -1.000000000000000000, 0.000000000000000000, 0.000000000000000000 ) ) ;
#3742 = LINE ( 'NONE', #4264, #1794 ) ;
#3743 = AXIS2_PLACEMENT_3D ( 'NONE', #2390, #2100, #3089 ) ;
#3744 = CARTESIAN_POINT ( 'NONE',  ( 69.00000000003409184, -28.00000000000634870, 20.72792206144420391 ) ) ;
#3745 = FACE_OUTER_BOUND ( 'NONE', #1584, .T. ) ;
#3746 = VERTEX_POINT ( 'NONE', #1019 ) ;
#3747 = LINE ( 'NONE', #2271, #1134 ) ;
#3748 = DIRECTION ( 'NONE',  ( -1.000000000000000000, 3.485468137178896096E-16, 0.000000000000000000 ) ) ;
#3749 = EDGE_CURVE ( 'NONE', #502, #1770, #4241, .T. ) ;
#3750 = ORIENTED_EDGE ( 'NONE', *, *, #3216, .F. ) ;
#3751 = AXIS2_PLACEMENT_3D ( 'NONE', #3386, #475, #3714 ) ;
#3752 = CARTESIAN_POINT ( 'NONE',  ( 55.00000000003409895, -28.00000000000627409, 7.500000000003108624 ) ) ;
#3753 = VECTOR ( 'NONE', #3617, 1000.000000000000000 ) ;
#3754 = CARTESIAN_POINT ( 'NONE',  ( 55.00000000003409895, -28.00000000000627409, 1.500000000000001332 ) ) ;
#3755 = ORIENTED_EDGE ( 'NONE', *, *, #4214, .F. ) ;
#3756 = CIRCLE ( 'NONE', #3904, 4.500000000029425351 ) ;
#3757 = EDGE_CURVE ( 'NONE', #925, #3384, #1423, .T. ) ;
#3758 = DIRECTION ( 'NONE',  ( 0.7071067811865592301, 0.000000000000000000, 0.7071067811865359154 ) ) ;
#3759 = DIRECTION ( 'NONE',  ( 0.000000000000000000, -0.000000000000000000, -1.000000000000000000 ) ) ;
#3760 = ADVANCED_FACE ( 'NONE', ( #3772 ), #2802, .F. ) ;
#3761 = EDGE_LOOP ( 'NONE', ( #69, #1992 ) ) ;
#3762 = DIRECTION ( 'NONE',  ( -1.000000000000000000, 0.000000000000000000, 0.000000000000000000 ) ) ;
#3763 = PLANE ( 'NONE',  #1010 ) ;
#3764 = DIRECTION ( 'NONE',  ( 0.000000000000000000, -1.000000000000000000, 0.000000000000000000 ) ) ;
#3765 = ORIENTED_EDGE ( 'NONE', *, *, #3505, .F. ) ;
#3766 = DIRECTION ( 'NONE',  ( -1.000000000000000000, 0.000000000000000000, 0.000000000000000000 ) ) ;
#3767 = ORIENTED_EDGE ( 'NONE', *, *, #2352, .T. ) ;
#3768 = AXIS2_PLACEMENT_3D ( 'NONE', #116, #788, #741 ) ;
#3769 = CARTESIAN_POINT ( 'NONE',  ( -64.95000000020644393, 40.40000000000126334, 1.999999999999995781 ) ) ;
#3770 = EDGE_LOOP ( 'NONE', ( #234, #1177, #1456, #1105 ) ) ;
#3771 = CARTESIAN_POINT ( 'NONE',  ( -51.49999999997522337, 27.99999999999372946, 8.000000000003115730 ) ) ;
#3772 = FACE_OUTER_BOUND ( 'NONE', #309, .T. ) ;
#3773 = EDGE_CURVE ( 'NONE', #1684, #1596, #1277, .T. ) ;
#3774 = AXIS2_PLACEMENT_3D ( 'NONE', #2399, #2417, #2729 ) ;
#3775 = DIRECTION ( 'NONE',  ( -1.000000000000000000, 0.000000000000000000, -0.000000000000000000 ) ) ;
#3776 = ORIENTED_EDGE ( 'NONE', *, *, #1096, .T. ) ;
#3777 = CARTESIAN_POINT ( 'NONE',  ( 59.99999999997523759, -28.00000000000634870, 3.500000000000034195 ) ) ;
#3778 = CIRCLE ( 'NONE', #2092, 1.500000000029422242 ) ;
#3779 = CARTESIAN_POINT ( 'NONE',  ( -53.50000000000466116, -28.00000000000627409, 7.500000000003121947 ) ) ;
#3780 = VERTEX_POINT ( 'NONE', #2331 ) ;
#3781 = EDGE_CURVE ( 'NONE', #3215, #3488, #1530, .T. ) ;
#3782 = VECTOR ( 'NONE', #2495, 1000.000000000000000 ) ;
#3783 = DIRECTION ( 'NONE',  ( 1.000000000000000000, 0.000000000000000000, 0.000000000000000000 ) ) ;
#3784 = VERTEX_POINT ( 'NONE', #1035 ) ;
#3785 = ORIENTED_EDGE ( 'NONE', *, *, #1773, .T. ) ;
#3786 = CARTESIAN_POINT ( 'NONE',  ( -68.75000000030915714, 40.40000000000126334, 2.500000000000000000 ) ) ;
#3787 = CYLINDRICAL_SURFACE ( 'NONE', #2428, 1.500000000029436009 ) ;
#3788 = CARTESIAN_POINT ( 'NONE',  ( 67.80403433744587005, -30.84999999990578701, 0.000000000000000000 ) ) ;
#3789 = EDGE_CURVE ( 'NONE', #1317, #2503, #3621, .T. ) ;
#3790 = EDGE_LOOP ( 'NONE', ( #3246, #3424, #1981, #1123 ) ) ;
#3791 = DIRECTION ( 'NONE',  ( 1.000000000000000000, 0.000000000000000000, 0.000000000000000000 ) ) ;
#3792 = ORIENTED_EDGE ( 'NONE', *, *, #3995, .F. ) ;
#3793 = CARTESIAN_POINT ( 'NONE',  ( -66.60000000025779343, 40.40000000000126334, 0.4999999999999765743 ) ) ;
#3794 = CARTESIAN_POINT ( 'NONE',  ( 73.45403433744587574, -30.84999999990578701, 7.500000000000000000 ) ) ;
#3795 = CYLINDRICAL_SURFACE ( 'NONE', #2649, 1.650000000051360383 ) ;
#3796 = DIRECTION ( 'NONE',  ( 1.000000000000000000, 0.000000000000000000, 0.000000000000000000 ) ) ;
#3797 = DIRECTION ( 'NONE',  ( -1.000000000000000000, 0.000000000000000000, 0.000000000000000000 ) ) ;
#3798 = AXIS2_PLACEMENT_3D ( 'NONE', #3054, #92, #3380 ) ;
#3799 = ORIENTED_EDGE ( 'NONE', *, *, #3125, .F. ) ;
#3800 = EDGE_LOOP ( 'NONE', ( #25, #2031 ) ) ;
#3801 = DIRECTION ( 'NONE',  ( 1.000000000000000000, 0.000000000000000000, 0.000000000000000000 ) ) ;
#3802 = VECTOR ( 'NONE', #3085, 1000.000000000000000 ) ;
#3803 = AXIS2_PLACEMENT_3D ( 'NONE', #3338, #1387, #1709 ) ;
#3804 = DIRECTION ( 'NONE',  ( -0.5773502691896312822, -0.5773502691896227335, -0.5773502691896232886 ) ) ;
#3805 = ORIENTED_EDGE ( 'NONE', *, *, #2909, .F. ) ;
#3806 = DIRECTION ( 'NONE',  ( 0.000000000000000000, 0.000000000000000000, 1.000000000000000000 ) ) ;
#3807 = DIRECTION ( 'NONE',  ( 0.000000000000000000, 1.000000000000000000, 0.000000000000000000 ) ) ;
#3808 = EDGE_CURVE ( 'NONE', #3551, #3605, #383, .T. ) ;
#3809 = CARTESIAN_POINT ( 'NONE',  ( -62.99999999997524469, -28.00000000000634870, 1.500000000000001332 ) ) ;
#3810 = CONICAL_SURFACE ( 'NONE', #3027, 2.150000000051346838, 0.7853981633974566057 ) ;
#3811 = VERTEX_POINT ( 'NONE', #1756 ) ;
#3812 = DIRECTION ( 'NONE',  ( -0.000000000000000000, -0.000000000000000000, 1.000000000000000000 ) ) ;
#3813 = EDGE_CURVE ( 'NONE', #2506, #698, #2230, .T. ) ;
#3814 = ORIENTED_EDGE ( 'NONE', *, *, #4227, .T. ) ;
#3815 = DIRECTION ( 'NONE',  ( 1.000000000000000000, 0.000000000000000000, 0.000000000000000000 ) ) ;
#3816 = CARTESIAN_POINT ( 'NONE',  ( 53.50000000000466116, 18.49999999996429523, 2.500000000000000000 ) ) ;
#3817 = CARTESIAN_POINT ( 'NONE',  ( 51.49999999997522337, 27.99999999999372946, 8.000000000003115730 ) ) ;
#3818 = CARTESIAN_POINT ( 'NONE',  ( 64.45000000020645814, 40.40000000000126334, 2.500000000000000000 ) ) ;
#3819 = AXIS2_PLACEMENT_3D ( 'NONE', #3467, #3510, #839 ) ;
#3820 = EDGE_LOOP ( 'NONE', ( #2615, #3515, #417, #131, #1015 ) ) ;
#3821 = FACE_BOUND ( 'NONE', #2749, .T. ) ;
#3822 = ORIENTED_EDGE ( 'NONE', *, *, #1451, .T. ) ;
#3823 = AXIS2_PLACEMENT_3D ( 'NONE', #3972, #3687, #3657 ) ;
#3824 = CIRCLE ( 'NONE', #2010, 4.500000000029425351 ) ;
#3825 = ADVANCED_FACE ( 'NONE', ( #740 ), #1481, .T. ) ;
#3826 = CARTESIAN_POINT ( 'NONE',  ( 58.00000000003408474, 27.99999999999372946, 20.72792206144420391 ) ) ;
#3827 = CARTESIAN_POINT ( 'NONE',  ( 64.50000000000466116, -28.00000000000634870, 7.000000000003114842 ) ) ;
#3828 = ORIENTED_EDGE ( 'NONE', *, *, #1294, .T. ) ;
#3829 = DIRECTION ( 'NONE',  ( 0.000000000000000000, -0.000000000000000000, -1.000000000000000000 ) ) ;
#3830 = EDGE_CURVE ( 'NONE', #862, #2800, #2285, .T. ) ;
#3831 = FACE_OUTER_BOUND ( 'NONE', #1936, .T. ) ;
#3832 = DIRECTION ( 'NONE',  ( -0.7071067811865533459, 0.000000000000000000, -0.7071067811865416886 ) ) ;
#3833 = ORIENTED_EDGE ( 'NONE', *, *, #3651, .F. ) ;
#3834 = DIRECTION ( 'NONE',  ( 3.485468137178898561E-16, 1.000000000000000000, 0.000000000000000000 ) ) ;
#3835 = ORIENTED_EDGE ( 'NONE', *, *, #1178, .F. ) ;
#3836 = CARTESIAN_POINT ( 'NONE',  ( 48.99999999997523759, -28.00000000000627409, 7.000000000003114842 ) ) ;
#3837 = CIRCLE ( 'NONE', #2867, 1.500000000029436009 ) ;
#3838 = ORIENTED_EDGE ( 'NONE', *, *, #2014, .F. ) ;
#3839 = EDGE_CURVE ( 'NONE', #1784, #1061, #2170, .T. ) ;
#3840 = VERTEX_POINT ( 'NONE', #3044 ) ;
#3841 = ADVANCED_FACE ( 'NONE', ( #1326 ), #1164, .T. ) ;
#3842 = FACE_OUTER_BOUND ( 'NONE', #3058, .T. ) ;
#3843 = ORIENTED_EDGE ( 'NONE', *, *, #1799, .F. ) ;
#3844 = DIRECTION ( 'NONE',  ( -0.7071067811865435759, 8.659560562354884787E-17, 0.7071067811865515695 ) ) ;
#3845 = VECTOR ( 'NONE', #2976, 999.9999999999998863 ) ;
#3846 = CARTESIAN_POINT ( 'NONE',  ( -64.50000000000466116, 27.99999999999365130, 20.72792206144420391 ) ) ;
#3847 = DIRECTION ( 'NONE',  ( -0.000000000000000000, -0.000000000000000000, 1.000000000000000000 ) ) ;
#3848 = CARTESIAN_POINT ( 'NONE',  ( -68.25000000030915714, 40.40000000000126334, 0.4999999999999765743 ) ) ;
#3849 = DIRECTION ( 'NONE',  ( 0.7071067811865533459, 8.659560562355004349E-17, -0.7071067811865416886 ) ) ;
#3850 = FACE_OUTER_BOUND ( 'NONE', #2920, .T. ) ;
#3851 = EDGE_LOOP ( 'NONE', ( #650, #1439, #2385, #754 ) ) ;
#3852 = ADVANCED_FACE ( 'NONE', ( #4130 ), #2333, .F. ) ;
#3853 = CARTESIAN_POINT ( 'NONE',  ( -58.00000000003408474, -28.00000000000627409, 3.500000000000034195 ) ) ;
#3854 = CYLINDRICAL_SURFACE ( 'NONE', #1871, 9.500000000029428904 ) ;
#3855 = AXIS2_PLACEMENT_3D ( 'NONE', #215, #2166, #4198 ) ;
#3856 = EDGE_CURVE ( 'NONE', #1171, #4044, #3928, .T. ) ;
#3857 = ORIENTED_EDGE ( 'NONE', *, *, #1186, .F. ) ;
#3858 = AXIS2_PLACEMENT_3D ( 'NONE', #278, #2258, #3544 ) ;
#3859 = DIRECTION ( 'NONE',  ( 0.000000000000000000, 0.000000000000000000, -1.000000000000000000 ) ) ;
#3860 = DIRECTION ( 'NONE',  ( 0.000000000000000000, 0.000000000000000000, 1.000000000000000000 ) ) ;
#3861 = EDGE_LOOP ( 'NONE', ( #2323, #1633, #437, #3379 ) ) ;
#3862 = EDGE_CURVE ( 'NONE', #872, #1217, #3266, .T. ) ;
#3863 = EDGE_LOOP ( 'NONE', ( #2648, #553, #1692, #3965 ) ) ;
#3864 = AXIS2_PLACEMENT_3D ( 'NONE', #3087, #471, #2009 ) ;
#3865 = CARTESIAN_POINT ( 'NONE',  ( 62.10000000025780054, 40.40000000000126334, 2.500000000000000000 ) ) ;
#3866 = ORIENTED_EDGE ( 'NONE', *, *, #536, .T. ) ;
#3867 = DIRECTION ( 'NONE',  ( 1.832051195753331637E-16, 1.000000000000000000, 0.000000000000000000 ) ) ;
#3868 = EDGE_CURVE ( 'NONE', #167, #1465, #2388, .T. ) ;
#3869 = LINE ( 'NONE', #1342, #3110 ) ;
#3870 = ADVANCED_FACE ( 'NONE', ( #436, #3007 ), #770, .F. ) ;
#3871 = DIRECTION ( 'NONE',  ( -0.000000000000000000, -0.000000000000000000, 1.000000000000000000 ) ) ;
#3872 = ORIENTED_EDGE ( 'NONE', *, *, #12, .F. ) ;
#3873 = CARTESIAN_POINT ( 'NONE',  ( 53.50000000000466116, 27.99999999999372946, 7.500000000003108624 ) ) ;
#3874 = DIRECTION ( 'NONE',  ( -0.000000000000000000, -0.000000000000000000, 1.000000000000000000 ) ) ;
#3875 = CONICAL_SURFACE ( 'NONE', #1033, 2.000000000029436453, 0.7853981633974581600 ) ;
#3876 = DIRECTION ( 'NONE',  ( 0.000000000000000000, -0.000000000000000000, -1.000000000000000000 ) ) ;
#3877 = ORIENTED_EDGE ( 'NONE', *, *, #1856, .T. ) ;
#3878 = CARTESIAN_POINT ( 'NONE',  ( 71.95403433744588995, 40.40000000000127045, 7.500000000000000000 ) ) ;
#3879 = VECTOR ( 'NONE', #1740, 1000.000000000000000 ) ;
#3880 = VERTEX_POINT ( 'NONE', #3414 ) ;
#3881 = LINE ( 'NONE', #983, #1115 ) ;
#3882 = DIRECTION ( 'NONE',  ( 0.000000000000000000, -0.000000000000000000, -1.000000000000000000 ) ) ;
#3883 = AXIS2_PLACEMENT_3D ( 'NONE', #2874, #4185, #621 ) ;
#3884 = ORIENTED_EDGE ( 'NONE', *, *, #3916, .T. ) ;
#3885 = DIRECTION ( 'NONE',  ( -1.000000000000000000, 0.000000000000000000, 0.000000000000000000 ) ) ;
#3886 = LINE ( 'NONE', #324, #4089 ) ;
#3887 = EDGE_LOOP ( 'NONE', ( #3513, #524, #912, #3284 ) ) ;
#3888 = ORIENTED_EDGE ( 'NONE', *, *, #1780, .T. ) ;
#3889 = CARTESIAN_POINT ( 'NONE',  ( 64.50000000000466116, -28.00000000000634870, 7.500000000003101519 ) ) ;
#3890 = EDGE_CURVE ( 'NONE', #1943, #2590, #2125, .T. ) ;
#3891 = DIRECTION ( 'NONE',  ( -1.000000000000000000, 0.000000000000000000, 0.000000000000000000 ) ) ;
#3892 = FACE_OUTER_BOUND ( 'NONE', #4132, .T. ) ;
#3893 = CARTESIAN_POINT ( 'NONE',  ( -67.80403433744587005, -30.84999999990578701, 7.500000000000000000 ) ) ;
#3894 = ADVANCED_FACE ( 'NONE', ( #281, #3821, #537, #3060, #3675, #2960, #334, #1054 ), #2044, .T. ) ;
#3895 = CARTESIAN_POINT ( 'NONE',  ( 53.50000000000466116, 27.99999999999372946, 7.500000000003108624 ) ) ;
#3896 = LINE ( 'NONE', #845, #3025 ) ;
#3897 = EDGE_CURVE ( 'NONE', #2086, #1894, #593, .T. ) ;
#3898 = ORIENTED_EDGE ( 'NONE', *, *, #1940, .T. ) ;
#3899 = DIRECTION ( 'NONE',  ( 0.7071067811865441310, 8.659560562354890950E-17, -0.7071067811865507924 ) ) ;
#3900 = VECTOR ( 'NONE', #3632, 1000.000000000000000 ) ;
#3901 = ORIENTED_EDGE ( 'NONE', *, *, #1401, .T. ) ;
#3902 = DIRECTION ( 'NONE',  ( 1.000000000000000000, 0.000000000000000000, 0.000000000000000000 ) ) ;
#3903 = CARTESIAN_POINT ( 'NONE',  ( 64.95000000020644393, 40.40000000000126334, 2.000000000000023537 ) ) ;
#3904 = AXIS2_PLACEMENT_3D ( 'NONE', #317, #274, #1255 ) ;
#3905 = CARTESIAN_POINT ( 'NONE',  ( -53.50000000000466116, -28.00000000000627409, 1.500000000000001332 ) ) ;
#3906 = VERTEX_POINT ( 'NONE', #4138 ) ;
#3907 = VECTOR ( 'NONE', #1455, 1000.000000000000000 ) ;
#3908 = DIRECTION ( 'NONE',  ( -1.000000000000000000, 0.000000000000000000, 0.000000000000000000 ) ) ;
#3909 = ORIENTED_EDGE ( 'NONE', *, *, #3639, .F. ) ;
#3910 = LINE ( 'NONE', #1351, #721 ) ;
#3911 = AXIS2_PLACEMENT_3D ( 'NONE', #1711, #2377, #3643 ) ;
#3912 = CARTESIAN_POINT ( 'NONE',  ( -71.95403433744587574, -30.84999999990579411, 2.500000000000000000 ) ) ;
#3913 = ORIENTED_EDGE ( 'NONE', *, *, #207, .F. ) ;
#3914 = PRESENTATION_STYLE_ASSIGNMENT (( #2420 ) ) ;
#3915 = EDGE_LOOP ( 'NONE', ( #3828, #1197, #3240, #498 ) ) ;
#3916 = EDGE_CURVE ( 'NONE', #2242, #2717, #182, .T. ) ;
#3917 = ADVANCED_FACE ( 'NONE', ( #2021 ), #1675, .F. ) ;
#3918 = AXIS2_PLACEMENT_3D ( 'NONE', #757, #1106, #1078 ) ;
#3919 = DIRECTION ( 'NONE',  ( 0.000000000000000000, 0.000000000000000000, 1.000000000000000000 ) ) ;
#3920 = CARTESIAN_POINT ( 'NONE',  ( 53.50000000000466116, -28.00000000000627409, 20.72792206144420391 ) ) ;
#3921 = EDGE_LOOP ( 'NONE', ( #4139, #3282, #78, #2398, #3050, #1065 ) ) ;
#3922 = DIRECTION ( 'NONE',  ( 1.000000000000000000, 0.000000000000000000, 0.000000000000000000 ) ) ;
#3923 = EDGE_CURVE ( 'NONE', #3417, #2907, #3217, .T. ) ;
#3924 = CARTESIAN_POINT ( 'NONE',  ( 69.00000000003409184, 27.99999999999365130, 7.000000000003114842 ) ) ;
#3925 = DIRECTION ( 'NONE',  ( 0.000000000000000000, -0.000000000000000000, -1.000000000000000000 ) ) ;
#3926 = EDGE_LOOP ( 'NONE', ( #2805, #1838 ) ) ;
#3927 = AXIS2_PLACEMENT_3D ( 'NONE', #3378, #3053, #62 ) ;
#3928 = CIRCLE ( 'NONE', #3751, 4.499999999999997335 ) ;
#3929 = CARTESIAN_POINT ( 'NONE',  ( -69.00000000003409184, 27.99999999999365130, 3.500000000000034195 ) ) ;
#3930 = ORIENTED_EDGE ( 'NONE', *, *, #1122, .F. ) ;
#3931 = VECTOR ( 'NONE', #1218, 1000.000000000000000 ) ;
#3932 = CARTESIAN_POINT ( 'NONE',  ( 63.45403433744591126, 18.49999999996429878, -84.63104911140096931 ) ) ;
#3933 = DIRECTION ( 'NONE',  ( 0.000000000000000000, -0.000000000000000000, -1.000000000000000000 ) ) ;
#3934 = VERTEX_POINT ( 'NONE', #2165 ) ;
#3935 = AXIS2_PLACEMENT_3D ( 'NONE', #2572, #1612, #3219 ) ;
#3936 = ADVANCED_FACE ( 'NONE', ( #1970, #3981, #3117 ), #4125, .F. ) ;
#3937 = DIRECTION ( 'NONE',  ( 0.000000000000000000, 0.000000000000000000, -1.000000000000000000 ) ) ;
#3938 = VECTOR ( 'NONE', #3636, 1000.000000000000000 ) ;
#3939 = ORIENTED_EDGE ( 'NONE', *, *, #3182, .F. ) ;
#3940 = VERTEX_POINT ( 'NONE', #1165 ) ;
#3941 = CARTESIAN_POINT ( 'NONE',  ( 64.95000000020644393, 40.40000000000126334, 0.4999999999999765743 ) ) ;
#3942 = AXIS2_PLACEMENT_3D ( 'NONE', #1449, #432, #1083 ) ;
#3943 = CIRCLE ( 'NONE', #1169, 4.500000000029425351 ) ;
#3944 = EDGE_LOOP ( 'NONE', ( #2130, #771, #237, #4118 ) ) ;
#3945 = EDGE_LOOP ( 'NONE', ( #1260, #2293 ) ) ;
#3946 = DIRECTION ( 'NONE',  ( -0.000000000000000000, -0.000000000000000000, 1.000000000000000000 ) ) ;
#3947 = VECTOR ( 'NONE', #205, 999.9999999999998863 ) ;
#3948 = CARTESIAN_POINT ( 'NONE',  ( -53.50000000000465405, -18.49999999996430944, 0.6000000000000033085 ) ) ;
#3949 = EDGE_CURVE ( 'NONE', #1510, #1381, #1107, .T. ) ;
#3950 = AXIS2_PLACEMENT_3D ( 'NONE', #3614, #996, #3298 ) ;
#3951 = DIRECTION ( 'NONE',  ( 1.000000000000000000, 3.485468137178898561E-16, 0.000000000000000000 ) ) ;
#3952 = DIRECTION ( 'NONE',  ( 1.000000000000000000, 0.000000000000000000, 0.000000000000000000 ) ) ;
#3953 = FACE_OUTER_BOUND ( 'NONE', #910, .T. ) ;
#3954 = ORIENTED_EDGE ( 'NONE', *, *, #3318, .T. ) ;
#3955 = CARTESIAN_POINT ( 'NONE',  ( -63.45403433744591126, -18.49999999996431299, 2.500000000000000000 ) ) ;
#3956 = EDGE_CURVE ( 'NONE', #1718, #2256, #1274, .T. ) ;
#3957 = ORIENTED_EDGE ( 'NONE', *, *, #2122, .F. ) ;
#3958 = CARTESIAN_POINT ( 'NONE',  ( 72.95403433744588995, 40.40000000000123492, 0.000000000000000000 ) ) ;
#3959 = CIRCLE ( 'NONE', #4240, 1.500000000029436009 ) ;
#3960 = ADVANCED_FACE ( 'NONE', ( #3213 ), #3875, .F. ) ;
#3961 = CARTESIAN_POINT ( 'NONE',  ( 71.95403433744587574, -30.84999999990578701, 7.500000000000000000 ) ) ;
#3962 = ORIENTED_EDGE ( 'NONE', *, *, #2240, .F. ) ;
#3963 = CIRCLE ( 'NONE', #439, 4.500000000000000000 ) ;
#3964 = DIRECTION ( 'NONE',  ( -0.000000000000000000, -0.000000000000000000, -1.000000000000000000 ) ) ;
#3965 = ORIENTED_EDGE ( 'NONE', *, *, #1961, .F. ) ;
#3966 = PLANE ( 'NONE',  #503 ) ;
#3967 = CONICAL_SURFACE ( 'NONE', #1922, 4.500000000029425351, 0.7853981633974435050 ) ;
#3968 = CARTESIAN_POINT ( 'NONE',  ( 67.80403433744587005, -30.84999999990578701, 2.500000000000000000 ) ) ;
#3969 = ORIENTED_EDGE ( 'NONE', *, *, #3697, .T. ) ;
#3970 = PRODUCT_DEFINITION_SHAPE ( 'NONE', 'NONE',  #869 ) ;
#3971 = EDGE_CURVE ( 'NONE', #2225, #3551, #279, .T. ) ;
#3972 = CARTESIAN_POINT ( 'NONE',  ( 64.50000000000466116, 27.99999999999365130, 7.000000000003114842 ) ) ;
#3973 = ORIENTED_EDGE ( 'NONE', *, *, #587, .F. ) ;
#3974 = AXIS2_PLACEMENT_3D ( 'NONE', #157, #2827, #3783 ) ;
#3975 = CARTESIAN_POINT ( 'NONE',  ( 73.45403433744590416, 44.90000000000125624, 2.500000000000000000 ) ) ;
#3976 = ORIENTED_EDGE ( 'NONE', *, *, #2538, .T. ) ;
#3977 = EDGE_CURVE ( 'NONE', #4045, #1527, #4026, .T. ) ;
#3978 = ADVANCED_FACE ( 'NONE', ( #3415 ), #4176, .T. ) ;
#3979 = ORIENTED_EDGE ( 'NONE', *, *, #238, .F. ) ;
#3980 = DIRECTION ( 'NONE',  ( -0.7071067811865441310, -8.659560562354890950E-17, -0.7071067811865507924 ) ) ;
#3981 = FACE_BOUND ( 'NONE', #192, .T. ) ;
#3982 = ORIENTED_EDGE ( 'NONE', *, *, #494, .T. ) ;
#3983 = CARTESIAN_POINT ( 'NONE',  ( 71.95403433744587574, 44.90000000000125624, 2.500000000000000000 ) ) ;
#3984 = CARTESIAN_POINT ( 'NONE',  ( 55.50000000003409895, -28.00000000000627409, 8.000000000003115730 ) ) ;
#3985 = FACE_OUTER_BOUND ( 'NONE', #2127, .T. ) ;
#3986 = ORIENTED_EDGE ( 'NONE', *, *, #1484, .T. ) ;
#3987 = LINE ( 'NONE', #1316, #3431 ) ;
#3988 = CARTESIAN_POINT ( 'NONE',  ( -59.99999999997523759, -28.00000000000634870, 7.000000000003114842 ) ) ;
#3989 = ORIENTED_EDGE ( 'NONE', *, *, #2875, .T. ) ;
#3990 = AXIS2_PLACEMENT_3D ( 'NONE', #4058, #728, #2087 ) ;
#3991 = EDGE_LOOP ( 'NONE', ( #3638, #549, #3590, #3629, #1488, #506, #2211, #3872, #3474, #944, #1162, #3625 ) ) ;
#3992 = DIRECTION ( 'NONE',  ( 0.000000000000000000, 0.000000000000000000, -1.000000000000000000 ) ) ;
#3993 = DIRECTION ( 'NONE',  ( 0.000000000000000000, 0.000000000000000000, 1.000000000000000000 ) ) ;
#3994 = PLANE ( 'NONE',  #2085 ) ;
#3995 = EDGE_CURVE ( 'NONE', #1962, #2771, #378, .T. ) ;
#3996 = AXIS2_PLACEMENT_3D ( 'NONE', #2350, #3314, #1973 ) ;
#3997 = CARTESIAN_POINT ( 'NONE',  ( -73.45403433744590416, 40.40000000000126334, 3.000000000000000000 ) ) ;
#3998 = FACE_OUTER_BOUND ( 'NONE', #4249, .T. ) ;
#3999 = VERTEX_POINT ( 'NONE', #3134 ) ;
#4000 = ADVANCED_FACE ( 'NONE', ( #1582 ), #2798, .T. ) ;
#4001 = CARTESIAN_POINT ( 'NONE',  ( -64.50000000000466116, -28.00000000000634870, 8.000000000003115730 ) ) ;
#4002 = CIRCLE ( 'NONE', #3990, 9.500000000029428904 ) ;
#4003 = EDGE_CURVE ( 'NONE', #3999, #454, #179, .T. ) ;
#4004 = ORIENTED_EDGE ( 'NONE', *, *, #295, .F. ) ;
#4005 = LINE ( 'NONE', #3777, #668 ) ;
#4006 = CARTESIAN_POINT ( 'NONE',  ( -64.50000000000460432, 27.99999999999365485, 7.500000000003101519 ) ) ;
#4007 = DIRECTION ( 'NONE',  ( -0.000000000000000000, -0.000000000000000000, -1.000000000000000000 ) ) ;
#4008 = ORIENTED_EDGE ( 'NONE', *, *, #3209, .T. ) ;
#4009 = CYLINDRICAL_SURFACE ( 'NONE', #1225, 4.500000000029425351 ) ;
#4010 =( GEOMETRIC_REPRESENTATION_CONTEXT ( 3 ) GLOBAL_UNCERTAINTY_ASSIGNED_CONTEXT ( ( #1063 ) ) GLOBAL_UNIT_ASSIGNED_CONTEXT ( ( #2093, #122, #1496 ) ) REPRESENTATION_CONTEXT ( 'NONE', 'WORKASPACE' ) );
#4011 = DIRECTION ( 'NONE',  ( -0.000000000000000000, -0.000000000000000000, 1.000000000000000000 ) ) ;
#4012 = DIRECTION ( 'NONE',  ( -1.000000000000000000, 0.000000000000000000, 0.000000000000000000 ) ) ;
#4013 = ORIENTED_EDGE ( 'NONE', *, *, #3677, .T. ) ;
#4014 = LINE ( 'NONE', #572, #1406 ) ;
#4015 = DIRECTION ( 'NONE',  ( -0.000000000000000000, -0.000000000000000000, -1.000000000000000000 ) ) ;
#4016 = ORIENTED_EDGE ( 'NONE', *, *, #1630, .F. ) ;
#4017 = ORIENTED_EDGE ( 'NONE', *, *, #214, .F. ) ;
#4018 = AXIS2_PLACEMENT_3D ( 'NONE', #2759, #499, #3737 ) ;
#4019 = ADVANCED_FACE ( 'NONE', ( #2121 ), #941, .F. ) ;
#4020 = ORIENTED_EDGE ( 'NONE', *, *, #2153, .F. ) ;
#4021 = DIRECTION ( 'NONE',  ( 0.7071067811865580088, 0.000000000000000000, 0.7071067811865369146 ) ) ;
#4022 = CARTESIAN_POINT ( 'NONE',  ( -53.50000000000465405, -27.99999999999374012, 2.500000000000000000 ) ) ;
#4023 = CARTESIAN_POINT ( 'NONE',  ( 70.00000000003412026, 27.99999999999365130, 2.500000000000000000 ) ) ;
#4024 = ORIENTED_EDGE ( 'NONE', *, *, #1911, .T. ) ;
#4025 = DIRECTION ( 'NONE',  ( 0.000000000000000000, 0.000000000000000000, 1.000000000000000000 ) ) ;
#4026 = CIRCLE ( 'NONE', #3458, 5.500000000029453773 ) ;
#4027 = EDGE_CURVE ( 'NONE', #2503, #44, #129, .T. ) ;
#4028 = ORIENTED_EDGE ( 'NONE', *, *, #1069, .F. ) ;
#4029 = VECTOR ( 'NONE', #3106, 1000.000000000000000 ) ;
#4030 = ORIENTED_EDGE ( 'NONE', *, *, #1625, .F. ) ;
#4031 = EDGE_CURVE ( 'NONE', #1047, #1770, #3161, .T. ) ;
#4032 = CARTESIAN_POINT ( 'NONE',  ( 64.50000000000466116, 27.99999999999365130, 20.72792206144420391 ) ) ;
#4033 = FACE_OUTER_BOUND ( 'NONE', #678, .T. ) ;
#4034 = CARTESIAN_POINT ( 'NONE',  ( 67.80403433744587005, -36.49999999990578914, 7.500000000000000000 ) ) ;
#4035 = ORIENTED_EDGE ( 'NONE', *, *, #1424, .T. ) ;
#4036 = VECTOR ( 'NONE', #3346, 1000.000000000000000 ) ;
#4037 = ORIENTED_EDGE ( 'NONE', *, *, #3596, .F. ) ;
#4038 = ORIENTED_EDGE ( 'NONE', *, *, #207, .T. ) ;
#4039 = AXIS2_PLACEMENT_3D ( 'NONE', #2444, #172, #2801 ) ;
#4040 = ADVANCED_FACE ( 'NONE', ( #3522 ), #946, .T. ) ;
#4041 = CARTESIAN_POINT ( 'NONE',  ( 64.50000000000466116, -28.00000000000634870, 8.000000000003115730 ) ) ;
#4042 = FACE_OUTER_BOUND ( 'NONE', #3790, .T. ) ;
#4043 = DIRECTION ( 'NONE',  ( 0.000000000000000000, 0.000000000000000000, -1.000000000000000000 ) ) ;
#4044 = VERTEX_POINT ( 'NONE', #2228 ) ;
#4045 = VERTEX_POINT ( 'NONE', #3559 ) ;
#4046 = PLANE ( 'NONE',  #1020 ) ;
#4047 = ORIENTED_EDGE ( 'NONE', *, *, #3243, .F. ) ;
#4048 = CARTESIAN_POINT ( 'NONE',  ( -62.49999999997520916, 27.99999999999365485, 8.000000000003115730 ) ) ;
#4049 = DIRECTION ( 'NONE',  ( -0.000000000000000000, -0.000000000000000000, -1.000000000000000000 ) ) ;
#4050 = DIRECTION ( 'NONE',  ( 1.000000000000000000, 0.000000000000000000, 0.000000000000000000 ) ) ;
#4051 = EDGE_CURVE ( 'NONE', #2800, #3725, #2017, .T. ) ;
#4052 = AXIS2_PLACEMENT_3D ( 'NONE', #3975, #343, #1697 ) ;
#4053 = DIRECTION ( 'NONE',  ( 0.000000000000000000, -0.000000000000000000, -1.000000000000000000 ) ) ;
#4054 = VERTEX_POINT ( 'NONE', #1548 ) ;
#4055 = FACE_OUTER_BOUND ( 'NONE', #2494, .T. ) ;
#4056 = EDGE_CURVE ( 'NONE', #3940, #862, #1161, .T. ) ;
#4057 = ORIENTED_EDGE ( 'NONE', *, *, #345, .F. ) ;
#4058 = CARTESIAN_POINT ( 'NONE',  ( 53.50000000000466116, 27.99999999999372946, 2.500000000000000000 ) ) ;
#4059 = CIRCLE ( 'NONE', #1763, 4.500000000029425351 ) ;
#4060 = CARTESIAN_POINT ( 'NONE',  ( -53.50000000000466116, 27.99999999999372946, 7.000000000003114842 ) ) ;
#4061 = ADVANCED_FACE ( 'NONE', ( #2227 ), #3503, .F. ) ;
#4062 = CARTESIAN_POINT ( 'NONE',  ( 64.45000000020645814, 40.40000000000126334, 2.500000000000000000 ) ) ;
#4063 = ORIENTED_EDGE ( 'NONE', *, *, #424, .T. ) ;
#4064 = DIRECTION ( 'NONE',  ( -0.000000000000000000, -0.000000000000000000, 1.000000000000000000 ) ) ;
#4065 = LINE ( 'NONE', #1512, #476 ) ;
#4066 = DIRECTION ( 'NONE',  ( -0.000000000000000000, -0.000000000000000000, -1.000000000000000000 ) ) ;
#4067 = DIRECTION ( 'NONE',  ( 0.000000000000000000, 0.000000000000000000, 1.000000000000000000 ) ) ;
#4068 = CIRCLE ( 'NONE', #631, 4.500000000029425351 ) ;
#4069 = PLANE ( 'NONE',  #223 ) ;
#4070 = ORIENTED_EDGE ( 'NONE', *, *, #2492, .F. ) ;
#4071 = CARTESIAN_POINT ( 'NONE',  ( -66.60000000025779343, 40.40000000000126334, 2.500000000000000000 ) ) ;
#4072 = CARTESIAN_POINT ( 'NONE',  ( 66.60000000025779343, 40.40000000000126334, 2.500000000000000000 ) ) ;
#4073 = DIRECTION ( 'NONE',  ( -1.000000000000000000, 0.000000000000000000, 0.000000000000000000 ) ) ;
#4074 = SHAPE_DEFINITION_REPRESENTATION ( #3970, #1902 ) ;
#4075 = DIRECTION ( 'NONE',  ( -1.000000000000000000, 0.000000000000000000, 0.000000000000000000 ) ) ;
#4076 = EDGE_CURVE ( 'NONE', #413, #3529, #3309, .T. ) ;
#4077 = VERTEX_POINT ( 'NONE', #913 ) ;
#4078 = AXIS2_PLACEMENT_3D ( 'NONE', #1008, #3005, #2968 ) ;
#4079 = CARTESIAN_POINT ( 'NONE',  ( 66.00000000003409184, -28.00000000000634870, 20.72792206144420391 ) ) ;
#4080 = FACE_OUTER_BOUND ( 'NONE', #904, .T. ) ;
#4081 = ORIENTED_EDGE ( 'NONE', *, *, #625, .T. ) ;
#4082 = CARTESIAN_POINT ( 'NONE',  ( -71.95403433744587574, 44.90000000000125624, 3.000000000000000000 ) ) ;
#4083 = EDGE_CURVE ( 'NONE', #2907, #3417, #2645, .T. ) ;
#4084 = ADVANCED_FACE ( 'NONE', ( #1724 ), #685, .T. ) ;
#4085 = DIRECTION ( 'NONE',  ( 1.000000000000000000, 0.000000000000000000, 0.000000000000000000 ) ) ;
#4086 = CIRCLE ( 'NONE', #2233, 4.500000000029425351 ) ;
#4087 = DIRECTION ( 'NONE',  ( 0.000000000000000000, 0.000000000000000000, 1.000000000000000000 ) ) ;
#4088 = EDGE_LOOP ( 'NONE', ( #2413, #565 ) ) ;
#4089 = VECTOR ( 'NONE', #2663, 1000.000000000000000 ) ;
#4090 = CARTESIAN_POINT ( 'NONE',  ( 53.50000000000466116, 27.99999999999372946, 7.000000000003114842 ) ) ;
#4091 = EDGE_CURVE ( 'NONE', #2630, #1467, #1526, .T. ) ;
#4092 = ORIENTED_EDGE ( 'NONE', *, *, #3704, .T. ) ;
#4093 = DIRECTION ( 'NONE',  ( -0.7071067811865533459, 8.659560562355004349E-17, 0.7071067811865416886 ) ) ;
#4094 = LINE ( 'NONE', #1883, #346 ) ;
#4095 = CARTESIAN_POINT ( 'NONE',  ( -66.60000000025779343, 44.90000000000125624, 0.5000000000000004441 ) ) ;
#4096 = ORIENTED_EDGE ( 'NONE', *, *, #3243, .T. ) ;
#4097 = EDGE_LOOP ( 'NONE', ( #3805, #716, #2167, #242 ) ) ;
#4098 = PLANE ( 'NONE',  #418 ) ;
#4099 = FACE_OUTER_BOUND ( 'NONE', #3490, .T. ) ;
#4100 = AXIS2_PLACEMENT_3D ( 'NONE', #3247, #917, #3902 ) ;
#4101 = CARTESIAN_POINT ( 'NONE',  ( -53.50000000000466116, 27.99999999999372946, 8.000000000003115730 ) ) ;
#4102 = VECTOR ( 'NONE', #1947, 1000.000000000000114 ) ;
#4103 = DIRECTION ( 'NONE',  ( 1.000000000000000000, 0.000000000000000000, 0.000000000000000000 ) ) ;
#4104 = AXIS2_PLACEMENT_3D ( 'NONE', #3009, #2718, #734 ) ;
#4105 = DIRECTION ( 'NONE',  ( 1.000000000000000000, 0.000000000000000000, 0.000000000000000000 ) ) ;
#4106 = CIRCLE ( 'NONE', #1444, 5.500000000029453773 ) ;
#4107 = DIRECTION ( 'NONE',  ( -0.000000000000000000, -0.000000000000000000, 1.000000000000000000 ) ) ;
#4108 = LINE ( 'NONE', #2846, #1700 ) ;
#4109 = EDGE_CURVE ( 'NONE', #2256, #1718, #999, .T. ) ;
#4110 = ORIENTED_EDGE ( 'NONE', *, *, #3457, .T. ) ;
#4111 = CARTESIAN_POINT ( 'NONE',  ( -48.99999999997523759, 27.99999999999372946, 7.000000000003114842 ) ) ;
#4112 = FACE_OUTER_BOUND ( 'NONE', #2511, .T. ) ;
#4113 = FACE_OUTER_BOUND ( 'NONE', #1490, .T. ) ;
#4114 = EDGE_CURVE ( 'NONE', #2584, #2106, #2382, .T. ) ;
#4115 = ORIENTED_EDGE ( 'NONE', *, *, #924, .F. ) ;
#4116 = DIRECTION ( 'NONE',  ( 0.000000000000000000, 0.000000000000000000, 1.000000000000000000 ) ) ;
#4117 = LINE ( 'NONE', #434, #1516 ) ;
#4118 = ORIENTED_EDGE ( 'NONE', *, *, #4076, .F. ) ;
#4119 = DIRECTION ( 'NONE',  ( 0.000000000000000000, 0.000000000000000000, 1.000000000000000000 ) ) ;
#4120 = CARTESIAN_POINT ( 'NONE',  ( 60.99999999997525180, -28.00000000000634870, 8.000000000003115730 ) ) ;
#4121 = AXIS2_PLACEMENT_3D ( 'NONE', #1155, #820, #1509 ) ;
#4122 = EDGE_LOOP ( 'NONE', ( #387, #1890, #83, #4146 ) ) ;
#4123 = PLANE ( 'NONE',  #2462 ) ;
#4124 = ORIENTED_EDGE ( 'NONE', *, *, #3010, .F. ) ;
#4125 = PLANE ( 'NONE',  #891 ) ;
#4126 = AXIS2_PLACEMENT_3D ( 'NONE', #2710, #130, #1064 ) ;
#4127 = ADVANCED_FACE ( 'NONE', ( #4080 ), #3469, .F. ) ;
#4128 = ORIENTED_EDGE ( 'NONE', *, *, #3516, .F. ) ;
#4129 = DIRECTION ( 'NONE',  ( -1.000000000000000000, 0.000000000000000000, 0.000000000000000000 ) ) ;
#4130 = FACE_OUTER_BOUND ( 'NONE', #344, .T. ) ;
#4131 = EDGE_CURVE ( 'NONE', #1032, #2913, #2744, .T. ) ;
#4132 = EDGE_LOOP ( 'NONE', ( #3755, #3618, #1166, #1741 ) ) ;
#4133 = CARTESIAN_POINT ( 'NONE',  ( 58.00000000003408474, -28.00000000000627409, 7.000000000003114842 ) ) ;
#4134 = VECTOR ( 'NONE', #3577, 1000.000000000000000 ) ;
#4135 = ORIENTED_EDGE ( 'NONE', *, *, #1983, .T. ) ;
#4136 = EDGE_CURVE ( 'NONE', #2188, #653, #898, .T. ) ;
#4137 = FACE_OUTER_BOUND ( 'NONE', #605, .T. ) ;
#4138 = CARTESIAN_POINT ( 'NONE',  ( -62.10000000025780054, 36.50000000000331113, 0.5000000000000004441 ) ) ;
#4139 = ORIENTED_EDGE ( 'NONE', *, *, #3615, .F. ) ;
#4140 = EDGE_LOOP ( 'NONE', ( #1743, #4030, #3301, #1812 ) ) ;
#4141 = ORIENTED_EDGE ( 'NONE', *, *, #3038, .T. ) ;
#4142 = CARTESIAN_POINT ( 'NONE',  ( -53.50000000000466116, -28.00000000000627409, 7.000000000003114842 ) ) ;
#4143 = VERTEX_POINT ( 'NONE', #2638 ) ;
#4144 = LINE ( 'NONE', #1059, #2407 ) ;
#4145 = CARTESIAN_POINT ( 'NONE',  ( -71.95403433744587574, -30.84999999990578701, 7.500000000000000000 ) ) ;
#4146 = ORIENTED_EDGE ( 'NONE', *, *, #1229, .F. ) ;
#4147 = DIRECTION ( 'NONE',  ( -0.7071067811865533459, 0.000000000000000000, -0.7071067811865416886 ) ) ;
#4148 = VECTOR ( 'NONE', #709, 1000.000000000000000 ) ;
#4149 = ORIENTED_EDGE ( 'NONE', *, *, #2900, .F. ) ;
#4150 = VERTEX_POINT ( 'NONE', #4260 ) ;
#4151 = EDGE_CURVE ( 'NONE', #1465, #167, #3361, .T. ) ;
#4152 = CARTESIAN_POINT ( 'NONE',  ( -64.50000000000460432, 27.99999999999365485, 1.500000000000001332 ) ) ;
#4153 = CIRCLE ( 'NONE', #824, 4.500000000029425351 ) ;
#4154 = AXIS2_PLACEMENT_3D ( 'NONE', #4142, #217, #1252 ) ;
#4155 = DIRECTION ( 'NONE',  ( 0.000000000000000000, -0.000000000000000000, -1.000000000000000000 ) ) ;
#4156 = DIRECTION ( 'NONE',  ( -0.000000000000000000, 0.000000000000000000, 1.000000000000000000 ) ) ;
#4157 = CARTESIAN_POINT ( 'NONE',  ( 63.45403433744591126, -18.49999999996431299, -84.63104911140096931 ) ) ;
#4158 = ORIENTED_EDGE ( 'NONE', *, *, #3995, .T. ) ;
#4159 = CARTESIAN_POINT ( 'NONE',  ( 53.50000000000466116, 27.99999999999372946, 20.72792206144420391 ) ) ;
#4160 = VECTOR ( 'NONE', #2473, 999.9999999999998863 ) ;
#4161 = CARTESIAN_POINT ( 'NONE',  ( 67.80403433744587005, -34.99999999990579624, 7.500000000000000000 ) ) ;
#4162 = EDGE_CURVE ( 'NONE', #1620, #2242, #1631, .T. ) ;
#4163 = DIRECTION ( 'NONE',  ( -0.7071067811865383579, 1.295455823998087105E-16, 0.7071067811865567876 ) ) ;
#4164 = LINE ( 'NONE', #1827, #1094 ) ;
#4165 = EDGE_CURVE ( 'NONE', #1465, #1912, #1470, .T. ) ;
#4166 = CONICAL_SURFACE ( 'NONE', #1811, 4.500000000029425351, 0.7853981633974566057 ) ;
#4167 = VERTEX_POINT ( 'NONE', #1657 ) ;
#4168 = CARTESIAN_POINT ( 'NONE',  ( 67.80403433744587005, -35.99999999990580335, 0.000000000000000000 ) ) ;
#4169 = DIRECTION ( 'NONE',  ( 0.7071067811865533459, 0.000000000000000000, -0.7071067811865416886 ) ) ;
#4170 = ORIENTED_EDGE ( 'NONE', *, *, #4136, .F. ) ;
#4171 = PLANE ( 'NONE',  #2507 ) ;
#4172 = CARTESIAN_POINT ( 'NONE',  ( 59.99999999997523759, 27.99999999999365130, 7.000000000003114842 ) ) ;
#4173 = CONICAL_SURFACE ( 'NONE', #1831, 1.500000000029366731, 0.7853981633974492782 ) ;
#4174 = AXIS2_PLACEMENT_3D ( 'NONE', #2891, #4253, #2222 ) ;
#4175 = ORIENTED_EDGE ( 'NONE', *, *, #3335, .F. ) ;
#4176 = CONICAL_SURFACE ( 'NONE', #3673, 3.999999999999989786, 0.7853981633974552734 ) ;
#4177 = ADVANCED_FACE ( 'NONE', ( #995 ), #2793, .T. ) ;
#4178 = CARTESIAN_POINT ( 'NONE',  ( -64.50000000000466116, -28.00000000000634870, 7.000000000003114842 ) ) ;
#4179 = EDGE_LOOP ( 'NONE', ( #3428, #3142, #730, #1588 ) ) ;
#4180 = FACE_OUTER_BOUND ( 'NONE', #3887, .T. ) ;
#4181 = CARTESIAN_POINT ( 'NONE',  ( -64.50000000000466116, -28.00000000000634870, 1.500000000000001332 ) ) ;
#4182 = DIRECTION ( 'NONE',  ( 1.000000000000000000, -3.485468137178898561E-16, 0.000000000000000000 ) ) ;
#4183 = ORIENTED_EDGE ( 'NONE', *, *, #1186, .T. ) ;
#4184 = CARTESIAN_POINT ( 'NONE',  ( -51.99999999997522337, -28.00000000000627409, 20.72792206144420391 ) ) ;
#4185 = DIRECTION ( 'NONE',  ( -0.7071067811865425767, 0.000000000000000000, 0.7071067811865524577 ) ) ;
#4186 = EDGE_CURVE ( 'NONE', #543, #3093, #2491, .T. ) ;
#4187 = CONICAL_SURFACE ( 'NONE', #838, 4.500000000029425351, 0.7853981633974435050 ) ;
#4188 = ORIENTED_EDGE ( 'NONE', *, *, #3082, .T. ) ;
#4189 = ADVANCED_FACE ( 'NONE', ( #3718 ), #4173, .F. ) ;
#4190 = CARTESIAN_POINT ( 'NONE',  ( -59.99999999997523759, 27.99999999999365130, 20.72792206144420391 ) ) ;
#4191 = LINE ( 'NONE', #1860, #1641 ) ;
#4192 = EDGE_LOOP ( 'NONE', ( #2610, #2781, #374, #3607 ) ) ;
#4193 = EDGE_CURVE ( 'NONE', #3661, #1450, #173, .T. ) ;
#4194 = VERTEX_POINT ( 'NONE', #2596 ) ;
#4195 = DIRECTION ( 'NONE',  ( 1.000000000000000000, 0.000000000000000000, 0.000000000000000000 ) ) ;
#4196 = CIRCLE ( 'NONE', #1564, 5.500000000029453773 ) ;
#4197 = ORIENTED_EDGE ( 'NONE', *, *, #4051, .T. ) ;
#4198 = DIRECTION ( 'NONE',  ( 1.000000000000000000, 0.000000000000000000, 0.000000000000000000 ) ) ;
#4199 = DIRECTION ( 'NONE',  ( -0.000000000000000000, 0.000000000000000000, 1.000000000000000000 ) ) ;
#4200 = LINE ( 'NONE', #271, #3286 ) ;
#4201 = DIRECTION ( 'NONE',  ( 0.000000000000000000, 0.000000000000000000, -1.000000000000000000 ) ) ;
#4202 = ORIENTED_EDGE ( 'NONE', *, *, #1653, .F. ) ;
#4203 = EDGE_CURVE ( 'NONE', #2974, #1718, #2641, .T. ) ;
#4204 = ADVANCED_FACE ( 'NONE', ( #582 ), #1768, .T. ) ;
#4205 = DIRECTION ( 'NONE',  ( 0.000000000000000000, -0.000000000000000000, -1.000000000000000000 ) ) ;
#4206 = CONICAL_SURFACE ( 'NONE', #2028, 1.500000000029436009, 0.7853981633974442822 ) ;
#4207 = ORIENTED_EDGE ( 'NONE', *, *, #729, .T. ) ;
#4208 = CARTESIAN_POINT ( 'NONE',  ( -66.60000000025779343, 40.40000000000126334, 0.5000000000000004441 ) ) ;
#4209 = LINE ( 'NONE', #2174, #1899 ) ;
#4210 = AXIS2_PLACEMENT_3D ( 'NONE', #395, #2321, #2705 ) ;
#4211 = VERTEX_POINT ( 'NONE', #3912 ) ;
#4212 = CARTESIAN_POINT ( 'NONE',  ( -67.80403433744587005, -30.84999999990578701, 2.500000000000000000 ) ) ;
#4213 = CIRCLE ( 'NONE', #2254, 1.500000000029436009 ) ;
#4214 = EDGE_CURVE ( 'NONE', #23, #2243, #3869, .T. ) ;
#4215 = ADVANCED_FACE ( 'NONE', ( #1369 ), #1103, .T. ) ;
#4216 = CARTESIAN_POINT ( 'NONE',  ( -58.00000000003408474, -28.00000000000627409, 7.000000000003114842 ) ) ;
#4217 = ORIENTED_EDGE ( 'NONE', *, *, #4259, .F. ) ;
#4218 = AXIS2_PLACEMENT_3D ( 'NONE', #3895, #2241, #2548 ) ;
#4219 = CARTESIAN_POINT ( 'NONE',  ( -62.49999999997522337, -28.00000000000634870, 8.000000000003115730 ) ) ;
#4220 = CIRCLE ( 'NONE', #3819, 5.500000000029453773 ) ;
#4221 = DIRECTION ( 'NONE',  ( -0.000000000000000000, -0.000000000000000000, -1.000000000000000000 ) ) ;
#4222 = DIRECTION ( 'NONE',  ( 1.000000000000000000, 0.000000000000000000, 0.000000000000000000 ) ) ;
#4223 = DIRECTION ( 'NONE',  ( -0.000000000000000000, -0.000000000000000000, -1.000000000000000000 ) ) ;
#4224 = EDGE_LOOP ( 'NONE', ( #809, #1363 ) ) ;
#4225 = DIRECTION ( 'NONE',  ( 1.000000000000000000, 0.000000000000000000, 0.000000000000000000 ) ) ;
#4226 = LINE ( 'NONE', #90, #2272 ) ;
#4227 = EDGE_CURVE ( 'NONE', #1433, #1881, #21, .T. ) ;
#4228 = EDGE_LOOP ( 'NONE', ( #3799, #4135, #1044, #1788 ) ) ;
#4229 = DIRECTION ( 'NONE',  ( 1.000000000000000000, 0.000000000000000000, 0.000000000000000000 ) ) ;
#4230 = ORIENTED_EDGE ( 'NONE', *, *, #1702, .T. ) ;
#4231 = PLANE ( 'NONE',  #288 ) ;
#4232 = EDGE_CURVE ( 'NONE', #1285, #3466, #534, .T. ) ;
#4233 = PLANE ( 'NONE',  #3120 ) ;
#4234 = EDGE_LOOP ( 'NONE', ( #1843, #381, #3244, #3492 ) ) ;
#4235 = PLANE ( 'NONE',  #4100 ) ;
#4236 = CARTESIAN_POINT ( 'NONE',  ( 53.50000000000466116, -28.00000000000627409, 2.500000000000000000 ) ) ;
#4237 = VECTOR ( 'NONE', #2650, 1000.000000000000000 ) ;
#4238 = ORIENTED_EDGE ( 'NONE', *, *, #3038, .F. ) ;
#4239 = CARTESIAN_POINT ( 'NONE',  ( -67.80403433744587005, -34.99999999990579624, 2.500000000000000000 ) ) ;
#4240 = AXIS2_PLACEMENT_3D ( 'NONE', #2490, #563, #1859 ) ;
#4241 = LINE ( 'NONE', #1046, #2496 ) ;
#4242 = ADVANCED_FACE ( 'NONE', ( #488 ), #4231, .F. ) ;
#4243 = DIRECTION ( 'NONE',  ( -1.000000000000000000, 0.000000000000000000, 0.000000000000000000 ) ) ;
#4244 = VERTEX_POINT ( 'NONE', #2932 ) ;
#4245 = LINE ( 'NONE', #482, #1777 ) ;
#4246 = ORIENTED_EDGE ( 'NONE', *, *, #3971, .T. ) ;
#4247 = CIRCLE ( 'NONE', #447, 3.500000000029410252 ) ;
#4248 = DIRECTION ( 'NONE',  ( 1.000000000000000000, 0.000000000000000000, 0.000000000000000000 ) ) ;
#4249 = EDGE_LOOP ( 'NONE', ( #2922, #3073, #2000, #3018 ) ) ;
#4250 = DIRECTION ( 'NONE',  ( -1.000000000000000000, 0.000000000000000000, 0.000000000000000000 ) ) ;
#4251 = ORIENTED_EDGE ( 'NONE', *, *, #889, .T. ) ;
#4252 = EDGE_CURVE ( 'NONE', #3674, #1338, #3306, .T. ) ;
#4253 = DIRECTION ( 'NONE',  ( 0.000000000000000000, 0.000000000000000000, -1.000000000000000000 ) ) ;
#4254 = FACE_OUTER_BOUND ( 'NONE', #851, .T. ) ;
#4255 = ORIENTED_EDGE ( 'NONE', *, *, #3516, .T. ) ;
#4256 = ORIENTED_EDGE ( 'NONE', *, *, #4227, .F. ) ;
#4257 = DIRECTION ( 'NONE',  ( 0.000000000000000000, 0.000000000000000000, -1.000000000000000000 ) ) ;
#4258 = CONICAL_SURFACE ( 'NONE', #3823, 4.500000000029425351, 0.7853981633974566057 ) ;
#4259 = EDGE_CURVE ( 'NONE', #3228, #1687, #2224, .T. ) ;
#4260 = CARTESIAN_POINT ( 'NONE',  ( 70.00000000003412026, -28.00000000000634870, 2.500000000000000000 ) ) ;
#4261 = CIRCLE ( 'NONE', #3032, 2.000000000029436453 ) ;
#4262 = VERTEX_POINT ( 'NONE', #3307 ) ;
#4263 = ADVANCED_FACE ( 'NONE', ( #2537 ), #1371, .T. ) ;
#4264 = CARTESIAN_POINT ( 'NONE',  ( -53.50000000000465405, -18.49999999996430944, -84.63104911140096931 ) ) ;
ENDSEC;
END-ISO-10303-21;
